module code,title,skill
ABM5001,Leadership in Biomedicine,leadership
ABM5002,Advanced Biostatistics for Research,stata
ABM5002,Advanced Biostatistics for Research,spss
ABM5002,Advanced Biostatistics for Research,excel
ABM5002,Advanced Biostatistics for Research,biostatistics
ABM5002,Advanced Biostatistics for Research,research
ABM5002,Advanced Biostatistics for Research,r programming
ABM5003,Biomedical Innovation & Enterprise,research
ABM5004,Capstone Project,research
ABM5101,Applied Immunology,research
ABM5103,Advanced technologies in immune therapeutic development,research
AC5007,Dissertation,research
AC5007,Dissertation,critical thinking
AC5010,Historic Buildings Survey and Recording,research
AC5014,Internship,research
ACC1701,Accounting for Decision Makers,accounting
ACC1701A,Accounting for Decision Makers,accounting
ACC1701B,Accounting for Decision Makers,accounting
ACC1701C,Accounting for Decision Makers,accounting
ACC1701D,Accounting for Decision Makers,accounting
ACC1701X,Accounting for Decision Makers,accounting
ACC1701XA,Accounting for Decision Makers,accounting
ACC1701XB,Accounting for Decision Makers,accounting
ACC1701XC,Accounting for Decision Makers,accounting
ACC1701XD,Accounting for Decision Makers,accounting
ACC1701XE,Accounting for Decision Makers,accounting
ACC2706,Managerial Accounting,accounting
ACC2707,Corporate Accounting & Reporting I,accounting
ACC2708,Corporate Accounting & Reporting II,accounting
ACC2709,Accounting Information Systems,finance
ACC2709,Accounting Information Systems,accounting
ACC2709,Accounting Information Systems,marketing
ACC2712,Financial Accounting,accounting
ACC3701,Assurance and Attestation,accounting
ACC3703,Taxation,accounting
ACC3704,Advanced Corporate Accounting and Reporting,accounting
ACC3706,"Governance, Risk Management and Sustainability",finance
ACC3706,"Governance, Risk Management and Sustainability",accounting
ACC3711,Managerial Planning and Control,accounting
ACC3713,Accounting Theory,accounting
ACC3714,Accounting for Entrepreneurs: From Startup to Exit,accounting
ACC3715,Accounting Analytics and AI,python
ACC3715,Accounting Analytics and AI,machine learning
ACC3715,Accounting Analytics and AI,artificial intelligence
ACC3715,Accounting Analytics and AI,natural language processing
ACC3715,Accounting Analytics and AI,accounting
ACC3717,Carbon Accounting and Management,excel
ACC3717,Carbon Accounting and Management,accounting
ACC3727,"Business Processes, Systems and Assurance - Advanced",artificial intelligence
ACC3727,"Business Processes, Systems and Assurance - Advanced",communication
ACC4612,Seminars in Accounting (SIA),research
ACC4612,Seminars in Accounting (SIA),accounting
ACC4612D,SIA: Advanced Accounting Theory,accounting
ACC4612E,SIA: Risk Management Technology,research
ACC4612E,SIA: Risk Management Technology,accounting
ACC4612K,Sem. in Acctg: Accounting & Business Analysis for Banks,accounting
ACC4613,Forensic Accounting,presentation
ACC4613,Forensic Accounting,accounting
ACC4614,Financial Institution Audit & Compliance,writing
ACC4616,Accounting Theory,accounting
ACC4619,Advanced Independent Study in Accounting,research
ACC4619,Advanced Independent Study in Accounting,writing
ACC4619,Advanced Independent Study in Accounting,accounting
ACC4629,Advanced Independent Study in Accounting,research
ACC4629,Advanced Independent Study in Accounting,writing
ACC4629,Advanced Independent Study in Accounting,accounting
ACC4702,Advanced Corporate Accounting and Reporting,accounting
ACC4712,Forensic Accounting,presentation
ACC4712,Forensic Accounting,accounting
ACC4713,Banking Institutions:Managing Risks in a DigitalWorld,writing
ACC4715,Accounting Theory,accounting
ACC4751,Advanced Independent Study in Accounting,research
ACC4751,Advanced Independent Study in Accounting,writing
ACC4751,Advanced Independent Study in Accounting,accounting
ACC4752,Advanced Independent Study in Accounting (2 MCs),research
ACC4752,Advanced Independent Study in Accounting (2 MCs),writing
ACC4752,Advanced Independent Study in Accounting (2 MCs),accounting
ACC4761,Seminars in Accounting,research
ACC4761,Seminars in Accounting,accounting
ACC4761C,Seminars in Accounting: Advanced Accounting Theory,accounting
ACC4761H,Sem. in Acctg: Accounting & Business Analysis for Banks,accounting
ACE5401,Approaches to Arts & Cultural Entrepreneurship,entrepreneurship
ACE5402,Final Year Project,research
ACE5402,Final Year Project,entrepreneurship
ACE5403,Internship,research
ACE5405,Cultural Industries and the Law,writing
ACE5408,Managing Cultural Events,project management
ACE5408,Managing Cultural Events,critical thinking
ACE5409,Arts Research and Social Practice,research
ACE5410,Cultural Diplomacy and Intelligence,statistics
ACE5412,Mentorship,entrepreneurship
ACE5413,Consulting as an Advanced Communication & Career Skill,research
ACE5413,Consulting as an Advanced Communication & Career Skill,communication
ACE5414,International Culture & Communication Study Experience,communication
ACE5415,Sustainability and Creativity,communication
ACE5415,Sustainability and Creativity,entrepreneurship
ACE5480,Topics in Arts and Cultural Entrepreneurship,research
ACE5480,Topics in Arts and Cultural Entrepreneurship,entrepreneurship
ADS5201,Data Visualisation with R,excel
ADS5201,Data Visualisation with R,data analysis
ADS5201,Data Visualisation with R,r programming
ADS5201M,Data Visualisation with R (Maritime),excel
ADS5201M,Data Visualisation with R (Maritime),data analysis
ADS5201M,Data Visualisation with R (Maritime),r programming
ADS5202,Applied Regression for Predictive Analytics using R,r programming
ADS5203,Simulation Modelling in R,r programming
ADS5203,Simulation Modelling in R,finance
ADS5204,Customer Analytics with R,data analysis
ADS5204,Customer Analytics with R,r programming
ADS5204M,Customer Analytics with R (Maritime),data analysis
ADS5204M,Customer Analytics with R (Maritime),r programming
ADS5211M,Intermediate Applied Data Science for Maritime Industry,r programming
ADS5301,Unsupervised Learning,r programming
ADS5302,Supervised Learning,data analysis
ADS5302,Supervised Learning,r programming
ADS5303,Survey Analytics,natural language processing
ADS5303,Survey Analytics,r programming
ADS5303M,Survey Analytics (Maritime),natural language processing
ADS5303M,Survey Analytics (Maritime),r programming
ADS5304,Optimisation for Decision-Making,r programming
ADS5304M,Optimisation for Decision-Making (Maritime),r programming
ADS5305,Case Studies in Applied Data Science in Practice,communication
ADS5305,Case Studies in Applied Data Science in Practice,project management
ADS5305,Case Studies in Applied Data Science in Practice,teamwork
ADS5311M,Advanced Applied Data Science for Maritime Industry,data analysis
ADS5311M,Advanced Applied Data Science for Maritime Industry,r programming
ADS5401,Capstone Workplace Project in Applied Data Science,research
ADS5401,Capstone Workplace Project in Applied Data Science,presentation
AH3204,Methods and Approaches to Art History,writing
AH3206,Islam and Modern and Contemporary Art in Southeast Asia,writing
AI5201,Executive Mastery of Artificial Intelligence: Foundations and Strategies,machine learning
AI5202,Strategic Applications of Generative AI for Executives,machine learning
AI5202,Strategic Applications of Generative AI for Executives,artificial intelligence
AI5204,AI-Driven Digital Transformation: Strategies and Implementations,artificial intelligence
AI5205,"Ethics, Governance, and Compliance in AI and Emerging Technologies",leadership
AI5208,AI in Digital Finance: Strategies and Innovations,finance
AI5209,Digital Marketing in the AI Era,marketing
AI5210,Foundations of Blockchain Innovations for Executives,finance
AI5211,Healthcare Innovation in the Age of AI: Executive Perspectives,artificial intelligence
AI5211,Healthcare Innovation in the Age of AI: Executive Perspectives,leadership
AII5003,Innovation & Entrepreneurship in AI,entrepreneurship
AII5003,Innovation & Entrepreneurship in AI,design thinking
AII5004,AI Governance and Ethics,artificial intelligence
AII5005,Selected Topics in AI and Innovation,artificial intelligence
AII5005,Selected Topics in AI and Innovation,research
AII5005,Selected Topics in AI and Innovation,finance
AII5006,Capstone Project for AI and Innovation,artificial intelligence
AII5006,Capstone Project for AI and Innovation,research
AII5006,Capstone Project for AI and Innovation,presentation
AII5102,Essentials of Machine Learning,machine learning
AIS5101,Applications of AI in Science,machine learning
AIS5102,Practical Machine Learning for Scientific Discovery,python
AIS5102,Practical Machine Learning for Scientific Discovery,machine learning
AIS5103,Foundations of Deep Learning,python
AIS5103,Foundations of Deep Learning,machine learning
AIS5103,Foundations of Deep Learning,deep learning
AIS5104,Seminar courses for AI in Science,research
AIS5201,AI in Astrophysics,data analysis
AIS5201,AI in Astrophysics,research
AIS5202,AI in Bio-imaging,machine learning
AIS5202,AI in Bio-imaging,deep learning
AIS5204,AI in Condensed Matter Physics,machine learning
AIS5204,AI in Condensed Matter Physics,natural language processing
AIS5204,AI in Condensed Matter Physics,research
AIS5281,Machine Learning in a Research Project,research
AIS5291,Industry Internship for AI in Science,machine learning
AN2101,Research Methods in Anthropology,research
AN2101,Research Methods in Anthropology,presentation
AN2208,Biocultural Perspectives on Health and Wellbeing,research
AN3551,FASS Undergraduate Research Opportunity (UROP),research
AN3551R,FASS Undergraduate Research Opportunity (UROP),research
AN3551R,FASS Undergraduate Research Opportunity (UROP),writing
AN4209,Business Anthropology,research
AN4211,Reading Ethnographies,writing
AN4401,Honours Thesis,research
AR1101,Design I,communication
AR1101,Design I,design thinking
AR1102,Design 2,communication
AR1121,Spatial - Visual Communication,communication
AR3102,Design 6,research
AR3102,Design 6,communication
AR3102,Design 6,design thinking
AR3323,Architectural Construction 3,problem solving
AR3613,Southeast Asian Cosmopolitan Urbanism,presentation
AR4002,Advanced Architectural Study 2,research
AR4142,Research Report,research
AR5011,Research Methodology,research
AR5011,Research Methodology,writing
AR5011,Research Methodology,presentation
AR5121,Special Topics in Technology,writing
AR5141,Dissertation,research
AR5141,Dissertation,communication
AR5142,Technical Dissertation,research
AR5302,Fundamentals of Urban Analytics,r programming
AR5421,Architectural Practice 1,project management
AR5666,Industrial Attachment,research
AR5801,Options Design Research Studio 1,research
AR5802,Options Design Research Studio 2,research
AR5806,Architectural Design Research Report,research
AR5807,Architectural Design Thesis,research
AR5807,Architectural Design Thesis,critical thinking
AR5808,Final Design Project,research
AR5955,Topics in Research by Design,research
AR5955A,Topics in Research by Design 1,research
AR5955B,Topics in Research by Design 2,research
AR5955C,Topics in Research by Design 3,research
AR5955D,Topics in Research by Design 4,research
AR5955E,Topics in Research by Design 5,research
AR5955F,Topics in Research by Design 6,research
AR5955G,Topics in Research by Design 7,research
AR5955H,Topics in Research by Design 8,research
AR5955I,Topics in Research by Design 9,research
AR5955J,Topics in Research by Design 10,research
AR5955K,Topics in Research by Design 11,research
AR5955M,Topics in Research by Design 13,research
AR5955N,Topics in Research by Design 14,research
AR5955O,Topics in Research by Design 15,research
AR5955P,Topics in Research by Design 16,research
AR5995L,Topics in Research by Design 12,research
ARD5003,Options Design Studio 1,research
ARD5004,Options Design Studio 2,research
ARD5005,Options Design Studio 3,research
ARD5006,Architectural Design Thesis: Research Report,research
ARD5007,Architectural Design Thesis: Project,research
ARD5008,Proseminar 1: Methodologies in Research by Design,research
ARD5009,Proseminar 2: Writing Architecture,research
ARD5009,Proseminar 2: Writing Architecture,writing
ARD5013,Architecture Technics: Technologies and Techniques of Design,writing
AS3230,American Business: Industrial Revolution-Web,marketing
AS3231,American Literature I,writing
AS3232,American Literature II,writing
ASP1201,H3 Humanities & Soc Sci Research Prog,research
ASP1201CH,H3 Humanities & Soc Sci Research Prog,research
ASP1201EC,H3 Humanities & Soc Sci Research Prog,research
ASP1201EN,H3 Humanities & Soc Sci Research Prog,research
ASP1201GE,H3 Humanities & Soc Sci Research Prog,research
ASP1201HY,H3 Humanities & Soc Sci Research Prog,research
ASP1201MS,H3 Humanities & Soc Sci Research Prog,research
AUD5115,Experimental Design & Statistics,research
AUD5218,Clinical Audiology B (Part 1),communication
AUD5219,Paediatric Audiology B - Part 1,communication
AUD5220,Independent Studies in Audiology (Research project - part 1),statistics
AUD5220,Independent Studies in Audiology (Research project - part 1),research
AUD5220,Independent Studies in Audiology (Research project - part 1),presentation
AUD5222,Clinical Audiology B (Part 2),communication
AUD5223,Paediatric Audiology B - Part 2,communication
AUD5224,Independent Studies in Audiology (Research project - part 2),research
BAA6001A,Introduction to Empirical Research in Accounting,research
BAA6001A,Introduction to Empirical Research in Accounting,accounting
BAA6001B,The Economics of Accounting,research
BAA6001B,The Economics of Accounting,econometrics
BAA6001B,The Economics of Accounting,finance
BAA6001B,The Economics of Accounting,accounting
BAA6001C,Foundation of Empirical Research in Accounting,research
BAA6001C,Foundation of Empirical Research in Accounting,accounting
BAA6001D,An Interdisciplinary Approach to Accounting and Sustainability,research
BAA6001D,An Interdisciplinary Approach to Accounting and Sustainability,accounting
BAA6002,Accounting Research Seminars II,research
BAA6002,Accounting Research Seminars II,accounting
BAA6002A,Capital Market Tax Research,research
BAA6002A,Capital Market Tax Research,finance
BAA6002A,Capital Market Tax Research,accounting
BAA6002B,Banking Research,research
BAA6002C,Current Topics in Empirical Accounting Research I,research
BAA6002C,Current Topics in Empirical Accounting Research I,critical thinking
BAA6002C,Current Topics in Empirical Accounting Research I,accounting
BAA6002D,Current Topics in Empirical Accounting Research II,research
BAA6002D,Current Topics in Empirical Accounting Research II,finance
BAA6002D,Current Topics in Empirical Accounting Research II,accounting
BAA6005,Independent Study Course,research
BBP6781,Theory of Strategic Management,research
BBP6781,Theory of Strategic Management,marketing
BBP6791,Research Seminar in International Business,research
BBP6794,Seminar in Innovation and Entrepreneurship,research
BBP6794,Seminar in Innovation and Entrepreneurship,entrepreneurship
BCP4002B,Consulting Practicum,research
BDC6218,Seminars in Optimization I,research
BDC6219,Seminars in Optimization II,research
BDC6221,Stochastic Modelling and Optimization,finance
BDC6223,DAO Proseminar,research
BDC6224,DAO Proseminar I,research
BDC6225,DAO Proseminar II,research
BDC6228,Seminars In Stochastic Processes I,research
BDC6229,Seminars In Stochastic Processes II,research
BDC6248,Seminars In Operations Management I,research
BDC6249,Sem in Op Mgtm II,research
BDC6307,Introduction to Data Analytics,statistics
BDC6307,Introduction to Data Analytics,machine learning
BDC6501,Independent Study Module,research
BHD4001,Honours Dissertation,data analysis
BHD4001,Honours Dissertation,research
BHD4001,Honours Dissertation,presentation
BHD4001C,Honours Dissertation,data analysis
BHD4001C,Honours Dissertation,research
BHD4001C,Honours Dissertation,presentation
BHD4002,BBA Dissertation,data analysis
BHD4002,BBA Dissertation,research
BHD4002,BBA Dissertation,presentation
BIH5002,Evidence-informed Practice and Policies in Healthcare,leadership
BIH5005,Introductory Research Methods in Behavioural and Implementation Sciences,research
BIH5101,Intermediate Research Methods for Behavioural and Implementation Sciences,research
BIS5002,Evidence-informed Practice and Policies in Healthcare,leadership
BIS5005,Introductory Research Methods in Behavioural and Implementation Sciences,research
BIS5101,Intermediate Research Methods for Behavioural and Implementation Sciences,research
BL5102,Environmental Science,research
BL5198,Graduate Seminar Course in Biological Sciences,research
BL5198,Graduate Seminar Course in Biological Sciences,writing
BL5198,Graduate Seminar Course in Biological Sciences,presentation
BL5199,Research Project in Conservation and Nature-based Climate Solutions,research
BL5199,Research Project in Conservation and Nature-based Climate Solutions,presentation
BL5201,Structural Biology And Proteomics,research
BL5203,Molecular Interactions in Chromatin,data analysis
BL5204,Graduate Bootcamp for Biotechnology Industry,entrepreneurship
BL5210,Biogeography and Global Change,presentation
BL5212,Critical Thinking in Biological Sciences,research
BL5212,Critical Thinking in Biological Sciences,writing
BL5212,Critical Thinking in Biological Sciences,presentation
BL5214,Advanced Proteins Nmr,research
BL5216,Advanced Genetics and Genome Sciences,research
BL5216,Advanced Genetics and Genome Sciences,communication
BL5216,Advanced Genetics and Genome Sciences,critical thinking
BL5216,Advanced Genetics and Genome Sciences,writing
BL5218,Directed Studies in Behavioural Ecology,writing
BL5219,Field Research Techniques for Plant Ecology,research
BL5220,Advanced Animal Development,research
BL5221,Plant and Microbial Development,research
BL5222,Cellular Mechanisms,research
BL5226,Novel applications in Bioimaging Sciences,research
BL5228,Advances in Cell and Molecular Biology,research
BL5231,Writing in the Biological Sciences,communication
BL5231,Writing in the Biological Sciences,writing
BL5231,Writing in the Biological Sciences,presentation
BL5232,Introduction to Bioimaging,research
BL5232A,Practical Bioimaging A: Electron Microscopy,research
BL5232B,Practical Bioimaging B: Light Microscopy,research
BL5232C,Practical Bioimaging C: Hands-on Microscopy,research
BL5233,Data Analysis for Conservation Biology with R,statistics
BL5233,Data Analysis for Conservation Biology with R,research
BL5236,Introduction to Electron Microscopy for Life Sciences,research
BL5237,"Computational Biology: Sequences, Structures, Functions",research
BL5238,Infectious Disease Modelling,r programming
BL5239,Science and Communication,writing
BL5240,Skills for Research Survival and Excellence,research
BL5240,Skills for Research Survival and Excellence,writing
BL5243,Advanced Data Analytics for Biology,data analysis
BL5299,Internship in Conservation and Nature-based Climate Solutions,research
BL5299,Internship in Conservation and Nature-based Climate Solutions,presentation
BL5312,Natural History Collections and Conservation,research
BL5312,Natural History Collections and Conservation,communication
BL5321,Quantitative Analysis of Conservation Effectiveness,research
BL5325,Molecular Approaches to Biodiversity Monitoring,research
BL5326,Field Methods for Sustainability in Tropical Landscapes,research
BL5326,Field Methods for Sustainability in Tropical Landscapes,project management
BL5601,Case Studies in Biotechnology,research
BL5602,Genetic Engineering in Biotechnology,marketing
BL5611,Advanced and Current Topics in Drug Development,research
BL5631,Practical Analysis of Genomic Data using R,data analysis
BL5631,Practical Analysis of Genomic Data using R,r programming
BL5632,Genomic Data Science in the Cloud,data analysis
BL5632,Genomic Data Science in the Cloud,r programming
BL5633,Applications of AI in Biotech and Biomed,artificial intelligence
BL5633,Applications of AI in Biotech and Biomed,research
BL5642,CRISPR & Precision Gene Editing Technologies,research
BL5646,"Sequencing Anything, Anywhere by Anyone",data analysis
BL5661,Urban Agriculture and Crop Biotechnology,research
BL5690,Internship Project in Biotechnology,research
BL5699R,Capstone Project in Biotechnology,research
BL5731,Nature-based Climate Solutions for Geography Teachers,research
BLD3001,Business Leadership Case Analysis,leadership
BLD3002,CEOs as Leaders,leadership
BLD3003,Personal Leadership Development,leadership
BLD3004,Topics in Leadership Development,leadership
BMA5002,Analytics For Managers,excel
BMA5002,Analytics For Managers,communication
BMA5002,Analytics For Managers,finance
BMA5002,Analytics For Managers,marketing
BMA5002A,Topics In Analytics For Managers,communication
BMA5002A,Topics In Analytics For Managers,finance
BMA5002A,Topics In Analytics For Managers,marketing
BMA5003,Financial Accounting,accounting
BMA5005,Management Accounting,accounting
BMA5009,Marketing Strategy,marketing
BMA5011,Macroeconomics in the Global Economy,finance
BMA5014,Advanced Business Communications,writing
BMA5016,Leading with Impact,leadership
BMA5108,New Venture Creation,marketing
BMA5118B,"Strategies in Healthcare Industry An Asian Perspective on Pharma, Devices & Biotech sectors",r programming
BMA5123,Managing for Environmental Business Sustainability,finance
BMA5125,Managing Business Networks,communication
BMA5125,Managing Business Networks,marketing
BMA5128A,Special Topics in Venture Capital,entrepreneurship
BMA5129,Leading with Strategy in Digital Firms,artificial intelligence
BMA5131,Micro-National Champions in the Digital Economy,research
BMA5132,Emerging Tech and the Value of Data,artificial intelligence
BMA5132A,Topics in Emerging Tech and the Value of Data,artificial intelligence
BMA5135,Execution of Digital Strategy in the real world,research
BMA5135A,Topic - Execution of Digital Strategy in the real world,research
BMA5137,Strategic Leadership,leadership
BMA5138,Digital Business Transformation,machine learning
BMA5138,Digital Business Transformation,marketing
BMA5138EE,Digital Business Transformation (Classroom & Synchronous e-Learning),machine learning
BMA5138EE,Digital Business Transformation (Classroom & Synchronous e-Learning),marketing
BMA5235,Transformational Service Innovations,marketing
BMA5238,Data Monetisation,leadership
BMA5239,Digitization for Business Model Innovation,machine learning
BMA5276,Big Data in Marketing,excel
BMA5276,Big Data in Marketing,marketing
BMA5276,Big Data in Marketing,r programming
BMA5301,International Financial Management,finance
BMA5303,Financial Statement Analysis,accounting
BMA5303EE,Financial Statement Analysis (Classroom & Synchronous e-Learning),accounting
BMA5307,Options and Futures,statistics
BMA5307,Options and Futures,finance
BMA5309,Fund Management,finance
BMA5312,Advance Corporate Finance,finance
BMA5312A,Topics in Advanced Corporate Finance,finance
BMA5314,Entrepreneurial Finance,finance
BMA5321,International Financial Markets,finance
BMA5321A,Topics in International Financial Markets,finance
BMA5323,Applied Portfolio Management,finance
BMA5325,International Finance,finance
BMA5331,Applied Investment Valuation,finance
BMA5332,Financial Regulation in a Digital Age,artificial intelligence
BMA5332,Financial Regulation in a Digital Age,finance
BMA5333,Inclusive FinTech,finance
BMA5334,Technological Innovations and Disruptions in Finance,artificial intelligence
BMA5334,Technological Innovations and Disruptions in Finance,finance
BMA5334A,Fintech and Financial Data Analytics,python
BMA5334A,Fintech and Financial Data Analytics,statistics
BMA5334A,Fintech and Financial Data Analytics,finance
BMA5335,Digital Assets and Blockchain in Finance,finance
BMA5337A,Topic in Sustainability Reporting and Analysis,accounting
BMA5337AEE,Sustainability Reporting and Analysis (Classroom & Synchronous e-Learning),data analysis
BMA5337AEE,Sustainability Reporting and Analysis (Classroom & Synchronous e-Learning),accounting
BMA5338,"Sustainable Web3, Generative AI and Metaverse",finance
BMA5338A,"Sustainable Web3, Generative AI and Metaverse",finance
BMA5339,Fundamental Equity Research,research
BMA5339,Fundamental Equity Research,writing
BMA5339,Fundamental Equity Research,finance
BMA5404,Entrepreneurship & Innovation,entrepreneurship
BMA5406EE,Negotiations and Conflict Management (Classroom & Synchronous e-Learning),excel
BMA5409A,Topics in Managerial Decision Making,accounting
BMA5424,Corporate Entrepreneurship and Business Model Evaluation,entrepreneurship
BMA5425,Social Entrepreneurship,entrepreneurship
BMA5429,Mastering Influence,research
BMA5430,Judgment and Decision Making Under Uncertainty,research
BMA5431,AI for Talent Management and Organizational Design,python
BMA5431,AI for Talent Management and Organizational Design,machine learning
BMA5431,AI for Talent Management and Organizational Design,artificial intelligence
BMA5431,AI for Talent Management and Organizational Design,r programming
BMA5431EE,AI for Talent Management and Organizational Design (Classroom & Synchronous e-Learning),python
BMA5431EE,AI for Talent Management and Organizational Design (Classroom & Synchronous e-Learning),machine learning
BMA5431EE,AI for Talent Management and Organizational Design (Classroom & Synchronous e-Learning),artificial intelligence
BMA5431EE,AI for Talent Management and Organizational Design (Classroom & Synchronous e-Learning),r programming
BMA5432AEE,Managing People with Data (Classroom & Synchronous e-Learning),artificial intelligence
BMA5434,Design Thinking and Business Innovations,design thinking
BMA5501,Competitive Marketing Strategy,research
BMA5501,Competitive Marketing Strategy,marketing
BMA5502,Understanding & Influencing Consumers,research
BMA5502A,Topics in Consumer Behaviour,marketing
BMA5503,Promotional Management,marketing
BMA5504,Global Marketing,research
BMA5504,Global Marketing,marketing
BMA5504A,Topics in Global Marketing,marketing
BMA5506,Product & Brand Management,marketing
BMA5509,Marketing Strategy and Game Theory,marketing
BMA5511,Strategic Pricing,marketing
BMA5511A,Special Topics in Channels & Pricing Strategy,marketing
BMA5515,Research for Marketing Insights,research
BMA5515,Research for Marketing Insights,marketing
BMA5517,Pricing Strategies,marketing
BMA5524A,Topics in Marketing Analytics,research
BMA5524A,Topics in Marketing Analytics,marketing
BMA5527A,Topics in Technology Transfer & Commercialization,research
BMA5528A,Topics in Business-to-Business Marketing,marketing
BMA5529,Marketing Metrics - Measuring Marketing Performance,marketing
BMA5529A,Topics in Marketing Metrics-Measuring Marketing Performance,marketing
BMA5530,Design Thinking & Product Innovations,design thinking
BMA5530A,Topics in Design Thinking & Business Innovation,communication
BMA5530A,Topics in Design Thinking & Business Innovation,design thinking
BMA5533,Digital Marketing,marketing
BMA5533A,Topics in Marketing in The Digital Age,research
BMA5533A,Topics in Marketing in The Digital Age,marketing
BMA5533AEE,Marketing in the Digital Age (Classroom & Synchronous e-Learning),marketing
BMA5534,Marketing in China,marketing
BMA5535,Marketing for Entrepreneurs,marketing
BMA5535,Marketing for Entrepreneurs,entrepreneurship
BMA5537,Customer Centricity and Brand Alignment,leadership
BMA5537A,Brand Alignment for Sustainable Growth,leadership
BMA5539,Social Purpose Marketing,research
BMA5539,Social Purpose Marketing,leadership
BMA5539,Social Purpose Marketing,marketing
BMA5540,Generative AI in Marketing and Sales,data analysis
BMA5540,Generative AI in Marketing and Sales,marketing
BMA5702,Advanced Independent Study in Finance,research
BMA5702,Advanced Independent Study in Finance,writing
BMA5702,Advanced Independent Study in Finance,finance
BMA5801,Launch Your Transformation,communication
BMA5802,MBA Survival Kit,excel
BMA5802,MBA Survival Kit,communication
BMA5802,MBA Survival Kit,teamwork
BMA5802C,MBA Survival Kit,presentation
BMA5803,C-Suite Life,finance
BMA5803,C-Suite Life,accounting
BMA5803,C-Suite Life,marketing
BMA5805,Strategic Problem Solving for Managers,presentation
BMA5902,Entrepreneurship Practicum,entrepreneurship
BMA5904A,NUS-QUT-MIT-University of Auckland Collaboration Sprint: An Immersion Program,finance
BMA5904A,NUS-QUT-MIT-University of Auckland Collaboration Sprint: An Immersion Program,entrepreneurship
BMC5001A,Leadership,leadership
BMC5002A,Corporate Strategy,communication
BMC5002A,Corporate Strategy,leadership
BMC5021,"Leadership: exploration, assessment & development",leadership
BMC5022,Strategy,communication
BMC5024,Asia and global economy,finance
BMC5026,Marketing strategy,marketing
BMC5027,Accounting and information management,accounting
BMC5030,Governance and sustainable business,research
BMC5030,Governance and sustainable business,communication
BMC5031,"Technology, innovation and entrepreneurship",leadership
BMC5031,"Technology, innovation and entrepreneurship",entrepreneurship
BMC5032,Economic analysis for managers,finance
BMC5032,Economic analysis for managers,accounting
BMC5032,Economic analysis for managers,marketing
BMC5035,Special topics 2,artificial intelligence
BMC5035A,Special topics 2A,artificial intelligence
BMC5035B,Special topics 2B,artificial intelligence
BMC5035C,Special topics 2C,artificial intelligence
BMC5035D,Special topics 2D,artificial intelligence
BMC5036,Corporate finance,finance
BMC5130,Governance and sustainable business,research
BMC5130,Governance and sustainable business,communication
BMC5231,"Technology, innovation and entrepreneurship",leadership
BMC5231,"Technology, innovation and entrepreneurship",entrepreneurship
BMC5305,Sustainable and Green Finance in Asia,finance
BMC5306,Blockchain Applications in Finance,finance
BMC5501,Service Management,marketing
BMC5502,Social Purpose Marketing,leadership
BMC5502,Social Purpose Marketing,marketing
BMC5503,Digital Marketing Strategy,marketing
BMC5601,Accounting for Global Business,accounting
BMC5707,Real Estate Finance and Securitization,finance
BMC5837,Business Acumen for Challenging Times,leadership
BMC5839,"Navigating Change: Strategy, Tech & Global Leadership",leadership
BMD5301,Introduction to Finance for FinTech Professionals,finance
BMD5302,Financial Modelling for FinTech Professionals,python
BMD5302,Financial Modelling for FinTech Professionals,excel
BMD5302,Financial Modelling for FinTech Professionals,finance
BME5001,Leadership,leadership
BME5002,Corporate Strategy,communication
BME5002,Corporate Strategy,leadership
BME5004,Managerial Economics,finance
BME5004,Managerial Economics,accounting
BME5004,Managerial Economics,marketing
BME5006,Strategic Marketing and Brand Management,marketing
BME5007,Accounting,accounting
BME5009,Strategic Operations Management,research
BME5010,Management of Technology and Innovation,entrepreneurship
BME5015,Macroeconomics and International Finance,finance
BME5019,Corporate Finance,finance
BME5022,Business Strategy Simulation,leadership
BME5033,"Leadership: Exploration, Assessment & Development",leadership
BME5033,"Leadership: Exploration, Assessment & Development",react
BME5040,Business Analytics and Decision Making,finance
BME5040,Business Analytics and Decision Making,marketing
BME5042,Accounting and Information Management,accounting
BME5044,"Communications, Influence and Negotiations",communication
BME5044,"Communications, Influence and Negotiations",leadership
BME5045,"Leadership: Exploration, Assessment & Development",leadership
BME5045,"Leadership: Exploration, Assessment & Development",react
BME5046,Managing Organisations,leadership
BME5047,Managing Change and Disruption,leadership
BME5049,Marketing Strategy,marketing
BME5055,"Technology, Innovation and Entrepreneurship",entrepreneurship
BME5104,Emerging Tech and the Value of Data,artificial intelligence
BME5106,ESG Strategies and Corporate Governance,leadership
BME5108,Ecosystem Enterprise Risk Management,machine learning
BME5108,Ecosystem Enterprise Risk Management,artificial intelligence
BME5110,Navigating Asia's Geostrategic Landscape,critical thinking
BME5202,Opportunities in AI,machine learning
BME5202,Opportunities in AI,artificial intelligence
BME5402,AI in HRM,machine learning
BME5402,AI in HRM,artificial intelligence
BME5403,Corporate Innovation & Intrapreneurship,teamwork
BME5403,Corporate Innovation & Intrapreneurship,entrepreneurship
BME5405,"Technology, Innovation and Entrepreneurship",finance
BME5405,"Technology, Innovation and Entrepreneurship",entrepreneurship
BME5406,Demystifying Board Directorship,leadership
BME5501,Service Management,leadership
BME5501,Service Management,marketing
BME5801,Incredible India! Engaging with Asia’s Giant Elephant,leadership
BMF5321,Financial Modelling,excel
BMF5321,Financial Modelling,statistics
BMF5321,Financial Modelling,finance
BMF5322,Introduction to Finance,finance
BMF5323,Accounting for Finance Professionals,accounting
BMF5324,Statistics and Analytics in Finance,python
BMF5324,Statistics and Analytics in Finance,data analysis
BMF5324,Statistics and Analytics in Finance,critical thinking
BMF5334,International Finance and Economics,data analysis
BMF5334,International Finance and Economics,finance
BMF5341B,Applied Investment Strategies,research
BMF5342,Financial Technology and Analytics,artificial intelligence
BMF5342,Financial Technology and Analytics,finance
BMF5344,Financial Statement Analysis and Value Investing,accounting
BMF5345,Analytical Portfolio Management,finance
BMF5351,Household Finance,finance
BMF5352,Advanced Applied Portfolio Management,research
BMF5352,Advanced Applied Portfolio Management,presentation
BMF5353,Applied Investment Strategies,research
BMF5354,Financial Regulation in a Digital Age,artificial intelligence
BMF5354,Financial Regulation in a Digital Age,finance
BMF5357,Sustainable Investment,finance
BMF5358,Fintech Venture Creation,research
BMF5358,Fintech Venture Creation,finance
BMF5360,Machine Learning in Investments,python
BMF5360,Machine Learning in Investments,statistics
BMF5360,Machine Learning in Investments,machine learning
BMF5361,Essential Market Tools in Finance,finance
BMF5364,Economics of Blockchain & Decentralized Finance,finance
BMG5202,Sustainable and Green Investment,finance
BMG5204,Sustainable Household Finance,finance
BMG5205,Carbon Accounting and Sustainability Reporting,accounting
BMG5301,Sustainable and Green Capstone Project A,finance
BMG5302,Sustainable and Green Capstone Project B,finance
BMG5303,Practicum in Sustainable Finance,finance
BMG5304,Individual Internship,finance
BMG5400,Independent Study Project,finance
BMH5101,Quantitative Methods for HR,data analysis
BMH5101,Quantitative Methods for HR,research
BMH5104,Artificial Intelligence for HR,machine learning
BMH5104,Artificial Intelligence for HR,artificial intelligence
BMH5105,Communication for HR Professionals,communication
BMH5111,HR as Strategic Partner for Growth & Transformation,research
BMH5111,HR as Strategic Partner for Growth & Transformation,entrepreneurship
BMH5113,Ethics in Human Resources,writing
BMH5401,Independent Study Course in Human Capital Management and Analytics,research
BMH5401,Independent Study Course in Human Capital Management and Analytics,critical thinking
BMI1101,Digital Literacy for Healthcare,machine learning
BMI1101A,Digital Literacy for Healthcare,machine learning
BMI1101A,Digital Literacy for Healthcare,problem solving
BMI1101C,Digital Literacy for Healthcare,machine learning
BMI1101C,Digital Literacy for Healthcare,problem solving
BMI2109,Healthcare Research Software,research
BMI3101,Evidence Based Medicine,biostatistics
BMI3101,Evidence Based Medicine,research
BMI3308,Introduction to Molecular Bioinformatics,statistics
BMI5107,Advanced Evidence Based Patient Care,data analysis
BMI5107,Advanced Evidence Based Patient Care,research
BMI5109,Advanced Scientific Research Methods,statistics
BMI5109,Advanced Scientific Research Methods,machine learning
BMI5109,Advanced Scientific Research Methods,deep learning
BMI5109,Advanced Scientific Research Methods,research
BMI5110,Molecular Informatics,data analysis
BMI5300,Graduate Seminar,artificial intelligence
BMI5300,Graduate Seminar,research
BMI5300,Graduate Seminar,communication
BMK5002,Marketing Analytics,research
BMK5002,Marketing Analytics,marketing
BMK5100,Marketing Analytics,marketing
BMK5101,Digital Marketing,marketing
BMK5102,Big Data in Marketing,excel
BMK5102,Big Data in Marketing,marketing
BMK5102,Big Data in Marketing,r programming
BMK5104,Marketing Analytics Visualisation and Communications,python
BMK5104,Marketing Analytics Visualisation and Communications,r programming
BMK5202,Python Programming for Business Analytics,python
BMK5202,Python Programming for Business Analytics,data analysis
BMK5203,Research for Marketing Insights,research
BMK5203,Research for Marketing Insights,writing
BMK5203,Research for Marketing Insights,presentation
BMK5203,Research for Marketing Insights,marketing
BMK5204,Marketing Strategy,marketing
BMK5205,Game Theory and Strategic Analysis,marketing
BMK5206,Special Topics in Marketing Analytics and Insights,artificial intelligence
BMK5206,Special Topics in Marketing Analytics and Insights,presentation
BMK5206,Special Topics in Marketing Analytics and Insights,marketing
BMK5206A,Personal Selling & Sales Management,machine learning
BMK5206A,Personal Selling & Sales Management,artificial intelligence
BMK5206A,Personal Selling & Sales Management,research
BMK5206A,Personal Selling & Sales Management,communication
BMK5206B,Platforms & Sharing Economy,marketing
BMK5206D,Special Topics in Marketing Analytics and Insights,artificial intelligence
BMK5206D,Special Topics in Marketing Analytics and Insights,presentation
BMK5206D,Special Topics in Marketing Analytics and Insights,marketing
BMK5206E,Special Topics in Marketing Analytics and Insights,artificial intelligence
BMK5206E,Special Topics in Marketing Analytics and Insights,presentation
BMK5206E,Special Topics in Marketing Analytics and Insights,marketing
BMK5206F,Special Topics in Marketing Analytics and Insights,artificial intelligence
BMK5206F,Special Topics in Marketing Analytics and Insights,presentation
BMK5206F,Special Topics in Marketing Analytics and Insights,marketing
BMK5206G,Special Topics in Marketing Analytics and Insights,artificial intelligence
BMK5206G,Special Topics in Marketing Analytics and Insights,presentation
BMK5206G,Special Topics in Marketing Analytics and Insights,marketing
BMK5206H,Special Topics in Marketing Analytics and Insights,artificial intelligence
BMK5206H,Special Topics in Marketing Analytics and Insights,presentation
BMK5206H,Special Topics in Marketing Analytics and Insights,marketing
BMK5207,AI in Marketing,r programming
BMK5207,AI in Marketing,machine learning
BMK5207,AI in Marketing,marketing
BMK5208,Marketing Analysis and Decision Making,marketing
BMK5209,Product and Brand Management,marketing
BMK5210,Independent Study Course in Marketing Analytics,marketing
BMK5300A,Experiential Learning: Industry Internship,marketing
BMK5300B,Experiential Learning: Marketing Analytics Consultancy Project,marketing
BMK5300C,Experiential Learning: Applied Faculty Project,marketing
BMK5300D,Marketing Venture Challenge,marketing
BMK6105K,ISM: A Social Cognitive Approach to Consumer Behaviour,data analysis
BMK6105K,ISM: A Social Cognitive Approach to Consumer Behaviour,research
BMK6105K,ISM: A Social Cognitive Approach to Consumer Behaviour,writing
BMK6105K,ISM: A Social Cognitive Approach to Consumer Behaviour,marketing
BMK6105L,ISM: Research On Second-hand Products,data analysis
BMK6105L,ISM: Research On Second-hand Products,research
BMK6105L,ISM: Research On Second-hand Products,writing
BMK6105L,ISM: Research On Second-hand Products,marketing
BMK6110,Special Topics in Marketing,research
BMK6110,Special Topics in Marketing,marketing
BMK6111,Special Topics in Marketing,research
BMK6111,Special Topics in Marketing,marketing
BMK6111S,Empirical Marketing (I),research
BMK6111S,Empirical Marketing (I),marketing
BMK6111T,Empirical Marketing (II),research
BMK6111T,Empirical Marketing (II),marketing
BMK6111U,Analytical Methods in Marketing,research
BMK6111U,Analytical Methods in Marketing,marketing
BMK6111V,Behavioral Marketing,research
BMK6111V,Behavioral Marketing,marketing
BMK6111W,Behavioral Response to Price,research
BMK6111W,Behavioral Response to Price,marketing
BMO6006Y,Independent Study: Special Topics in Workplace Secrecy,research
BMO6006Z,Independent Study: Special Topics in Mindfulness,data analysis
BMO6006Z,Independent Study: Special Topics in Mindfulness,research
BMO6006Z,Independent Study: Special Topics in Mindfulness,project management
BMO6010A,Organizational Behavior Seminar: Leadership,research
BMO6010A,Organizational Behavior Seminar: Leadership,leadership
BMO6013A,Organizational Behavior Seminar: Motivation and Work Behavior,leadership
BMO6018A,Behavorial Ethics,research
BMO6020A,Independent Study: Use of AI in Training & Development,artificial intelligence
BMO6020A,Independent Study: Use of AI in Training & Development,research
BMO6020B,Independent Study: Technology and Creativity,research
BMO6022A,Seminar in Leadership,research
BMO6022A,Seminar in Leadership,leadership
BMO6023A,Seminar in Occupational Health and Stress,research
BMO6024,Seminar in Human Resource Management,research
BMO6026A,Groups and Teams,research
BMO6027,Independent Study Course,research
BMO6027AA,Independent Study: Whole-Genome Analysis Of Leadership,leadership
BMO6028,Seminar in Positive Psychology,research
BMO6030A,Foundations of Organisational Behavior,research
BMP5101,Innovation Strategy,research
BMP5101,Innovation Strategy,entrepreneurship
BMP5102,Executing Strategy for Results,leadership
BMP5103,Strategic Sustainability,finance
BMP5104,Managing Innovation for Stakeholder Value,r programming
BMP5203,"Competitive Strategy, Digitisation, and AI",artificial intelligence
BMS5050,Marketing Strategy,marketing
BMS5060,Corporate Accounting,accounting
BMS5103,Entrepreneurial Strategy,finance
BMS5105,Big Data and Business Strategy,artificial intelligence
BMS5108,Macroeconomics and Finance: Perspectives from Asia,finance
BMS5110,Managerial Economics,finance
BMS5110,Managerial Economics,accounting
BMS5110,Managerial Economics,marketing
BMS5113,Venture Capital,finance
BMS5124S,Entrepreneurial Management,research
BMS5124S,Entrepreneurial Management,entrepreneurship
BMS5127,Management of Technological Innovation,research
BMS5205,Business Analytics,problem solving
BMS5206,Business Analytics with R,marketing
BMS5206,Business Analytics with R,r programming
BMS5207,Service Design,finance
BMS5211,Strategies for Operational Excellence,leadership
BMS5301,Independent Study in Finance,finance
BMS5302,International Finance,finance
BMS5305,Entrepreneurial Finance,finance
BMS5306,International Financial Management,data analysis
BMS5306,International Financial Management,finance
BMS5309,Investment Banking,finance
BMS5311,Corporate Finance,statistics
BMS5311,Corporate Finance,finance
BMS5311,Corporate Finance,accounting
BMS5313,Empowering and Financing Positive Impact Creation,finance
BMS5313,Empowering and Financing Positive Impact Creation,entrepreneurship
BMS5314,Economics of Blockchain and Decentralized Finance,finance
BMS5404,Becoming Future Prepared Global Leaders,research
BMS5404,Becoming Future Prepared Global Leaders,leadership
BMS5404,Becoming Future Prepared Global Leaders,react
BMS5406,Asian Leadership,excel
BMS5406,Asian Leadership,leadership
BMS5411,Judgment and Decision Making Under Uncertainty,research
BMS5414,Human Resources Analytics,excel
BMS5414,Human Resources Analytics,statistics
BMS5414,Human Resources Analytics,finance
BMS5415,Designing Organisations with Data,machine learning
BMS5417,Managerial Applications of AI and Machine Learning,machine learning
BMS5417,Managerial Applications of AI and Machine Learning,artificial intelligence
BMS5418,Corporate Entrepreneurship,entrepreneurship
BMS5501,Independent Study in Marketing,marketing
BMS5502,Marketing Strategy,research
BMS5502,Marketing Strategy,marketing
BMS5502A,Marketing Practice & Impact,research
BMS5502A,Marketing Practice & Impact,marketing
BMS5503,Pricing Analytics,marketing
BMS5504,Marketing Analytics Visualisation and Communication,python
BMS5504,Marketing Analytics Visualisation and Communication,r programming
BMS5505,Digital Marketing,marketing
BMS5506,Understanding & Influencing Consumers,marketing
BMS5507,Behavioral Economics,research
BMS5508,Design Thinking & Business Innovations,design thinking
BMS5509,Consumer Culture Theory,research
BMS5510,Marketing Strategies in the New Economy,marketing
BMS5511,Sustainability Marketing,marketing
BMS5512,Marketing Analytics,research
BMS5512,Marketing Analytics,marketing
BMS5514,Marketing Strategies for a VUCA World,marketing
BMS5516,Customer Centricity and Brand Alignment,leadership
BMS5517,Product Experience Management,marketing
BMS5517,Product Experience Management,design thinking
BMS5518,Special Topics in Marketing,presentation
BMS5518,Special Topics in Marketing,marketing
BMS5518A,Game Theory & Strategic Analysis,marketing
BMS5518B,Special Topics in Marketing,presentation
BMS5518B,Special Topics in Marketing,marketing
BMS5518C,Special Topics in Marketing,presentation
BMS5518C,Special Topics in Marketing,marketing
BMS5518D,Special Topics in Marketing,presentation
BMS5518D,Special Topics in Marketing,marketing
BMS5518E,Special Topics in Marketing,presentation
BMS5518E,Special Topics in Marketing,marketing
BMS5519,Services Marketing,leadership
BMS5519,Services Marketing,marketing
BMS5520,Research for Marketing Insights,research
BMS5520,Research for Marketing Insights,marketing
BMS5522,AI in Marketing,r programming
BMS5522,AI in Marketing,marketing
BMS5601,Independent Study in Accounting,accounting
BMS5602,Financial Analysis and ESG Integration,accounting
BMS5702A,Asian Management and Leadership: Learning From Zheng He,leadership
BMS5702B,Managing Business Networks,communication
BMS5702B,Managing Business Networks,leadership
BMS5702B,Managing Business Networks,marketing
BMS5703,Contemporary Topics in Markets and Management,leadership
BMS5703,Contemporary Topics in Markets and Management,finance
BMS5801,Communication and Influencing Skills for Managers,communication
BMS5900,Block Seminar,leadership
BMS5901,Business Project,research
BMS5902,Entrepreneurship Practicum,entrepreneurship
BMS5903A,Exploring Global Business and Cross-Cultural Strategies,communication
BMT5100,Preparing Financial Statements,accounting
BMT5101,Applied Data Science & Vizualization,python
BMT5101,Applied Data Science & Vizualization,accounting
BMT5102,Corporate Valuation Models,finance
BMT5103,Managerial Planning and Control,accounting
BMT5104,Corporate Accounting and Reporting,accounting
BMT5200,Analytics and Data Management,python
BMT5200,Analytics and Data Management,accounting
BMT5203,Mergers and Acquisitions,research
BMT5203,Mergers and Acquisitions,accounting
BMT5204,Financial Analytics Practicum,accounting
BMT5205,Taxes and Business Strategy,finance
BMT5205,Taxes and Business Strategy,accounting
BMT5206,Sustainability Reporting,accounting
BMT5207,Audit Analytics and Business Intelligence,python
BMT5207,Audit Analytics and Business Intelligence,excel
BMT5207,Audit Analytics and Business Intelligence,sql
BMT5301A,Experiential Learning: Individual Internship,accounting
BMT5301B,Experiential Learning: Corporate Consultancy Project,accounting
BMT5301C,Experiential Learning: Faculty Research Project,accounting
BMT5401,Independent Study: Assurance and Attestation,accounting
BMT5401A,Independent Study: Assurance and Attestation,accounting
BMT5401B,Independent Study: Sustainability Accounting & Reporting,accounting
BMT5401C,Independent Study: Forensic Accounting and Financial Fraud,research
BMT5401C,Independent Study: Forensic Accounting and Financial Fraud,accounting
BMU5002,Macroeconomics & International Finance,finance
BMU5006,Marketing Strategy,marketing
BMU5007,Corporate Finance,finance
BMU5014,Contemporary Issues in Business,marketing
BMU5018,Entrepreneurship and New Venture Creation,entrepreneurship
BMX5000,Master Business Decisions Using Excel,excel
BN2001,Independent Study,research
BN3101,Biomedical Engineering Design,presentation
BN3401,Biomedical Electronics & Systems,research
BN4101,B.Eng. Dissertation,research
BN4101R,B.Eng. Dissertation,research
BN4103,Assistive Technology for Persons with Disability,communication
BN4201,Tissue Biomechanics,research
BN4206,Computational Methods in Biomedical Engineering,research
BN4301,Principles Of Tissue Engineering,research
BN5001,Independent Research Project,research
BN5002,Independent Research Project II,research
BN5201,Advanced Biomaterials,research
BN5201,Advanced Biomaterials,problem solving
BN5205,Computational Biomechanics,research
BN5206,Computational Methods in Biomedical Engineering,research
BN5207,Medical Imaging Systems,research
BN5209,Frontiers in Neurotechnology,research
BN5209,Frontiers in Neurotechnology,communication
BN5211,Medical Robotic Intelligence,artificial intelligence
BN5212,Advanced Machine Learning for Biomedical Engineering and Sciences,data analysis
BN5212,Advanced Machine Learning for Biomedical Engineering and Sciences,machine learning
BN5212,Advanced Machine Learning for Biomedical Engineering and Sciences,artificial intelligence
BN5213,Mind and Machine: Brain-Computer Interfaces,research
BN5304,Biomedical Engineering Practice and Innovation,entrepreneurship
BN5305,Transgenic Engineering: Research and Clinical Translation,research
BN5501,The Biodesign Process of Innovation in Healthcare,communication
BN5517,Pre-Market Requirements and Post Market Surveillance,marketing
BN5517A,Pre-Market Requirements and Post Market Surveillance,marketing
BN5666,Industrial Attachment,research
BN6202,Advanced Human Motion Biomechanics,research
BN6209,Neurotechnology,research
BPM1701,Calculus and Statistics,statistics
BPM1702,Microsoft Excel and PowerPoint for Business,excel
BPM1702,Microsoft Excel and PowerPoint for Business,presentation
BPM1705,Understanding How Business Works,finance
BPM1705,Understanding How Business Works,marketing
BPS5000,Dissertation,research
BPS5222,Indoor Environmental Quality,presentation
BPS5229,Data Science for the Built Environment,machine learning
BPS5230,Data-Driven Decision-Making for Smart Built Environments,machine learning
BPS5230,Data-Driven Decision-Making for Smart Built Environments,research
BPS5231,AI for Sustainable Building Design,machine learning
BPS5231,AI for Sustainable Building Design,research
BRP6553,Graduate Research Seminars,research
BRP6553,Graduate Research Seminars,leadership
BRP6554,Graduate Research Seminars,research
BRP6554,Graduate Research Seminars,leadership
BS5666,Industrial Attachment,research
BSE3713,"Industry, Digitization, and AI",artificial intelligence
BSE3751,Independent Study in Business Economics,research
BSE3751,Independent Study in Business Economics,writing
BSE3761,Topics in Business Economics,research
BSE4711,Econometrics for Business II,data analysis
BSE4711,Econometrics for Business II,econometrics
BSE4751,Advanced Independent Study in Business Economics,research
BSE4751,Advanced Independent Study in Business Economics,writing
BSE4761,Seminars in Business Economics,research
BSE4761A,Seminars in Business Economics: International Economics,finance
BSE4761X,Seminars in Business Economics,research
BSN3703,Entrepreneurial Strategy,finance
BSN3713,Entrepreneurial Boot Camp,entrepreneurship
BSN3714,Co-Creating Value (Tools for Collaborative Innovation),finance
BSN3714,Co-Creating Value (Tools for Collaborative Innovation),r programming
BSN3751,Independent Study in Innovation & Entrepreneurship,research
BSN3751,Independent Study in Innovation & Entrepreneurship,writing
BSN3751,Independent Study in Innovation & Entrepreneurship,entrepreneurship
BSN4712,Managing Social Networks in Markets and Organizations,entrepreneurship
BSN4751,Adv Independent Study in Innovation & Entrepreneurship,entrepreneurship
BSN4811,Strategic Innovation for High Performance,artificial intelligence
BSN4811,Strategic Innovation for High Performance,entrepreneurship
BSN4811A,Innovation and Productivity (with Econometrics),research
BSP3511,Corporate Finance Law,finance
BSP3513,Family Business,leadership
BSP4516,Managing Social Networks in Markets and Organizations,entrepreneurship
BSS4003A,SSIB: Innovation and Productivity,research
BSS4003B,Innovation and Productivity (with Econometrics),research
BST3762,Effective Leadership in Action,leadership
BT1101,Introduction to Business Analytics,r programming
BT2101,Econometrics Modeling for Business Analytics,data analysis
BT2101,Econometrics Modeling for Business Analytics,econometrics
BT2103,Optimization Methods in Business Analytics,machine learning
BT2201,Business Concepts and Metrics for Analytics,finance
BT2201,Business Concepts and Metrics for Analytics,marketing
BT3017,Feature Engineering for Machine Learning,machine learning
BT3017,Feature Engineering for Machine Learning,artificial intelligence
BT3102,Computational Methods for Business Analytics,finance
BT3102,Computational Methods for Business Analytics,marketing
BT3103,Application Systems Development for Business Analytics,project management
BT3103,Application Systems Development for Business Analytics,web development
BT3103,Application Systems Development for Business Analytics,javascript
BT3104,Optimization Methods for Business Analytics,machine learning
BT4011,Business Analytics Capstone Industry Project,communication
BT4012,Fraud Analytics,machine learning
BT4012,Fraud Analytics,deep learning
BT4014,Analytics Driven Design of Adaptive Systems,artificial intelligence
BT4015,Geospatial Analytics,python
BT4015,Geospatial Analytics,statistics
BT4015,Geospatial Analytics,r programming
BT4101,B.Sc. (Business Analytics) Dissertation,research
BT4101,B.Sc. (Business Analytics) Dissertation,presentation
BT4103,Business Analytics Capstone Project,communication
BT4211,Data-Driven Marketing,marketing
BT4212,Search Engine Optimization and Analytics,python
BT4212,Search Engine Optimization and Analytics,machine learning
BT4212,Search Engine Optimization and Analytics,marketing
BT4212,Search Engine Optimization and Analytics,r programming
BT4222,Mining Web Data for Business Insights,machine learning
BT4222,Mining Web Data for Business Insights,natural language processing
BT4222,Mining Web Data for Business Insights,communication
BT4222,Mining Web Data for Business Insights,finance
BT4240,Machine Learning for Predictive Data Analytics,statistics
BT4240,Machine Learning for Predictive Data Analytics,machine learning
BT4240,Machine Learning for Predictive Data Analytics,artificial intelligence
BT4241,Causal Impact Analytics for Business Applications,machine learning
BT4241,Causal Impact Analytics for Business Applications,finance
BT4241,Causal Impact Analytics for Business Applications,marketing
BT5110,Data Management and Warehousing,sql
BT5126,Hands-on with Business Analytics,presentation
BT5127,Practice in Big Data Systems for Data Science,statistics
BT5151,Advanced Analytics and Machine Learning,python
BT5151,Advanced Analytics and Machine Learning,data analysis
BT5151,Advanced Analytics and Machine Learning,machine learning
BT5151,Advanced Analytics and Machine Learning,deep learning
BT5152,Decision Making Technology for Business,deep learning
BT5153,Applied Machine Learning for Business Analytics,machine learning
BT5154,Foundation in BFoundation in Business Analyticsusiness Analyti,data analysis
BT5155,Operations Research and Analytics,python
BT5155,Operations Research and Analytics,research
BT5155,Operations Research and Analytics,finance
BX5101,Business and the Environment,research
BX5101,Business and the Environment,accounting
BZD6004,Applied Econometrics II,statistics
BZD6004,Applied Econometrics II,research
BZD6005,Applied Econometrics III,research
BZD6005,Applied Econometrics III,econometrics
BZD6009,Motivation and Interpersonal Processes,research
BZD6010,Seminar in Research Methodology,statistics
BZD6010,Seminar in Research Methodology,research
BZD6012,Experimental Methods for Behavioral Research,research
BZD6012,Experimental Methods for Behavioral Research,marketing
BZD6014,Strategy and Policy Pre-Seminar,research
BZD6014A,Strategy and Policy Pre-Seminar II,research
BZD6015,Economic Models and Experiments in Marketing,research
BZD6015,Economic Models and Experiments in Marketing,marketing
BZD6016,Econometric Models in Marketing,data analysis
BZD6016,Econometric Models in Marketing,writing
BZD6016,Econometric Models in Marketing,marketing
BZD6017,Innovation and Organizational Theory,entrepreneurship
BZD6018,Machine Learning and AI in Marketing,machine learning
BZD6018,Machine Learning and AI in Marketing,artificial intelligence
BZD6018,Machine Learning and AI in Marketing,deep learning
BZD6018,Machine Learning and AI in Marketing,research
BZD6018,Machine Learning and AI in Marketing,marketing
CAH5102,Care of the Well Child,communication
CAS5660,Independent Study,research
CAS5880,Topics in Comparative Asian Studies I,research
CAS5881,Silk Routes in Asia: Where the Global Meets the Local,writing
CAS6770,Graduate Research Seminar,research
CAS6770,Graduate Research Seminar,writing
CAS6880,Topics in Comparative Asian Studies II,research
CCS5101,Climate Change - The Science and the Policy,research
CCS5104,Methods and Practice in Sustainability,research
CCS5201,Introduction to Climate Modelling,research
CCS5205,Sustainable Finance,finance
CCS5301,Research Project in Climate Change and Sustainability,research
CDE1301C,Dominating the Battlefield: Fundamentals of Combat Robotics,project management
CDE2000,Creating Narratives,communication
CDE2212,AI for Design,artificial intelligence
CDE2300,Product Design and Innovation,problem solving
CDE2300,Product Design and Innovation,presentation
CDE2605,Undergraduate Research Opportunities Programme,research
CDE2605R,Undergraduate Research Experience (UREx),research
CDE2605R,Undergraduate Research Experience (UREx),communication
CDE2606A,Independent Work,critical thinking
CDE2606B,Independent Work,critical thinking
CDE4301,Innovation & Design Capstone,research
CDE4301A,Ideas to Start-up,entrepreneurship
CDE4501,Topics in Challenges of Cities,research
CDE4501A,Topics in Challenges of Cities,research
CDE4501B,Topics in Challenges of Cities,research
CDE5000,Industrial Project and Attachment,presentation
CDE5302,Design Thinking and Product Development,research
CDE5302,Design Thinking and Product Development,design thinking
CDE5311,Designing UX/UI for Human-Centred AI,artificial intelligence
CDE5312,Beyond the Surface: Exploring Interactive Wearables,artificial intelligence
CDE5312,Beyond the Surface: Exploring Interactive Wearables,communication
CDE5313,Innovation by Design,design thinking
CDE5399D,Engineering Design & Innovation Internship,marketing
CDE5399E,Engineering Design & Innovation Internship,marketing
CDE5399T,Engineering Design & Innovation Internship,marketing
CDM5101,Fundamentals of Cancer Biology,research
CDM5102,Translational Cancer Research,research
CDM5104,Computational genomics,machine learning
CE2183,Construction Project Management,project management
CE2407,Engineering & Uncertainty Analyses,statistics
CE2407A,Uncertainty Analysis for Engineers,statistics
CE2409,Computer Applications in Civil Engineering,problem solving
CE3001,Water-Food-Energy Nexus,machine learning
CE3102,Socio-economically sustainable developments,problem solving
CE3201,Civil Engineering Analytics and Data Visualization,data analysis
CE4002,Carbon Management in the Built Environment,accounting
CE4103,Civil Engineering Design Project,communication
CE4103,Civil Engineering Design Project,leadership
CE4103,Civil Engineering Design Project,teamwork
CE4103,Civil Engineering Design Project,writing
CE4103R,Design Project,communication
CE4103R,Design Project,leadership
CE4103R,Design Project,teamwork
CE4103R,Design Project,writing
CE4104,B. Eng. Dissertation,research
CE4104,B. Eng. Dissertation,presentation
CE4104N,Final Year Project,research
CE4104N,Final Year Project,presentation
CE4106,B.Eng Dissertation,research
CE4106,B.Eng Dissertation,communication
CE4257,Linear Finite Element Analysis,research
CE4258,Structural Stability & Dynamics,research
CE5001,Research Project,research
CE5002E,Capstone Project for Infrastructure Digitalization & Management,project management
CE5111,Underground Construction Design Project,presentation
CE5209,Transportation Data Analytics and Modeling,machine learning
CE5210,Intelligent Transportation Systems and Simulation,communication
CE5214QA,Energy Demand Analysis for the Built Environment,accounting
CE5307,Wave Hydrodynamics,statistics
CE5307A,Ocean Waves,statistics
CE5509,Advanced Structural Steel Design,research
CE5510,Advanced Structural Concrete Design,research
CE5513,Plastic Analysis Of Structures,research
CE5515,Structural Health Monitoring,research
CE5516,Structural Stability & Dynamic,research
CE5666,Industrial Attachment,research
CE5807QB,Digital Construction Management,artificial intelligence
CE5885A,Topics in Structural Engineering: Advanced Analysis,research
CE5885A,Topics in Structural Engineering: Advanced Analysis,accounting
CE6002,Analysis of Civil Engineering Experiments,research
CE6102,Geotechnical Analysis,research
CE6601,Characterization of Sustainable Building Materials,research
CEG5001,Computer Engineering Project (Minor) I,research
CEG5001,Computer Engineering Project (Minor) I,presentation
CEG5002,Computer Engineering Project (Minor) II,research
CEG5002,Computer Engineering Project (Minor) II,presentation
CEG5003,Computer Engineering Project,research
CEG5003,Computer Engineering Project,presentation
CEG5102,Wireless Communications for IoT,communication
CEG5105,Cyber Security for Computer Systems,communication
CEG5105,Cyber Security for Computer Systems,react
CEG5106,Quantum Computing and Communication,statistics
CEG5106,Quantum Computing and Communication,communication
CEG5201,"Hardware Technologies, Principles, & Platforms",machine learning
CEG5202,Embedded Software Systems and Security,machine learning
CEG5203,Hardware Acceleration and Reconfigurable Computing,machine learning
CEG5204,Smart Sensing Systems,artificial intelligence
CEG5205,AI Sensors and Virtual/Augmented Reality Technologies,artificial intelligence
CEG5205,AI Sensors and Virtual/Augmented Reality Technologies,deep learning
CEG5206,Algorithms & Performance Optimization for Computing,machine learning
CEG5301,Machine Learning with Applications,machine learning
CEG5303,Intelligent Autonomous Robotic Systems,deep learning
CEG5303,Intelligent Autonomous Robotic Systems,research
CEG5304,Deep Learning for Digitalization Technologies,machine learning
CEG5304,Deep Learning for Digitalization Technologies,deep learning
CEG5305,Introduction to Generative AI with Foundation Models,deep learning
CEG5306,Robotics and Embodied AI,machine learning
CEG5306,Robotics and Embodied AI,research
CEG5307,Digital Twins for Energy Sustainability,machine learning
CEG5307,Digital Twins for Energy Sustainability,critical thinking
CFA3101,Leadership in Performing Arts,leadership
CFA3101A,Performing Arts in Practice (Music) 3,leadership
CFA3101A,Performing Arts in Practice (Music) 3,teamwork
CFA3101B,Performing Arts in Practice (Dance) 3,leadership
CFA3101B,Performing Arts in Practice (Dance) 3,teamwork
CFA3105,Leading and Directing in Student Music Groups,communication
CFA3105,Leading and Directing in Student Music Groups,leadership
CFA3105,Leading and Directing in Student Music Groups,marketing
CFA3121,Capstone Project for Second Major in Performing Arts,research
CFA3121,Capstone Project for Second Major in Performing Arts,presentation
CFG1600,CommsLab Public Speaking,communication
CFG1600,CommsLab Public Speaking,public speaking
CFG1600S,CommsLab Public Speaking (FoS),communication
CFG1600S,CommsLab Public Speaking (FoS),public speaking
CFG2100,Introduction to Decision-Making in Business,excel
CFG2100,Introduction to Decision-Making in Business,leadership
CFG3001,Career Advancement,excel
CG2271,Real-Time Operating Systems,writing
CG3201,Machine Learning and Deep Learning,machine learning
CG3201,Machine Learning and Deep Learning,deep learning
CG4001,B. Eng. Dissertation,research
CG4003,Advanced Project and Internship,research
CG4003,Advanced Project and Internship,communication
CG4003,Advanced Project and Internship,project management
CH1101E,Retelling Chinese Stories: Change and Continuity,presentation
CH1101S,Retelling Chinese Stories: Change and Continuity,presentation
CH2228,Ci Lyric in the Tang-Song Period,writing
CH2245,"Modern China: Literature, Culture, History",writing
CH2245,"Modern China: Literature, Culture, History",academic writing
CH2276,Understanding Chinese Media and Cultural Industries,design thinking
CH2393,Chinese Business Enterprises and Management (in English),research
CH3228,Classical Poetry: Writing and Criticism,writing
CH3230,Ci Lyric in the Tang-Song Period,writing
CH3243,Chinese Cultural History,research
CH3243S,Chinese Cultural History,research
CH3271,Contemporary Chinese Society and Culture,writing
CH3272,Selected Topics in Chinese Art (taught in Chinese),research
CH3291,Contemporary Chinese Culture (taught in English),writing
CH3293,Selected Topics in Chinese Art (taught in English),research
CH3551,FASS Undergraduate Research Opportunity (UROP),research
CH3551R,FASS Undergraduate Research Opportunity (UROP),research
CH3551R,FASS Undergraduate Research Opportunity (UROP),writing
CH4203,Chinese Dialectology,research
CH4203HM,Chinese Dialectology,research
CH4205,Chinese Metaphors,research
CH4205HM,Chinese Metaphors,research
CH4246,Chinese Local History,research
CH4401,Honours Thesis,writing
CH4401HM,Honours Thesis,writing
CH5210,Chinese Lexical Semantics,research
CH5210R,Chinese Lexical Semantics,research
CH5211,Seminar in Chinese Pragmatics,research
CH5211R,Seminar In Chinese Pragmatics,research
CH5222,Topics in Modern Chinese Literature,critical thinking
CH5222R,Topics in Modern Chinese Literature,critical thinking
CH5244,Topics On History of Modern China,leadership
CH5244R,Topics On History of Modern China,leadership
CH5246,Seminar in Modern Taoism,writing
CH5246R,Seminar in Modern Taoism,writing
CH5247,Business Culture in Traditional China,leadership
CH5247R,Business Culture in Traditional China,leadership
CH5250,Introduction to Sources in Modern Chinese History,research
CH5660,Independent Study,research
CH5660,Independent Study,writing
CH5880,Topics in Applied Chinese Linguistics,communication
CH5880R,Topics in Applied Chinese Linguistics,communication
CH6221,Topics in Classical Chinese Literature,research
CH6243,Seminar in Se Asian Chinese Studies,leadership
CH6246,Chinese History and Historians,writing
CH6251,Topics in Chinese Philosophy,research
CH6252,Intellectual Landscapes in Pre-Qin China,research
CH6253,Approaches to Economic History of Modern China,research
CH6261,Chinese Studies in the West,writing
CH6262,Independent Study in Chinese Studies,research
CH6262,Independent Study in Chinese Studies,writing
CH6263,"Translation: Formal, Cultural, Political",communication
CH6770,Graduate Research Seminar,research
CH6770,Graduate Research Seminar,writing
CH6770,Graduate Research Seminar,presentation
CHC5101,Contemporary Research in Chinese Studies,research
CHC5102,Contemporary Research in Chinese Language,research
CHC5301,History and Civilizations of the Tang Empire,research
CHC5306,"Chinese Intellectual History, 10th – 19th Century",research
CHC5307,Major Themes in Chinese History,research
CHC5308,Chinese Kinship and Local Society,research
CHC5313,Thematics in Chinese Literature,research
CHC5314,Chinese Religion,research
CHC5317,New Approaches to Modern Chinese Culture,research
CHC5318,Time and Space in Traditional Chinese Culture,research
CHC5324,Lexicon in Old Chinese,research
CHC5325,Chinese Language Education and Research,research
CHC5328,Testing and Assessment of Chinese Language,writing
CHC5332,Oral History Methodology: Theory and Practice,research
CHC5347,Contemporary Chinese Governance and Development,critical thinking
CHC5351,Seminar in Se Asian Chinese Studies,leadership
CHC5352,Contemporary China and the World,critical thinking
CHC5353,Poetic Merchants: Chinese Poetry and Socio-economic Changes since 16th Century,writing
CIT5010,Integrated Capstone Project,research
CIT5011,Masterclass in Cities,research
CL2291,Chinese Anthropolinguistics (taught in English),communication
CL3104,Reading/Writing Chinese,writing
CL3104S,Reading/Writing Chinese,writing
CL3201,Communicating through Chinese Rhetoric and Metaphors,communication
CL3204,Classical Chinese,writing
CL3551,FASS Undergraduate Research Opportunity (UROP),research
CLC1101,Engaging and Building Communities,research
CLC1101,Engaging and Building Communities,design thinking
CLC2101,Engaging and Building Communities,research
CLC2101,Engaging and Building Communities,design thinking
CLC2201,Community Development Practicum I,research
CLC2202,Research Methods for Community Development,data analysis
CLC2202,Research Methods for Community Development,research
CLC2203,Community Development Practicum I,research
CLC2204,Community Development With Youth,research
CLC2204,Community Development With Youth,leadership
CLC3301,Communicating Social Issues in Singapore,communication
CLC3301,Communicating Social Issues in Singapore,marketing
CLC3303,Community Leadership,communication
CLC3303,Community Leadership,leadership
CLC3304,Special Topics in Community Development & Leadership,research
CLC3305,Community Development Practicum II,research
CLC3306,Community Development Practicum II,research
CM1131,Physical Chemistry 1,accounting
CM2143,Basic Toolkit of Analytical Chemistry,statistics
CM2288R,Basic UROPS in Chemistry I (REx),research
CM2288R,Basic UROPS in Chemistry I (REx),writing
CM2289R,Basic UROPS In Chemistry II (REx),research
CM2289R,Basic UROPS In Chemistry II (REx),writing
CM3191,Chemical Synthesis Experiments,writing
CM3191,Chemical Synthesis Experiments,presentation
CM3242,Instrumental Analysis II,research
CM3255,Smart Molecules with AI and Cheminformatics,artificial intelligence
CM3267,Computational Thinking and Programming in Chemistry,python
CM3288,Advanced UROPS in Chemistry I,research
CM3288M,Advanced UROPS in Medicinal Chemistry I,research
CM3288MR,Advanced UROPS in Medicinal Chemistry I (REx),research
CM3288MR,Advanced UROPS in Medicinal Chemistry I (REx),writing
CM3288N,Advanced UROPS in Nanochemistry I,research
CM3288NR,Advanced UROPS in Nanochemistry I (REx),research
CM3288NR,Advanced UROPS in Nanochemistry I (REx),writing
CM3288R,Advanced UROPS in Chemistry I (REx),research
CM3288R,Advanced UROPS in Chemistry I (REx),writing
CM3288S,Advanced UROPS in Sustainable Chemistry I,research
CM3288SR,Advanced UROPS in Sustainable Chemistry I (REx),research
CM3288SR,Advanced UROPS in Sustainable Chemistry I (REx),writing
CM3289,Advanced UROPS in Chemistry II,research
CM3289M,Advanced UROPS in Medicinal Chemistry II,research
CM3289MR,Advanced UROPS in Medicinal Chemistry II (REx),research
CM3289MR,Advanced UROPS in Medicinal Chemistry II (REx),writing
CM3289N,Advanced UROPS in Nanochemistry II,research
CM3289NR,Advanced UROPS in Nanochemistry II (REx),research
CM3289NR,Advanced UROPS in Nanochemistry II (REx),writing
CM3289R,Advanced UROPS in Chemistry II (REx),research
CM3289R,Advanced UROPS in Chemistry II (REx),writing
CM3289S,Advanced UROPS in Sustainable Chemistry II,research
CM3289SR,Advanced UROPS in Sustainable Chemistry II (REx),research
CM3289SR,Advanced UROPS in Sustainable Chemistry II (REx),writing
CM4199A,Honours Project in Chemistry,research
CM4242,Advanced Analytical Techniques,research
CM4251,Characterization Techniques in Materials Chemistry,research
CM4254,Semiconductor Devices for Sustainability,research
CM4269,Sustainable & Green Chemistry,research
CM4288,Research Project in Chemistry,research
CM4299,Applied Project in Chemistry,presentation
CM5100,M.sc. Project,research
CM5100A,Advanced MSc Project,research
CM5100D,MSc Project,research
CM5104,Intellectual Property and Entrepreneurship in Chemical Sciences,entrepreneurship
CM5104,Intellectual Property and Entrepreneurship in Chemical Sciences,r programming
CM5106,Artificial Intelligence in Chemistry,data analysis
CM5106,Artificial Intelligence in Chemistry,machine learning
CM5106,Artificial Intelligence in Chemistry,artificial intelligence
CM5107,Exploring Physical and Analytical Sciences,data analysis
CM5107,Exploring Physical and Analytical Sciences,research
CM5191,Chemical Sciences MSc Project,research
CM5192,Capstone Project,research
CM5198,Graduate Seminar Course in Chemistry,research
CM5198,Graduate Seminar Course in Chemistry,communication
CM5198,Graduate Seminar Course in Chemistry,writing
CM5198,Graduate Seminar Course in Chemistry,presentation
CM5199,M.Sc. R&D project,research
CM5199,M.Sc. R&D project,r programming
CM5212,Crystal Engineering,data analysis
CM5223,Topics in Supramolecular Chemistry,research
CM5231,AI in Chemistry,data analysis
CM5231,AI in Chemistry,machine learning
CM5231,AI in Chemistry,artificial intelligence
CM5237,Advanced Optical Spectroscopy and Imaging,research
CM5239,Cheminformatics,machine learning
CM5245,Bioanalyticalchemistry,research
CM5299,Professional Internship,research
CM5301,Intellectual Property and Entrepreneurship in Chemistry,entrepreneurship
CM5301,Intellectual Property and Entrepreneurship in Chemistry,r programming
CM5311,Transition Metals: Spectroscopy and Modern Applications,research
CM5321,Pharmaceutical Synthesis: Concepts and Practices,data analysis
CM5331,AI for Computational Heterogenous Catalysis,machine learning
CM5399,Professional Internship,research
CMH5201,Introduction to Biostatistics in Mental Health,statistics
CMH5204,Applied Research Methods in Mental Health and Psychotherapy,research
CMH5305,Counselling II: Systemic & Family Therapy 1,r programming
CMH5307,Integrative Symposiums,research
CN1101,Chemical Engineering Principles and Practice I,presentation
CN1101A,Chemical Engineering Principles and Practice I,presentation
CN1102,Chemical Engineering Principles and Practice II,presentation
CN2102,Chemical Engineering Principles and Practice II,presentation
CN2103,Material and Energy Balances,problem solving
CN2108,Chemical Engineering Process Laboratory I,communication
CN2108,Chemical Engineering Process Laboratory I,writing
CN3101,Chemical Engineering Process Lab I,communication
CN3101,Chemical Engineering Process Lab I,writing
CN3101A,Chemical Engineering Process Lab,writing
CN3101A,Chemical Engineering Process Lab,presentation
CN3102,Chemical Engineering Process Lab II,teamwork
CN3102,Chemical Engineering Process Lab II,writing
CN3102,Chemical Engineering Process Lab II,presentation
CN3105,Machine Learning in Chemical Engineering,python
CN3105,Machine Learning in Chemical Engineering,machine learning
CN3108,Chemical Engineering Process Laboratory II,communication
CN3108,Chemical Engineering Process Laboratory II,teamwork
CN3108,Chemical Engineering Process Laboratory II,problem solving
CN3108,Chemical Engineering Process Laboratory II,presentation
CN3109,Chemical Engineering Process Laboratory III,teamwork
CN3109,Chemical Engineering Process Laboratory III,problem solving
CN3109,Chemical Engineering Process Laboratory III,writing
CN3109,Chemical Engineering Process Laboratory III,presentation
CN3421A,Process Modeling And Numerical Simulation,excel
CN4102,Chemical Engineering Lab,writing
CN4102,Chemical Engineering Lab,presentation
CN4118,B.Eng. Dissertation,research
CN4118,B.Eng. Dissertation,presentation
CN4118E,B.Tech. Dissertation,research
CN4118E,B.Tech. Dissertation,presentation
CN4118N,Capstone Research Project,research
CN4118N,Capstone Research Project,presentation
CN4118R,B.Eng. Dissertation,research
CN4118R,B.Eng. Dissertation,presentation
CN4119E,B.Tech. Dissertation,research
CN4119E,B.Tech. Dissertation,presentation
CN4208E,Biochemical Engineering,research
CN4229E,Computer Aided Chemical Engineering,artificial intelligence
CN4231E,Downstream Processing of Biochemical and Pharmaceutical Products,research
CN4242E,Optimization of Chemical Processes,research
CN4245R,Data Based Process Characterisation,statistics
CN4251,Troubleshooting with Case Studies for Process Engineers,problem solving
CN4251,Troubleshooting with Case Studies for Process Engineers,presentation
CN4252,H2 and Low Carbon Technologies: Industry Perspectives,research
CN4291,Selected Topics in Chemical Engineering,research
CN5010,Mathematical & Computing Methods for Chemical Engineers,machine learning
CN5010,Mathematical & Computing Methods for Chemical Engineers,research
CN5111,Optimization of Chemical Processes,research
CN5172,Biochemical Engineering,research
CN5173,Downstream Processing of Biochemical & Pharmaceutical Products,research
CN5181,Computer Aided Chemical Engineering,artificial intelligence
CN5190,Hydrogen Energy and Technology,research
CN5191,Project Engineering,project management
CN5193,Instrumental Methods of Analysis,data analysis
CN5193,Instrumental Methods of Analysis,research
CN5205,Advanced Machine Learning For Chemical Engineers,python
CN5205,Advanced Machine Learning For Chemical Engineers,machine learning
CN5206,Advanced Fluid Mechanics with Artificial Intelligence,artificial intelligence
CN5216,Electronic Materials and Energy Technologies,research
CN5366,Industrial Practice in Energy Systems,communication
CN5366,Industrial Practice in Energy Systems,teamwork
CN5391,Selected Topics in Advanced Chemical Engineering I,research
CN5392,Selected Topics in Advanced Chemical Engineering II,research
CN5401,Contemporary Topics in Advanced Chemical Engineering,research
CN5550,Energy Systems Project,research
CN5550,Energy Systems Project,presentation
CN5555X,MSc Project,research
CN5666,Industrial Attachment,research
CN6020,Advanced Reaction Engineering,research
COS1000,Computational Thinking for Scientists,python
COS2101,Computational Thinking for Pharm Sciences & Pharmacy,r programming
COS2101,Computational Thinking for Pharm Sciences & Pharmacy,excel
CP1008,Learning with Generative AI Tools,artificial intelligence
CP2107,Independent Introduction to CS Research (Odyssey),research
CP2201,Journey of the Innovator,design thinking
CP3100,Information Systems and Analytics Research Methodology,research
CP3100,Information Systems and Analytics Research Methodology,writing
CP3101A,Global Open Source Project,software engineering
CP3107,Computing for Social Service Agencies I,software engineering
CP3110,Computing for Social Service Agencies II,software engineering
CP3111,Independent Project II,research
CP3201,Industry Seminar,finance
CP3208,Undergraduate Research in Computing I,research
CP3209,Undergraduate Research Project in Computing,research
CP3209R,Undergraduate Research Project in Computing (REx),research
CP3209R,Undergraduate Research Project in Computing (REx),writing
CP4106,Computing Project,research
CP4106,Computing Project,presentation
CP5010,Graduate Research Paper,research
CP5010,Graduate Research Paper,presentation
CP5101,MComp Dissertation,research
CP5102,MComp Information Security Project,research
CP5103,Master of Computing Project,research
CP5104,Graduate Project in Computing,research
CP5105,Computing Capstone Project,research
CP6010,Doctoral Seminar,research
CS1010,Programming Methodology,problem solving
CS1010A,Programming Methodology,problem solving
CS1010A,Programming Methodology,writing
CS1010E,Programming Methodology,problem solving
CS1010J,Programming Methodology,problem solving
CS1010R,Programming Methodology,research
CS1010S,Programming Methodology,problem solving
CS1010S,Programming Methodology,writing
CS1010X,Programming Methodology,python
CS1010X,Programming Methodology,problem solving
CS1010X,Programming Methodology,writing
CS1010XCP,Programming Methodology,python
CS1010XCP,Programming Methodology,problem solving
CS1010XCP,Programming Methodology,writing
CS1101S,Programming Methodology,problem solving
CS1231R,Discrete Structures,research
CS2040DE,Data Structures and Algorithms,java
CS2040HS,Data Structures and Algorithms,python
CS2040HS,Data Structures and Algorithms,java
CS2100R,Computer Organisation,research
CS2101,Effective Communication for Computing Professionals,communication
CS2101,Effective Communication for Computing Professionals,software engineering
CS2102,Database Systems,sql
CS2102R,Database Systems,sql
CS2103,Software Engineering,software engineering
CS2103DE,Software Engineering,software engineering
CS2103R,Software Engineering,research
CS2103T,Software Engineering,software engineering
CS2104,Programming Language Concepts,java
CS2104R,Programming Language Concepts,research
CS2105,Introduction to Computer Networks,communication
CS2105R,Introduction to Computer Networks,research
CS2106R,Introduction to Operating Systems,research
CS2109S,Introduction to AI and Machine Learning,machine learning
CS2109S,Introduction to AI and Machine Learning,artificial intelligence
CS2113,Software Engineering & Object-Oriented Programming,project management
CS2113T,Software Engineering & Object-Oriented Programming,project management
CS2220,Introduction to Computational Biology,problem solving
CS2220R,Introduction to Computational Biology,research
CS2251,Optimization and Regression,machine learning
CS2251,Optimization and Regression,artificial intelligence
CS2251,Optimization and Regression,research
CS3201,Software Engineering Project I,software engineering
CS3201R,Software Engineering Project I,research
CS3202,Software Engineering Project II,software engineering
CS3202R,Software Engineering Project II,research
CS3203,Software Engineering Project,software engineering
CS3210,Parallel Computing,communication
CS3213,Foundations of Software Engineering,software engineering
CS3216,Software Product Engineering for Digital Markets,ui design
CS3217,Software Engineering on Modern Application Platforms,software engineering
CS3219,Software Engineering Principles and Patterns,software engineering
CS3219R,Software Engineering Principles and Patterns,research
CS3221,Operating Systems Design and Pragmatics,communication
CS3223R,Database Systems Implementation,research
CS3226,Web Programming and Applications,software engineering
CS3226,Web Programming and Applications,web development
CS3230R,Design and Analysis of Algorithms,research
CS3233,Competitive Programming,problem solving
CS3233R,Competitive Programming,problem solving
CS3234R,Logic and Formal Systems,research
CS3236R,Introduction to Information Theory,research
CS3237,Introduction to Internet of Things,communication
CS3240R,Interaction Design,research
CS3243,Introduction to Artificial Intelligence,artificial intelligence
CS3243R,Introduction to Artificial Intelligence,research
CS3244,Machine Learning,machine learning
CS3244R,Machine Learning,research
CS3245R,Information Retrieval,research
CS3263,Foundations of Artificial Intelligence,artificial intelligence
CS3264,Foundations of Machine Learning,machine learning
CS3271,Software Engineering for Reactive Systems,research
CS3271,Software Engineering for Reactive Systems,software engineering
CS3281R,Thematic Systems Project I,research
CS3282R,Thematic Systems Project II,research
CS4215R,Programming Language Implementation,research
CS4216,Constraint Logic Programming,r programming
CS4220R,Knowledge Discovery Methods in Bioinformatics,research
CS4221,Database Applications Design and Tuning,sql
CS4225,Big Data Systems for Data Science,statistics
CS4232R,Theory of Computation,research
CS4234R,Optimisation Algorithms,research
CS4236,Cryptography Theory and Practice,communication
CS4239,Software Security,software engineering
CS4240R,Interaction Design for Virtual and Augmented Reality,research
CS4243,Computer Vision and Pattern Recognition,computer vision
CS4243R,Computer Vision and Pattern Recognition,research
CS4246R,AI Planning and Decision Making,research
CS4248,Natural Language Processing,deep learning
CS4248,Natural Language Processing,natural language processing
CS4248R,Natural Language Processing,research
CS4257,Algorithmic Foundations of Privacy,statistics
CS4257,Algorithmic Foundations of Privacy,machine learning
CS4257,Algorithmic Foundations of Privacy,communication
CS4262,Machine Learning Systems,machine learning
CS4262,Machine Learning Systems,research
CS4276,IoT Security,research
CS4345,General-Purpose Computation on GPU,writing
CS4347,Sound and Music Computing,machine learning
CS4350,Game Development Project,software engineering
CS5216,Logic Programming and Constraints,r programming
CS5223,Distributed Systems,communication
CS5228,Knowledge Discovery and Data Mining,machine learning
CS5229,Advanced Computer Networks,software engineering
CS5230,Computational Complexity,problem solving
CS5237,Computational Geometry and Applications,problem solving
CS5238,Advanced Combinatorial Methods in Bioinformatics,research
CS5240,Theoretical Foundations in MultiMedia,natural language processing
CS5240,Theoretical Foundations in MultiMedia,computer vision
CS5240,Theoretical Foundations in MultiMedia,research
CS5241,Speech Processing,research
CS5242,Neural Networks and Deep Learning,deep learning
CS5242,Neural Networks and Deep Learning,computer vision
CS5246,Text Mining,machine learning
CS5249,Audio in Multimedia Systems,research
CS5260,Neural Networks and Deep Learning II,machine learning
CS5260,Neural Networks and Deep Learning II,deep learning
CS5275,The Algorithm Designer's Toolkit,communication
CS5284,Graph Machine Learning,machine learning
CS5284,Graph Machine Learning,nlp
CS5339,Theory and Algorithms for Machine Learning,machine learning
CS5340,Uncertainty Modelling in AI,natural language processing
CS5342,Multimedia Computing and Applications,research
CS5343,Advanced Computer Animation,research
CS5421,Database Applications Design and Tuning,sql
CS5425,Big Data Systems for Data Science,statistics
CS5439,Software Security,software engineering
CS5462,Machine Learning Systems,machine learning
CS5462,Machine Learning Systems,research
CS5476,IoT Security,research
CS5562,Trustworthy Machine Learning,statistics
CS5562,Trustworthy Machine Learning,machine learning
CS5647,Sound and Music Computing,machine learning
CS6101,Exploration of Computer Science Research,research
CS6101,Exploration of Computer Science Research,writing
CS6101,Exploration of Computer Science Research,presentation
CS6203,Advanced Topics in Database Systems,research
CS6204,Advanced Topics in Networking,research
CS6206,Advanced Topics in Human-Computer Interaction,research
CS6207,Advanced Natural Language Processing,nlp
CS6207,Advanced Natural Language Processing,natural language processing
CS6207,Advanced Natural Language Processing,research
CS6208,Advanced Topics in Artificial Intelligence,machine learning
CS6208,Advanced Topics in Artificial Intelligence,artificial intelligence
CS6208,Advanced Topics in Artificial Intelligence,research
CS6210,The Art of Computer Science Research,research
CS6213,Special Topics in Distributed Computing,research
CS6215,Advanced Topics in Program Analysis,research
CS6216,Advanced Topics in Machine Learning,machine learning
CS6216,Advanced Topics in Machine Learning,research
CS6217,Topics in Prog. Languages & Software Engineering,research
CS6217,Topics in Prog. Languages & Software Engineering,software engineering
CS6218,Principles of Prog. Languages & Software Engineering,research
CS6218,Principles of Prog. Languages & Software Engineering,software engineering
CS6219,Advanced Topics in Computer Systems,research
CS6223,Advanced Topics in Software Testing,research
CS6230,Topics in Information Security,research
CS6231,Advanced Topics in Security and Privacy,data analysis
CS6231,Advanced Topics in Security and Privacy,machine learning
CS6231,Advanced Topics in Security and Privacy,research
CS6234,Advanced Algorithms,research
CS6235,Advanced Topics in Theoretical Computer Science,research
CS6241,Advanced Topics in Computer Graphics,research
CS6242,Digital Libraries,research
CS6244,Advanced Topics in Robotics,research
CS6280,Topics in Computer Science: Deep Learning with Language Applications,deep learning
CS6280,Topics in Computer Science: Deep Learning with Language Applications,research
CS6281,Topics in Computer Science: Inference Algorithms in Deep Generative Models,research
CS6282,Topics in Computer Science: AI meets Science - Science-Inspired AI and AI for Science,research
CS6283,Topics in Computer Science: Trustworthy Machine Learning,machine learning
CS6284,Topics in Computer Science: Big Data Meets New Hardware,research
CS6285,Topics in Computer Science: Wireless Networks and Applications,research
CS6285,Topics in Computer Science: Wireless Networks and Applications,communication
CS6880,Advanced Topics in Software Engineering,research
CS6880,Advanced Topics in Software Engineering,software engineering
CSA6101,Cultural Studies Theory and Analysis,research
CSA6102,Cultural Studies in Asia,research
CSA6770,Graduate Research Seminar,research
CSA6770,Graduate Research Seminar,presentation
CZ5101,Numerical Recipes,research
DAO2702,Programming for Business Analytics,python
DAO2702,Programming for Business Analytics,statistics
DAO2702X,Programming for Business Analytics,python
DAO2702X,Programming for Business Analytics,statistics
DBA3702,Descriptive Analytics with R,excel
DBA3702,Descriptive Analytics with R,r programming
DBA3711,Stochastic Models in Management,finance
DBA3713,Analytics for Risk Management,python
DBA3713,Analytics for Risk Management,machine learning
DBA3751,Independent Study in Business Analytics,research
DBA3751,Independent Study in Business Analytics,writing
DBA3752,Independent Study in Business Analytics,research
DBA3752,Independent Study in Business Analytics,writing
DBA3803,Predictive Analytics in Business,machine learning
DBA4711,Applied Analytics,machine learning
DBA4712,Causal Analytics for Managerial Decisions,machine learning
DBA4713,Network Analytics with Business Applications,marketing
DBA4714,Deep Learning and Generative AI in Business,python
DBA4714,Deep Learning and Generative AI in Business,statistics
DBA4714,Deep Learning and Generative AI in Business,data analysis
DBA4714,Deep Learning and Generative AI in Business,deep learning
DBA4751,Advanced Independent Study in Business Analytics,research
DBA4751,Advanced Independent Study in Business Analytics,writing
DBA4752,Advanced Independent Study in Business Analytics,research
DBA4752,Advanced Independent Study in Business Analytics,writing
DBA4761A,Seminars in Analytics - Building Scalable Data Science Solutions for Operational Excellence,excel
DBA4811,Analytics for Consulting,finance
DBA4813,AI Strategies in Business,artificial intelligence
DBA5103,Operations Research and Analytics,python
DBA5103,Operations Research and Analytics,research
DBA5103,Operations Research and Analytics,finance
DBA5105,"Fintech, Enabling Technologies and Analytics",finance
DBA5106,Foundation in Business Analytics,data analysis
DBA5108,Advanced Analytics and Machine Learning,python
DBA5108,Advanced Analytics and Machine Learning,machine learning
DBA5111,Healthcare Transformation with Analytics,data analysis
DBA5111,Healthcare Transformation with Analytics,deep learning
DBA5114,AI Agents for Business Analytics,leadership
DBA5115,The Analytics Founder,entrepreneurship
DE5106,Environmental Management And Assessment,research
DE5107,Environmental Planning,research
DE5109,Dissertation,research
DE5110,Gis For Environmental Studies,research
DE5269,Environmental Economics and Sustainable Development,accounting
DEP5101A,Qualitative Methods for Urban Planning,research
DEP5104,Urban and Regional Economics,finance
DEP5107,Dissertation,research
DEP5107,Dissertation,communication
DEP5108,MUP Internship Course,research
DEP5109,Integrated Planning Project,research
DEP5113,Introduction to Urban Data Science,statistics
DEP5113,Introduction to Urban Data Science,research
DEP5120,Sustainable and Inclusive Transportation Planning,finance
DL5102,Digital Agility and Change Leadership,leadership
DL5102G,Digital Agility and Change Leadership,leadership
DL5102P,Digital Agility and Change Leadership,leadership
DL5103,Innovation By Design,leadership
DL5103,Innovation By Design,design thinking
DL5103P,Innovation By Design,leadership
DL5103P,Innovation By Design,design thinking
DL5107,Digital Leadership Capstone Project,leadership
DL5107C,Digital Leadership Capstone Project,leadership
DL5202,Digital Business Strategy,leadership
DL5202P,Digital Business Strategy,leadership
DL5301,Talent and Leadership Pathways,leadership
DL5301P,Talent and Leadership Pathways,leadership
DL5302,Managing Digitalisation Complexity,project management
DL5302P,Managing Digitalisation Complexity,project management
DOS3704,Operations Strategy,finance
DOS3713,Project Management,project management
DOS3751,Independent Study in Ops & Supply Chain Management,research
DOS3751,Independent Study in Ops & Supply Chain Management,writing
DOS3752,Independent Study in Ops & Supply Chain Management (2 Unit),research
DOS3752,Independent Study in Ops & Supply Chain Management (2 Unit),writing
DOS3761,Topics in Operations & Supply Chain Management,project management
DOS3761X,Topics in Operations & Supply Chain Management,project management
DOS3761Y,Topics in Operations & Supply Chain Management,project management
DOS3761Z,Topics in Operations & Supply Chain Management,project management
DOS4716,Advanced Operations and Supply Chain Management,excel
DOS4751,Advanced Independent Study in Ops & Supply Chain Mgt,research
DOS4751,Advanced Independent Study in Ops & Supply Chain Mgt,writing
DOS4752,Advanced Independent Study in Ops & Supply Chain Mgt (2 Unit),research
DOS4752,Advanced Independent Study in Ops & Supply Chain Mgt (2 Unit),writing
DOS4761,Seminars in Operations and Supply Chain Management,research
DOS4813,Managerial Problem Solving,problem solving
DOS5101,Supply Chain Coordination and Risk Management,marketing
DOS5102,Analytical Tools for Consulting,finance
DOS5102,Analytical Tools for Consulting,marketing
DOS5107,International Trade and Supply Chain Finance,finance
DSA1101,Introduction to Data Science,r programming
DSA1101,Introduction to Data Science,statistics
DSA1101,Introduction to Data Science,data analysis
DSA1361,Introductory Data Science with Python and Tableau,python
DSA1361,Introductory Data Science with Python and Tableau,data analysis
DSA1361,Introductory Data Science with Python and Tableau,presentation
DSA2101,Essential Data Analytics Tools: Data Visualisation,data analysis
DSA2361,Data Analytics for Customer Insights,r programming
DSA2361,Data Analytics for Customer Insights,statistics
DSA2361,Data Analytics for Customer Insights,marketing
DSA3101,Data Science in Practice,finance
DSA3288,Advanced UROPS in Data Science and Analytics I,research
DSA3288R,Advanced UROPS in Data Science and Analytics I (REx),research
DSA3288R,Advanced UROPS in Data Science and Analytics I (REx),writing
DSA3289,Advanced UROPS in Data Science and Analytics II,research
DSA3289R,Advanced UROPS in Data Science and Analytics II (REx),research
DSA3289R,Advanced UROPS in Data Science and Analytics II (REx),writing
DSA4199,Honours Project in Data Science and Analytics,research
DSA4211,High-Dimensional Statistical Analysis,finance
DSA4212,Optimisation for Large-Scale Data-Driven Inference,python
DSA4212,Optimisation for Large-Scale Data-Driven Inference,machine learning
DSA4213,Natural Language Processing for Data Science,excel
DSA4213,Natural Language Processing for Data Science,nlp
DSA4213,Natural Language Processing for Data Science,natural language processing
DSA4265,Sense-making Case Analysis: Economics and Finance,finance
DSA4265B,Sense-making Case Analysis: Finance,finance
DSA4288,Honours Project in Data Science and Analytics,research
DSA4288M,Honours Project in DSA (Operations Research),research
DSA4288S,Honours Project in DSA (Statistical Methodology),research
DSA4299,Applied Project in Data Science and Analytics,presentation
DSA4299C,Applied Project in Data Science and Analytics,presentation
DSA4510,Startups in Data-Driven Economies,communication
DSA4510,Startups in Data-Driven Economies,project management
DSA4510,Startups in Data-Driven Economies,entrepreneurship
DSA5101,Introduction to Big Data for Industry,python
DSA5101,Introduction to Big Data for Industry,machine learning
DSA5102,Foundations of Machine Learning,machine learning
DSA5102X,Foundations of Machine Learning,machine learning
DSA5102X,Foundations of Machine Learning,deep learning
DSA5103,Optimization Algorithms for Data Modelling,python
DSA5103,Optimization Algorithms for Data Modelling,machine learning
DSA5103,Optimization Algorithms for Data Modelling,deep learning
DSA5105,Principles of Machine Learning,machine learning
DSA5105,Principles of Machine Learning,deep learning
DSA5106,Deep Learning: Foundations and Techniques,deep learning
DSA5201,DSML Industry Consulting and Applications Project,machine learning
DSA5201,DSML Industry Consulting and Applications Project,computer vision
DSA5202,Advanced Topics in Machine Learning,machine learning
DSA5202,Advanced Topics in Machine Learning,deep learning
DSA5204,Deep Learning and Applications,machine learning
DSA5204,Deep Learning and Applications,artificial intelligence
DSA5204,Deep Learning and Applications,deep learning
DSA5204,Deep Learning and Applications,natural language processing
DSA5204,Deep Learning and Applications,computer vision
DSA5205,Data Science in Quantitative Finance,machine learning
DSA5205,Data Science in Quantitative Finance,deep learning
DSA5205,Data Science in Quantitative Finance,finance
DSA5206,Advanced Topics in Data Science,python
DSA5206,Advanced Topics in Data Science,data analysis
DSA5206,Advanced Topics in Data Science,machine learning
DSA5206,Advanced Topics in Data Science,research
DSA5207,Text Processing & Interpretation with Machine Learning,machine learning
DSA5207,Text Processing & Interpretation with Machine Learning,deep learning
DSA5207,Text Processing & Interpretation with Machine Learning,natural language processing
DSA5208,Scalable Distributed Computing for Data Science,deep learning
DSA5209,Stochastic Methods and Inferences for Big Data,data analysis
DSA5210,AI for Mathematics,deep learning
DSA5210,AI for Mathematics,research
DSA5231,Data Analytics for the Digital Workplace,python
DSA5231,Data Analytics for the Digital Workplace,deep learning
DSA5731,Data Science for Mathematics Teachers,finance
DSC2702,Programming for Business Analytics,python
DSC2702,Programming for Business Analytics,statistics
DSC3215,Stochastic Models In Management,finance
DSC3216,Predictive Analytics in Business,excel
DSC3223,Operations Strategy,finance
DSC3225,Project Management,project management
DSC3229,Independent Study in Ops & Supply Chain Mgt,research
DSC3229,Independent Study in Ops & Supply Chain Mgt,writing
DSC3239,Independent Study in Ops & Supply Chain Mgt,research
DSC3239,Independent Study in Ops & Supply Chain Mgt,writing
DSC4213,Analytical Tools for Consulting,finance
DSC4213,Analytical Tools for Consulting,marketing
DSC4217,Business Analytics with R,r programming
DSC4219,Advanced Independent Study in Ops & Supply Chain Mgt,research
DSC4219,Advanced Independent Study in Ops & Supply Chain Mgt,writing
DSC4229,Advanced Independent Study in Ops & Supply Chain Mgt,research
DSC4229,Advanced Independent Study in Ops & Supply Chain Mgt,writing
DSC5106,Foundation in Data Analytics I,python
DSC5106,Foundation in Data Analytics I,data analysis
DSE1101,Introductory Data Science for Economics,r programming
DSE1101,Introductory Data Science for Economics,statistics
DSE1101,Introductory Data Science for Economics,data analysis
DSE1101,Introductory Data Science for Economics,finance
DSE3101,Practical Data Science for Economics,finance
DSE4101,Capstone Project in Data Science and Economics I,finance
DSE4211,Digital Currencies,research
DSE4211,Digital Currencies,finance
DSE4212,Data Science in FinTech,data analysis
DSE4212,Data Science in FinTech,machine learning
DSE4212,Data Science in FinTech,deep learning
DSE4212,Data Science in FinTech,finance
DSE4231,Topics in Data Science and the Digital Economy,python
DSE4231,Topics in Data Science and the Digital Economy,machine learning
DSE4231,Topics in Data Science and the Digital Economy,econometrics
DSE4231,Topics in Data Science and the Digital Economy,r programming
DSN3702,Descriptive Analytics with R,r programming
DSN4712,Statistical Learning for Managerial Decision,machine learning
DSS5102,Advanced Regression and Time Series Analysis,research
DSS5103,Geospatial Data Analysis,research
DSS5104,Machine Learning and Predictive Modelling,machine learning
DSS5105,Data Science Projects in Practice,machine learning
DSS5105,Data Science Projects in Practice,project management
DSS5210,Research/Industry Project I,research
DSS5211,Research/Industry Project II,research
DTK1234,Design Thinking,design thinking
DTK1234A,Design Thinking,design thinking
DTK2234,Advanced Design Thinking,design thinking
DTS2701,Engineering Mathematics,statistics
DTS5703,Operations Research,research
DTS5712,Thesis Project,research
DTS5720,Systems Engineering Project Management,leadership
DTS5720,Systems Engineering Project Management,project management
DTS5732,Artificial Intelligence and Data Analytics,artificial intelligence
DTS5732,Artificial Intelligence and Data Analytics,deep learning
DTS5732,Artificial Intelligence and Data Analytics,natural language processing
DTS5735,Cybersecurity,communication
DTS5736,Systems Design Project,artificial intelligence
DTS5736,Systems Design Project,research
DY5190,Graduate Seminar Course,research
DY5190,Graduate Seminar Course,communication
DY5190,Graduate Seminar Course,presentation
DY5310,Endodontics,research
DY5320,Oral & Maxillofacial Surgery,research
DY5340,Periodontology,research
DY5350,Prosthodontics,research
DY5360,Paediatric Dentistry,research
EBA5002,Business Analytics Practice,r programming
EBA5002,Business Analytics Practice,statistics
EBA5002G,Business Analytics Practice,r programming
EBA5002G,Business Analytics Practice,statistics
EBA5004,Practical Language Processing,deep learning
EBA5004G,Practical Language Processing,deep learning
EBA5005,Specialized Predictive Modelling and Forecasting,finance
EBA5005,Specialized Predictive Modelling and Forecasting,marketing
EBA5005G,Specialized Predictive Modelling and Forecasting,finance
EBA5005G,Specialized Predictive Modelling and Forecasting,marketing
EBA5006,Big Data Analytics,marketing
EBA5006G,Big Data Analytics,marketing
EBA5008,Intelligent Financial Risk Management,finance
EBA5008G,Intelligent Financial Risk Management,finance
EC1301,Principles of Economics,finance
EC2204,Financial Accounting for Economists,accounting
EC2303,Foundations for Econometrics,statistics
EC2303,Foundations for Econometrics,econometrics
EC2880C,Introduction to Foreign Exchange,finance
EC3303,Econometrics I,econometrics
EC3304,Econometrics II,stata
EC3304,Econometrics II,statistics
EC3304,Econometrics II,econometrics
EC3305,Programming Tools for Economics,econometrics
EC3305R,Economic Data Analysis with R Programming,writing
EC3305R,Economic Data Analysis with R Programming,r programming
EC3343,International Finance I,finance
EC3376,Economics of European Integration,research
EC3378,Emerging India in Asia's Economic Integration,r programming
EC3391,Evolution of Economic Thought & Analysis,research
EC3394,Economics and Psychology,econometrics
EC3551,FASS Undergraduate Research Opportunity (UROP),research
EC3551R,FASS Undergraduate Research Opportunity (UROP),research
EC3551R,FASS Undergraduate Research Opportunity (UROP),writing
EC4302,Macroeconomic Analysis III,research
EC4302HM,Macroeconomic Analysis III,research
EC4303,Econometrics III,statistics
EC4303,Econometrics III,econometrics
EC4303HM,Econometrics III,statistics
EC4303HM,Econometrics III,econometrics
EC4304,Economic and Financial Forecasting,stata
EC4304HM,Economic and Financial Forecasting,stata
EC4305,Applied Econometrics,econometrics
EC4305HM,Applied Econometrics,econometrics
EC4308,Machine Learning and Economic Forecasting,machine learning
EC4308HM,Machine Learning and Economic Forecasting,machine learning
EC4312,Strategy and Information,communication
EC4342,Economics in a Globalized World,finance
EC4342HM,Economics in a Globalized World,finance
EC4343,International Finance II,finance
EC4343HM,International Finance II,finance
EC4351,Public Economics,react
EC4351HM,Public Economics,react
EC4363,Applied Population Economics,stata
EC4363,Applied Population Economics,research
EC4363HM,Applied Population Economics,stata
EC4363HM,Applied Population Economics,research
EC4372,Technology and Innovation,r programming
EC4372HM,Technology and Innovation,r programming
EC4373,Policy Issues of Singapore Economy,entrepreneurship
EC4373HM,Policy Issues of Singapore Economy,entrepreneurship
EC4391,Economics of Entrepreneurship,finance
EC4391,Economics of Entrepreneurship,entrepreneurship
EC4391HM,Economics of Entrepreneurship,finance
EC4391HM,Economics of Entrepreneurship,entrepreneurship
EC4392,Comparative Business Cultures,communication
EC4392HM,Comparative Business Cultures,communication
EC4401,Honours Thesis,research
EC4401HM,Honours Thesis,research
EC4880A,Topics in Economics: Economics of Careers,communication
EC4880AHM,Topics in Economics: Economics of Careers,communication
EC4881,Topics in Econometrics,econometrics
EC4881HM,Topics in Econometrics,econometrics
EC5103,Econometric Modelling and Applications I,research
EC5103,Econometric Modelling and Applications I,econometrics
EC5103R,Econometric Modelling and Applications I,research
EC5103R,Econometric Modelling and Applications I,econometrics
EC5303,Econometric Analysis,econometrics
EC5303R,Econometric Analysis,econometrics
EC5305,Computational Methods in Economics,research
EC5305,Computational Methods in Economics,finance
EC5319,Experimental Economics,research
EC5319R,Experimental Economics,research
EC5323,Text Analysis for Economists,python
EC5323,Text Analysis for Economists,research
EC5323,Text Analysis for Economists,communication
EC5323,Text Analysis for Economists,finance
EC5323R,Text Analysis for Economists,python
EC5323R,Text Analysis for Economists,research
EC5323R,Text Analysis for Economists,communication
EC5323R,Text Analysis for Economists,finance
EC5353,Health Economics & Policy,research
EC5361,Labour Economics,research
EC5361R,Labour Economics,research
EC5372,Growth Theory,r programming
EC5386,Issues in Port Economics,research
EC5386R,Issues in Port Economics,research
EC5660,Independent Study,research
EC5882,Topics in Macroeconomics,finance
EC5882R,Topics in Macroeconomics,finance
EC6313,Topics in Econometrics,research
EC6313,Topics in Econometrics,econometrics
EC6322,Advanced Industrial Organisation,research
EC6322,Advanced Industrial Organisation,marketing
EC6343,Advanced International Finance,finance
EC6351,Advanced Public Finance,finance
EC6361,Advanced Labour Economics,research
EC6372,Advanced Growth Theory,r programming
EC6770,Graduate Research Seminar,research
EC6770,Graduate Research Seminar,writing
EC6770,Graduate Research Seminar,presentation
EC6883,Advanced Topics in Applied Economics,research
ECA5102,Macroeconomics,r programming
ECA5103,Quantitative & Computing Methods,excel
ECA5103,Quantitative & Computing Methods,econometrics
ECA5304,Machine Learning and Economic Forecasting,machine learning
ECA5304,Machine Learning and Economic Forecasting,econometrics
ECA5305,R Programming for Economists,r programming
ECA5307,Python Programming for Economists,python
ECA5307,Python Programming for Economists,machine learning
ECA5307,Python Programming for Economists,econometrics
ECA5308,Machine Learning for Applied Economics,machine learning
ECA5308,Machine Learning for Applied Economics,econometrics
ECA5313,Topics in Econometrics,econometrics
ECA5315,Financial Econometrics,econometrics
ECA5315,Financial Econometrics,r programming
ECA5334,Corporate Finance,finance
ECA5337,Applied Financial Economics,excel
ECA5337,Applied Financial Economics,r programming
ECA5341,International Trade & Finance,research
ECA5343,Advanced International Finance,finance
ECA5343,Advanced International Finance,accounting
ECA5372,Big Data Analytics and Technologies,r programming
ECA5373,The Singapore Economy,finance
ECA5373R,The Singapore Economy,finance
ECA5377,Behavioural Economics,research
ECA5381,Urban Economics,finance
ECA5660,Independent Study,research
EE1003,Introduction to Signals and Communications,communication
EE1003,Introduction to Signals and Communications,presentation
EE2012,Analytical Methods in Electrical and Computer Engineering,communication
EE2012A,Analytical Methods in Electrical and Computer Engineering,statistics
EE2012A,Analytical Methods in Electrical and Computer Engineering,communication
EE2028A,C Programming,problem solving
EE2028A,C Programming,writing
EE2032,Signals & Communications Design Lab,communication
EE2033,Integrated System Lab,communication
EE2211,Introduction to Machine Learning,statistics
EE2211,Introduction to Machine Learning,machine learning
EE2213,Introduction to Artificial Intelligence,machine learning
EE2213,Introduction to Artificial Intelligence,artificial intelligence
EE3013C,Labview for Electrical Engineers,problem solving
EE3013E,Labview for Electrical Engineers,problem solving
EE3030A,Exploring Frugal Engineering,critical thinking
EE3031,Innovation & Enterprise I,marketing
EE3031E,Innovation & Enterprise I,marketing
EE3104C,Introduction to RF and Microwave Systems & Circuits,communication
EE3104E,Intro to RF and Microwave Sys & Circuits,communication
EE3105,Beyond Sky - New Space Technology and Applications,communication
EE3131C,Communication Systems,communication
EE3131E,Communication Systems,communication
EE3703,Machine Learning with Applications,machine learning
EE3703,Machine Learning with Applications,deep learning
EE3703,Machine Learning with Applications,natural language processing
EE3703,Machine Learning with Applications,computer vision
EE4001,B.Eng. Dissertation,research
EE4001,B.Eng. Dissertation,problem solving
EE4002D,Design Capstone,research
EE4002D,Design Capstone,communication
EE4002D,Design Capstone,teamwork
EE4002D,Design Capstone,problem solving
EE4002R,Research Capstone,research
EE4002R,Research Capstone,project management
EE4103,Coding Theory And Applications,communication
EE4109,Spread Spectrum Communications,communication
EE4114,Optical Communications,communication
EE4115,Remote Sensing & Analysis with Deep Learning Techniques,machine learning
EE4131,Random Signals,statistics
EE4205,Quantum Computing and Communication,statistics
EE4205,Quantum Computing and Communication,communication
EE4211,Data Science for the Internet of Things,statistics
EE4211,Data Science for the Internet of Things,machine learning
EE4211,Data Science for the Internet of Things,deep learning
EE4212,Computer Vision,deep learning
EE4212,Computer Vision,computer vision
EE4315,Intelligent Industrial Control Systems,machine learning
EE4315,Intelligent Industrial Control Systems,artificial intelligence
EE4407,Analog Electronics,communication
EE4407E,Analog Electronics,communication
EE4437,Photonics - Principles and Applications,research
EE4701,Video Processing,communication
EE4702,Game World Mechanics,artificial intelligence
EE4702,Game World Mechanics,presentation
EE4704,Image Processing and Analysis,computer vision
EE4704E,Introduction to Computer Vision and Image Processing,computer vision
EE4707,Robust and Trustworthy Artificial Intelligence,artificial intelligence
EE4802,Learning from Data,statistics
EE4802,Learning from Data,machine learning
EE4802,Learning from Data,deep learning
EE5020,Data Science for Internet of Things,statistics
EE5020,Data Science for Internet of Things,machine learning
EE5020,Data Science for Internet of Things,deep learning
EE5026,Machine Learning for Data Analytics,statistics
EE5026,Machine Learning for Data Analytics,machine learning
EE5028,Security for Industrial Control Systems,communication
EE5042,Building blocks of Smart grids,communication
EE5064,Dynamics and Control of Robot Manipulators,research
EE5065,Tenets of AI in Robotics,machine learning
EE5065,Tenets of AI in Robotics,artificial intelligence
EE5106,Advanced Robotics,research
EE5134,Optical Communications and Networks,communication
EE5135,Digital Communications,research
EE5135,Digital Communications,communication
EE5139,Information Theory and its Applications,statistics
EE5139,Information Theory and its Applications,machine learning
EE5139,Information Theory and its Applications,communication
EE5140,Quantum Computing and Communication,statistics
EE5140,Quantum Computing and Communication,communication
EE5308,Antenna Engineering,communication
EE5310,Communication Networking Fundamentals,communication
EE5311,Differentiable and Probabilistic Computing,machine learning
EE5401,Cellular Mobile Communications,communication
EE5404,Satellite Communications,communication
EE5431,Fundamentals of Nanoelectronics,statistics
EE5442,Memory Technologies and Their Emerging Applications,research
EE5666,Industrial Attachment,research
EE5711,Power Electronic Systems,research
EE5731,Visual Computing,computer vision
EE5902,Multiprocessor Systems,problem solving
EE5934,Deep Learning,statistics
EE5934,Deep Learning,machine learning
EE5934,Deep Learning,deep learning
EE5934,Deep Learning,computer vision
EE6004,Selected Advanced Topics In EM Modelling,research
EE6104,Adaptive Control Systems (Advanced),research
EE6108,Robotics and Embodied AI,machine learning
EE6108,Robotics and Embodied AI,research
EE6110,Special Topics in Automation and Control (Advanced),research
EE6130,Classical & Modern Channel Coding,research
EE6131,Wireless Communications (Advanced),communication
EE6134,Optical Networks (Advanced),research
EE6135,Digital Communications (Advanced),research
EE6136,Advanced Optical Communications,communication
EE6139,Information Theory and its Applications (Advanced),statistics
EE6139,Information Theory and its Applications (Advanced),machine learning
EE6139,Information Theory and its Applications (Advanced),communication
EE6230,Advanced Biomedical Circuits and Systems,research
EE6231,Reconfigurable Computing,research
EE6310,Communication Networking Fundamentals (Advanced),communication
EE6436,Advanced Characterization of Materials and Devices,data analysis
EE6436,Advanced Characterization of Materials and Devices,research
EE6438,Magnetic materials and devices,research
EE6438,Magnetic materials and devices,presentation
EE6439,Micro/Nano Electromechanical Systems (Advanced),research
EE6733,Advanced Topics on Vision and Machine Learning,machine learning
EE6733,Advanced Topics on Vision and Machine Learning,computer vision
EE6733,Advanced Topics on Vision and Machine Learning,research
EE6735,Algorithms for Statistical Inference,statistics
EE6735,Algorithms for Statistical Inference,machine learning
EE6735,Algorithms for Statistical Inference,computer vision
EE6735,Algorithms for Statistical Inference,research
EE6833,Selected Topics in Microwave and Antenna Engineering,research
EE6901,3d Vision,research
EE6901,3d Vision,r programming
EE6903,Advanced Models of Biological Perception,computer vision
EE6903,Advanced Models of Biological Perception,research
EE6934,Emerging Topics in AI and Deep Learning,statistics
EE6934,Emerging Topics in AI and Deep Learning,machine learning
EE6934,Emerging Topics in AI and Deep Learning,deep learning
EE6990,Research Attachment,research
EE6990,Research Attachment,presentation
EEK5001,Semiconductor Technology and Operations Project I,research
EEK5001,Semiconductor Technology and Operations Project I,presentation
EEK5003,Semiconductor Technology and Operations Project II,research
EEK5003,Semiconductor Technology and Operations Project II,presentation
EEK5104,Bioelectronics,writing
EEK5104,Bioelectronics,academic writing
EEK5104,Bioelectronics,presentation
EEK5888,Semiconductor Technology and Operations Internship,presentation
EG2101,Pathways to Engineering Leadership,leadership
EG2201B,Practising Design Thinking,problem solving
EG2201B,Practising Design Thinking,presentation
EG2201B,Practising Design Thinking,design thinking
EG2202,From Design Thinking to Engineering Design,design thinking
EG2603,InnoVenture - Leadership & Innovation Challenge,leadership
EG2603,InnoVenture - Leadership & Innovation Challenge,teamwork
EG2604,Innovation Programme,presentation
EG2605,Undergraduate Research Opportunities Programme,research
EG2610,Engineering Work Experience Internship,entrepreneurship
EG4301A,Ideas to Start-up,entrepreneurship
EG5302,Design Thinking and Product Development,research
EG5302,Design Thinking and Product Development,design thinking
EG5303,Major Design Project,design thinking
EG5911,Research Methodology & Ethics,research
EG5911,Research Methodology & Ethics,writing
EG5911R,Information Literacy Skills for Research,research
EHB5101,Essentials in the Ethics of Research with Human Subjects,research
EHB5102,Ethics of Biotechnology and Innovation: Big Data/AI,artificial intelligence
EL1101E,The Nature of Language,communication
EL2207,Speech and Language Disorders,communication
EL2207,Speech and Language Disorders,presentation
EL2217,Statistics for Linguistics,r programming
EL2217,Statistics for Linguistics,statistics
EL2217,Statistics for Linguistics,research
EL3207,Introduction to the Neurocognition of Language,research
EL3216,Language and the Internet,communication
EL3216,Language and the Internet,writing
EL3231,Phonetics,research
EL3253,Critical Discourse Analysis,critical thinking
EL3256,Language and the Workplace,communication
EL3259,Language as Interaction,communication
EL3261,Foundations in Applied Linguistics,research
EL3261,Foundations in Applied Linguistics,writing
EL3551,FASS Undergraduate Research Opportunity (UROP),research
EL3551R,FASS Undergraduate Research Opportunity (UROP),research
EL3551R,FASS Undergraduate Research Opportunity (UROP),writing
EL4201,Advanced Syntax,research
EL4201HM,Advanced Syntax,research
EL4204,Pragmatics,communication
EL4204HM,Pragmatics,communication
EL4206,Language Acquisition & Language Development,communication
EL4206HM,Language Acquisition & Language Development,communication
EL4211,Grammar Writing,writing
EL4211HM,Grammar Writing,writing
EL4255,English as a World Language,research
EL4255HM,English as a World Language,research
EL4256,Multilingualism,research
EL4256HM,Multilingualism,research
EL4258,Metapragmatics and Language Ideology,research
EL4258HM,Metapragmatics and Language Ideology,research
EL4401,Honours Thesis,research
EL4401HM,Honours Thesis,research
EL4880D,Experimental Syntax,research
EL4880DHM,Experimental Syntax,research
EL5101,Grammatical Analysis,research
EL5101R,Grammatical Analysis,research
EL5103,Language in Society,research
EL5103R,Language in Society,research
EL5203,Sociophonetics,research
EL5203R,Sociophonetics,research
EL5206,Advanced Psycholinguistics,research
EL5206R,Advanced Psycholinguistics,research
EL5221,The Linguistic Analysis of Literature,research
EL5221R,The Linguistic Analysis of Literature,research
EL5251,Approaches to Discourse,research
EL5251R,Approaches to Discourse,research
EL5252,Language Variation and Change,research
EL5252R,Language Variation and Change,research
EL5254,"Language, Gender and Sexuality",research
EL5254R,"Language, Gender and Sexuality",research
EL5255,Second Language Writing,research
EL5255,Second Language Writing,writing
EL5255R,Second Language Writing,research
EL5255R,Second Language Writing,writing
EL5270,Explorations in Applied Linguistics,research
EL5270R,Explorations in Applied Linguistics,research
EL5660,Independent Study,research
EL5661,Independent Study,research
EL6660,Independent Study,research
EL6770,Graduate Research Seminar,research
EL6770,Graduate Research Seminar,writing
EL6770,Graduate Research Seminar,presentation
EL6880,Topics in Grammatical Theory,research
EL6882,Topics in Language and Society,research
EL6884,Topics in Applied Linguistics,research
ELC5104,Approaches to Language,research
ELC5203,Sociophonetics,research
ELC5206,Advanced Psycholinguistics,research
ELC5207,Second Language Acquisition and Processing,research
ELC5217,Experimental Methods in Grammatical Analyses,research
ELC5221,The Linguistic Analysis of Literature,research
ELC5251,Approaches to Discourse,research
ELC5252,Language Variation and Change,research
ELC5254,"Language, Gender and Sexuality",research
ELC5255,Second Language Writing,research
ELC5255,Second Language Writing,writing
ELC5270,Explorations in Applied Linguistics,research
EM1180,Foundations in Communicating about Music,communication
EM1180,Foundations in Communicating about Music,writing
EM1201,English for Academic Purposes (Music) 1,writing
EM1202,English for Academic Purposes (Music) 2,writing
EN2201,Backgrounds to Western Literature and Culture,writing
EN2207,Gender and Sexuality in Literature,research
EN2207,Gender and Sexuality in Literature,writing
EN2210,Poetry and Poetics,writing
EN2211,"Writing With Theory: Race, Gender, Ecology",writing
EN2275,Writing About Literature,writing
EN3224,The Twentieth Century,writing
EN3231,American Literature I,writing
EN3232,American Literature II,writing
EN3245,Feminism: Text & Theory,writing
EN3246,Literature and the other Arts,research
EN3262,Postcolonial/Postmodern Writing,writing
EN3263,Singapore Literature in Context,writing
EN3268,Tragedy,writing
EN3551,FASS Undergraduate Research Opportunity (UROP),research
EN3551R,FASS Undergraduate Research Opportunity (UROP),research
EN3551R,FASS Undergraduate Research Opportunity (UROP),writing
EN3880C,Sick Lit: Illness in Literature,writing
EN4223,Topics in the Nineteenth Century,writing
EN4223HM,Topics in the Nineteenth Century,writing
EN4261,Metafictions and the Novel,communication
EN4261HM,Metafictions and the Novel,communication
EN4268,"World Literature: Theories, Methods, Texts",research
EN4268HM,"World Literature: Theories, Methods, Texts",research
EN4271,Research Workshop,research
EN4271,Research Workshop,writing
EN4271HM,Research Workshop,research
EN4271HM,Research Workshop,writing
EN5242,Writing Women,writing
EN5242R,Writing Women,writing
EN5247,"Victorian Literature: History, Politics, Culture",writing
EN5247R,"Victorian Literature: History, Politics, Culture",writing
EN5249,Literary Studies: Overview and Writing Practices,research
EN5249,Literary Studies: Overview and Writing Practices,writing
EN5249,Literary Studies: Overview and Writing Practices,academic writing
EN5249R,Literary Studies: Overview and Writing Practices,research
EN5249R,Literary Studies: Overview and Writing Practices,writing
EN5249R,Literary Studies: Overview and Writing Practices,academic writing
EN5660,Independent Study,research
EN6102,Advanced Critical Reading,research
EN6660,Independent Study,research
EN6770,Graduate Research Seminar,research
EN6770,Graduate Research Seminar,writing
EN6770,Graduate Research Seminar,presentation
ENC5149,Literary Studies: Overview and Writing Practices,research
ENC5149,Literary Studies: Overview and Writing Practices,writing
ENC5149,Literary Studies: Overview and Writing Practices,academic writing
ENC5242,Writing Women,writing
ENC5247,"Victorian Literature: History, Politics, Culture",writing
ENC5261,"Writing the Body: Literature, Culture, and Theory",writing
ENC5660,Independent Study,research
ENV2288,Basic UROP in Environmental Studies I,research
ENV2288,Basic UROP in Environmental Studies I,communication
ENV2288R,Basic UROP in Environmental Studies I (REx),research
ENV2288R,Basic UROP in Environmental Studies I (REx),communication
ENV2288R,Basic UROP in Environmental Studies I (REx),writing
ENV2289,Basic UROP in Environmental Studies II,research
ENV2289,Basic UROP in Environmental Studies II,communication
ENV2289R,Basic UROP in Environmental Studies II (REx),research
ENV2289R,Basic UROP in Environmental Studies II (REx),communication
ENV2289R,Basic UROP in Environmental Studies II (REx),writing
ENV2301,Methods and Techniques for Environmental Studies,research
ENV2302,Communications for Environmental Studies,communication
ENV2302,Communications for Environmental Studies,critical thinking
ENV2302,Communications for Environmental Studies,writing
ENV2302,Communications for Environmental Studies,academic writing
ENV3102,Field Course in Environmental Studies,research
ENV3105,Urban-Environmental Field Studies,research
ENV3288,Advanced UROP in Environmental Studies I,research
ENV3288,Advanced UROP in Environmental Studies I,communication
ENV3288R,Advanced UROP in Environmental Studies I (REx),research
ENV3288R,Advanced UROP in Environmental Studies I (REx),communication
ENV3288R,Advanced UROP in Environmental Studies I (REx),writing
ENV3289,Advanced UROP in Environmental Studies II,research
ENV3289,Advanced UROP in Environmental Studies II,communication
ENV3289R,Advanced UROP in Environmental Studies II (REx),research
ENV3289R,Advanced UROP in Environmental Studies II (REx),communication
ENV3289R,Advanced UROP in Environmental Studies II (REx),writing
ES1000,Foundation Academic English,writing
ES1103,English for Academic Purposes,communication
ES1103,English for Academic Purposes,writing
ES1103,English for Academic Purposes,academic writing
ES1531,Critical Thinking And Writing,leadership
ES1531,Critical Thinking And Writing,critical thinking
ES1531,Critical Thinking And Writing,writing
ES2002,Business Communication for Leaders (BBA),communication
ES2002,Business Communication for Leaders (BBA),leadership
ES2002,Business Communication for Leaders (BBA),teamwork
ES2007D,Professional Communication,communication
ES2007D,Professional Communication,writing
ES2007D,Professional Communication,presentation
ES2531,Critical Thinking And Writing,leadership
ES2531,Critical Thinking And Writing,critical thinking
ES2531,Critical Thinking And Writing,writing
ES2631,Critique and Communication of Thinking and Design,communication
ES2660,Communicating in the Information Age,critical thinking
ES5000,Graduate English Course (Basic Level),critical thinking
ES5000,Graduate English Course (Basic Level),writing
ES5001A,Graduate English Course (Intermediate Level),research
ES5001A,Graduate English Course (Intermediate Level),writing
ES5001A,Graduate English Course (Intermediate Level),presentation
ES5002,Graduate English Course (Advanced Level),research
ES5101,Technical Communication for Engineers,research
ES5101,Technical Communication for Engineers,communication
ES5101,Technical Communication for Engineers,writing
ES5610,Academic Communication for Business,research
ES5610,Academic Communication for Business,communication
ES5610,Academic Communication for Business,writing
ES5610,Academic Communication for Business,academic writing
ES5610,Academic Communication for Business,presentation
ESE2101,Environmental Engineering Principles and Practice,data analysis
ESE2101,Environmental Engineering Principles and Practice,critical thinking
ESE3011,Integrated Project for Environmental Sustainability,teamwork
ESE4501,Design Project,communication
ESE4501,Design Project,leadership
ESE4501,Design Project,writing
ESE4501R,Design Project,communication
ESE4501R,Design Project,leadership
ESE4501R,Design Project,writing
ESE4502,B.Eng. Dissertation,research
ESE4502,B.Eng. Dissertation,communication
ESE4502N,Final Year Project,research
ESE4502N,Final Year Project,presentation
ESE4502R,B. Eng. Dissertation,research
ESE4502R,B. Eng. Dissertation,presentation
ESE5004,Research Project,research
ESE5601,Environmental Risk Assessment,statistics
ESE5666,Industrial Attachment,research
ESE5880B,Topics in Env. Eng. - Sustainability in Practice,communication
ESP1104B,Sensor System Electronics,research
ESP2107,Numerical Methods and Statistics,writing
ESP2111,Sensor System Electronics,research
ESP3102,From Making Nano to Probing Nano,writing
ESP3201,Machine Learning in Robotics and Engineering,machine learning
ESP3201,Machine Learning in Robotics and Engineering,computer vision
ESP3201A,Machine Learning in Engineering Science,machine learning
ESP3201A,Machine Learning in Engineering Science,deep learning
ESP3201A,Machine Learning in Engineering Science,computer vision
ESP3903,Major Design Project 2,communication
ESP3903,Major Design Project 2,leadership
ESP4901,Research Project,research
ESP4901,Research Project,communication
ESP4901,Research Project,project management
ESP4901,Research Project,critical thinking
ESP4901A,Research Project,research
ETP2271,Discovering Resilience and Purpose,leadership
ETP3121,Startup Ecosystem Exposure,entrepreneurship
ETP3201I,Innovation & Enterprise Internship,writing
ETP3201I,Innovation & Enterprise Internship,entrepreneurship
ETP3201L,Innovation & Enterprise Internship,writing
ETP3201L,Innovation & Enterprise Internship,entrepreneurship
ETP3201S,Innovation & Enterprise Internship,writing
ETP3201S,Innovation & Enterprise Internship,entrepreneurship
ETP3201T,Innovation & Enterprise Internship,writing
ETP3201T,Innovation & Enterprise Internship,entrepreneurship
ETP3202E,Innovation & Enterprise Case Study & Analysis,writing
ETP3202E,Innovation & Enterprise Case Study & Analysis,entrepreneurship
ETP3202I,Innovation & Enterprise Case Study & Analysis,writing
ETP3202I,Innovation & Enterprise Case Study & Analysis,entrepreneurship
ETP3202L,Innovation & Enterprise Case Study & Analysis,writing
ETP3202L,Innovation & Enterprise Case Study & Analysis,entrepreneurship
ETP3202P,Innovation & Enterprise Case Study & Analysis,writing
ETP3202P,Innovation & Enterprise Case Study & Analysis,entrepreneurship
ETP3202S,Innovation & Enterprise Case Study & Analysis,writing
ETP3202S,Innovation & Enterprise Case Study & Analysis,entrepreneurship
ETP3204S,Innovation & Enterprise Internship Practicum,entrepreneurship
ETP3204T,Innovation & Enterprise Internship Practicum,entrepreneurship
ETP3206L,Innovation & Enterprise Internship,writing
ETP3206L,Innovation & Enterprise Internship,entrepreneurship
ETP3211,New Venture Creation,presentation
ETP3211,New Venture Creation,marketing
ETP3221,Independent Study Course in Entrepreneurship,entrepreneurship
ETP3222,Topics in Entrepreneurship,finance
ETP3222,Topics in Entrepreneurship,marketing
ETP3222,Topics in Entrepreneurship,entrepreneurship
ETP3222A,Topics in Entrepreneurship,finance
ETP3222A,Topics in Entrepreneurship,marketing
ETP3222A,Topics in Entrepreneurship,entrepreneurship
ETP3222B,Topics in Entrepreneurship,finance
ETP3222B,Topics in Entrepreneurship,marketing
ETP3222B,Topics in Entrepreneurship,entrepreneurship
ETP3223,Globalization of New Ventures,r programming
ETP3225,Topics in Entrepreneurship,finance
ETP3225,Topics in Entrepreneurship,marketing
ETP3225,Topics in Entrepreneurship,entrepreneurship
ETP3225A,Topics in Entrepreneurship,finance
ETP3225A,Topics in Entrepreneurship,marketing
ETP3225A,Topics in Entrepreneurship,entrepreneurship
ETP3241,Entrepreneurial Finance,entrepreneurship
ETP3251,Global Entrepreneurial Marketing,leadership
ETP3251,Global Entrepreneurial Marketing,teamwork
ETP3251,Global Entrepreneurial Marketing,marketing
ETP3321,Summer Programme in Entrepreneurship,entrepreneurship
ETP3321A,Summer Programme in Entrepreneurship,entrepreneurship
ETP4211,Market Validation,leadership
ETP4211,Market Validation,entrepreneurship
ETP4212,Venture Creation: Process and Mindset,entrepreneurship
ETP4221,Seminars in Entrepreneurship,leadership
ETP4221,Seminars in Entrepreneurship,entrepreneurship
ETP5321,Summer Programme in Entrepreneurship,entrepreneurship
ETP5322,Agile Venture Leadership,leadership
ETP5322,Agile Venture Leadership,entrepreneurship
ETP5332,Intellectual Property Commercialization Practicum,entrepreneurship
ETP5412,Agile Venture Creation,design thinking
EU4214,Special Paper in Modern European History,leadership
EU4214HM,Special Paper in Modern European History,leadership
EU4217,Comparative Business Cultures,communication
EU4217HM,Comparative Business Cultures,communication
EU4401,Honours Thesis,research
EU4401,Honours Thesis,writing
EX5104,Environmental Technology,research
FAS1101,Writing Academically: Arts and Social Sciences,writing
FAS1101,Writing Academically: Arts and Social Sciences,academic writing
FAS2882A,The Chinese Economy: Institutions and Policies,research
FAS2882E,"Social Psychology, You, and Me",research
FAS2882L,"Singapore, Asia and the Global Economy",finance
FAS3550,FASS Industry Seminar,leadership
FE5107,Risk Analyses And Management,accounting
FE5107D,Risk Analyses And Management,accounting
FE5116,Programming and Advanced Numerical Methods,excel
FE5116,Programming and Advanced Numerical Methods,r programming
FE5116D,Programming and Advanced Numerical Methods,excel
FE5116D,Programming and Advanced Numerical Methods,r programming
FE5210,Research Methods in Finance,research
FE5210,Research Methods in Finance,presentation
FE5212,Sustainable Finance Risk Management (SFRM),finance
FE5213,Quantitative Macroeconomics and Finance with Python,python
FE5213,Quantitative Macroeconomics and Finance with Python,finance
FE5219,Credit Analytics Practicum,research
FE5225,Machine Learning and FinTech,machine learning
FE5225,Machine Learning and FinTech,research
FE5226,C++ in Financial Engineering,c++
FIN2704,Finance,finance
FIN2704X,Finance,finance
FIN3102,Investment Analysis and Portfolio Management,finance
FIN3102A,Investment Analysis and Portfolio Management,finance
FIN3102B,Investment Analysis and Portfolio Management,finance
FIN3102C,Investment Analysis and Portfolio Management,finance
FIN3102D,Investment Analysis and Portfolio Management,finance
FIN3113,Financial Statement Analysis,accounting
FIN3118,Financial Risk Management,finance
FIN3120,Topics in Finance (TIF),finance
FIN3120B,TIF: Transaction Banking,finance
FIN3129,Independent Study in Finance,research
FIN3129,Independent Study in Finance,writing
FIN3130,Financial Modelling,excel
FIN3130,Financial Modelling,finance
FIN3134,Household Finance,finance
FIN3134A,Household Finance,finance
FIN3134B,Household Finance,finance
FIN3139,Independent Study in Finance,research
FIN3139,Independent Study in Finance,writing
FIN3702,Investment Analysis and Portfolio Management,finance
FIN3702A,Investment Analysis and Portfolio Management,finance
FIN3702B,Investment Analysis and Portfolio Management,finance
FIN3702C,Investment Analysis and Portfolio Management,finance
FIN3702D,Investment Analysis and Portfolio Management,finance
FIN3714,Financial Risk Management,finance
FIN3716,Financial Modelling,excel
FIN3716,Financial Modelling,finance
FIN3719,Household Finance,finance
FIN3719A,Household Finance,finance
FIN3719B,Household Finance,finance
FIN3751,Independent Study in Finance,research
FIN3751,Independent Study in Finance,writing
FIN3752,Independent Study in Finance (2 Units),research
FIN3752,Independent Study in Finance (2 Units),writing
FIN3761,Topics in Finance,finance
FIN3761A,TIF: Transaction Banking,finance
FIN3761X,Topics in Finance,finance
FIN3761Y,Topics in Finance,finance
FIN3761Z,Topics in Finance,finance
FIN4112,Seminars in Finance (SIF),finance
FIN4112K,SIF: Applied Portfolio Management Techniques,finance
FIN4112M,SIF: Applied Investment Valuation,finance
FIN4112X,Seminars in Finance,finance
FIN4118,Equity Research Seminar,research
FIN4119,Advanced Independent Study in Finance,research
FIN4119,Advanced Independent Study in Finance,writing
FIN4122,Entrepreneurial Finance,finance
FIN4124,FinTech and Financial Data Analytics,finance
FIN4125,Sustainability and Finance,finance
FIN4127,Advanced Household Finance,finance
FIN4129,Advanced Independent Study in Finance,research
FIN4129,Advanced Independent Study in Finance,writing
FIN4713,Advanced Portfolio Management: Securities Analysis & Valuation,research
FIN4713,Advanced Portfolio Management: Securities Analysis & Valuation,presentation
FIN4713,Advanced Portfolio Management: Securities Analysis & Valuation,finance
FIN4716,Equity Research Seminar,research
FIN4717,Entrepreneurial Finance,finance
FIN4719,FinTech and Financial Data Analytics,finance
FIN4720,Sustainability and Finance,finance
FIN4722,Advanced Household Finance,finance
FIN4723,The Financial System,finance
FIN4724,Economics of Blockchain Applications and Decentralized Finance,finance
FIN4751,Advanced Independent Study in Finance,research
FIN4751,Advanced Independent Study in Finance,writing
FIN4752,Advanced Independent Study in Finance (2 Units),research
FIN4752,Advanced Independent Study in Finance (2 Units),writing
FIN4761,Seminars in Finance,finance
FIN4761C,SIF: Applied Portfolio Management Techniques,finance
FIN6002,Banking and Household Finance,finance
FIN6004,Empirical Asset Pricing and Microstructure,research
FIN6004,Empirical Asset Pricing and Microstructure,finance
FIN6005,Independent Study Module,research
FIN6006,Corporate Finance,research
FIN6006,Corporate Finance,finance
FMA1201B,FS: Chinatowns: History and Myth,critical thinking
FMA1201P,FS: Meanings and Leanings: Is There a Reason Why?,writing
FMA1202N,FS: Neuroeconomics: Brain on Money,research
FMA1202N,FS: Neuroeconomics: Brain on Money,critical thinking
FMA1202N,FS: Neuroeconomics: Brain on Money,presentation
FMA1204H,FS: War Memories: From Anne Frank to Changi Prison,writing
FMA1204H,FS: War Memories: From Anne Frank to Changi Prison,presentation
FMA1205H,FS: Decolonization in the 20th Century,research
FMA1206H,FS: Travel and the Historian,research
FMA1206H,FS: Travel and the Historian,writing
FMA1206H,FS: Travel and the Historian,presentation
FSC2101,Forensic Science,statistics
FSC4201,Articulating Probability and Statistics in Court,statistics
FSC4206,Advanced Criminal Litigation – Forensics on Trial,communication
FSC4210,Experimental Forensic Science: From Data to Discovery,statistics
FSC4210,Experimental Forensic Science: From Data to Discovery,research
FSC4210,Experimental Forensic Science: From Data to Discovery,communication
FSC5199,Research Project in Forensic Science,research
FSC5199,Research Project in Forensic Science,presentation
FSC5201,Advanced CSI Techniques,presentation
FSP4003,Field Service Project,research
FST2288,Basic UROPS in Food Science & Technology I,research
FST2288R,Basic UROPS in Food Science & Technology I (REx),research
FST2288R,Basic UROPS in Food Science & Technology I (REx),writing
FST2289R,Basic UROPS in Food Science & Technology II (REx),research
FST2289R,Basic UROPS in Food Science & Technology II (REx),writing
FST3288,Advanced UROPS in Food Science & Technology I,research
FST3288R,Advanced UROPS in Food Science & Technology I (REx),research
FST3288R,Advanced UROPS in Food Science & Technology I (REx),writing
FST3289R,Advanced UROPS in Food Science & Technology II (REx),research
FST3289R,Advanced UROPS in Food Science & Technology II (REx),writing
FST4104,Food Product Innovation,design thinking
FST4277,Professional Internship in Food Science and Technology,presentation
FST4288,Honours Project in Food Science and Technology,research
FST4299,Applied Project in FST,presentation
FST5198,Advanced Food Science and Technology Seminar,communication
FST5199,MSc research project,research
FST5199,MSc research project,writing
FST5199,MSc research project,r programming
FST5199A,MSc Research Project,research
FST5199A,MSc Research Project,writing
FST5199A,MSc Research Project,r programming
FST5199B,Integrated Food Research Lab,research
FST5203A,Advanced Food Microbiological Analysis and Food Safety,research
FST5204,Evidence Based Functional Foods,marketing
FST5204,Evidence Based Functional Foods,r programming
FST5205,Frontier of Food Processing and Engineering,data analysis
FST5207,Introduction to Advanced Meat Alternatives,research
FST5208,Food Informatics and Artificial Intelligence,machine learning
FST5208,Food Informatics and Artificial Intelligence,artificial intelligence
FST5301,Evidence Based Functional Foods,marketing
FST5301,Evidence Based Functional Foods,r programming
FST5301A,Scientific Principles of Nutraceuticals,research
FST5303,Modern Human Nutrition,research
FST5303A,Science in Clinical Nutrition,research
FT5001,Fintech Innovations for Consumers,finance
FT5005,Machine Learning for Finance,machine learning
FT5005,Machine Learning for Finance,natural language processing
FT5007,FinTech Capstone Project,research
FT5009,Contemporary Topics in Financial Data Analytics,research
FT5010,Algorithmic Trading Systems Design and Deployment,machine learning
FT5011,Deep Learning for Finance,deep learning
FT5012,"Risk, Security and Compliance in Banking and Finance",artificial intelligence
FT5012,"Risk, Security and Compliance in Banking and Finance",finance
FT5013,Digital Asset Innovations in Finance,finance
FT5101,FinTech Research Immersion,research
GE2101,Methods and Practices in Geography,research
GE2215,Introduction to GIS,problem solving
GE3206,"Gender, Space & Place",research
GE3230A,Field Studies in Geography: SE Asia,research
GE3230A,Field Studies in Geography: SE Asia,writing
GE3240,Geographical Research: Developing Ideas,research
GE3240,Geographical Research: Developing Ideas,writing
GE3250,Nature and Society,research
GE3252,Cartography and Geovisualisation,communication
GE3252,Cartography and Geovisualisation,presentation
GE3257,Financial Geographies,research
GE3257,Financial Geographies,finance
GE3259,Applied Geographical Data Science,statistics
GE3259,Applied Geographical Data Science,data analysis
GE3550A,GIS Internship Course,data analysis
GE3550A,GIS Internship Course,research
GE3551,FASS Undergraduate Research Opportunity (UROP),research
GE3551R,FASS Undergraduate Research Opportunity (UROP),research
GE3551R,FASS Undergraduate Research Opportunity (UROP),writing
GE4214,Remote Sensing of Environment,presentation
GE4214HM,Remote Sensing of Environment,presentation
GE4220,Field Investigation in Physical Geography,research
GE4220,Field Investigation in Physical Geography,presentation
GE4220HM,Field Investigation in Physical Geography,research
GE4220HM,Field Investigation in Physical Geography,presentation
GE4221,Field Investigation in Human Geography,research
GE4221,Field Investigation in Human Geography,presentation
GE4221HM,Field Investigation in Human Geography,research
GE4221HM,Field Investigation in Human Geography,presentation
GE4233,Geography in the Contemporary World,artificial intelligence
GE4233,Geography in the Contemporary World,research
GE4233HM,Geography in the Contemporary World,artificial intelligence
GE4233HM,Geography in the Contemporary World,research
GE4235,Urban Climates,research
GE4235HM,Urban Climates,research
GE5211,Dynamic Environments,presentation
GE5213,Tourism Impacts and Management,research
GE5217,Research Methods in Environmental Sciences,research
GE5218,Research Methods in Human Geography,research
GE5219,Spatial Programming,python
GE5225,Thesis Planning and Implementation,research
GE5225,Thesis Planning and Implementation,project management
GE5226,GIS Applications,research
GE5230,Geospatial Statistics and Visualization,python
GE5231,Geospatial Machine Learning and Artificial Intelligence,python
GE5231,Geospatial Machine Learning and Artificial Intelligence,machine learning
GE5231,Geospatial Machine Learning and Artificial Intelligence,artificial intelligence
GE5660,Independent Study,research
GE5880,Topics in Geography I,research
GE6211,Spatial Data Science,statistics
GE6211,Spatial Data Science,machine learning
GE6213,Tourism Geographies,research
GE6224,Political Geography,research
GE6225,GIS Research Thesis,research
GE6226,GIS Research Project,research
GE6660,Independent Study,research
GE6770,Graduate Research Seminar,research
GE6770,Graduate Research Seminar,writing
GE6770,Graduate Research Seminar,presentation
GE6880,Topics in Geography II,research
GEC1000,Globalisation and New Media,communication
GEC1006,Understanding Consumption,marketing
GEC1009,Drugs and Society,presentation
GEC1027,Culture in Action,communication
GEC1034,Understanding the Changing Global Economic Landscape,finance
GEC1034T,Understanding the Changing Global Economic Landscape,finance
GEC1040,A Culture of Sustainability,critical thinking
GEC1040T,A Culture of Sustainability,critical thinking
GEC1048,Death and Dying in the Human Experience,critical thinking
GEH1001,Globalisation and New Media,communication
GEH1016,Understanding Consumption,marketing
GEH1018,A Brief History of Science,research
GEH1026,Drugs and Society,presentation
GEH1027,Einstein's Universe & Quantum Weirdness,communication
GEH1040,Exploration in Musical Production,writing
GEH1041,Engaging the natural environment in ASEAN,writing
GEH1041,Engaging the natural environment in ASEAN,presentation
GEH1052,Standard English Across Cultures,communication
GEH1067,Superhero Entertainments,marketing
GEH1072,Culture in Action,communication
GEI1000,Computational Thinking,communication
GEI1000,Computational Thinking,problem solving
GEI1000,Computational Thinking,critical thinking
GEK1001,Geographical Journeys: Exploring World Environments,project management
GEK1011,The Nature of Language,communication
GEK1046,Introduction to Cultural Studies,communication
GEK1059,Standard English Across Cultures,communication
GEK1062,Bridging East and West: Exploring Chinese Communication,communication
GEK1065,Exploration in Musical Production,writing
GEK1066,Engaging the natural environment in ASEAN,writing
GEK1066,Engaging the natural environment in ASEAN,presentation
GEK1539,A Brief History of Science,research
GEK1549,Critical Thinking And Writing,leadership
GEK1549,Critical Thinking And Writing,critical thinking
GEK1549,Critical Thinking And Writing,writing
GEK2008,Environmental History,research
GEK2027,Introduction to Indian Thought,presentation
GEK2035,Medical Ethics,research
GEK2037,Introduction to the Philosophy of Technology,communication
GEM1036,Globalisation and New Media,communication
GEM1047,Understanding Consumption,marketing
GEM1052,Understanding the Changing Global Economic Landscape,finance
GEM1902,Junior Seminar,research
GEM1902,Junior Seminar,writing
GEM1912,Jr Sem : Special Topics,research
GEM1912B,Jr Sem Special Topics: Quality Journalism and Critical Reading,writing
GEM1917,Understanding and Critiquing Sustainability,react
GEM2027,Public Speaking and Critical Reasoning,communication
GEM2027,Public Speaking and Critical Reasoning,public speaking
GEM2908X,Senior Seminar: Technology and the Fate of Knowledge,communication
GEM3003,Literature and the other Arts,research
GEN2006,Communications for Inter-generational Engagement,communication
GEN2008,Purposeful and Productive Ageing in the Community,communication
GEQ1000,Asking Questions,design thinking
GEQ1000H,Asking Questions,design thinking
GEQ1000X,Asking Questions,design thinking
GEQ1917,Understanding and Critiquing Sustainability,react
GES1009,Singapore’s Business History,finance
GES1009,Singapore’s Business History,entrepreneurship
GES1012,Popular Culture in Singapore,critical thinking
GES1012,Popular Culture in Singapore,writing
GES1012,Popular Culture in Singapore,presentation
GES1013,Singapore Urban History & Architecture,critical thinking
GES1031,Culture and Communication in Singapore,communication
GESS1007,Singapore’s Business History,finance
GESS1007,Singapore’s Business History,entrepreneurship
GESS1010,Popular Culture in Singapore,critical thinking
GESS1010,Popular Culture in Singapore,writing
GESS1010,Popular Culture in Singapore,presentation
GESS1011,Singapore Urban History & Architecture,critical thinking
GESS1022,Culture and Communication in Singapore,communication
GET1002,Bridging East and West: Exploring Chinese Communication,communication
GET1004,Cyber Security,communication
GET1008,Public Speaking and Critical Reasoning,communication
GET1008,Public Speaking and Critical Reasoning,public speaking
GET1010,Modes Of Invention,communication
GET1011,Towards an Understanding of the Complex World,critical thinking
GET1014,"The Art of Science, the Science of Art",communication
GET1016,Understanding the Changing Global Economic Landscape,finance
GET1016T,Understanding The Changing Global Economic Landscape,finance
GET1018,The Mathematics of Games,critical thinking
GET1021,Critical Thinking And Writing,leadership
GET1021,Critical Thinking And Writing,critical thinking
GET1021,Critical Thinking And Writing,writing
GET1022,Understanding Your Brain,research
GET1022,Understanding Your Brain,writing
GET1022T,Understanding Your Brain,research
GET1022T,Understanding Your Brain,writing
GET1031,Computational Thinking,communication
GET1031,Computational Thinking,problem solving
GET1031,Computational Thinking,critical thinking
GET1032,Building Relationship : Theories and Practice,communication
GET1032,Building Relationship : Theories and Practice,critical thinking
GET1036,The Logic of Language,communication
GET1036,The Logic of Language,writing
GET1036,The Logic of Language,presentation
GET1038,Communication in Small Groups,communication
GET1040,Communicating about the Arts,writing
GEX1004,Bridging East and West: Exploring Chinese Communication,communication
GEX1005,Public Speaking and Critical Reasoning,communication
GEX1005,Public Speaking and Critical Reasoning,public speaking
GEX1005T,Public Speaking and Critical Reasoning,communication
GEX1005T,Public Speaking and Critical Reasoning,public speaking
GEX1006,"The Art of Science, the Science of Art",communication
GEX1009,Understanding Your Brain,research
GEX1009,Understanding Your Brain,writing
GEX1009T,Understanding Your Brain,research
GEX1009T,Understanding Your Brain,writing
GEX1016,Building Relationship : Theories and Practice,communication
GEX1016,Building Relationship : Theories and Practice,critical thinking
GEX1017,Communication and Critical Thinking for Community Leadership,communication
GEX1017,Communication and Critical Thinking for Community Leadership,leadership
GEX1017,Communication and Critical Thinking for Community Leadership,critical thinking
GEX1019,The Logic of Language,communication
GEX1019,The Logic of Language,writing
GEX1019,The Logic of Language,presentation
GEX1020,Communication in Small Groups,communication
GEX1022,Communicating about the Arts,writing
GEX1030,Standard English Across Cultures,communication
GEX1032,"""Fake News"" In the public sphere",writing
GL3203,Global Socio-environmental Entanglements,research
GL3204,Globalisation of Social Movements,leadership
GL3551,FASS Undergraduate Research Opportunity,research
GL3551R,FASS Undergraduate Research Opportunity,research
GL3551R,FASS Undergraduate Research Opportunity,writing
GL4102,Task Force,research
GL4102HM,Task Force,research
GL4401,Honours Thesis,research
GL4401,Honours Thesis,writing
GL4401HM,Honours Thesis,research
GL4401HM,Honours Thesis,writing
GL4882C,The Politics of Global Finance,finance
GL4882CHM,The Politics of Global Finance,finance
GL4882D,Global Corporations and Power,writing
GL4882DHM,Global Corporations and Power,writing
GL4884B,Living with Infrastructure,research
GL4884BHM,Living with Infrastructure,research
GMS1000,The Duke-NUS Premed Course,research
GMS5002,Leadership for Regulatory Professionals,leadership
GMS5102,Multi-Regional Clinical Trials (MRCT),biostatistics
GMS5112,Pharmacovigilance Risk Management Planning,communication
GMS5152,Infectious Diseases and Global Health,communication
GMS5161,Approaches to Global Health Innovation,design thinking
GMS5162,Bringing Global Health Innovations to Market,research
GMS5162,Bringing Global Health Innovations to Market,communication
GMS5171,Healthcare Landscape and Strategy Planning,leadership
GMS5172,Leadership and People Management,communication
GMS5172,Leadership and People Management,leadership
GMS5173,Healthcare Finance,accounting
GMS5175,Managing Healthcare Communications & Patient Experience,communication
GMS5176,Patient Safety and Healthcare Quality,leadership
GMS5178,Risk Management and Disaster Preparedness,leadership
GMS5191,Business Model Design for Healthcare Innovations,teamwork
GMS5202,Research Methods for Health Services,research
GMS5203,"Health Technology Assessment, Cost-Effectiveness and Decision-making",research
GMS5221,Introduction to Health Econometrics,data analysis
GMS5221,Introduction to Health Econometrics,research
GMS5222,Introduction to Health Economic Modelling,excel
GMS5224,Advanced Health Technology Assessment Methods,excel
GMS5242,Adv Practice in Psychotherapeutic Interventions in SI,leadership
GMS5243,Cross-Culture Psychosoc Ldrshp & Ethical Complex. in SI,leadership
GMS5264,"Cancer Genomics, AYA and Geriatric Oncology",research
GMS5401,Understanding the fundamentals of Qualitative Methods,research
GMS5402,Collecting Qualitative Data,research
GMS5403,Analysing Qualitative Data,research
GMS5404,Disseminating Qualitative Scholarship,research
GMS5672,Leadership and People Management (Advanced),leadership
GMS5675,Managing Communications & Patient Experience (Advanced),communication
GMS5678,Risk Management and Disaster Preparedness (Advanced),design thinking
GMS5688,Healthcare Leadership & Management Project Work,research
GMS5688,Healthcare Leadership & Management Project Work,presentation
GMS5703,Clinical Governance and Risk Management,leadership
GMS5712,Education Approaches and Simulations in Patient Safety,research
GMS5722,Design Thinking & Human Factors in Healthcare,design thinking
GMS5748,Patient Safety & Healthcare Quality Capstone Project,entrepreneurship
GMS5749,Thesis (Patient Safety),research
GMS5802,From Need to Target,machine learning
GMS5802,From Need to Target,artificial intelligence
GMS5802,From Need to Target,research
GMS5803,Research Methods in TM (From Target to Treatment),research
GMS5805,Commercialization and Entrepreneurship in TM,research
GMS5806,Networking in International Translational Medicine,communication
GMS5806,Networking in International Translational Medicine,presentation
GMS5806,Networking in International Translational Medicine,design thinking
GMS5808,Innovation & Design Thinking in Translational Medicine,research
GMS5808,Innovation & Design Thinking in Translational Medicine,design thinking
GMS5900,Student Research Seminar (MSc),research
GMS6105,Clinical Skills Foundation,communication
GMS6202,Surgery Clerkship,communication
GMS6202D,Surgery Clerkship,communication
GMS6220,Innovation & Design Thinking,problem solving
GMS6220,Innovation & Design Thinking,design thinking
GMS6222B,Vascular & Interventional Radiology,research
GMS6224B,Neuroradiology,research
GMS6236B,Paediatric Neurology,presentation
GMS6242B,OB Anaesthesia Clinical & Research Prog,writing
GMS6253B,Early Psychosis Intervention,presentation
GMS6260B,Palliative Medicine,presentation
GMS6261B,General Rehabilitation Medicine,presentation
GMS6304,Research Methods and Analysis,research
GMS6311,Research/Scholarship (Part 1),research
GMS6312,Research/Scholarship (Part 2),research
GMS6417B,Radiation Oncology,presentation
GMS6434B,Paediatric Cardiothoracic Surgery,presentation
GMS6434D,Paediatric Cardiothoracic Surgery,research
GMS6434D,Paediatric Cardiothoracic Surgery,presentation
GMS6437B,Paediatric Cardiology,presentation
GMS6483,Ophthalmology,presentation
GMS6800,Integrated Biostatistics and Bioinformatics Journal Club,biostatistics
GMS6800,Integrated Biostatistics and Bioinformatics Journal Club,research
GMS6801,Study Designs in Clinical and Population Health Research,biostatistics
GMS6801,Study Designs in Clinical and Population Health Research,research
GMS6802,Analysis of Complex Biomedical Data,biostatistics
GMS6802,Analysis of Complex Biomedical Data,data analysis
GMS6802,Analysis of Complex Biomedical Data,research
GMS6803,Design and Analysis of Modern Clinical Studies,research
GMS6804,Biomedical Research Internship,research
GMS6810,Clinical and Translational Research Journal Club,research
GMS6811,Principles of Clinical Research,research
GMS6811,Principles of Clinical Research,project management
GMS6813,Biostatistics for Clinical Research,stata
GMS6813,Biostatistics for Clinical Research,biostatistics
GMS6813,Biostatistics for Clinical Research,research
GMS6820,Core Concepts in Biostatistics,statistics
GMS6821,R-Programming,biostatistics
GMS6850,Core Concepts in Bioinformatics,python
GMS6850,Core Concepts in Bioinformatics,statistics
GMS6850,Core Concepts in Bioinformatics,data analysis
GMS6850,Core Concepts in Bioinformatics,research
GMS6850,Core Concepts in Bioinformatics,r programming
GMS6891,Thesis Research (QBM Computational Biology),research
GMS6892,Thesis Research,biostatistics
GMS6892,Thesis Research,research
GMS6895,Thesis Research (Clinical and Translational Sciences),research
GMS6900,Student Research Seminars,research
GMS6900B,Student Research Seminars,research
GMS6902,Laboratory Rotation 1,research
GMS6903,Laboratory Rotation 2,research
GMS6905,Developments in Infectious Diseases,research
GMS6906,Laboratory Rotation 3,research
GMS6907,Applied Bioinformatics and Omics Data Analysis,python
GMS6920,Metabolic Basis of Disease,research
GMS6920,Metabolic Basis of Disease,presentation
GMS6921,Cardiovascular Molecular Biology,research
GMS6950,Health Services and Systems Research,research
GS5002,Academic Professional Skills and Techniques,research
GS5002,Academic Professional Skills and Techniques,writing
GS5002,Academic Professional Skills and Techniques,academic writing
GS5002,Academic Professional Skills and Techniques,presentation
GS5101,Research Immersion module,research
GS5101A,Lab Rotation,research
GS6001,Research Ethics and Scientific Integrity,research
GS6880B,Infectious Disease Modeling,research
GS6883A,Interface Science and Engineering,research
GS6883B,Integrative Science & Engineering Research,research
GS6889A,Academic Professional Skills II,research
GS6889B,Academic Skills and Research Ethics,research
GS6889B,Academic Skills and Research Ethics,writing
GS6889B,Academic Skills and Research Ethics,academic writing
GS6889B,Academic Skills and Research Ethics,presentation
GS6889C,Scientific Communication Primer,research
GS6889C,Scientific Communication Primer,communication
GSA5202,Digital Cultures,artificial intelligence
GSA5202,Digital Cultures,finance
GSA5210,Urban Ethnographic Research,research
GSA5403,Life-course perspectives on Ageing and Health,research
GSA5405,Qualitative Research Methods in Health and Healthcare,research
GSA5406,Quantitative Research Methods in Population Studies,data analysis
GSA5406,Quantitative Research Methods in Population Studies,research
GSN6503,Techniques in Neuroscience,research
GSS6886,NGS Seminars,writing
GSS6886,NGS Seminars,presentation
HE5001,Evidence Synthesis for HEOR,research
HE5002,Introduction to HEOR,research
HE5003,Quantitative Foundation for HEOR,research
HE5004,Economic Methods in HEOR,research
HE5005,Capstone I,research
HE5101,Causal Inference and Impact Evaluation in Public Health,statistics
HE5102,DICE Simulation for HEOR,presentation
HE5103,Patient Reported Outcomes & Preference Assessment,research
HS1301,Workplace Communication,communication
HS1301,Workplace Communication,writing
HS1403A,Career Compass III,research
HS1403S,Career Compass III,research
HS1501,Artificial Intelligence and Society,artificial intelligence
HS1502,Conceptual Introduction to Machine Learning,machine learning
HS1502,Conceptual Introduction to Machine Learning,artificial intelligence
HS1502,Conceptual Introduction to Machine Learning,research
HS1502,Conceptual Introduction to Machine Learning,software engineering
HS1503,Understanding AI and Its Impact: from Turing to ChatGPT,python
HS1503,Understanding AI and Its Impact: from Turing to ChatGPT,machine learning
HS2301,Financial Literacy and Numeracy,finance
HS2301,Financial Literacy and Numeracy,accounting
HS2901,"Music, Mathematics, and Code",python
HS2901,"Music, Mathematics, and Code",problem solving
HS2911,Social Media and Mental Health,communication
HS2913,"Representing Live(s): Research, Performance and Stories",research
HS2915,Beyond the Good and Evil of Drugs,critical thinking
HS2930,Explain This: Why are Complex Ideas Hard to Explain?,communication
HS2931,Smart City / Intelligent Humans,artificial intelligence
HSH1000,The Human Condition,critical thinking
HSI2001,"Scientific Inquiry & Health: Good Science, Bad Science",critical thinking
HSI2002,Inquiry into Current Sporting Beliefs and Practices,research
HSI2006,Decoding Home and Personal Care Products,marketing
HSI2010,New Worlds Beyond Earth,research
HSI2016,"The Art of Science, the Science of Art",communication
HSS1000,Understanding Social Complexity,critical thinking
HY2232,The Modern History of Japan: From Edo to the Present,critical thinking
HY2235,Environmental History,research
HY2252,Introduction to Business History,communication
HY2259,The Craft of History,research
HY3230,American Business: Industrial Revolution-Web,marketing
HY3265,Researching the Past,research
HY3551,FASS Undergraduate Research Opportunity,research
HY3551R,FASS Undergraduate Research Opportunity,research
HY3551R,FASS Undergraduate Research Opportunity,writing
HY4211,Topics in Environmental History,research
HY4211,Topics in Environmental History,writing
HY4211HM,Topics in Environmental History,research
HY4211HM,Topics in Environmental History,writing
HY4212,Special Paper in Modern European History,leadership
HY4212HM,Special Paper in Modern European History,leadership
HY4214,Approaches to Chinese History,writing
HY4214HM,Approaches to Chinese History,writing
HY4217,Approaches to Study of SE Asian History,research
HY4217HM,Approaches to Study of SE Asian History,research
HY4222,Asian Business History: Case Studies,entrepreneurship
HY4222HM,Asian Business History: Case Studies,entrepreneurship
HY4223,Chinese Overseas: Sojourners & Settlers,research
HY4223,Chinese Overseas: Sojourners & Settlers,writing
HY4223HM,Chinese Overseas: Sojourners & Settlers,research
HY4223HM,Chinese Overseas: Sojourners & Settlers,writing
HY4227,Sources of Singaporean History,research
HY4227HM,Sources of Singaporean History,research
HY4229,Biography and History,writing
HY4229HM,Biography and History,writing
HY4230,Historiography and Historical Method,writing
HY4230HM,Historiography and Historical Method,writing
HY4235,A History of the 20th Century and Beyond,research
HY4235HM,A History of the 20th Century and Beyond,research
HY4236,Topics in Singaporean History,research
HY4236,Topics in Singaporean History,writing
HY4236HM,Topics in Singaporean History,research
HY4236HM,Topics in Singaporean History,writing
HY4241,Early Chinese Historiography,writing
HY4241HM,Early Chinese Historiography,writing
HY4401,Honours Thesis,research
HY4401,Honours Thesis,writing
HY4401HM,Honours Thesis,research
HY4401HM,Honours Thesis,writing
HY5208,Approaches to Modern European History,research
HY5210,Approaches to Modern Se Asian History,research
HY5210R,Approaches to Modern Se Asian History,research
HY5305,Approaches to World History,research
HY5305R,Approaches to World History,research
HY5401,Historiography On China,writing
HY5401R,Historiography On China,writing
HY5402,Reconsidering the Cold War,research
HY5402R,Reconsidering the Cold War,research
HY5408,History and Memory,research
HY5408R,History and Memory,research
HY5411,Special Topics in Applied and Public History,research
HY5412,Studying Singaporean History,research
HY5412,Studying Singaporean History,writing
HY5413,Special Topics in Asian and Global History,research
HY5414,Master's Thesis (Coursework Program),research
HY5414,Master's Thesis (Coursework Program),writing
HY5416,The United States and Asia,research
HY5418,Comparative Business History,entrepreneurship
HY5419,Digital History: Theory and Practice,machine learning
HY5419,Digital History: Theory and Practice,research
HY5420,Rethinking Cold War Asia,research
HY5422,Time and Space: Doing History with GIS,research
HY5660,Independent Study,research
HY5660A,Independent Study,research
HY6204,Directed Studies: Selected Areas,research
HY6401,Southeast Asian Historiography,research
HY6402,The Historian's Craft,research
HY6402,The Historian's Craft,writing
HY6660,Independent Study,research
HY6770,Graduate Research Seminar,research
HY6770,Graduate Research Seminar,writing
HY6770,Graduate Research Seminar,presentation
HY6881,Topics in Southeast Asian History,research
HY6882,Topics in Chinese History,research
ID1105,Design Fundamentals 1,communication
ID1106,Design Fundamentals 2,communication
ID1121,Human-Centred Design,research
ID2100,Visual Communication Principles and Practices,communication
ID2102,Design For Context & Connectivity,research
ID2102,Design For Context & Connectivity,communication
ID2105,Design for Context and Sustainability,research
ID2111,Computer Aided Industrial Design,presentation
ID2113,Visual Communication Design,communication
ID2115,Digital Sketching and Painting,communication
ID2115,Digital Sketching and Painting,presentation
ID2116,Computing for Design,problem solving
ID2120,Social Design,communication
ID2123,Design Process & Research,research
ID3041,Special Studies,research
ID3122,Innovation and Design,research
ID3126,Motion Design,communication
ID3128,Electronic Media and Production for Design,communication
ID3129,"Visual Systems - Signs, Symbols, Icons",communication
ID3130,Branding and the Elements of Storytelling,communication
ID3131,Techniques in Interaction Design and User Experience,research
ID3131,Techniques in Interaction Design and User Experience,design thinking
ID3132,Digital Creation and Production,communication
ID4103,Design Detailing,writing
ID4106,Design Thesis Project,research
ID4121,Project Research,research
ID4122,Design Entrepreneurship and Creative Leadership,leadership
ID4122,Design Entrepreneurship and Creative Leadership,entrepreneurship
ID4401,Spatial Computing: Design and Development,artificial intelligence
ID5001,Integrated Design Studio 1,leadership
ID5002,Integrated Design Studio 2,leadership
ID5351,Design Studies,research
ID5352,Design Research Methods,research
ID5354,Design Strategies and Leadership,communication
ID5354,Design Strategies and Leadership,leadership
ID5354,Design Strategies and Leadership,design thinking
ID5357,Interdisciplinary Ways of Knowing,research
ID5358,Design Research Immersion Programme,research
ID5359,Independent Study for Graduate Design Research,research
ID5363,Advanced Interaction Design,research
ID5666,Industrial Attachment,research
ID5770,Graduate Seminar Course in Industrial Design,research
ID5951,Emerging Topics in Design,research
ID5951A,Topics in Industrial Design: Product Development,research
ID5951B,Topics in Industrial Design: Interaction Design,research
ID5951C,Topics in Industrial Design: Healthcare Design,research
ID5951D,Topics in Industrial Design: Design Education,research
ID5951E,Topics in Industrial Design: Sustainability,research
ID6770,Doctoral Seminar Course in Industrial Design,research
IDE5001,Leadership and Coordination,leadership
IDE5002,Surveillance and Epidemiology,data analysis
IDE5003,Communications and Engagement in a Crisis,communication
IDE5006,Research in a Pandemic,research
IDE5008,Laboratory,research
IDE5008,Laboratory,communication
IDS5101,Lab Rotations,research
IE2110,Operations Research I,research
IE3100E,Systems Design Project,communication
IE3100E,Systems Design Project,writing
IE3100E,Systems Design Project,presentation
IE3100M,System Design Project,communication
IE3100M,System Design Project,project management
IE3100R,Systems Design Project,communication
IE3100R,Systems Design Project,project management
IE3102,Systems Engineering Project,communication
IE3102,Systems Engineering Project,project management
IE3102,Systems Engineering Project,writing
IE3102A,Systems Engineering Project,communication
IE3102A,Systems Engineering Project,project management
IE3102A,Systems Engineering Project,writing
IE3110,Simulation,data analysis
IE3110R,Simulation,data analysis
IE3120,Manufacturing Logistics,research
IE3250,Human Factors Engineering,research
IE4100E,BTech Dissertation,research
IE4100E,BTech Dissertation,communication
IE4100E,BTech Dissertation,writing
IE4100E,BTech Dissertation,presentation
IE4100R,B.Eng.Dissertation,research
IE4100R,B.Eng.Dissertation,communication
IE4100R,B.Eng.Dissertation,writing
IE4100R,B.Eng.Dissertation,presentation
IE4101E,B.Tech. Dissertation,research
IE4101E,B.Tech. Dissertation,communication
IE4101E,B.Tech. Dissertation,writing
IE4101E,B.Tech. Dissertation,presentation
IE4102,Independent Study Course,research
IE4102,Independent Study Course,critical thinking
IE4210,Operations Research II,python
IE4210,Operations Research II,research
IE4211,Modelling & Analytics,python
IE4211,Modelling & Analytics,data analysis
IE4213,Learning from Data,statistics
IE4213,Learning from Data,machine learning
IE4213,Learning from Data,deep learning
IE4215,Machine Learning for Industrial Engineering,machine learning
IE4240,Project Management,project management
IE4243,Decision Modeling & Risk Analysis,excel
IE4243,Decision Modeling & Risk Analysis,machine learning
IE4243,Decision Modeling & Risk Analysis,finance
IE4299,Selected Topics In Industrial Engineering,research
IE5001,Operations Research for Decision Making,research
IE5001A,Linear Programming and Network Models,research
IE5001B,Advanced Models and Techniques,research
IE5003,Cost Analysis and Engineering Economy,research
IE5003,Cost Analysis and Engineering Economy,accounting
IE5005,Data Analytics for Industrial Engineers,project management
IE5123,Reliability Engineering and Asset Management,data analysis
IE5205,Healthcare System and Analytics,statistics
IE5205,Healthcare System and Analytics,research
IE5206,Energy and Sustainability: A Systems Approach,accounting
IE5208,Systems Approach To Project Management,project management
IE5208,Systems Approach To Project Management,marketing
IE5210,Value Chain Carbon Accounting and Sustainability,accounting
IE5211,New Product Management,research
IE5211,New Product Management,marketing
IE5291,Topics in Engineering Management,research
IE5307,Topics in Human Factors Engineering,research
IE5407,Flexibility in Engineering Systems Design,research
IE5504,Systems Modelling And Advanced Simulation,research
IE5506,Portfolio Optimization and Engineering,machine learning
IE5506,Portfolio Optimization and Engineering,research
IE5506,Portfolio Optimization and Engineering,finance
IE5600,Applied Programming for Industrial Systems,python
IE5601,Communicating Industrial Analytics Solutions,communication
IE5602,Statistical Learning in Engineering I,machine learning
IE5604,Practical Deep Learning Methods for Decision Making,deep learning
IE5604,Practical Deep Learning Methods for Decision Making,research
IE5604,Practical Deep Learning Methods for Decision Making,finance
IE5611,Problem Solving in Industrial Analytics,problem solving
IE5666,Industrial Attachment,research
IE5708,Systems Design Project,communication
IE5708,Systems Design Project,project management
IE5766,Industrial & Systems Engineering Attachment,presentation
IE5866,Industrial & Systems Engineering Internship,presentation
IE5880,Topics in Supply Chain Systems,research
IE5901,Independent Study in L&OR,research
IE5901,Independent Study in L&OR,problem solving
IE5902,Research Project in L&OR,research
IE5903,Independent Study in PM,project management
IE5903,Independent Study in PM,problem solving
IE5904,Research Project in PM,research
IE5904,Research Project in PM,project management
IE5904A,Research Project in Project Management I,research
IE5904A,Research Project in Project Management I,project management
IE5904B,Research Project in Project Management II,research
IE5904B,Research Project in Project Management II,project management
IE5905,Independent Study In Systems Engineering,problem solving
IE5906A,Research Project in Systems Engineering I,research
IE5906B,Research Project in Systems Engineering II,research
IE5907,Independent Study in Operations Research,research
IE5907,Independent Study in Operations Research,problem solving
IE5908A,Research Project in Operations Research I,research
IE5908B,Research Project in Operations Research II,research
IE5909A,Research Project in Industrial & System Engineering I,research
IE5909A,Research Project in Industrial & System Engineering I,problem solving
IE5909B,Research Project in Industrial & System Engineering II,research
IE6002,Advanced Engineering Statistics,statistics
IE6002,Advanced Engineering Statistics,research
IE6107,Advanced Material Flow Systems,research
IE6108,Advanced Facility Layout and Location,research
IE6123,Advanced Reliability Engineering,data analysis
IE6123,Advanced Reliability Engineering,research
IE6203,Advanced Decision Analysis,research
IE6307,Introduction to Data Analytics,statistics
IE6307,Introduction to Data Analytics,machine learning
IE6401,Advanced Topics in Industrial Logistics,research
IE6405,Advanced Inventory Systems,research
IE6511,Surrogate and Metaheuristic Global Optimization,python
IE6520,Theory and Algorithms for Online Learning,machine learning
IE6520,Theory and Algorithms for Online Learning,research
IFS4201,Information Security Industry Capstone Project,communication
IFS4202,Information Security Practicum Programme,communication
IND5003,Data Analytics for Sense-making,python
IND5003,Data Analytics for Sense-making,deep learning
IND5005,Industry Consulting and Application Project,presentation
IND5005A,Professional Career Development,communication
IND5005B,Industry Consulting and Application Project,presentation
INT3201,Sight Interpreting,public speaking
INT3202,Consecutive Interpreting,public speaking
INT3203,Community Interpreting,public speaking
IPM1102,Infrastructure and Project Management Law,project management
IPM2103,Measurement (Building Works),writing
IPM2106,Mechanical and Electrical Systems,communication
IPM3103,Project Finance,finance
IPM4101,Dissertation,research
IPM4101,Dissertation,communication
IPM4101T,Dissertation,research
IPM4101T,Dissertation,communication
IPM4103,Contract and Procurement Management,project management
IS1103,Ethics in Computing,artificial intelligence
IS1108,Digital and AI Ethics,artificial intelligence
IS1128,"IT, Management and Organisation",artificial intelligence
IS1128,"IT, Management and Organisation",communication
IS1128,"IT, Management and Organisation",teamwork
IS2101,Business and Technical Communication,communication
IS2102,Requirements Analysis for Business IT Systems,ux design
IS2108,Full-stack Software Engineering for AI Solutions I,python
IS2108,Full-stack Software Engineering for AI Solutions I,artificial intelligence
IS2108,Full-stack Software Engineering for AI Solutions I,software engineering
IS2109,AI and Machine Learning Techniques I,machine learning
IS2109,AI and Machine Learning Techniques I,artificial intelligence
IS2238,Economics of IT and AI,artificial intelligence
IS3103,Digital Transformation and Leadership Communication,communication
IS3103,Digital Transformation and Leadership Communication,leadership
IS3106,Enterprise Systems Interface Design and Development,web development
IS3107,Data Engineering,data analysis
IS3108,Full-stack Software Engineering for AI Solutions II,artificial intelligence
IS3108,Full-stack Software Engineering for AI Solutions II,software engineering
IS3108,Full-stack Software Engineering for AI Solutions II,javascript
IS3109,AI and Machine Learning Techniques II,machine learning
IS3109,AI and Machine Learning Techniques II,artificial intelligence
IS3150,Digital Media Marketing,marketing
IS3221,ERP Systems with Analytics Solutions,finance
IS3251,Principles of Technology Entrepreneurship,entrepreneurship
IS4010,Digital Transformation Leadership Programme,artificial intelligence
IS4100,IT Project Management,project management
IS4103,Information Systems Capstone Project,communication
IS4103,Information Systems Capstone Project,software engineering
IS4108,AI Solutioning Capstone Project,artificial intelligence
IS4151,AIoT Solutions and Development,machine learning
IS4151,AIoT Solutions and Development,artificial intelligence
IS4226,Systematic Trading Strategies and Systems,machine learning
IS4228,Information Technologies in Financial Services,finance
IS4228,Information Technologies in Financial Services,entrepreneurship
IS4238,Strategic Cybersecurity,artificial intelligence
IS4240,Business Intelligence Systems,machine learning
IS4241,Social Media Network Analysis,research
IS4242,Intelligent Systems and Techniques,data analysis
IS4242,Intelligent Systems and Techniques,finance
IS4243,Digital Transformation Consulting,artificial intelligence
IS4246,Smart Systems and AI Governance,machine learning
IS4246,Smart Systems and AI Governance,artificial intelligence
IS4248,Digital Business and the Metaverse,artificial intelligence
IS4261,Designing AI-driven Business Innovations,artificial intelligence
IS4400,Human-AI Interaction,artificial intelligence
IS4401,Generative AI and Business Applications,artificial intelligence
IS4402,Machine Learning with Unstructured Data,machine learning
IS4402,Machine Learning with Unstructured Data,deep learning
IS5006,Human-Centred Intelligent Systems,machine learning
IS5007,Strategising for Global IT-enabled Business Success,marketing
IS5007,Strategising for Global IT-enabled Business Success,r programming
IS5110,Software Project Management,communication
IS5114,Global IT Project and Vendor Management,project management
IS5116,Digital Entrepreneurship,entrepreneurship
IS5117,Digital Government,artificial intelligence
IS5126,Hands-on with Applied Analytics,python
IS5126,Hands-on with Applied Analytics,machine learning
IS5128,Digital Innovation,design thinking
IS5152,Data-Driven Decision Making,data analysis
IS5152,Data-Driven Decision Making,machine learning
IS5451,AIoT Solutions and Development,machine learning
IS5451,AIoT Solutions and Development,artificial intelligence
IS6000,Topics in Information Systems and Analytics Research,research
IS6001,Qualitative Methods for IS Research,research
IS6002,Quantitative Methods for IS Research,data analysis
IS6002,Quantitative Methods for IS Research,research
IS6003,Contemporary Theories for IS Research,research
IS6004,Econometrics for IS Research,research
IS6004,Econometrics for IS Research,econometrics
IS6005,Seminars in Information Systems I,research
IS6005,Seminars in Information Systems I,presentation
IS6006,Computational Social Science,research
IS6100,Information Systems Research,research
IS6101,Topics in Machine Learning and Optimization,machine learning
IS6101,Topics in Machine Learning and Optimization,research
IS6103,Design Science Research in Information Systems,research
ISY5002,Pattern Recognition Systems,machine learning
ISY5002G,Pattern Recognition Systems,machine learning
IT1007,Introduction to Programming with Python and C,python
IT1007,Introduction to Programming with Python and C,problem solving
IT1007,Introduction to Programming with Python and C,writing
IT1244,Artificial Intelligence: Technology and Impact,artificial intelligence
IT2001,Network Technology and Applications,communication
IT2002,Database Technology and Management,sql
IT2900,Technical Management and Leadership,leadership
IT3010,Data Management for Business Analytics,python
IT3010,Data Management for Business Analytics,sql
IT3011,Introduction to Machine Learning and Applications,machine learning
IT3011,Introduction to Machine Learning and Applications,finance
IT5001,Software Development Fundamentals,software engineering
IT5003,Data Structures and Algorithms,problem solving
IT5005,Artificial Intelligence,artificial intelligence
IT5006,Fundamentals of Data Analytics,python
IT5006,Fundamentals of Data Analytics,data analysis
IT5006,Fundamentals of Data Analytics,machine learning
IT5007,Software Engineering on Application Architecture,writing
IT5007,Software Engineering on Application Architecture,react
IT5007,Software Engineering on Application Architecture,node.js
IT5007,Software Engineering on Application Architecture,git
IT5008,Database Design and Programming,sql
IT5100B,Industry Readiness: Stream Processing,java
IT5100C,Industry Readiness: Database Modelling and Programming,sql
IT5100D,Industry Readiness: Networking Concepts for Developers,communication
IT5100D,Industry Readiness: Networking Concepts for Developers,web development
IT5100F,Industry Readiness: Data Analytics and AI in Practice,artificial intelligence
IT5100F,Industry Readiness: Data Analytics and AI in Practice,problem solving
IT5501,Programming Methodology I,problem solving
IT5501,Programming Methodology I,writing
IT5502,Programming Methodology II,problem solving
IT5503,Software Engineering,writing
IT5503,Software Engineering,software engineering
IT5503,Software Engineering,web development
IT5503,Software Engineering,react
IT5503,Software Engineering,node.js
IT5503,Software Engineering,git
JS2101,Approaches to Japanese Studies I,research
JS2101,Approaches to Japanese Studies I,writing
JS2221,Organisation of Japanese Business,finance
JS2225,Marketing and Consumer Culture in Japan,marketing
JS3101,Approaches to Japanese Studies II,research
JS3227,Entrepreneurship : Self-Made in Japan,entrepreneurship
JS3229,Field Studies in Japan,research
JS3551,FASS Undergraduate Research Opportunity (UROP),research
JS4217,Selected Topics in Japanese Studies,communication
JS4217HM,Selected Topics in Japanese Studies,communication
JS4227,"Class, Culture & Capitalism in Transnational Japan",research
JS4227HM,"Class, Culture & Capitalism in Transnational Japan",research
JS4231,Technologies and Traditional Japanese Theatre,research
JS4231HM,Technologies and Traditional Japanese Theatre,research
JS5204,Contemporary Japanese Social Issues,critical thinking
JS5204R,Contemporary Japanese Social Issues,critical thinking
JS5205,Reading of Japanese Historical Sources,research
JS5660,Independent Study,research
JS5660R,Independent Study,research
JS6201,Readings in Japanese History & Society,research
JS6202,Readings in Japanese Politics & Economics,research
JS6203,Readings in Japanese Literature & Culture,research
JS6660,Independent Study,research
JS6770,Graduate Research Seminar,research
JS6770,Graduate Research Seminar,writing
JS6770,Graduate Research Seminar,presentation
JSC5210,Managing Creative Industries: The Case of Japan,marketing
JSC5304,Case Studies in Japanese Visual Cultures,writing
JSC5401,Advanced Research Project,research
LA5211,Political Ecology and Landscapes,research
LA5302,Landscape Construction II,communication
LA5302,Landscape Construction II,project management
LA5303,Urban Greening: Technologies and Techniques,r programming
LA5402,Professional Practice,writing
LA5500,Proseminar in Landscape Architecture,research
LA5742,Dissertation,research
LA5742A,Dissertation Preparation,statistics
LA5742A,Dissertation Preparation,research
LAB1201,Bahasa Indonesia 1,communication
LAB1201,Bahasa Indonesia 1,writing
LAB2201,Bahasa Indonesia 2,communication
LAB2201,Bahasa Indonesia 2,writing
LAC1201,Chinese 1,communication
LAC1201,Chinese 1,writing
LAC2202,Chinese Characters Writing & Composition,communication
LAC2202,Chinese Characters Writing & Composition,entrepreneurship
LAC3201,Chinese 3,communication
LAC3201,Chinese 3,writing
LAC3202,Chinese 4,writing
LAC3204,Chinese for Business & Social Sciences,communication
LAC3204,Chinese for Business & Social Sciences,writing
LAC4201,Chinese 5,communication
LAC4201HM,Chinese 5,communication
LAC4202,Chinese 6,communication
LAC4202,Chinese 6,writing
LAC4202HM,Chinese 6,communication
LAC4202HM,Chinese 6,writing
LAD1003,Introduction to Landscape Architecture,writing
LAD3001,Design 5,critical thinking
LAD3002,Design 6,critical thinking
LAD3003,Professional Practice,communication
LAD3003,Professional Practice,project management
LAD4003,Landscape Construction II,communication
LAD4003,Landscape Construction II,project management
LAD4005,Topics in Landscape Architecture,research
LAD4007,Political Eco and Land,research
LAF1201,French 1,writing
LAF2201,French 2,writing
LAF3201,French 3,writing
LAF3202,French 4,writing
LAF4202,French 6,writing
LAF4202HM,French 6,writing
LAG1201,German 1,writing
LAG2201,German 2,writing
LAG4202,German 6,writing
LAG4202HM,German 6,writing
LAG4204,German Studies 2,communication
LAG4204HM,German Studies 2,communication
LAH2201,Hindi 2,communication
LAH2201,Hindi 2,writing
LAH3201,Hindi 3,communication
LAH3201,Hindi 3,writing
LAH3202,Hindi 4,communication
LAH3202,Hindi 4,writing
LAH4202,Hindi 6,writing
LAH4202HM,Hindi 6,writing
LAJ2201,Japanese 2,communication
LAJ2202,Japanese 3,communication
LAJ2203,Japanese 4,communication
LAJ3201,Japanese 5,communication
LAJ3201,Japanese 5,writing
LAJ3202,Japanese 6,writing
LAJ3203,Business Japanese 1,communication
LAJ3204,Business Japanese 2,communication
LAJ3205,Media Japanese,communication
LAK1201,Korean 1,communication
LAK1201,Korean 1,writing
LAK2201,Korean 2,communication
LAK2201,Korean 2,writing
LAK3201,Korean 3,communication
LAK3201,Korean 3,writing
LAK3202,Korean 4,communication
LAK3202,Korean 4,writing
LAK4202,Korean 6,communication
LAK4202,Korean 6,writing
LAK4202HM,Korean 6,communication
LAK4202HM,Korean 6,writing
LAK4203,Korean 7,writing
LAK4203HM,Korean 7,writing
LAK4204,Korean 8,writing
LAK4204HM,Korean 8,writing
LAL1201,Tamil 1,writing
LAL2201,Tamil 2,writing
LAM1201,Malay 1,writing
LAM3201,Malay 3,communication
LAR2201,Arabic 2,communication
LAR2201,Arabic 2,writing
LAR4201,Arabic 5,writing
LAR4201HM,Arabic 5,writing
LAS2201,Spanish 2,writing
LAS3201,Spanish 3,writing
LAS4202,Spanish 6,writing
LAS4202HM,Spanish 6,writing
LAT1201,Thai 1,communication
LAT1201,Thai 1,writing
LAT2201,Thai 2,communication
LAT2201,Thai 2,writing
LAT4203,Analysing Thai Media,communication
LAT4203,Analysing Thai Media,presentation
LAT4203HM,Analysing Thai Media,communication
LAT4203HM,Analysing Thai Media,presentation
LAV1201,Vietnamese 1,communication
LAV1201,Vietnamese 1,writing
LAV2201,Vietnamese 2,communication
LAV2201,Vietnamese 2,writing
LC1006,"Legal Analysis, Writing And Research I",research
LC1006,"Legal Analysis, Writing And Research I",communication
LC1006,"Legal Analysis, Writing And Research I",writing
LC1007,"Legal Analysis, Writing And Research II",research
LC1007,"Legal Analysis, Writing And Research II",communication
LC1007,"Legal Analysis, Writing And Research II",writing
LC1016,"Legal Analysis, Research & Communication",research
LC1016,"Legal Analysis, Research & Communication",communication
LC2002,Introduction To Trial Advocacy,writing
LC2003,Legal Case Studies,research
LC2008A,Company Law (A),finance
LC2008G,Company Law (G),finance
LC2008H,Company Law (H),finance
LC2010A,Legal Systems of Asia (A),research
LC2010B,Legal Systems of Asia (B),research
LC2010C,Legal Systems of Asia (C),research
LC2010D,Legal Systems of Asia (D),research
LC2010E,Legal Systems of Asia (E),research
LC2010F,Legal Systems of Asia (F),research
LC2010G,Legal Systems of Asia (G),research
LC2010H,Legal Systems of Asia (H),research
LC2012,Trial Advocacy,writing
LC2017,Law and Technology,python
LC2017,Law and Technology,artificial intelligence
LC5010A,Legal Systems of Asia (A),research
LC5074,Mergers & Acquisitions,accounting
LC5089,Chinese Corporate & Securities Law,finance
LC5118,Foreign Direct Investment Law in Asia,research
LC5230,Elements of Company Law,finance
LC6009GRSII,Graduate Research Seminar (Research Methods),research
LC6378,Doctoral Workshop,research
LCJ5008,Company Law,finance
LCJ5010,Legal Systems of Asia,research
LCJ5012,Trial Advocacy,writing
LCJ5015,"Legal Analysis, Research & Communication",research
LCJ5015,"Legal Analysis, Research & Communication",communication
LCJ5016,"Legal Analysis, Research & Communication",research
LCJ5016,"Legal Analysis, Research & Communication",communication
LI5003,Logistics Supply Chain Internship,research
LL4007,Biotechnology Law,research
LL4007,Biotechnology Law,presentation
LL4007V,Biotechnology Law,research
LL4007V,Biotechnology Law,presentation
LL4009,Modern Chinese Law & Legal Chinese,finance
LL4009V,Modern Chinese Law & Legal Chinese,finance
LL4034,International Regulation of Shipping,communication
LL4034V,International Regulation of Shipping,communication
LL4056A,Tax Planning & Policy,accounting
LL4056AV,Tax Planning & Policy,accounting
LL4056B,Tax Planning & Policy,accounting
LL4056BV,Tax Planning & Policy,accounting
LL4061,Inquiry,research
LL4061V,Inquiry,research
LL4063,Business & Finance For Lawyers,finance
LL4063,Business & Finance For Lawyers,accounting
LL4063V,Business & Finance For Lawyers,finance
LL4063V,Business & Finance For Lawyers,accounting
LL4071,"International Patent Law, Policy and Practice",research
LL4071V,"International Patent Law, Policy and Practice",research
LL4074,Mergers & Acquisitions,accounting
LL4074V,Mergers & Acquisitions,accounting
LL4094,The Pro Bono Family Law Litigation Clinic,research
LL4094F,The Evolving Legal Landscapes Clinic,research
LL4094FV,The Evolving Legal Landscapes Clinic,research
LL4094G,The NUS CPBCLE Start Up Clinic,research
LL4094G,The NUS CPBCLE Start Up Clinic,marketing
LL4094G,The NUS CPBCLE Start Up Clinic,entrepreneurship
LL4094GV,The NUS CPBCLE Start Up Clinic,research
LL4094GV,The NUS CPBCLE Start Up Clinic,marketing
LL4094GV,The NUS CPBCLE Start Up Clinic,entrepreneurship
LL4094V,The Pro Bono Family Law Litigation Clinic,research
LL4109,International Law & Asia,research
LL4109V,International Law & Asia,research
LL4129,Indian Business Law,finance
LL4148,Secured Transactions Law,finance
LL4188,Corporate Finance Law,finance
LL4188V,Corporate Finance Law,finance
LL4190,Freedom of Speech: Critical & Comparative Perspectives,research
LL4190V,Freedom of Speech: Critical & Comparative Perspectives,research
LL4193V,An Introduction to Negotiating & Drafting Commercial Contracts,writing
LL4195V,International Economic Law & Relations,finance
LL4204,Islamic Finance Law,finance
LL4208,Advanced Criminal Legal Process,research
LL4208V,Advanced Criminal Legal Process,research
LL4209,Legal Argument & Narrative,presentation
LL4209V,Legal Argument & Narrative,presentation
LL4218V,Asian Legal Studies Colloquium,research
LL4231,Transition and the Rule of Law in Myanmar,research
LL4231,Transition and the Rule of Law in Myanmar,presentation
LL4238,International Corporate Finance,finance
LL4238V,International Corporate Finance,finance
LL4244V,Criminal Practice,communication
LL4245V,Regulatory Foundations of Public Law,research
LL4250,Principles of Equity Financing,finance
LL4257,Law & Finance,research
LL4257,Law & Finance,presentation
LL4272,International Financial System: Law and Practice,finance
LL4277V,Medical Law and Ethics,research
LL4279V,Access to Justice,research
LL4283V,"Artificial Intelligence, Information Science & Law",machine learning
LL4283V,"Artificial Intelligence, Information Science & Law",natural language processing
LL4290V,Traditions of Legal Research,research
LL4297,Practice of Corporate Finance and the Law,finance
LL4300,Copyright in the Internet Age,communication
LL4302,Int'l Regulation of Finance & Investment Markets,leadership
LL4302V,Int'l Regulation of Finance & Investment Markets,leadership
LL4333,International Criminal Law Clinic,research
LL4333,International Criminal Law Clinic,critical thinking
LL4333V,International Criminal Law Clinic,research
LL4333V,International Criminal Law Clinic,critical thinking
LL4335V,Multinational Enterprises and International Law,finance
LL4352,China and International Economic Law,research
LL4352V,China and International Economic Law,research
LL4362V,Advanced Criminal Litigation - Forensics on Trial,communication
LL4368,Comparative Constitutionalism,research
LL4368V,Comparative Constitutionalism,research
LL4379,Future of Int'l Commercial Arbitration in APAC Region,artificial intelligence
LL4379V,Future of Int'l Commercial Arbitration in APAC Region,artificial intelligence
LL4389,Asset-Based Financing: Quasi-Security Devices,finance
LL4389V,Asset-Based Financing: Quasi-Security Devices,finance
LL4396,University Research Opportunities Program,research
LL4397,University Research Opportunities Program,research
LL4398,University Research Opportunities Program,research
LL4399,University Research Opportunities Program,research
LL4400,Biomedical Law & Ethics,research
LL4407,Law Of Insurance,artificial intelligence
LL4434,International Commodity Trading Law Clinic,finance
LL4434V,International Commodity Trading Law Clinic,finance
LL4435,Foundations of Environmental Law,research
LL4435V,Foundations of Environmental Law,research
LL4442,Digital Trade and Digital Economy,artificial intelligence
LL4442V,Digital Trade and Digital Economy,artificial intelligence
LL4447,Law and Data Science,research
LL4447V,Law and Data Science,research
LL4450,Singapore Legal History,research
LL4450V,Singapore Legal History,research
LL4455,Taxation of Cross-Border Commercial Transactions II,accounting
LL4455V,Taxation of Cross-Border Commercial Transactions II,accounting
LL4460,"Law, FinTech and the Platform Economy",research
LL4460,"Law, FinTech and the Platform Economy",communication
LL4460V,"Law, FinTech and the Platform Economy",research
LL4460V,"Law, FinTech and the Platform Economy",communication
LL4463,National Arts Council Externship,research
LL4463V,National Arts Council Externship,research
LL4479,Challenges of Emerging Technologies to Financial Regulation.,finance
LL4479V,Challenges of Emerging Technologies to Financial Regulation,finance
LL4488,Digital Technologies and Human Rights,artificial intelligence
LL4488V,Digital Technologies and Human Rights,artificial intelligence
LL4493,Law and Technology,python
LL4493,Law and Technology,artificial intelligence
LL4493V,Law and Technology,python
LL4493V,Law and Technology,artificial intelligence
LL4502,Sustainable Development and International Law,research
LL4502V,Sustainable Development and International Law,research
LL4514,Multidisciplinary Approach to Crime & Criminal Justice,research
LL4514V,Multidisciplinary Approach to Crime & Criminal Justice,research
LL4517,Design and Negotiation for Lawyers,teamwork
LL4517,Design and Negotiation for Lawyers,design thinking
LL4523,Corporate Governance - Law and Theory,finance
LL4524,Business Law in China,finance
LL4527,Business Valuation in Practice,accounting
LL4527V,Business Valuation in Practice,accounting
LL4530,Law and Natural Language Processing,python
LL4530,Law and Natural Language Processing,machine learning
LL4530,Law and Natural Language Processing,artificial intelligence
LL4530,Law and Natural Language Processing,nlp
LL4530,Law and Natural Language Processing,natural language processing
LL4530V,Law and Natural Language Processing,python
LL4530V,Law and Natural Language Processing,machine learning
LL4530V,Law and Natural Language Processing,artificial intelligence
LL4530V,Law and Natural Language Processing,nlp
LL4530V,Law and Natural Language Processing,natural language processing
LL4534,Law and Economics of Climate Change,finance
LL4534V,Law and Economics of Climate Change,finance
LL4535,Supervised Judicial Research,research
LL4545,Contract Theory,research
LL4552,Crime: Introduction to Anthropology of Law,research
LL4554,Advanced Corporate Finance,finance
LL4554V,Advanced Corporate Finance,finance
LL5007V,Biotechnology Law,research
LL5007V,Biotechnology Law,presentation
LL5009,Modern Chinese Law & Legal Chinese,finance
LL5009GRSI,Graduate Research Seminar I (Legal Scholarship),research
LL5009GRSII,Graduate Research Seminar II (Research Methods),research
LL5009V,Modern Chinese Law & Legal Chinese,finance
LL5034,International Regulation of Shipping,communication
LL5034V,International Regulation of Shipping,communication
LL5056A,Tax Planning & Policy,accounting
LL5056AV,Tax Planning & Policy,accounting
LL5056B,Tax Planning & Policy,accounting
LL5056BV,Tax Planning & Policy,accounting
LL5061,Inquiry,research
LL5061V,Inquiry,research
LL5063,Business & Finance For Lawyers,finance
LL5063,Business & Finance For Lawyers,accounting
LL5063V,Business & Finance For Lawyers,finance
LL5063V,Business & Finance For Lawyers,accounting
LL5071,"International Patent Law, Policy and Practice",research
LL5071V,"International Patent Law, Policy and Practice",research
LL5074,Mergers & Acquisitions,accounting
LL5074V,Mergers & Acquisitions,accounting
LL5094,The Pro Bono Family Law Litigation Clinic,research
LL5094V,The Pro Bono Family Law Litigation Clinic,research
LL5109,International Law & Asia,research
LL5109V,International Law & Asia,research
LL5129,Indian Business Law,finance
LL5148,Secured Transactions Law,finance
LL5188,Corporate Finance Law,finance
LL5188S,Corporate Finance Law,finance
LL5188V,Corporate Finance Law,finance
LL5190,Freedom of Speech: Critical & Comparative Perspectives,research
LL5190V,Freedom of Speech: Critical & Comparative Perspectives,research
LL5193V,An Introduction to Negotiating & Drafting Commercial Contracts,writing
LL5195V,International Economic Law & Relations,finance
LL5204,Islamic Finance Law,finance
LL5208,Advanced Criminal Legal Process,research
LL5208V,Advanced Criminal Legal Process,research
LL5209,Legal Argument & Narrative,presentation
LL5209V,Legal Argument & Narrative,presentation
LL5218V,Asian Legal Studies Colloquium,research
LL5231,Transition and the Rule of Law in Myanmar,research
LL5231,Transition and the Rule of Law in Myanmar,presentation
LL5238,International Corporate Finance,finance
LL5238V,International Corporate Finance,finance
LL5244V,Criminal Practice,communication
LL5245V,Regulatory Foundations of Public Law,research
LL5250,Principles of Equity Financing,finance
LL5257,Law & Finance,research
LL5257,Law & Finance,presentation
LL5272,International Financial System: Law and Practice,finance
LL5277V,Medical Law and Ethics,research
LL5279V,Access to Justice,research
LL5283V,"Artificial Intelligence, Information Science & Law",machine learning
LL5283V,"Artificial Intelligence, Information Science & Law",natural language processing
LL5290V,Traditions of Legal Research,research
LL5297,Practice of Corporate Finance and the Law,finance
LL5300,Copyright in the Internet Age,communication
LL5302,Int'l Regulation of Finance & Investment Markets,leadership
LL5302V,Int'l Regulation of Finance & Investment Markets,leadership
LL5333,International Criminal Law Clinic,research
LL5333,International Criminal Law Clinic,critical thinking
LL5333V,International Criminal Law Clinic,research
LL5333V,International Criminal Law Clinic,critical thinking
LL5335V,Multinational Enterprises and International Law,finance
LL5352,China and International Economic Law,research
LL5352V,China and International Economic Law,research
LL5362V,Advanced Criminal Litigation - Forensics on Trial,communication
LL5368,Comparative Constitutionalism,research
LL5368V,Comparative Constitutionalism,research
LL5379,Future of Int'l Commercial Arbitration in APAC Region,artificial intelligence
LL5379V,Future of Int'l Commercial Arbitration in APAC Region,artificial intelligence
LL5389,Asset-Based Financing: Quasi-Security Devices,finance
LL5389V,Asset-Based Financing: Quasi-Security Devices,finance
LL5396,University Research Opportunities Programme,research
LL5396V,International Arbitration & Dispute Resolution Research,research
LL5397V,International Arbitration & Dispute Resolution Research,research
LL5407,Law of Insurance,artificial intelligence
LL5434,International Commodity Trading Law Clinic,finance
LL5434V,International Commodity Trading Law Clinic,finance
LL5435,Foundations of Environmental Law,research
LL5435V,Foundations of Environmental Law,research
LL5439S,Applied Accounting and Finance for Lawyers,accounting
LL5442,Digital Trade and Digital Economy,artificial intelligence
LL5442V,Digital Trade and Digital Economy,artificial intelligence
LL5447,Law and Data Science,research
LL5447V,Law and Data Science,research
LL5450,Singapore Legal History,research
LL5450V,Singapore Legal History,research
LL5455,Taxation of Cross-Border Commercial Transactions II,accounting
LL5455V,Taxation of Cross-Border Commercial Transactions II,accounting
LL5460,"Law, FinTech and the Platform Economy",research
LL5460,"Law, FinTech and the Platform Economy",communication
LL5460V,"Law, FinTech and the Platform Economy",research
LL5460V,"Law, FinTech and the Platform Economy",communication
LL5463,National Arts Council Externship,research
LL5463V,National Arts Council Externship,research
LL5479,Challenges of Emerging Technologies to Financial Regulation.,finance
LL5479V,Challenges of Emerging Technologies to Financial Regulation,finance
LL5488,Digital Technologies and Human Rights,artificial intelligence
LL5488V,Digital Technologies and Human Rights,artificial intelligence
LL5493,Law and Technology,python
LL5493,Law and Technology,artificial intelligence
LL5493V,Law and Technology,python
LL5493V,Law and Technology,artificial intelligence
LL5502,Sustainable Development and International Law,research
LL5502V,Sustainable Development and International Law,research
LL5512S,Digital Law and Policy in China,artificial intelligence
LL5512S,Digital Law and Policy in China,presentation
LL5514,Multidisciplinary Approach to Crime & Criminal Justice,research
LL5514V,Multidisciplinary Approach to Crime & Criminal Justice,research
LL5517,Design and Negotiation for Lawyers,teamwork
LL5517,Design and Negotiation for Lawyers,design thinking
LL5523,Corporate Governance - Law and Theory,finance
LL5524,Business Law in China,finance
LL5527,Business Valuation in Practice,accounting
LL5527V,Business Valuation in Practice,accounting
LL5530,Law and Natural Language Processing,python
LL5530,Law and Natural Language Processing,machine learning
LL5530,Law and Natural Language Processing,artificial intelligence
LL5530,Law and Natural Language Processing,nlp
LL5530,Law and Natural Language Processing,natural language processing
LL5530V,Law and Natural Language Processing,python
LL5530V,Law and Natural Language Processing,machine learning
LL5530V,Law and Natural Language Processing,artificial intelligence
LL5530V,Law and Natural Language Processing,nlp
LL5530V,Law and Natural Language Processing,natural language processing
LL5532X,"Law, Algorithms and Artificial Intelligence",statistics
LL5532X,"Law, Algorithms and Artificial Intelligence",machine learning
LL5532X,"Law, Algorithms and Artificial Intelligence",natural language processing
LL5534,Law and Economics of Climate Change,finance
LL5534V,Law and Economics of Climate Change,finance
LL5535,Supervised Judicial Research,research
LL5545,Contract Theory,research
LL5552,Crime: Introduction to Anthropology of Law,research
LL5554,Advanced Corporate Finance,finance
LL5554V,Advanced Corporate Finance,finance
LL6007V,Biotechnology Law,research
LL6007V,Biotechnology Law,presentation
LL6009,Modern Chinese Law & Legal Chinese,finance
LL6009GRSI,Graduate Research Seminar I (Legal Scholarship),research
LL6009V,Modern Chinese Law & Legal Chinese,finance
LL6034,International Regulation of Shipping,communication
LL6034V,International Regulation of Shipping,communication
LL6056A,Tax Planning & Policy,accounting
LL6056AV,Tax Planning & Policy,accounting
LL6056B,Tax Planning & Policy,accounting
LL6056BV,Tax Planning & Policy,accounting
LL6061,Inquiry,research
LL6061V,Inquiry,research
LL6063,Business & Finance For Lawyers,finance
LL6063,Business & Finance For Lawyers,accounting
LL6063V,Business & Finance For Lawyers,finance
LL6063V,Business & Finance For Lawyers,accounting
LL6071,"International Patent Law, Policy and Practice",research
LL6071V,"International Patent Law, Policy and Practice",research
LL6074,Mergers & Acquisitions,accounting
LL6074V,Mergers & Acquisitions,accounting
LL6094,The Pro Bono Family Law Litigation Clinic,research
LL6094V,The Pro Bono Family Law Litigation Clinic,research
LL6109,International Law & Asia,research
LL6109V,International Law & Asia,research
LL6129,Indian Business Law,finance
LL6148,Secured Transactions Law,finance
LL6188,Corporate Finance Law,finance
LL6188V,Corporate Finance Law,finance
LL6190,Freedom of Speech: Critical & Comparative Perspectives,research
LL6190V,Freedom of Speech: Critical & Comparative Perspectives,research
LL6193V,An Introduction to Negotiating & Drafting Commercial Contracts,writing
LL6195V,International Economic Law & Relations,finance
LL6204,Islamic Finance Law,finance
LL6208,Advanced Criminal Legal Process,research
LL6208V,Advanced Criminal Legal Process,research
LL6209,Legal Argument & Narrative,presentation
LL6209V,Legal Argument & Narrative,presentation
LL6218V,Asian Legal Studies Colloquium,research
LL6231,Transition and the Rule of Law in Myanmar,research
LL6231,Transition and the Rule of Law in Myanmar,presentation
LL6238,International Corporate Finance,finance
LL6238V,International Corporate Finance,finance
LL6244V,Criminal Practice,communication
LL6245V,Regulatory Foundations of Public Law,research
LL6250,Principles of Equity Financing,finance
LL6257,Law & Finance,research
LL6257,Law & Finance,presentation
LL6272,International Financial System: Law and Practice,finance
LL6277V,Medical Law and Ethics,research
LL6279V,Access to Justice,research
LL6283V,"Artificial Intelligence, Information Science & Law",machine learning
LL6283V,"Artificial Intelligence, Information Science & Law",natural language processing
LL6290V,Traditions of Legal Research,research
LL6297,Practice of Corporate Finance and the Law,finance
LL6300,Copyright in the Internet Age,communication
LL6302,Int'l Regulation of Finance & Investment Markets,leadership
LL6302V,Int'l Regulation of Finance & Investment Markets,leadership
LL6333,International Criminal Law Clinic,research
LL6333,International Criminal Law Clinic,critical thinking
LL6333V,International Criminal Law Clinic,research
LL6333V,International Criminal Law Clinic,critical thinking
LL6335V,Multinational Enterprises and International Law,finance
LL6352,China and International Economic Law,research
LL6352V,China and International Economic Law,research
LL6362V,Advanced Criminal Litigation - Forensics on Trial,communication
LL6368,Comparative Constitutionalism,research
LL6368V,Comparative Constitutionalism,research
LL6379,Future of Int'l Commercial Arbitration in APAC Region,artificial intelligence
LL6379V,Future of Int'l Commercial Arbitration in APAC Region,artificial intelligence
LL6389,Asset-Based Financing: Quasi-Security Devices,finance
LL6389V,Asset-Based Financing: Quasi-Security Devices,finance
LL6407,Law of Insurance,artificial intelligence
LL6434,International Commodity Trading Law Clinic,finance
LL6434V,International Commodity Trading Law Clinic,finance
LL6435,Foundations of Environmental Law,research
LL6435V,Foundations of Environmental Law,research
LL6442,Digital Trade and Digital Economy,artificial intelligence
LL6442V,Digital Trade and Digital Economy,artificial intelligence
LL6447,Law and Data Science,research
LL6447V,Law and Data Science,research
LL6450,Singapore Legal History,research
LL6450V,Singapore Legal History,research
LL6455,Taxation of Cross-Border Commercial Transactions II,accounting
LL6455V,Taxation of Cross-Border Commercial Transactions II,accounting
LL6460,"Law, FinTech and the Platform Economy",research
LL6460,"Law, FinTech and the Platform Economy",communication
LL6460V,"Law, FinTech and the Platform Economy",research
LL6460V,"Law, FinTech and the Platform Economy",communication
LL6463,National Arts Council Externship,research
LL6463V,National Arts Council Externship,research
LL6479,Challenges of Emerging Technologies to Financial Regulation.,finance
LL6479V,Challenges of Emerging Technologies to Financial Regulation,finance
LL6488,Digital Technologies and Human Rights,artificial intelligence
LL6488V,Digital Technologies and Human Rights,artificial intelligence
LL6493,Law and Technology,python
LL6493,Law and Technology,artificial intelligence
LL6493V,Law and Technology,python
LL6493V,Law and Technology,artificial intelligence
LL6502,Sustainable Development and International Law,research
LL6502V,Sustainable Development and International Law,research
LL6514,Multidisciplinary Approach to Crime & Criminal Justice,research
LL6514V,Multidisciplinary Approach to Crime & Criminal Justice,research
LL6517,Design and Negotiation for Lawyers,teamwork
LL6517,Design and Negotiation for Lawyers,design thinking
LL6523,Corporate Governance - Law and Theory,finance
LL6524,Business Law in China,finance
LL6527,Business Valuation in Practice,accounting
LL6527V,Business Valuation in Practice,accounting
LL6530,Law and Natural Language Processing,python
LL6530,Law and Natural Language Processing,machine learning
LL6530,Law and Natural Language Processing,artificial intelligence
LL6530,Law and Natural Language Processing,nlp
LL6530,Law and Natural Language Processing,natural language processing
LL6530V,Law and Natural Language Processing,python
LL6530V,Law and Natural Language Processing,machine learning
LL6530V,Law and Natural Language Processing,artificial intelligence
LL6530V,Law and Natural Language Processing,nlp
LL6530V,Law and Natural Language Processing,natural language processing
LL6534,Law and Economics of Climate Change,finance
LL6534V,Law and Economics of Climate Change,finance
LL6535,Supervised Judicial Research,research
LL6545,Contract Theory,research
LL6552,Crime: Introduction to Anthropology of Law,research
LL6554,Advanced Corporate Finance,finance
LL6554V,Advanced Corporate Finance,finance
LLD5007V,Biotechnology Law,research
LLD5007V,Biotechnology Law,presentation
LLD5034,International Regulation of Shipping,communication
LLD5034V,International Regulation of Shipping,communication
LLD5063,Business & Finance For Lawyers,finance
LLD5063,Business & Finance For Lawyers,accounting
LLD5063V,Business & Finance For Lawyers,finance
LLD5063V,Business & Finance For Lawyers,accounting
LLD5407,Law of Insurance,artificial intelligence
LLJ5007V,Biotechnology Law,research
LLJ5007V,Biotechnology Law,presentation
LLJ5009,Modern Chinese Law & Legal Chinese,finance
LLJ5009V,Modern Chinese Law & Legal Chinese,finance
LLJ5034,International Regulation of Shipping,communication
LLJ5034V,International Regulation of Shipping,communication
LLJ5056AV,Tax Planning & Policy,accounting
LLJ5056BV,Tax Planning & Policy,accounting
LLJ5061,Inquiry,research
LLJ5061V,Inquiry,research
LLJ5063V,Business & Finance For Lawyers,finance
LLJ5063V,Business & Finance For Lawyers,accounting
LLJ5071,"International Patent Law, Policy and Practice",research
LLJ5071V,"International Patent Law, Policy and Practice",research
LLJ5074,Mergers & Acquisitions,accounting
LLJ5074V,Mergers & Acquisitions,accounting
LLJ5094,The Pro Bono Family Law Litigation Clinic,research
LLJ5094F,The Evolving Legal Landscapes Clinic,research
LLJ5094FV,The Evolving Legal Landscapes Clinic,research
LLJ5094G,The NUS CPBCLE Start Up Clinic,research
LLJ5094G,The NUS CPBCLE Start Up Clinic,marketing
LLJ5094G,The NUS CPBCLE Start Up Clinic,entrepreneurship
LLJ5094GV,The NUS CPBCLE Start Up Clinic,research
LLJ5094GV,The NUS CPBCLE Start Up Clinic,marketing
LLJ5094GV,The NUS CPBCLE Start Up Clinic,entrepreneurship
LLJ5094V,The Pro Bono Family Law Litigation Clinic,research
LLJ5109V,International Law & Asia,research
LLJ5129,Indian Business Law,finance
LLJ5148,Secured Transactions Law,finance
LLJ5188,Corporate Finance Law,finance
LLJ5188V,Corporate Finance Law,finance
LLJ5190,Freedom of Speech: Critical & Comparative Perspectives,research
LLJ5190V,Freedom of Speech: Critical & Comparative Perspectives,research
LLJ5193V,An Introduction to Negotiating & Drafting Commercial Contracts,writing
LLJ5195V,International Economic Law & Relations,finance
LLJ5204,Islamic Finance Law,finance
LLJ5208V,Advanced Criminal Legal Process,research
LLJ5209V,Legal Argument & Narrative,presentation
LLJ5218V,Asian Legal Studies Colloquium,research
LLJ5231,Transition and the Rule of Law in Myanmar,research
LLJ5231,Transition and the Rule of Law in Myanmar,presentation
LLJ5238V,International Corporate Finance,finance
LLJ5244V,Criminal Practice,communication
LLJ5245V,Regulatory Foundations of Public Law,research
LLJ5250,Principles of Equity Financing,finance
LLJ5257,Law & Finance,research
LLJ5257,Law & Finance,presentation
LLJ5272,International Financial System: Law and Practice,finance
LLJ5277V,Medical Law and Ethics,research
LLJ5279V,Access to Justice,research
LLJ5283V,"Artificial Intelligence, Information Science & Law",machine learning
LLJ5283V,"Artificial Intelligence, Information Science & Law",natural language processing
LLJ5290V,Traditions of Legal Research,research
LLJ5297,Practice of Corporate Finance and the Law,finance
LLJ5300,Copyright in the Internet Age,communication
LLJ5302,Int'l Regulation of Finance & Investment Markets,leadership
LLJ5335V,Multinational Enterprises and International Law,finance
LLJ5352,China and International Economic Law,research
LLJ5368,Comparative Constitutionalism,research
LLJ5379V,Future of Int'l Commercial Arbitration in APAC Region,artificial intelligence
LLJ5396,University Research Opportunities Programme,research
LLJ5396V,International Arbitration & Dispute Resolution Research,research
LLJ5397V,International Arbitration & Dispute Resolution Research,research
LLJ5407,Law of Insurance,artificial intelligence
LLJ5434V,International Commodity Trading Law Clinic,finance
LLJ5435,Foundations of Environmental Law,research
LLJ5442,Digital Trade and Digital Economy,artificial intelligence
LLJ5442V,Digital Trade and Digital Economy,artificial intelligence
LLJ5447,Law and Data Science,research
LLJ5447V,Law and Data Science,research
LLJ5450,Singapore Legal History,research
LLJ5450V,Singapore Legal History,research
LLJ5455,Taxation of Cross-Border Commercial Transactions II,accounting
LLJ5455V,Taxation of Cross-Border Commercial Transactions II,accounting
LLJ5460,"Law, FinTech and the Platform Economy",research
LLJ5460,"Law, FinTech and the Platform Economy",communication
LLJ5460V,"Law, FinTech and the Platform Economy",research
LLJ5460V,"Law, FinTech and the Platform Economy",communication
LLJ5463,National Arts Council Externship,research
LLJ5463V,National Arts Council Externship,research
LLJ5479,Challenges of Emerging Technologies to Financial Regulation.,finance
LLJ5479V,Challenges of Emerging Technologies to Financial Regulation,finance
LLJ5488,Digital Technologies and Human Rights,artificial intelligence
LLJ5488V,Digital Technologies and Human Rights,artificial intelligence
LLJ5493,Law and Technology,python
LLJ5493,Law and Technology,artificial intelligence
LLJ5493V,Law and Technology,python
LLJ5493V,Law and Technology,artificial intelligence
LLJ5502,Sustainable Development and International Law,research
LLJ5502V,Sustainable Development and International Law,research
LLJ5514,Multidisciplinary Approach to Crime & Criminal Justice,research
LLJ5514V,Multidisciplinary Approach to Crime & Criminal Justice,research
LLJ5517,Design and Negotiation for Lawyers,teamwork
LLJ5517,Design and Negotiation for Lawyers,design thinking
LLJ5523,Corporate Governance - Law and Theory,finance
LLJ5524,Business Law in China,finance
LLJ5527,Business Valuation in Practice,accounting
LLJ5527V,Business Valuation in Practice,accounting
LLJ5530,Law and Natural Language Processing,python
LLJ5530,Law and Natural Language Processing,machine learning
LLJ5530,Law and Natural Language Processing,artificial intelligence
LLJ5530,Law and Natural Language Processing,nlp
LLJ5530,Law and Natural Language Processing,natural language processing
LLJ5530V,Law and Natural Language Processing,python
LLJ5530V,Law and Natural Language Processing,machine learning
LLJ5530V,Law and Natural Language Processing,artificial intelligence
LLJ5530V,Law and Natural Language Processing,nlp
LLJ5530V,Law and Natural Language Processing,natural language processing
LLJ5534,Law and Economics of Climate Change,finance
LLJ5534V,Law and Economics of Climate Change,finance
LLJ5535,Supervised Judicial Research,research
LLJ5545,Contract Theory,research
LLJ5552,Crime: Introduction to Anthropology of Law,research
LLJ5554,Advanced Corporate Finance,finance
LLJ5554V,Advanced Corporate Finance,finance
LSE6101,Fundamentals of Environmental Life Sciences Engineering,research
LSM1111,Biological Challenges and Opportunities for Humankind,research
LSM1111,Biological Challenges and Opportunities for Humankind,critical thinking
LSM1303,Animal Behaviour,communication
LSM2288R,Basic UROPS in Life Sciences I (REx),research
LSM2288R,Basic UROPS in Life Sciences I (REx),writing
LSM2289R,Basic UROPS in Life Sciences II (REx),research
LSM2289R,Basic UROPS in Life Sciences II (REx),writing
LSM2302,Computational Thinking for Life Sciences,r programming
LSM3201,Research and Communication in Life Sciences,research
LSM3201,Research and Communication in Life Sciences,communication
LSM3216,Neuronal Development and Diseases,research
LSM3217,Human Ageing,research
LSM3222,Human Neuroanatomy,research
LSM3223,Immunology,presentation
LSM3224,Molecular Basis of Human Diseases,research
LSM3235,Biomedical Applications of Human Epigenetics,research
LSM3241,Genomic Data Analysis,data analysis
LSM3245,RNA Biology and Technology,research
LSM3257,Applied Data Analysis in Ecology and Evolution,data analysis
LSM3257,Applied Data Analysis in Ecology and Evolution,r programming
LSM3288R,Advanced UROPS in Life Sciences I (REx),research
LSM3288R,Advanced UROPS in Life Sciences I (REx),writing
LSM3289R,Advanced UROPS in Life Sciences II (REx),research
LSM3289R,Advanced UROPS in Life Sciences II (REx),writing
LSM4199,Honours Project in Life Sciences,research
LSM4215,Extreme Physiology,research
LSM4216,Molecular Nutrition and Metabolic Biology,research
LSM4220,Molecular Basis of Human Diseases,research
LSM4222,Advanced Immunology,research
LSM4225,Genetic Medicine in the Post-Genomic Era,research
LSM4226,Infection and Immunity,research
LSM4229,Therapeutic and diagnostic agents from animal toxins,research
LSM4236,Human Microscopic Anatomy,research
LSM4242,Protein Engineering,research
LSM4245,Advanced Epigenetics and Chromatin Biology,research
LSM4252,Reproductive Biology,research
LSM4258,Urban Ecology,research
LSM4258,Urban Ecology,presentation
LSM4263,Field Studies in Biodiversity,research
LSM4265,Urban Ecology,research
LSM4265,Urban Ecology,presentation
LSM4267,Light & Vision in Animal Communication,communication
LSM4270,Intertidal Ecology,research
LSM4288C,Research Project in Life Sciences,research
LSM4288E,Research Project in Life Sciences,research
LSM4288M,Research Project in Life Sciences,research
LSM4288X,Research Project in Life Sciences,research
LSM4299,Applied Project in Life Sciences,presentation
LSM4351,Vegetation and Plant Diversity of Southeast Asia,research
LSM4352,Sustainable Urban Food Production for Food Security,research
LX5103,Environmental Law,research
MA1100T,Basic Discrete Mathematics (T),problem solving
MA1311,Matrix Algebra,statistics
MA1311,Matrix Algebra,research
MA1505,Mathematics I,problem solving
MA2001,Linear Algebra I,r programming
MA2101S,Linear Algebra II (S),problem solving
MA2108S,Mathematical Analysis I (S),problem solving
MA2202S,Algebra I (S),problem solving
MA2214,Combinatorics and Graphs I,research
MA2288,Basic UROPS in Mathematics I,research
MA2288R,Basic UROPS in Mathematics I (REx),research
MA2288R,Basic UROPS in Mathematics I (REx),writing
MA2289R,Basic UROPS in Mathematics II (REx),research
MA2289R,Basic UROPS in Mathematics II (REx),writing
MA2401,Introductory Mathematics with R,r programming
MA3211S,Complex Analysis I (S),problem solving
MA3227,Numerical Analysis II,finance
MA3233,Combinatorics and Graphs II,research
MA3238,Stochastic Processes I,statistics
MA3270,Mathematics for Artificial Intelligence,machine learning
MA3270,Mathematics for Artificial Intelligence,artificial intelligence
MA3288,Advanced UROPS in Mathematics I,research
MA3288R,Advanced UROPS in Mathematics I (REx),research
MA3288R,Advanced UROPS in Mathematics I (REx),writing
MA3289R,Advanced UROPS in Mathematics II (REx),research
MA3289R,Advanced UROPS in Mathematics II (REx),writing
MA4198,Mathematics Capstone Project,research
MA4198,Mathematics Capstone Project,presentation
MA4251,Stochastic Processes II,statistics
MA4254,Discrete Optimization,research
MA4260,Stochastic Operations Research,research
MA4261,Information and Coding Theory,machine learning
MA4261,Information and Coding Theory,communication
MA4262,Measure and Integration,statistics
MA4270,Data Modelling and Computation,machine learning
MA4275,Mathematics of Reinforcement Learning,machine learning
MA4288D,Undergraduate Project in Mathematics,research
MA4288D,Undergraduate Project in Mathematics,presentation
MA4288O,Undergraduate Project in Mathematics,research
MA4288O,Undergraduate Project in Mathematics,presentation
MA4288P,Undergraduate Project in Mathematics,research
MA4288P,Undergraduate Project in Mathematics,presentation
MA4291,Undergraduate Topics in Mathematics I,research
MA4292,Undergraduate Topics in Mathematics II,research
MA5198,Graduate Seminar Course in Mathematics,research
MA5232,Modeling and Numerical Simulations,finance
MA5238,Fourier Analysis,r programming
MA5244,Advanced Topics in Operations Research,research
MA5245,Advanced Financial Mathematics,finance
MA5248,Stochastic Analysis in Mathematical Finance,finance
MA5248A,Stochastic Analysis in Mathematical Finance,finance
MA5252,Methods of Applied Mathematics,research
MA5262,Stochastic Operations Research Models,research
MA5264,Computational Molecular Biology Ii,research
MA5269,Optimal Stopping and Stochastic Control in Finance,finance
MA5272,Mathematical Underpinnings of Data Science,machine learning
MA5272,Mathematical Underpinnings of Data Science,research
MA5295,Dissertation For Msc By Coursework,research
MA5295,Dissertation For Msc By Coursework,presentation
MA6252,Topics in Applied Mathematics Ii,machine learning
MA6253,Conic Programming,research
MA6292,Topics in Mathematics Ii,machine learning
MB5102,Topics in Mechanobiology,writing
MB5102,Topics in Mechanobiology,presentation
MB5103,Research Seminars in Mechanobiology,research
MB5103,Research Seminars in Mechanobiology,communication
MB5104,Integrative Approach To Understand Cell Functions,research
MCI5001,Design and Planning of Clinical Studies,research
MCI5002,Clinical Biostatistics I,statistics
MCI5003,Basic Clinical Pharmacology For Clinical Research,research
MCI5004,Molecular Biomarkers in Clinical Research,research
MCI5005,Ethics and Regulation of Clinical Research,research
MCI5007,Scientific Writing,research
MCI5007,Scientific Writing,writing
MCI5008,Research Project,research
MCI5009,Health Services Research Methods for Clinicians,statistics
MCI5009,Health Services Research Methods for Clinicians,data analysis
MCI5009,Health Services Research Methods for Clinicians,research
MD1902,Professional Practice 1: The Foundations of Health Professionalism,communication
MD1902C,Professional Practice 1: The Foundations of Health Professionalism,communication
MD1903,Professional Practice 2: Basic Skills in Health Professionalism,communication
MD1903,Professional Practice 2: Basic Skills in Health Professionalism,teamwork
MD1903C,Professional Practice 2: Basic Skills in Health Professionalism,communication
MD1903C,Professional Practice 2: Basic Skills in Health Professionalism,teamwork
MD2150,Clinical Skills Foundation Programme,communication
MD4150,Community Health Posting,biostatistics
MD4150,Community Health Posting,research
MD5150,Student Internship Program,communication
MD5151,Student Internship Program,communication
MD5160,Electives,research
MDG5102,Techniques in Biomedical Research,data analysis
MDG5102,Techniques in Biomedical Research,research
MDG5207,Clinical immunology and Immunotherapeutics,research
MDG5215,Healthcare Law & Ethics,critical thinking
MDG5218,Biochemical and genetic approaches to understanding cell biology,research
MDG5218,Biochemical and genetic approaches to understanding cell biology,writing
MDG5218,Biochemical and genetic approaches to understanding cell biology,presentation
MDG5220,Array and Omics,research
MDG5221,Viral vectors for manipulating gene expression,research
MDG5221,Viral vectors for manipulating gene expression,presentation
MDG5227,Bio-Innovation & Entrepreneurship,writing
MDG5229,Advanced Topics in Signal Transduction,research
MDG5230,Bioethics: Core Philosophical and Empirical Approaches,research
MDG5231,Topics in Biomedical and Behavioural Research Ethics,research
MDG5232,Current Practices in Biotechnology,research
MDG5233,Current Topics in Drug Design and Development,data analysis
MDG5234,Independent Study Course (CBmE),research
MDG5236,Pathways to Biomedical Innovation and Enterprise,research
MDG5237,Biomedical Innovation Capstone,research
MDG5237,Biomedical Innovation Capstone,presentation
MDG5240,Independent Study Course – Innovation Capstone Project,research
MDG5240,Independent Study Course – Innovation Capstone Project,critical thinking
MDG5241,Advanced Statistical Methods for Bioinformatics,data analysis
MDG5241,Advanced Statistical Methods for Bioinformatics,machine learning
MDG5242,Molecular Imaging: Advanced Techniques and Applications,research
MDG5244,Behavioral & Cognitive Neuroscience,machine learning
MDG5246,Infectious Diseases: Principles & Research Methods,research
MDG5246,Infectious Diseases: Principles & Research Methods,communication
MDG5246,Infectious Diseases: Principles & Research Methods,presentation
MDG5248,Ethics of Health Data and Artificial Intelligence,machine learning
MDG5248,Ethics of Health Data and Artificial Intelligence,artificial intelligence
MDG5250,Foundations and Methods in Bioethics: Part I,research
MDG5252,Understanding IP and Patents in the Biomedical Industry,entrepreneurship
MDG5253,Molecular Imaging: Advanced Techniques and Applications,artificial intelligence
MDG5253,Molecular Imaging: Advanced Techniques and Applications,research
MDG5254,Advanced Hands-on Techniques in Electron Microscopy,research
MDG5256,Machine Learning in Medicine,machine learning
MDG5256,Machine Learning in Medicine,research
MDG5256,Machine Learning in Medicine,presentation
MDG5600,Industry Experiential Internship,research
MDG5771,Graduate Research Seminar,research
ME1102,Engineering Principles and Practice I,excel
ME3000,Independent Study 1,research
ME3001,Independent Study 2,research
ME3101,Mechanical Systems Design I,presentation
ME3103,Mechanical Systems Design,project management
ME3103,Mechanical Systems Design,writing
ME3103,Mechanical Systems Design,presentation
ME3273E,Understanding Experimental Data,statistics
ME4101,Bachelor Of Engineering Dissertation,research
ME4101A,Bachelor Of Engineering Dissertation,research
ME4101A,Bachelor Of Engineering Dissertation,writing
ME4101B,Mechanical Systems Design,research
ME4103,Mechanical Engineering and Society,leadership
ME4103,Mechanical Engineering and Society,project management
ME4105,Specialisation Study Module,research
ME4231,Aerodynamics,r programming
ME4232,Small Aircraft and Unmanned Aerial Vehicles,artificial intelligence
ME4232,Small Aircraft and Unmanned Aerial Vehicles,r programming
ME4233,Computational Methods In Fluid Mechanics,writing
ME4253,Biomaterials Engineering,problem solving
ME5161,Optical Techniques in Experimental Stress Analysis,research
ME5302,Computational Fluid Mechanics,research
ME5302,Computational Fluid Mechanics,r programming
ME5304,Experimental Fluid Mechanics,research
ME5311,Data-Driven Engineering and Machine Learning,machine learning
ME5311T,Data-Driven Engineering and Machine Learning,machine learning
ME5361,Advanced Computational Fluid Dynamics,research
ME5400,Robotics Project,machine learning
ME5402,Advanced Robotics,research
ME5405A,Machine Vision Fundamentals,research
ME5406,Deep Learning for Robotics,deep learning
ME5418,Machine Learning in Robotics,python
ME5418,Machine Learning in Robotics,machine learning
ME5418,Machine Learning in Robotics,critical thinking
ME5418T,Machine Learning in Robotics,python
ME5418T,Machine Learning in Robotics,machine learning
ME5418T,Machine Learning in Robotics,critical thinking
ME5423,Topics in Robotics,research
ME5518,Functional Materials for Mechanical Engineering,research
ME5666,Industrial Attachment,research
ME6103,Optical Measurement and Quality Inspection,research
ME6108,Advances in Vibroacoustics,research
ME6201,Research Topics in Thermodynamics and Heat Transfer,research
ME6202,Topics in Thermodynamics and Heat Transfer,research
ME6301,Research Topics in Fluid Dynamics,research
ME6302A,Topics in Fluid Dynamics: Theory of Hydrodynamic Stability,research
ME6401,Topics in Mechatronics 1,artificial intelligence
ME6401,Topics in Mechatronics 1,research
ME6402,Topics in Mechatronics 2,artificial intelligence
ME6402,Topics in Mechatronics 2,research
ME6505,Engineering Materials in Medicine,research
ME6601,Research Topics in Manufacturing,research
MEM5102,Applied Research Methodology,research
MIH3201,Integrative Health Capstone,presentation
MKT1705,Principles of Marketing,research
MKT1705,Principles of Marketing,marketing
MKT1705A,Principles of Marketing,research
MKT1705A,Principles of Marketing,marketing
MKT1705B,Principles of Marketing,research
MKT1705B,Principles of Marketing,marketing
MKT1705C,Principles of Marketing,research
MKT1705C,Principles of Marketing,marketing
MKT1705D,Principles of Marketing,research
MKT1705D,Principles of Marketing,marketing
MKT1705E,Principles of Marketing,research
MKT1705E,Principles of Marketing,marketing
MKT1705F,Principles of Marketing,research
MKT1705F,Principles of Marketing,marketing
MKT1705X,Principles of Marketing,research
MKT1705X,Principles of Marketing,marketing
MKT2711,Marketing Venture Challenge,marketing
MKT2711A,Marketing Venture Challenge,marketing
MKT2711B,Marketing Venture Challenge,marketing
MKT3401,Marketing Strategy: Analysis and Practice,marketing
MKT3401A,Marketing Strategy: Analysis and Practice,marketing
MKT3401B,Marketing Strategy: Analysis and Practice,marketing
MKT3402,Consumer Behaviour,research
MKT3402,Consumer Behaviour,marketing
MKT3402A,Consumer Behaviour,research
MKT3402B,Consumer Behaviour,research
MKT3402B,Consumer Behaviour,marketing
MKT3402C,Consumer Behaviour,research
MKT3402C,Consumer Behaviour,marketing
MKT3402D,Consumer Behaviour,research
MKT3402D,Consumer Behaviour,marketing
MKT3415,Digital Marketing,research
MKT3415,Digital Marketing,marketing
MKT3416,Business-to-Business Marketing,marketing
MKT3416A,Business-to-Business Marketing,marketing
MKT3416B,Business-to-Business Marketing,marketing
MKT3418,Product And Brand Management,marketing
MKT3418A,Product and Brand Management,marketing
MKT3418B,Product and Brand Management,marketing
MKT3420,Advertising & Promotion Management,research
MKT3420,Advertising & Promotion Management,communication
MKT3420B,Promotional Management,research
MKT3420B,Promotional Management,communication
MKT3421,Marketing Analysis & Decision Making,excel
MKT3421,Marketing Analysis & Decision Making,research
MKT3421,Marketing Analysis & Decision Making,marketing
MKT3422B,TIM: Marketing in Developing & Emerging Economies,communication
MKT3422B,TIM: Marketing in Developing & Emerging Economies,marketing
MKT3422C,TIM: Social Impact Marketing,marketing
MKT3422D,TIM: Sustainability Marketing,marketing
MKT3422E,TIM: Marketing in Social Networks,research
MKT3422E,TIM: Marketing in Social Networks,marketing
MKT3424,Branding Strategy,communication
MKT3425,Retail Marketing,marketing
MKT3427,Research for Marketing Insights,data analysis
MKT3427,Research for Marketing Insights,research
MKT3427,Research for Marketing Insights,writing
MKT3427,Research for Marketing Insights,presentation
MKT3427,Research for Marketing Insights,marketing
MKT3428,Wealth Management Marketing,marketing
MKT3429,Independent Study in Marketing,research
MKT3429,Independent Study in Marketing,writing
MKT3439,Independent Study in Marketing,research
MKT3439,Independent Study in Marketing,writing
MKT3701,Marketing Strategy: Analysis and Practice,marketing
MKT3701A,Marketing Strategy: Analysis and Practice,marketing
MKT3701B,Marketing Strategy: Analysis and Practice,marketing
MKT3702,Consumer Behaviour,research
MKT3702,Consumer Behaviour,marketing
MKT3702A,Consumer Behaviour,research
MKT3702A,Consumer Behaviour,marketing
MKT3702B,Consumer Behaviour,research
MKT3702B,Consumer Behaviour,marketing
MKT3711,Services Marketing,marketing
MKT3714,Digital Marketing,research
MKT3714,Digital Marketing,marketing
MKT3714A,Digital Marketing,research
MKT3714A,Digital Marketing,marketing
MKT3714B,Digital Marketing,research
MKT3714B,Digital Marketing,marketing
MKT3715,Business-to-Business Marketing,marketing
MKT3715A,Business-to-Business Marketing,marketing
MKT3715B,Business-to-Business Marketing,marketing
MKT3717,Product & Brand Management,marketing
MKT3717A,Product & Brand Management,marketing
MKT3717B,Product & Brand Management,marketing
MKT3718,Advertising & Promotion Management,research
MKT3718,Advertising & Promotion Management,communication
MKT3719,Branding Strategy,communication
MKT3720,Retail Marketing,marketing
MKT3722,Research for Marketing Insights,data analysis
MKT3722,Research for Marketing Insights,research
MKT3722,Research for Marketing Insights,writing
MKT3722,Research for Marketing Insights,presentation
MKT3722,Research for Marketing Insights,marketing
MKT3723,Wealth Management Marketing,marketing
MKT3724,Sustainability Marketing,marketing
MKT3751,Independent Study in Marketing,research
MKT3751,Independent Study in Marketing,writing
MKT3752,Indep Study in Mkting (2 Units),research
MKT3752,Indep Study in Mkting (2 Units),writing
MKT3761,Topics in Marketing,marketing
MKT3761B,TIM: Marketing in Developing & Emerging Economies,communication
MKT3761B,TIM: Marketing in Developing & Emerging Economies,marketing
MKT3761C,TIM: Social Impact Marketing,marketing
MKT3761D,TIM: Sustainability Marketing,marketing
MKT3761E,TIM: Marketing in Social Networks,research
MKT3761E,TIM: Marketing in Social Networks,marketing
MKT3761X,Topics in Marketing,marketing
MKT3761Y,Topics in Marketing,marketing
MKT3761Z,Topics in Marketing,marketing
MKT3811,Marketing Analysis & Decision Making,excel
MKT3811,Marketing Analysis & Decision Making,research
MKT3811,Marketing Analysis & Decision Making,marketing
MKT4413,Pricing Strategy,marketing
MKT4415F,SIM: Growing and Marketing the Next On-Demand Unicorn,marketing
MKT4415G,SIM: Customer Analytics and Visualization,marketing
MKT4415H,SIM: Media Strategy for a Digital Economy,communication
MKT4415H,SIM: Media Strategy for a Digital Economy,finance
MKT4415H,SIM: Media Strategy for a Digital Economy,marketing
MKT4415J,SIM: Personal Selling & Sales Management,marketing
MKT4415L,SIM: Disruption and Marketing,marketing
MKT4415M,SIM: Product Experience Management,marketing
MKT4415M,SIM: Product Experience Management,design thinking
MKT4417,Consumer Decision Making,research
MKT4417,Consumer Decision Making,finance
MKT4418,Consumer Culture Theory,research
MKT4419,Advanced Independent Study in Marketing,research
MKT4419,Advanced Independent Study in Marketing,writing
MKT4420,Marketing Analytics,research
MKT4420,Marketing Analytics,marketing
MKT4429,Advanced Independent Study in Marketing,research
MKT4429,Advanced Independent Study in Marketing,writing
MKT4714,Consumer Decision Making,research
MKT4714,Consumer Decision Making,finance
MKT4715,Business Strategy Simulation for Marketers,marketing
MKT4716,Consumer Culture Theory,research
MKT4720,Product Experience Management,marketing
MKT4720,Product Experience Management,design thinking
MKT4721,Customer Analytics & Visualization,marketing
MKT4722,Personal Selling & Sales Management,marketing
MKT4751,Advanced Independent Study in Marketing,research
MKT4751,Advanced Independent Study in Marketing,writing
MKT4752,Advanced Independent Study in Marketing (2 Units),research
MKT4752,Advanced Independent Study in Marketing (2 Units),writing
MKT4761,Seminars in Marketing,research
MKT4761,Seminars in Marketing,marketing
MKT4761A,SIM: Growing and Marketing the Next On-Demand Unicorn,marketing
MKT4761C,SIM: Media Strategy for a Digital Economy,communication
MKT4761C,SIM: Media Strategy for a Digital Economy,finance
MKT4761C,SIM: Media Strategy for a Digital Economy,marketing
MKT4761F,SIM: Disruption and Marketing,marketing
MKT4761H,SIM: Marketing Strategy & Execution,marketing
MKT4761J,SIM: AI in Marketing,machine learning
MKT4761J,SIM: AI in Marketing,marketing
MKT4761L,SIM: Consumer Insights for Business Growth,research
MKT4761L,SIM: Consumer Insights for Business Growth,marketing
MKT4811,Pricing Strategy,marketing
MKT4811A,Pricing Strategy,marketing
MKT4811B,Pricing Strategy,marketing
MKT4812,Marketing Analytics,research
MKT4812,Marketing Analytics,marketing
ML5198,Graduate Seminar Module in Materials Science,research
ML5198,Graduate Seminar Module in Materials Science,communication
ML5198,Graduate Seminar Module in Materials Science,presentation
MLE1001,Materials Science & Engrg Principles & Practice I,communication
MLE1001B,Materials Science & Engineering Principles & Practice 1,communication
MLE1002,Materials Science & Engineering Principles & Practice II,communication
MLE2103A,Materials Kinetics and Processing,react
MLE3101,Materials Characterisation Laboratory,data analysis
MLE3112,Machine Learning Approaches in Materials Laboratory,machine learning
MLE3112,Machine Learning Approaches in Materials Laboratory,research
MLE4101,B.Eng. Dissertation,research
MLE4101A,BEng Dissertation,research
MLE4101B,B.Eng. Dissertation,research
MLE4101N,B.Eng Dissertation,research
MLE4102,Design Project,problem solving
MLE4102A,Design Project,teamwork
MLE4217,Application of Big Data in Materials Science,data analysis
MLE4217,Application of Big Data in Materials Science,machine learning
MLE4218,AI for Biomaterials Discovery,machine learning
MLE4230,Current Topics in Materials AI,machine learning
MLE4230,Current Topics in Materials AI,artificial intelligence
MLE5001,Basics of Structures & Properties of Materials,r programming
MLE5003,Materials Science &Engineering Project,research
MLE5004,Innovation & Translation Research Project in MSE,teamwork
MLE5210,Modelling and Simulation of Materials,research
MLE5211,Nanomaterials,research
MLE5212,Energy Conversion & Storage,research
MLE5213,Magnetic Materials,research
MLE5214,Advances in Polymeric Materials,research
MLE5217,Foundations of Machine Learning for Materials Science,statistics
MLE5217,Foundations of Machine Learning for Materials Science,machine learning
MLE5217,Foundations of Machine Learning for Materials Science,artificial intelligence
MLE5218,Materials Discovery with AI,machine learning
MLE5219,Materials Informatics: The Role of Big Data,machine learning
MLE5226,Problem Solving for Future Sustainability Challenges,problem solving
MLE5230,Characterizations of Microelectronic Materials,data analysis
MLE5230,Characterizations of Microelectronic Materials,research
MLE5231,Optoelectronics with Organics and Nanocrystals,research
MLE5233,Functional Electronic Devices of Tomorrow,communication
MLE5238,Bioelectronics,writing
MLE5238,Bioelectronics,academic writing
MLE5239,Materials for Biointerfaces,research
MLE5243,Current Topics in Materials AI,machine learning
MLE5243,Current Topics in Materials AI,artificial intelligence
MLE5243,Current Topics in Materials AI,deep learning
MLE5244,Materials and Devices for Quantum Photonics,communication
MLE5249,Advanced Manufacturing of Smart Materials,critical thinking
MLE5666,Industrial Attachment Module,research
MLE6205,Magnetic Materials and Applications,research
MLE6208,Practical Transmission Electron Microscopy,research
MLE6208,Practical Transmission Electron Microscopy,teamwork
MNO2705,Leadership and Decision Making under Uncertainty,research
MNO2705A,Leadership and Decision Making under Uncertainty,research
MNO2705B,Leadership and Decision Making under Uncertainty,research
MNO2705C,Leadership and Decision Making under Uncertainty,research
MNO2705D,Leadership and Decision Making under Uncertainty,research
MNO2705E,Leadership and Decision Making under Uncertainty,research
MNO2705F,Leadership and Decision Making under Uncertainty,research
MNO2706,Business Communication for Leaders (ACC),communication
MNO2711,NUS Young Leaders Programme (NYLP),excel
MNO2711X,NUS Young Leaders Programme (NYLP),excel
MNO2711Y,NUS Young Leaders Programme (NYLP),excel
MNO3301,Organisational Behaviour,communication
MNO3313,Topics in Leadership and Human Capital Management,research
MNO3313F,TIMHC:Managing High Performance Teams,teamwork
MNO3317,Advanced Leadership,leadership
MNO3321,Training and Development,presentation
MNO3322,Negotiations and Bargaining,leadership
MNO3322,Negotiations and Bargaining,problem solving
MNO3325,CEOs as Leaders,leadership
MNO3326,Personal Leadership Development,leadership
MNO3328,Business Leadership Case Analysis,leadership
MNO3329,Independent Study in Leadership & Human Capital Mgmt,research
MNO3329,Independent Study in Leadership & Human Capital Mgmt,writing
MNO3330,Social Entrepreneurship,entrepreneurship
MNO3333,Human Capital Management,leadership
MNO3339,Independent Study in Leadership & Human Capital Mgmt,research
MNO3339,Independent Study in Leadership & Human Capital Mgmt,writing
MNO3702,Negotiation and Conflict Management,leadership
MNO3702,Negotiation and Conflict Management,problem solving
MNO3703,Leading in the 21st Century,leadership
MNO3712,Training and Development,presentation
MNO3717,Business Innovation & Cross-Cultural Communication,communication
MNO3751,Independent Study in Leadership & Human Capital Mgmt,research
MNO3751,Independent Study in Leadership & Human Capital Mgmt,writing
MNO3752,Independent Study in Leadership & Human Capital Mgmt (2 Units),research
MNO3752,Independent Study in Leadership & Human Capital Mgmt (2 Units),writing
MNO3761,Topics in Leadership and Human Capital Management,research
MNO3761X,Topics in Leadership and Human Capital Management,research
MNO3761Y,Topics in Leadership and Human Capital Management,research
MNO3761Z,Topics in Leadership and Human Capital Management,research
MNO3811,Social Entrepreneurship,entrepreneurship
MNO4313,Seminars in Leadership and Human Capital Management,leadership
MNO4313D,SILHCM: Corp Entrepreneurship & Busi Model Evaluation,communication
MNO4313D,SILHCM: Corp Entrepreneurship & Busi Model Evaluation,entrepreneurship
MNO4313J,SILHCM: Talent Development and Performing with Impact,leadership
MNO4314,Consulting to Management,research
MNO4315,Global Management of Asian Multinationals,leadership
MNO4319,Adv Independent Study in Leadership & Human Capital Mgt,research
MNO4319,Adv Independent Study in Leadership & Human Capital Mgt,writing
MNO4329,Adv Independent Study in Leadership & Human Capital Mgt,research
MNO4329,Adv Independent Study in Leadership & Human Capital Mgt,writing
MNO4711,Consulting to Management,research
MNO4716,Using R for HR analytics and machine learning,r programming
MNO4716,Using R for HR analytics and machine learning,machine learning
MNO4751,Adv Independent Study in Leadership & Human Capital Mgt,research
MNO4751,Adv Independent Study in Leadership & Human Capital Mgt,writing
MNO4752,Adv Independent Study in Leadership & Human Capital Mgt (2 MC),research
MNO4752,Adv Independent Study in Leadership & Human Capital Mgt (2 MC),writing
MNO4761,Seminars in Leadership and Human Capital Management,leadership
MNO4761C,SILHCM: Talent Development and Performing with Impact,leadership
MNO4861C,SILHCM: Corp Entrepreneurship & Busi Model Evaluation,communication
MNO4861C,SILHCM: Corp Entrepreneurship & Busi Model Evaluation,entrepreneurship
MS2215,"Princes, Ports, Pomp, Piety and Pen in the Malay World",writing
MS2216,Fieldwork in Studies of Malay Society,research
MS3211,Political Culture of the Malays,leadership
MS3217,"Political Economy, Ethnicity, Religion",entrepreneurship
MS3551,FASS Undergraduate Research Opportunity (UROP),research
MS3551R,FASS Undergraduate Research Opportunity (UROP),research
MS3551R,FASS Undergraduate Research Opportunity (UROP),writing
MS4401,Honours Thesis,research
MS4401HM,Honours Thesis,research
MS5101,Social Science and Malay Studies,research
MS5201,Critiques in Malay Studies,research
MS5660,Independent Study,research
MS6202,Elite and Intellectuals in Malay Society,leadership
MS6205,Approaches to Studying Islam in Society,research
MS6660,Independent Study,research
MS6770,Graduate Research Seminar,research
MS6770,Graduate Research Seminar,writing
MS6770,Graduate Research Seminar,presentation
MSI5001,"Introduction to AI: Concepts, Applications, and Evaluation",artificial intelligence
MSI5002,Management of Technological Innovation with AI,artificial intelligence
MSI5003,Innovation & Entrepreneurship in AI,entrepreneurship
MSI5003,Innovation & Entrepreneurship in AI,design thinking
MSI5004,AI Governance and Ethics,artificial intelligence
MSI5005,Selected Topics in AI and Innovation,artificial intelligence
MSI5005,Selected Topics in AI and Innovation,research
MSI5005,Selected Topics in AI and Innovation,finance
MSI5006,Capstone Project for AI and Innovation,artificial intelligence
MSI5006,Capstone Project for AI and Innovation,research
MSI5102,Essentials of Machine Learning,machine learning
MST5001,Structures And Properties Of Materials,r programming
MST5666,Industrial Attachment,research
MT2001,Experiencing Engineering Leadership,communication
MT2001,Experiencing Engineering Leadership,leadership
MT4001,Innovation and Entrepreneurial Strategy,entrepreneurship
MT4003,Engineering Product Development,design thinking
MT5001,Intellectual Property Management & Innovation Strategy,r programming
MT5001G,Intellectual Property Management & Innovation Strategy,r programming
MT5002,Management of Industrial R&D,r programming
MT5003,Creativity and Innovation,problem solving
MT5006,Value Creation Through Product Development,design thinking
MT5007,Management of Technological Innovation,research
MT5007,Management of Technological Innovation,marketing
MT5007,Management of Technological Innovation,r programming
MT5007G,Management of Technological Innovation,research
MT5007G,Management of Technological Innovation,marketing
MT5007G,Management of Technological Innovation,r programming
MT5007H,Management of Technological Innovation,research
MT5007H,Management of Technological Innovation,marketing
MT5007H,Management of Technological Innovation,r programming
MT5008,Internal and Collaborative Corporate Entrepreneurship,entrepreneurship
MT5008A,Corporate Venture Creation,entrepreneurship
MT5008B,Collaborative Corporate Entrepreneurship,entrepreneurship
MT5010,"Technology Forecasting, Intelligence & Foresighting",r programming
MT5010A,Technology Intelligence Process and Methods,r programming
MT5011,Business Finance in the Technology Industry,data analysis
MT5011,Business Finance in the Technology Industry,teamwork
MT5011,Business Finance in the Technology Industry,finance
MT5012,Marketing of Technology Products in the Digital Era,marketing
MT5014,Systems Approach to Tech and Innov Mgt,problem solving
MT5015,The Financial and Business Aspects of Intellectual Property (IP),project management
MT5015,The Financial and Business Aspects of Intellectual Property (IP),r programming
MT5017,Integrative Design Thinking Workshop,research
MT5017,Integrative Design Thinking Workshop,design thinking
MT5018,Managing and Organizing Open Innovation,research
MT5018,Managing and Organizing Open Innovation,entrepreneurship
MT5020A,Human Aspects of Technological Innovation,communication
MT5020A,Human Aspects of Technological Innovation,project management
MT5021,Creativity and Problem-Solving Skills,design thinking
MT5022,Digital Disruption and Technology Strategy,machine learning
MT5023,Technology-Based Entrepreneurial Strategy,entrepreneurship
MT5023G,Technology-Based Entrepreneurial Strategy,entrepreneurship
MT5025,Intellectual Property & Entrepreneurship,entrepreneurship
MT5025,Intellectual Property & Entrepreneurship,r programming
MT5026,AI Management and Practice: Experiential Learning Projects,data analysis
MT5026,AI Management and Practice: Experiential Learning Projects,artificial intelligence
MT5026,AI Management and Practice: Experiential Learning Projects,research
MT5027,Embracing the future: Entrepreneurship in Emerging Technologies,entrepreneurship
MT5666,Industrial Attachment,research
MT5766,Technology Management Internship,presentation
MT5866,Industrial Project and Attachment,presentation
MT5900,Mot Research Project,research
MT5900,Mot Research Project,critical thinking
MT5902,Management Extended Practicum,research
MT5902,Management Extended Practicum,r programming
MT5910,LaunchPad: Experiential Entrepreneurship,presentation
MT5913,TechLaunch - Experiential Entrepreneurship,research
MT5913,TechLaunch - Experiential Entrepreneurship,leadership
MT5913,TechLaunch - Experiential Entrepreneurship,r programming
MT5922,Concepts and Application of Engineering Leadership,leadership
MT5966,Overseas Industrial Project and Attachment,presentation
MT6001,Research in Tech & Innovation Management,research
MT6001,Research in Tech & Innovation Management,r programming
MTM5004,Maritime Data Analytics,problem solving
MUA1188,Music Initiatives and Projects 1,research
MUA1189,Music Initiatives and Projects 2,research
MUA1189,Music Initiatives and Projects 2,communication
MUA1189,Music Initiatives and Projects 2,critical thinking
MUA1240,Exploration in Musical Production,writing
MUA2161,Advanced Juried Performance Presentation,presentation
MUA2188,Music Initiatives and Projects 3,research
MUA2188,Music Initiatives and Projects 3,communication
MUA2188,Music Initiatives and Projects 3,critical thinking
MUA2189,Music Initiatives and Projects 4,research
MUA2189,Music Initiatives and Projects 4,communication
MUA2189,Music Initiatives and Projects 4,critical thinking
MUA3163,Musical Pathways,communication
MUA3163,Musical Pathways,entrepreneurship
MUA3177,Music Programming & Production,leadership
MUA3179,Capstone Project for Second Major in Music,research
MUA3208,Creative Producing for Performers,finance
MUA3208,Creative Producing for Performers,marketing
MUA3209,Business for Musicians,marketing
MUA3217,"Music Markets in Western, Korean, and Singaporean Contexts: A Storytelling Approach",marketing
MUA3226,Collaboratory,presentation
MUA3227,Collaboratory B,presentation
MUA3264,Career Development Independent Project,leadership
MUA3265,Career Development Independent Project,leadership
MUA3274,Sonic Environments,research
MUA4102,Composition Major Study 4B,presentation
MUA4201,Foundational Leadership Skills in an Orchestral Context,leadership
MUA4202,Intermediate Leadership Skills in an Orchestral Context,leadership
MUA4207,Advanced Leadership Skills in an Orchestral Context,leadership
MUA4208,Professional Leadership Skills in an Orchestral Context,leadership
MUA4226,Collaboratory C,presentation
MUA4227,Collaboratory D,presentation
MUA5105,Leadership in Orchestral Conducting,leadership
MUA5116,Ensemble Study 5B,leadership
MUA5160,Leadership in Musical Contexts,leadership
MUA5162,Major Study 5B,presentation
MUA5163,Research Practices in Music,research
MUA5770,AAS Graduate Seminar,research
MUA5770,AAS Graduate Seminar,communication
MUA5770,AAS Graduate Seminar,presentation
MUA6162,Major Study 6B,presentation
MUA6163,Advanced Research Practices in Music,research
MUA6178,Graduate Capstone Project in Music Leadership,research
MUA6178,Graduate Capstone Project in Music Leadership,presentation
MUA6771,Doctoral Seminar,research
MUA6771,Doctoral Seminar,communication
MUA6771,Doctoral Seminar,presentation
MUA6772,Doctoral Seminar,research
MUA6772,Doctoral Seminar,communication
MUA6772,Doctoral Seminar,presentation
MUA6773,Doctoral Seminar,research
MUA6773,Doctoral Seminar,communication
MUA6773,Doctoral Seminar,presentation
MUA6774,Doctoral Seminar,research
MUA6774,Doctoral Seminar,communication
MUA6774,Doctoral Seminar,presentation
MUH1100,Understanding and Describing Music,writing
MUH1101,Critical Approaches to Musical Discovery,research
MUH3202,Musicology,research
MUH3202,Musicology,writing
MUH3205,Chamber Music: An Interdisciplinary Approach,research
MUH4203,Music Criticism,writing
MUH4203,Music Criticism,react
MUT1101,Musical Concepts and Materials 1,writing
MUT1201,Introduction to Classical Music Composition,writing
MUT3113,Orchestration,writing
MUT3202,Sonata Form,writing
MUT3215,Composition for Non-Majors,writing
MUT3221,Writing for Chinese Ensembles,writing
MW5150,Science Communication in Schools and Public,research
MW5150,Science Communication in Schools and Public,communication
MW5151,"Science, Risk and Ethics",research
MW5151,"Science, Risk and Ethics",communication
MW5152,Communicating Science with the Public,research
MW5152,Communicating Science with the Public,communication
MW5200,MSc Science Communication Project,communication
MW5200,MSc Science Communication Project,presentation
MW5201,Essentials of Science Communication,data analysis
MW5201,Essentials of Science Communication,communication
MW5201,Essentials of Science Communication,writing
MW5201,Essentials of Science Communication,presentation
MW5201,Essentials of Science Communication,r programming
MW5202,Innovative Strategies in Science Communication,communication
MW5203,Frontier Topics in Science,communication
MW5252,Engagement for Policy Impact,research
MW5253,Science Communication Project Design and Delivery,communication
MW5254,Public Events for Science Engagement,communication
MW5255,Speaking of Science,public speaking
MW5256,Science in the Media,research
MW5257,Science and Public Policy,communication
MW5258,Science in Popular Fiction,research
MW5258,Science in Popular Fiction,communication
MW5259,Cross Cultural Perspectives in Science Communication,research
MW5259,Cross Cultural Perspectives in Science Communication,communication
MW5270,Strategies in Science Communication,communication
MW5271,Science Communication and the Web,communication
MW5271,Science Communication and the Web,writing
MW5272,Science Dialogue Theory and Practice,communication
MW5273,Making Modern Science,research
MW5273,Making Modern Science,communication
NEP3001,Impact Experience Project,research
NEP3001A,Impact Experience Project (One Year),research
NEP3001AH,Impact Experience Project (One Year),research
NEP3001AS,Impact Experience Project (One Year),research
NEP3001AZ,Impact Experience Project (One Year),research
NEP3001Z,Impact Experience Project,research
NEP3002,Impact Experience Project,research
NEP3002A,Impact Experience Project,research
NEP3002B,Impact Experience Project,research
NEP3002C,Impact Experience Project,research
NEP3002D,Impact Experience Project,research
NEP3002E,Impact Experience Project,research
NEX3002S,GEx Stockholm,research
NEX3005,GEx Java,entrepreneurship
NEX3007,GEx Nagoya-Sendai-Tokyo,entrepreneurship
NEX3007S,GEx Nagoya-Sendai-Tokyo,entrepreneurship
NEX3009,GEx Beijing,artificial intelligence
NEX3010S,GEx Chicago,research
NEX3014,GEx Mekong Delta,research
NG5001,Academic Communication for Graduate Researchers,communication
NG5001,Academic Communication for Graduate Researchers,writing
NG5001,Academic Communication for Graduate Researchers,presentation
NG5002,Research Ethics for Graduate Researchers,research
NHS2010,From Lab to Stage: Writing the Science Play,research
NHS2010,From Lab to Stage: Writing the Science Play,writing
NHS2014,Arts of Memory: Public Recollection & Memory Training,communication
NHS2015,Utopia: Ideal Places from Plato to the Smart City,leadership
NHS2019,Virtue And Leadership,leadership
NHS2020,Leadership in a Complex World,leadership
NHS2022,Immigration and the City,research
NHS2022,Immigration and the City,entrepreneurship
NHS2024,Emotion in Daily Life,research
NHS2027,Engaging and Building Communities,research
NHS2027,Engaging and Building Communities,design thinking
NHS2028,Effective Decision Making,research
NHS2034,New Media and Politics,communication
NHS2037,"Archives, Biography, Memory in Singapore",writing
NHS2041,Participatory Social Development in Southeast Asia,research
NHS2043,Multiculturalism in Singapore and Its Contested Meanings,research
NHS2047,Examining Local Lives,communication
NHS2047,Examining Local Lives,writing
NHS2048,Situating Singapore in the Wider World,leadership
NHS2056,"Law and the City: Divisions, Aesthetics, Transgressions",writing
NHS2058,Dance Narratives,research
NHS2061,Postconflict Cambodia,research
NHS2061R,Postconflict Cambodia,research
NHS2066,"Techno-Futures: Technology, Progress, and Inequality",artificial intelligence
NHS2067,Writing Food,writing
NHS2076,What Can I Know?,research
NHS2076,What Can I Know?,writing
NHS2080,Beyond the Lab: How science fits in society,research
NHS2080,Beyond the Lab: How science fits in society,communication
NHS2083,What is the Meaning of Life?,writing
NHS2086,Women's Health: A Global Perspective,research
NHS2092,"Oh, behave! Scarcity and Environmental Sustainability",critical thinking
NHS2093,Telling Herstories: Recovering Forgotten Women Pioneers,research
NHS2106,Wisdom: Concepts and Contemporary Contexts,research
NHS4001,Critical Reflection,writing
NHS4001A,Critical Reflection,writing
NHS4001B,Critical Reflection,writing
NHS4001C,Critical Reflection,writing
NHS4001D,Critical Reflection,writing
NHS4001E,Critical Reflection,writing
NHS4001F,Critical Reflection,writing
NHS4002,Reflection and Reflexivity in Disciplinary Practices,research
NHS4002A,Reflection and Reflexivity in Disciplinary Practices,research
NHS4002B,Reflection and Reflexivity in Disciplinary Practices,research
NHT2204,Dance Narratives,research
NHT2205,Brevity of Love: (Short) Storytelling,writing
NHT2206,Comics as Multimodal Composition and Communications,writing
NHT2211,Introduction to Poetry Writing,writing
NHT2213,Writing Women: Friendships in Fiction,writing
NHT2214,Creative Non-Fiction Writing [Creative Practice],writing
NLM5002,Fundamentals of Nutrition and Lifestyle Medicine,biostatistics
NLM5002,Fundamentals of Nutrition and Lifestyle Medicine,data analysis
NLM5002,Fundamentals of Nutrition and Lifestyle Medicine,research
NLM5004A,Capstone Project I,presentation
NLM5004B,Capstone Project II,research
NLM5004B,Capstone Project II,presentation
NLM5006,Exercise as Medicine: Bridging Research and Practice,research
NM1101E,"Communications, New Media and Society",communication
NM1101X,"Communications, New Media and Society",communication
NM2101,Theories of Communications and New Media,communication
NM2103,Quantitative Research Methods,statistics
NM2103,Quantitative Research Methods,data analysis
NM2103,Quantitative Research Methods,research
NM2104,Qualitative Communication Research Methods,data analysis
NM2104,Qualitative Communication Research Methods,research
NM2104,Qualitative Communication Research Methods,communication
NM2105,Communicative Competence in Action,communication
NM2201,Intercultural Communication,communication
NM2207,Computational Media Literacy,data analysis
NM2207,Computational Media Literacy,communication
NM2207,Computational Media Literacy,web development
NM2219,Principles of Communication Management,communication
NM2220,Introduction to Media Writing,communication
NM2220,Introduction to Media Writing,writing
NM2224,"Creativity, Culture and Media",critical thinking
NM2225,Communication and Culture,communication
NM2302,Mobility and New Media,communication
NM3211,"News Writing, Editing and Publishing",artificial intelligence
NM3211,"News Writing, Editing and Publishing",writing
NM3217,Principles of Visual Communication Design,communication
NM3219,Writing for Communication Management,research
NM3219,Writing for Communication Management,communication
NM3219,Writing for Communication Management,writing
NM3221,Mobile Interaction Design,research
NM3230,Digital Storytelling,research
NM3230,Digital Storytelling,communication
NM3232,Strategic Communication,research
NM3232,Strategic Communication,communication
NM3237,Health Communication,communication
NM3242,Organisational Communication and Leadership,communication
NM3242,Organisational Communication and Leadership,leadership
NM3244,Consulting as a Communication & Career Skill,research
NM3244,Consulting as a Communication & Career Skill,communication
NM3245,Managing Arts and Cultural Events,communication
NM3249,Digital News Writing and Data Analysis,excel
NM3249,Digital News Writing and Data Analysis,artificial intelligence
NM3249,Digital News Writing and Data Analysis,accounting
NM3551,FASS Undergraduate Research Opportunity (UROP),research
NM3551R,FASS Undergraduate Research Opportunity (UROP),research
NM3551R,FASS Undergraduate Research Opportunity (UROP),writing
NM4102,Advanced Communications & New Media Research,data analysis
NM4102,Advanced Communications & New Media Research,research
NM4102HM,Advanced Communications & New Media Research,data analysis
NM4102HM,Advanced Communications & New Media Research,research
NM4207,Managing Communication Campaigns,communication
NM4207HM,Managing Communication Campaigns,communication
NM4208,Strategic Communication Design,research
NM4208,Strategic Communication Design,communication
NM4208HM,Strategic Communication Design,research
NM4208HM,Strategic Communication Design,communication
NM4228,Risk and Crisis Communication,research
NM4228,Risk and Crisis Communication,communication
NM4228HM,Risk and Crisis Communication,research
NM4228HM,Risk and Crisis Communication,communication
NM4230,Communications for Social Change,communication
NM4230HM,Communications for Social Change,communication
NM4239,Digital Propaganda and Public Opinion,communication
NM4244,Sex in the Media,communication
NM4244HM,Sex in the Media,communication
NM4245,Political Communication,communication
NM4245HM,Political Communication,communication
NM4247,Creative Writing in the Marketplace,writing
NM4247,Creative Writing in the Marketplace,presentation
NM4247HM,Creative Writing in the Marketplace,writing
NM4247HM,Creative Writing in the Marketplace,presentation
NM4248,Lifestyle Writing,writing
NM4250,Data Journalism and Analysis,excel
NM4250,Data Journalism and Analysis,data analysis
NM4250,Data Journalism and Analysis,writing
NM4250HM,Data Journalism and Analysis,excel
NM4250HM,Data Journalism and Analysis,data analysis
NM4250HM,Data Journalism and Analysis,writing
NM4253,"Communications, Culture, and Environment",communication
NM4253HM,"Communications, Culture, and Environment",communication
NM4254,"Media, City and Public Culture",communication
NM4254HM,"Media, City and Public Culture",communication
NM4255,Social Media and Computational Communication,communication
NM4255,Social Media and Computational Communication,marketing
NM4255HM,Social Media and Computational Communication,communication
NM4255HM,Social Media and Computational Communication,marketing
NM4256,Communication and Digital Collaborations,communication
NM4256HM,Communication and Digital Collaborations,communication
NM4257,Multiplatform Advertising Strategies,marketing
NM4257HM,Multiplatform Advertising Strategies,marketing
NM4258,Health Communication,communication
NM4258HM,Health Communication,communication
NM4259,Mobile Interaction Design,research
NM4259HM,Mobile Interaction Design,research
NM4401,Honours Thesis,research
NM4401HM,Honours Thesis,research
NM5201,State and Civil Society in the Information Age,communication
NM5219,Critical Design,research
NM5219,Critical Design,design thinking
NM5219R,Critical Design,research
NM5219R,Critical Design,design thinking
NM5660,Independent Study,research
NM6101,Advanced Theories in Cnm,research
NM6103,Quantitative Research Methods in Communications and New Media,statistics
NM6103,Quantitative Research Methods in Communications and New Media,research
NM6103,Quantitative Research Methods in Communications and New Media,writing
NM6104,Qualitative Research Methods in Communications and New Media,data analysis
NM6104,Qualitative Research Methods in Communications and New Media,research
NM6104,Qualitative Research Methods in Communications and New Media,communication
NM6104,Qualitative Research Methods in Communications and New Media,writing
NM6201,Communication as Culture,communication
NM6211,Political Communication,research
NM6211,Political Communication,communication
NM6660,Independent Study,research
NM6770,Graduate Research Seminar,research
NM6770,Graduate Research Seminar,writing
NM6770,Graduate Research Seminar,presentation
NM6880,Topics in CNM,research
NM6880,Topics in CNM,communication
NM6882,Advanced Topics in Media Design,research
NM6882A,Intelligent Interactive Media,research
NMC5301,Strategic and Global Communication,communication
NMC5302,Digital Communications and Analytics,communication
NMC5302,Digital Communications and Analytics,marketing
NMC5303,"Globalisation: Theories, Communication, and Society",communication
NMC5304,Mentorship,research
NMC5304,Mentorship,communication
NMC5305,Internship,research
NMC5306,Communications and Leadership,communication
NMC5307,Final Year Project in Communication,research
NMC5307,Final Year Project in Communication,communication
NMC5307,Final Year Project in Communication,presentation
NMC5308,International Culture & Communication Study Experience,communication
NMC5322,Interactive Media Marketing Practices,marketing
NMC5323,Crisis Communications and Leadership,communication
NMC5324,Uses of Communication Research,data analysis
NMC5324,Uses of Communication Research,research
NMC5324,Uses of Communication Research,communication
NMC5324,Uses of Communication Research,problem solving
NMC5325,Managing Organisational Reputation,research
NMC5325,Managing Organisational Reputation,communication
NMC5326,Strategic Decision in Visual Storytelling,communication
NMC5341,Visualising Data,communication
NMC5342,Introduction to Applied Social Media Analytics,communication
NMC5343,Introduction to Audience Analytics,marketing
NMC5344,Coding for Communicators,python
NMC5344,Coding for Communicators,communication
NMC5344,Coding for Communicators,problem solving
NMC5344,Coding for Communicators,r programming
NMC5346,Mastering Business Case Studies,communication
NMC5346,Mastering Business Case Studies,finance
NMC5346,Mastering Business Case Studies,marketing
NMC5363,"AI, Media, and Social Transformations",artificial intelligence
NMC5363,"AI, Media, and Social Transformations",research
NMC5369,Gender and Global Communication,communication
NRM3301,NUSC Undergraduate Research Opportunity (UROP),research
NRM3301R,NUSC Undergraduate Research Opportunity (UROP),research
NRM3302,NUSC Undergraduate Research Opportunity (S&T - UROP)),research
NRM3302R,NUSC Undergraduate Research Opportunity (S&T UROP),research
NSS2001L,Science and Society,research
NST2020,Developing Meaningful Indicators,research
NST2021,Thoughtful Learning with Machines,python
NST2021,Thoughtful Learning with Machines,machine learning
NST2021,Thoughtful Learning with Machines,artificial intelligence
NST2032,Computational Thinking and Modelling,research
NST2033,Thinking 4.0,artificial intelligence
NST2033,Thinking 4.0,finance
NST2034,AI Projects and Case Studies,machine learning
NST2036,Creating Wolverine in Real Life,entrepreneurship
NST2043,In Search of Soulmate,data analysis
NST2045,Food Production and Security in Urban Singapore,research
NST2046,Deus Ex Machina: Generative AI and Society,marketing
NST2061,Love by Numbers: The Science of Surveying Love,research
NST2064,Social Insect Societies,communication
NST2069,Soft Sides of Software,teamwork
NTW2001,Cosmopolitanism and Global Citizenship,writing
NTW2001,Cosmopolitanism and Global Citizenship,academic writing
NTW2002,Civic Discourse in a Fractious World,critical thinking
NTW2002,Civic Discourse in a Fractious World,writing
NTW2005,Literature and Ethics,writing
NTW2006,Human Trafficking and Labour Migration,critical thinking
NTW2006,Human Trafficking and Labour Migration,writing
NTW2007,Apocalyptic Cultures,writing
NTW2009,Interpreting Consumerism,writing
NTW2010,Sites of Tourism,critical thinking
NTW2010,Sites of Tourism,writing
NTW2018,Danger and National Security,writing
NTW2019,The Politics and Rhetoric of Green,writing
NTW2023,The Idea of the University,critical thinking
NTW2023,The Idea of the University,writing
NTW2024,Issues in and Around Justice,critical thinking
NTW2024,Issues in and Around Justice,writing
NTW2025,"Vice, the State & Society",research
NTW2025,"Vice, the State & Society",critical thinking
NTW2025,"Vice, the State & Society",writing
NTW2026,Religion in Public Life,research
NTW2026,Religion in Public Life,writing
NTW2026,Religion in Public Life,academic writing
NTW2028,The Social Life of Science,research
NTW2030,Art as Action: Caring about the Climate Crisis in SEA,research
NTW2030,Art as Action: Caring about the Climate Crisis in SEA,writing
NTW2031,Equity and Education,critical thinking
NTW2031,Equity and Education,writing
NTW2034,Wild and Simple: Living and Thinking Sustainably,critical thinking
NTW2034,Wild and Simple: Living and Thinking Sustainably,writing
NTW2034,Wild and Simple: Living and Thinking Sustainably,academic writing
NTW2035,Art and the Attention Economy,research
NTW2035,Art and the Attention Economy,writing
NTW2035,Art and the Attention Economy,academic writing
NTW2036,"Space, Place and the Human Experience",critical thinking
NTW2036,"Space, Place and the Human Experience",writing
NTW2037,Absences: Beyond the Edges of the Material World,critical thinking
NTW2037,Absences: Beyond the Edges of the Material World,writing
NTW2037,Absences: Beyond the Edges of the Material World,academic writing
NTW2038,Screening Historical Trauma,research
NTW2038,Screening Historical Trauma,writing
NTW2040,The Limits of Money,research
NTW2040,The Limits of Money,writing
NTW2040,The Limits of Money,academic writing
NTW2041,The Popularity of Korean Culture,research
NTW2041,The Popularity of Korean Culture,writing
NTW2042,Illusions and Hallucinations: Appearance and Reality,writing
NTW2042,Illusions and Hallucinations: Appearance and Reality,academic writing
NUR1125,"Pathophysiology, Pharmacology and Nursing Practice I",critical thinking
NUR2125,"Pathophysiology, Pharmacology and Nursing Practice II",problem solving
NUR2125,"Pathophysiology, Pharmacology and Nursing Practice II",critical thinking
NUR2503,Global and Community Health,research
NUR3114,Leadership and Management,leadership
NUR3120,"Pathophysiology, Pharmacology and Nursing Practice III",problem solving
NUR3120,"Pathophysiology, Pharmacology and Nursing Practice III",critical thinking
NUR3202C,Research and Evidence-based Healthcare,spss
NUR3202C,Research and Evidence-based Healthcare,data analysis
NUR3202C,Research and Evidence-based Healthcare,research
NUR3501,"Professionalism, Ethics and Law in Healthcare",writing
NUR3501,"Professionalism, Ethics and Law in Healthcare",academic writing
NUR3501,"Professionalism, Ethics and Law in Healthcare",presentation
NUR3503,"Leadership, Innovation and Change in Healthcare",leadership
NUR3505,Research Methodology and Statistics,statistics
NUR3505,Research Methodology and Statistics,research
NUR3507,Clinical Practice Development Project,research
NUR4101C,Evidence Implementation in Healthcare,research
NUR4103B,Applied Research Methods,research
NUR4104B,Honours Project in Nursing,research
NUR4104C,Final Year Project (Research),research
NUR4108,Honours Coursework,research
NUR5002,Statistics for Health Research,statistics
NUR5002,Statistics for Health Research,research
NUR5013,Grant Writing and Writing for Publications,writing
NUR5013,Grant Writing and Writing for Publications,academic writing
NUR5502,Healthcare Capstone,research
NUR5502,Healthcare Capstone,critical thinking
NUR5504,Health Literacy and Coaching,communication
NUR5506,Community Governance and Management,leadership
NUR5609,Integrated Clinical Decision Making and Management I (Paediatric),communication
NUR5610,Integrated Clinical Decision Making and Management II (Paediatric),communication
NUR5711,Principles of Child and Family Health,communication
NUR5721,Foundations of Critical Care Nursing,communication
NUR5721,Foundations of Critical Care Nursing,critical thinking
NUR5732,Integrated Care for Special Population,communication
NUR5801G,Integrated Clinical Decision Making and Management I,communication
NUR5802G,Integrated Clinical Decision Making and Management II,communication
NUR5803G,Community Health Practice,communication
NUR5805G,Chronic Wound Management in the Community,excel
NUR5806G,Evidence-Based Practice,research
NUR5807,Professional Development and Ethical Healthcare,leadership
NUR6001,Graduate Research Seminar,research
NUR6003,Research Methods,data analysis
NUR6003,Research Methods,research
NUR6006,Intervention Research in Nursing and Health Sciences,research
NUR6007,Research Leadership and Professional Development,research
NUR6007,Research Leadership and Professional Development,leadership
NUR6007,Research Leadership and Professional Development,writing
NUR6101,Scientific Underpinning for Doctor of Nursing Practice,research
NUR6102,Global and Sustainable Health,research
OPT5105,Age Related Cataract and Symptomatic Anterior Eye Diseases,communication
OPT5105,Age Related Cataract and Symptomatic Anterior Eye Diseases,presentation
OPT5106,Glaucoma Detection and Monitoring,communication
OPT5106,Glaucoma Detection and Monitoring,presentation
OT5001,Independent Study Course,research
OT5001A,Independent Study Course: Subsea Engineering,research
OT5001B,Independent Study Course: Petroleum Engineering,research
OT5001C,Independent Study Course: Offshore Structures,research
OT5208,Fatigue and Fracture for Offshore Structures,research
OT5303,Subsea Control,communication
OT5305,Pressures Surges in Oil & Gas Flow Systems,r programming
OT5908,"Subsea Umbilicals, Risers and Flowlines Design",communication
PC2288,Basic UROPS in Physics I,research
PC2288,Basic UROPS in Physics I,r programming
PC2288R,Basic UROPS in Physics I (REx),research
PC2288R,Basic UROPS in Physics I (REx),writing
PC2288R,Basic UROPS in Physics I (REx),r programming
PC2289,Basic UROPS in Physics II,r programming
PC2289R,Basic UROPS in Physics II (REx),research
PC2289R,Basic UROPS in Physics II (REx),writing
PC2289R,Basic UROPS in Physics II (REx),r programming
PC3193,Experimental Physics II,research
PC3240,"Atmosphere, Ocean and Climate Dynamics",research
PC3243,Photonics,communication
PC3270,Machine Learning for Physicists,python
PC3270,Machine Learning for Physicists,statistics
PC3270,Machine Learning for Physicists,machine learning
PC3280,Senior Student Seminar,research
PC3280,Senior Student Seminar,communication
PC3280,Senior Student Seminar,presentation
PC3288,Advanced UROPS in Physics I,research
PC3288,Advanced UROPS in Physics I,r programming
PC3288A,Advanced UROPS in Astrophysics I,r programming
PC3288AR,Advanced UROPS in Astrophysics I (REx),research
PC3288AR,Advanced UROPS in Astrophysics I (REx),writing
PC3288AR,Advanced UROPS in Astrophysics I (REx),r programming
PC3288N,Advanced UROPS in Nanophysics I,r programming
PC3288NR,Advanced UROPS in Nanophysics I (REx),research
PC3288NR,Advanced UROPS in Nanophysics I (REx),writing
PC3288NR,Advanced UROPS in Nanophysics I (REx),r programming
PC3288Q,Advanced UROPS in Quantum Technologies I,r programming
PC3288QR,Advanced UROPS in Quantum Technologies I (REx),research
PC3288QR,Advanced UROPS in Quantum Technologies I (REx),writing
PC3288QR,Advanced UROPS in Quantum Technologies I (REx),r programming
PC3288R,Advanced UROPS in Physics I (REx),research
PC3288R,Advanced UROPS in Physics I (REx),writing
PC3288R,Advanced UROPS in Physics I (REx),r programming
PC3289,Advanced UROPS in Physics II,r programming
PC3289A,Advanced UROPS in Astrophysics II,r programming
PC3289AR,Advanced UROPS in Astrophysics II (REx),research
PC3289AR,Advanced UROPS in Astrophysics II (REx),writing
PC3289AR,Advanced UROPS in Astrophysics II (REx),r programming
PC3289N,Advanced UROPS in Nanophysics II,r programming
PC3289NR,Advanced UROPS in Nanophysics II (REx),research
PC3289NR,Advanced UROPS in Nanophysics II (REx),writing
PC3289NR,Advanced UROPS in Nanophysics II (REx),r programming
PC3289Q,Advanced UROPS in Quantum Technologies II,r programming
PC3289QR,Advanced UROPS in Quantum Technologies II (REx),research
PC3289QR,Advanced UROPS in Quantum Technologies II (REx),writing
PC3289QR,Advanced UROPS in Quantum Technologies II (REx),r programming
PC3289R,Advanced UROPS in Physics II (REx),research
PC3289R,Advanced UROPS in Physics II (REx),writing
PC3289R,Advanced UROPS in Physics II (REx),r programming
PC3421,Quantum Technologies,communication
PC4228,Device Physics for Quantum Technology,data analysis
PC4267,Biophysics III,research
PC4288,Honours Project in Physics,research
PC4288A,Honours Project in Astrophysics,research
PC4288N,Honours Project in Nanophysics,research
PC4288Q,Honours Project in Quantum Technologies,research
PC5101,Physics and Technology,communication
PC5102D,Physics Practices in Industry,finance
PC5198,Graduate Seminar Course in Physics,research
PC5198,Graduate Seminar Course in Physics,writing
PC5198,Graduate Seminar Course in Physics,presentation
PC5203,Advanced Solid State Physics,research
PC5204B,Selected Topics in Physics: Analytic Approximations,research
PC5207,Topics in Optical Physics,research
PC5208,Superconductivity,research
PC5212,Physics of Nanostructures,research
PC5214,Essential techniques in experimental physics,research
PC5215,Numerical Recipes With Applications,research
PC5216,Advanced Atomic & Molecular Physics,research
PC5220,The Physics and Technology of 2D-Materials and Devices,research
PC5233,Functional Electronic Devices of Tomorrow,communication
PC5247,Photonics II,research
PC5247,Photonics II,r programming
PC5251,Applied Machine Learning and Data Science,python
PC5251,Applied Machine Learning and Data Science,machine learning
PC5252,Bayesian Statistics and Machine Learning,machine learning
PC5253,Complex Systems Analysis and Modelling,python
PC5253,Complex Systems Analysis and Modelling,machine learning
PC5286,MSc Physics Coursework Project,research
PC5287,M.SC Coursework Thesis for Physics And Technology,research
PC5287D,M.sc Coursework Thesis For Physics and Technology,research
PC5287D,M.sc Coursework Thesis For Physics and Technology,problem solving
PE3551E,FASS Undergraduate Research Opportunity (UROP),research
PE3551P,FASS Undergraduate Research Opportunity (UROP),research
PE3551S,FASS Undergraduate Research Opportunity (UROP),research
PE4401E,Honours Thesis,research
PE4401EHM,Honours Thesis,research
PE4401P,Honours Thesis,research
PE4401PHM,Honours Thesis,research
PE4401S,Honours Thesis,research
PE4401SHM,Honours Thesis,research
PE4402E,Research Internship Project,research
PE4402E,Research Internship Project,presentation
PE4402P,Research Internship Project,research
PE4402P,Research Internship Project,presentation
PE4402S,Research Internship Project,research
PE4402S,Research Internship Project,presentation
PE4408E,Research Internship Project,research
PE4408E,Research Internship Project,presentation
PE4408P,Research Internship Project,research
PE4408P,Research Internship Project,presentation
PE4408S,Research Internship Project,research
PE4408S,Research Internship Project,presentation
PF1101,Fundamentals of Project Management,project management
PF1101A,Project Management and Finance,project management
PF1101A,Project Management and Finance,finance
PF1107,Infrastructure and Project Management Law,project management
PF2103,Measurement (Building Works),writing
PF2205,Project Finance,finance
PF2505,M&E Systems,communication
PF3105,Research Methods,data analysis
PF3105,Research Methods,research
PF3105,Research Methods,writing
PF3205,Advanced Measurement,project management
PF3208,Project Leadership,leadership
PF3211,AI Applications for the Built Environment,machine learning
PF3401,Practical Training Scheme,research
PF3401,Practical Training Scheme,communication
PF3502,Smart Facilities,data analysis
PF4101,Dissertation,research
PF4101,Dissertation,communication
PF4102,Contract and Procurement Management,project management
PF4209,Construction Enterprise Management,leadership
PH2113,Computation and Philosophy,python
PH2204,Introduction to Indian Thought,presentation
PH2221,Medical Ethics,research
PH2223,Introduction to the Philosophy of Technology,communication
PH2227,Games and Philosophy,artificial intelligence
PH3201,Philosophy of Social Science,research
PH3551,FASS Undergraduate Research Opportunity (UROP),research
PH3551R,FASS Undergraduate Research Opportunity (UROP),research
PH3551R,FASS Undergraduate Research Opportunity (UROP),writing
PH4401,Honours Thesis,research
PH4401HM,Honours Thesis,research
PH5660,Independent Study,research
PH6660,Independent Study,research
PH6770,Graduate Research Seminar,research
PH6770,Graduate Research Seminar,writing
PH6770,Graduate Research Seminar,presentation
PHC5001,Capstone Project [Clinical and Translational Tracks],research
PHC5001,Capstone Project [Clinical and Translational Tracks],project management
PHC5002,Capstone Project [Education Track],research
PHC5002,Capstone Project [Education Track],leadership
PHC5002,Capstone Project [Education Track],critical thinking
PHC5003,Effective Scientific Communication,research
PHC5003,Effective Scientific Communication,communication
PHC5004,Ethics & Good Practice in Medicinal Research,research
PHC5004,Ethics & Good Practice in Medicinal Research,critical thinking
PHC5101,Clinical Trial Design and Management,communication
PHC5101,Clinical Trial Design and Management,project management
PHC5102,N-of-1 Pharmacology,artificial intelligence
PHC5105,Natural Products & Complementary Medicine,research
PHC5107,Next Generation Medicines: From Bench to Bedside,machine learning
PHC5107,Next Generation Medicines: From Bench to Bedside,artificial intelligence
PHC5108,Green and Sustainable Pharmacology,research
PHC5201,Quantitative Research in Medical Education (QRIME),research
PHC5202,Curriculum Design for Pharmacology,critical thinking
PHC5211,Transforming your Teaching using Technology,artificial intelligence
PHC5212,Qualitative Research in Medical Education,research
PHM5002,Precision Proteomics and Metabolomics,research
PHM5005,AI and Machine Learning for Precision Medicine,machine learning
PHM5005,AI and Machine Learning for Precision Medicine,artificial intelligence
PHM5007,Seminars in Precision Medicine,research
PHM5013,Precision Drug Discovery and Pharmacogenomics,artificial intelligence
PHM5014,Causal Inference in Precision Medicine,machine learning
PHM5016,Capstone project in Precision Medicine,research
PHM5017,Mini-Capstone project in Precision Medicine,research
PHM5019,Precision Population Health,artificial intelligence
PHS1101,The Billion-Dollar Pill - Bench to Bedside Drug Development,marketing
PHS2120,Drug Product Development and Lifecycle Management,marketing
PHS2143,Analytical Techniques and Pharmaceutical Applications,problem solving
PHS3123,Biotechnology for Pharmaceutical Science,research
PHS3288,UROPS in Pharmaceutical Science I,research
PHS3288,UROPS in Pharmaceutical Science I,communication
PHS3288,UROPS in Pharmaceutical Science I,presentation
PHS3288R,UROPS in Pharmaceutical Science I (REx),research
PHS3288R,UROPS in Pharmaceutical Science I (REx),communication
PHS3288R,UROPS in Pharmaceutical Science I (REx),writing
PHS3288R,UROPS in Pharmaceutical Science I (REx),presentation
PHS3289,UROPS in Pharmaceutical Science II,research
PHS3289,UROPS in Pharmaceutical Science II,communication
PHS3289,UROPS in Pharmaceutical Science II,presentation
PHS3289R,UROPS in Pharmaceutical Science II (REx),research
PHS3289R,UROPS in Pharmaceutical Science II (REx),communication
PHS3289R,UROPS in Pharmaceutical Science II (REx),writing
PHS3289R,UROPS in Pharmaceutical Science II (REx),presentation
PHS4199,Honours Project in Pharmaceutical Science,research
PHS4199,Honours Project in Pharmaceutical Science,communication
PHS4288,Research Project in Pharmaceutical Science,research
PHS4288,Research Project in Pharmaceutical Science,communication
PL2131,Research and Statistical Methods I,research
PL2131,Research and Statistical Methods I,critical thinking
PL2132,Research and Statistical Methods II,data analysis
PL3103,Cognitive Psychology,problem solving
PL3104,Developmental Psychology,research
PL3105,Social Psychology,research
PL3231,Independent Research Project,research
PL3237,Language & Cognitive Processes,research
PL3240,Group Dynamics,research
PL3243,Sensation and Perception,research
PL3248,Learning and Conditioning,research
PL3249,Memory,research
PL3250,Human Performance,research
PL3251,Atypical Development and Language,research
PL3252,Social-Cognitive Perspectives on Emotion,research
PL3256,Infant Development,research
PL3257,Introduction to Clinical Psychology,research
PL3259,Psychology of Ageing,research
PL3260,Moral Development,research
PL3260,Moral Development,writing
PL3261,Statistical Techniques in Psychological Research,spss
PL3261,Statistical Techniques in Psychological Research,research
PL3261,Statistical Techniques in Psychological Research,r programming
PL3281,Lab in Cognitive Psychology,research
PL3281,Lab in Cognitive Psychology,problem solving
PL3281A,Lab in Perception and Attention,research
PL3281B,Lab in Memory and Cognition,research
PL3281C,Lab in Reading Processes,research
PL3281D,Lab in Music Perception and Cognition,research
PL3281E,Lab in Speech and Language Processes,research
PL3281F,Lab in Learning Sciences,research
PL3281G,Lab in Associative Learning and Behavior,research
PL3281G,Lab in Associative Learning and Behavior,writing
PL3282,Lab in Social Psychology,research
PL3282,Lab in Social Psychology,writing
PL3282A,Lab in Interpersonal Relationships,data analysis
PL3282A,Lab in Interpersonal Relationships,research
PL3282A,Lab in Interpersonal Relationships,writing
PL3282A,Lab in Interpersonal Relationships,presentation
PL3282C,Lab in Attitudes,data analysis
PL3282C,Lab in Attitudes,research
PL3282C,Lab in Attitudes,writing
PL3282C,Lab in Attitudes,presentation
PL3282D,Lab in Mindsets and Motivation,research
PL3282E,Lab in Self-Regulation and Goal Pursuit,research
PL3282F,Lab in Social Perception,research
PL3283,Lab in Developmental Psychology,research
PL3283A,Lab in Adolescent Psychology,research
PL3283B,Lab in Development of Communication,communication
PL3283C,Lab in Early Childhood Development,research
PL3284,Lab in Applied Psychology (Scale Construction),statistics
PL3285,Lab in Biological Psychology,statistics
PL3285,Lab in Biological Psychology,research
PL3286,Lab in Health Psychology,research
PL3287,Lab in Clinical Psychology,research
PL3287A,Lab in Personality and Psychopathology,data analysis
PL3287A,Lab in Personality and Psychopathology,research
PL3287A,Lab in Personality and Psychopathology,writing
PL3287A,Lab in Personality and Psychopathology,presentation
PL3287B,Lab in Clinical Translational Science,research
PL3289,Lab in Decision Science,research
PL3551,FASS Undergraduate Research Opportunity (UROP),research
PL3551R,FASS Undergraduate Research Opportunity (UROP),research
PL3551R,FASS Undergraduate Research Opportunity (UROP),writing
PL4201,Psychometrics and Psychological Testing,research
PL4201HM,Psychometrics and Psychological Testing,research
PL4205,Developmental Processes,research
PL4205HM,Developmental Processes,research
PL4207,Social Psychology: Theories and Methods,research
PL4207,Social Psychology: Theories and Methods,leadership
PL4207HM,Social Psychology: Theories and Methods,research
PL4207HM,Social Psychology: Theories and Methods,leadership
PL4213,Cognitive Neuropsychology,writing
PL4213HM,Cognitive Neuropsychology,writing
PL4216,Personnel Selection,research
PL4216HM,Personnel Selection,research
PL4219,Advanced Abnormal Psychology,research
PL4219HM,Advanced Abnormal Psychology,research
PL4221,Early Language Development,research
PL4221HM,Early Language Development,research
PL4224,Mental Health and Distress in Children,research
PL4224HM,Mental Health and Distress in Children,research
PL4226,Correctional Psychology,research
PL4226HM,Correctional Psychology,research
PL4230,Mindful Psychology,research
PL4230HM,Mindful Psychology,research
PL4232,Psychology of Organizational Processes,leadership
PL4232HM,Psychology of Organizational Processes,leadership
PL4233,Psychology of Negotiation,research
PL4233HM,Psychology of Negotiation,research
PL4236,Autism Spectrum and Related Conditions,research
PL4236,Autism Spectrum and Related Conditions,communication
PL4236,Autism Spectrum and Related Conditions,presentation
PL4236HM,Autism Spectrum and Related Conditions,research
PL4236HM,Autism Spectrum and Related Conditions,communication
PL4236HM,Autism Spectrum and Related Conditions,presentation
PL4238,Social Neuroscience,research
PL4238HM,Social Neuroscience,research
PL4239,Social Psychology of the Unconscious,research
PL4239HM,Social Psychology of the Unconscious,research
PL4240,Emotion and Psychopathology,research
PL4240HM,Emotion and Psychopathology,research
PL4242,Historical Controversies in Psychology,critical thinking
PL4242HM,Historical Controversies in Psychology,critical thinking
PL4243,Intellectual Developmental Disorder,presentation
PL4243HM,Intellectual Developmental Disorder,presentation
PL4244,Sleep: A Cognitive Neuroscience Perspective,research
PL4244HM,Sleep: A Cognitive Neuroscience Perspective,research
PL4245,Data Science for Psychology: Methods and Applications,artificial intelligence
PL4245HM,Data Science for Psychology: Methods and Applications,artificial intelligence
PL4247,Application of Psychology to Fears and Phobias,research
PL4247HM,Application of Psychology to Fears and Phobias,research
PL4250,Language & Cognitive Processes,research
PL4250HM,Language & Cognitive Processes,research
PL4253,Moral Development,research
PL4253,Moral Development,writing
PL4253HM,Moral Development,research
PL4253HM,Moral Development,writing
PL4257,Hormones and Social Behavior,research
PL4257HM,Hormones and Social Behavior,research
PL4401,Honours Thesis,research
PL4401HM,Honours Thesis,research
PL4501,Integrated Thesis,research
PL4501HM,Integrated Thesis,research
PL4880C,Issues in Testing and Research,research
PL4880CHM,Issues in Testing and Research,research
PL4880F,Addictive Behaviours,research
PL4880F,Addictive Behaviours,critical thinking
PL4880FHM,Addictive Behaviours,research
PL4880FHM,Addictive Behaviours,critical thinking
PL4880G,Positive Psychology,research
PL4880GHM,Positive Psychology,research
PL4880K,Parenting and Child Development,research
PL4880KHM,Parenting and Child Development,research
PL4880L,Applying Cognitive Psychology to Learning & Instruction,research
PL4880LHM,Applying Cognitive Psychology to Learning & Instruction,research
PL4880S,Programme Evaluation in the Social Service Sector,research
PL4880SHM,Programme Evaluation in the Social Service Sector,research
PL4880T,Applying Psychology In Education,research
PL4880THM,Applying Psychology In Education,research
PL4880V,Culture and Human Development,research
PL4880VHM,Culture and Human Development,research
PL5221,Analysis of Psychological Data Using Glm,data analysis
PL5221R,Analysis of Psychological Data using GLM,data analysis
PL5222,Multivariate Statistics in Psychology,data analysis
PL5222R,Multivariate Statistics in Psychology,data analysis
PL5225,Structural Equation Modeling,data analysis
PL5225R,Structural Equation Modeling,data analysis
PL5304,Advanced Developmental Psychology,research
PL5304R,Advanced Developmental Psychology,research
PL5305,Advanced Social Psychology,research
PL5305R,Advanced Social Psychology,research
PL5307,Advanced Health Psychology,research
PL5307R,Advanced Health Psychology,research
PL5308,Advanced Social and Cognitive Neuroscience,research
PL5308R,Advanced Social and Cognitive Neuroscience,research
PL5309,Motivation and Behaviour Change,research
PL5309R,Motivation and Behaviour Change,research
PL5660,Independent Study,research
PL6208,Empirical Research Project,research
PL6660,Independent Study,research
PL6770,Graduate Research Seminar,research
PL6770,Graduate Research Seminar,writing
PL6770,Graduate Research Seminar,presentation
PL6883,Selected Topics in Cognitive Psychology,writing
PL6885,"Selected Topics in Social, Personality, I-O Psychology",writing
PL6888,Selected Topics in Social and Cognitive Neuroscience,writing
PL6889,Selected Topics in Emotion Psychology,research
PLC5008,Graduate Research Methods and Statistics,spss
PLC5008,Graduate Research Methods and Statistics,statistics
PLC5008,Graduate Research Methods and Statistics,research
PLC5009,Research Proposal,research
PLC5009,Research Proposal,presentation
PLC5010,Research Project,research
PLC5010A,Research Project,research
PLS8004,Optimizing Performance,research
PLS8005,Elevating Interpersonal Communication,research
PLS8005,Elevating Interpersonal Communication,communication
PM5000,Dissertation,research
PM5101,Project Management,project management
PM5111,Special Topics in Project Management,project management
PM5112,Research Methods,machine learning
PM5112,Research Methods,research
PM5112,Research Methods,writing
PM5115,Project Finance Contracts and Agreements,finance
PM5116,Project Finance Case Studies,finance
PM5120,Asset Management,marketing
PM6104,International Project Management,project management
PP5012,Leading Innovation and Change,entrepreneurship
PP5013,Ethical Leadership,artificial intelligence
PP5014,Leading Collaboration,leadership
PP5025,"Cloud, 5G, IoT and Public Policy",finance
PP5050,Professional Development Course in Communications,communication
PP5104,Empirical Analysis For Public Policy,statistics
PP5136,Public Finance,finance
PP5138,Econometrics for Public Policy Analysis,statistics
PP5149,"Big Data, Official Statistics, and Public Policy",statistics
PP5151,Comparative Case Study Method,research
PP5154,The Global Change Agent,leadership
PP5164,International Conflict Analysis and Resolution,research
PP5168,Public Service Leadership,leadership
PP5171,Advanced Applied Econometrics for Policy Analysis,research
PP5172,Applications of Statistical Methods to Public Policy,research
PP5178,Leadership and Decision-making Skills,leadership
PP5184,Communications for Public Leadership,communication
PP5184,Communications for Public Leadership,writing
PP5186,Japan and ASEAN,finance
PP5187,Business and Politics,research
PP5188,Social Entrepreneurship,entrepreneurship
PP5198,Chinese Political Leadership and Economic Development,leadership
PP5204,Evolving Practices of Governance in Singapore,writing
PP5209,Exercising Leadership,leadership
PP5211,Analytical Issues in Money & Banking,finance
PP5215,Changes in Singapore Political Economy,finance
PP5218,Foresight Methods and Analysis for Public Policy,research
PP5228,Evidence-Informed Policy Development,presentation
PP5234,Economics of Developing Countries,finance
PP5239,Understanding and Managing Corruption,leadership
PP5278,Health Economics and Public Policy,research
PP5312,Public Financial Management,finance
PP5401,Policy Challenges,leadership
PP5408,Methods and Tools for Policy Analysis 2,research
PP5415,Foundations of Public Management (Gateway),leadership
PP5417,Capstone Project: Comparative Study of Asia & Europe,research
PP5417,Capstone Project: Comparative Study of Asia & Europe,presentation
PP5509,Pensions and Retirement Policies,finance
PP5512,US-China Relations and Great Power Policy Making,data analysis
PP5512,US-China Relations and Great Power Policy Making,research
PP5512,US-China Relations and Great Power Policy Making,writing
PP5512,US-China Relations and Great Power Policy Making,presentation
PP5516,Practical Political Risk Analysis,research
PP5519,Financial Management for Nonprofit Organisations,finance
PP5525,Understanding Global Trade and Asian Trade Policy,research
PP5526,The Politics of Infrastructure,communication
PP5528,Designing Markets and Marketplaces,r programming
PP5529,Technological Changes and Work,machine learning
PP5529,Technological Changes and Work,artificial intelligence
PP5530,Introduction to Coding for Public Policy using Python,python
PP5530,Introduction to Coding for Public Policy using Python,problem solving
PP5531,Introduction to Coding for Public Policy using R,r programming
PP5536,"Drones, Data, Drawings - IA in the age of the image",artificial intelligence
PP5536,"Drones, Data, Drawings - IA in the age of the image",deep learning
PP5538,Digital Technologies and Public Policy,finance
PP5540,Survey Design for Researchers and Decision-makers,research
PP5543,Prediction and Forecasting for Public Managers,stata
PP5543,Prediction and Forecasting for Public Managers,excel
PP5543,Prediction and Forecasting for Public Managers,statistics
PP5546,AI and Governance: Policy Challenges and Opportunities,research
PP5547,"Macroeconomics: US, China, India and the Global Economy",communication
PP5547,"Macroeconomics: US, China, India and the Global Economy",finance
PP5549,Financial Management for Households,finance
PP5550,Applied Qualitative Methods for Policy Research,artificial intelligence
PP5550,Applied Qualitative Methods for Policy Research,research
PP5551,Balanced Leadership,leadership
PP5552,Environmental Change and Policy Design,problem solving
PP5662,Independent Study Course,research
PP5663,Independent Study Course,research
PP5664,Independent Study Course,research
PP5705,Comparative Public Policy and Management: Singapore and Asia,leadership
PP5707,MPAM Capstone Project,research
PP5711,Urban Development and Policy,finance
PP5716,Security in Asia-Pacific,research
PP5724,Leadership Development,leadership
PP5728,Technology and Innovation Policy,research
PP5728,Technology and Innovation Policy,entrepreneurship
PP5729,Public Sector Communications,communication
PP5730,Strategic Co-opetition Policy & Supply Chain Deployment,research
PP5731,"Environment, Energy and Resource Policy",research
PP5734,Organisational Communication and Business Strategy,communication
PP5735,Financial Management for Organizational Managers,finance
PP5736,Human Capital Mangement and Leadership,leadership
PP5737,Public Finance,finance
PP5801,Economic Analysis,accounting
PP5903,International Political Economy,finance
PP5904,Research Methods in International Affairs,research
PP5904,Research Methods in International Affairs,writing
PP5910,MIA Thesis,research
PP5910,MIA Thesis,writing
PP5914,Global Politics and the Economy,finance
PP5916,MIA Senior Essay,research
PP6703,Foundations of Public Administration,research
PP6705,The Politics of Public Policy,research
PP6706,Research Methods for Public Policy 1,research
PP6707,Research Methods for Public Policy 2,research
PP6708,Research Design in Public Policy,research
PP6770,Doctoral Seminar in Public Policy,research
PP6770M,Public Policy Graduate Seminar,research
PR1301,Complementary Medicine and Health,critical thinking
PR2122,Biotechnology for Pharmacy,research
PR2131,Pharmacy Professional Skills Development II,communication
PR2135,Pharmacotherapeutics II,presentation
PR2143,Pharmaceutical Analysis for Quality Assurance,problem solving
PR2150,Professional Identity and Skills Development II,communication
PR2151,Applied Patient Care Skills II,communication
PR2152,Gastrointestinal System: Science & Therapeutics,communication
PR2202,Cosmetics & Perfumes,marketing
PR2288,Basic UROPS in Pharmacy I,research
PR2288,Basic UROPS in Pharmacy I,communication
PR2288,Basic UROPS in Pharmacy I,presentation
PR2288R,Basic UROPS in Pharmacy I (REx),research
PR2288R,Basic UROPS in Pharmacy I (REx),communication
PR2288R,Basic UROPS in Pharmacy I (REx),writing
PR2288R,Basic UROPS in Pharmacy I (REx),presentation
PR2289,Basic UROPS in Pharmacy II,research
PR2289,Basic UROPS in Pharmacy II,communication
PR2289,Basic UROPS in Pharmacy II,presentation
PR2289R,Basic UROPS in Pharmacy II (REx),research
PR2289R,Basic UROPS in Pharmacy II (REx),communication
PR2289R,Basic UROPS in Pharmacy II (REx),writing
PR2289R,Basic UROPS in Pharmacy II (REx),presentation
PR3144,Principles of Research Methods,research
PR3144,Principles of Research Methods,communication
PR3288R,Advanced UROPS in Pharmacy I (REx),research
PR3288R,Advanced UROPS in Pharmacy I (REx),writing
PR3289R,Advanced UROPS in Pharmacy II (REx),research
PR3289R,Advanced UROPS in Pharmacy II (REx),writing
PR4151,Leading the Future of Pharmacy,leadership
PR4151,Leading the Future of Pharmacy,critical thinking
PR4191,SCI-PhI Project,research
PR4193,Indirect and Specialty Patient Care Internship,research
PR4193,Indirect and Specialty Patient Care Internship,communication
PR4193,Indirect and Specialty Patient Care Internship,leadership
PR4195,"Scientific Evaluation, Analysis and Communication",communication
PR4195,"Scientific Evaluation, Analysis and Communication",presentation
PR4196,Pharmacy Research Project and Scientific Communication,research
PR4201,Pharmaceutical Marketing,marketing
PR4204,Special Drug Delivery,research
PR5115,"Drug Information, Critical Literature Evaluation and Biostatistics",research
PR5134,Advanced Skills in Pharmacy Practice,writing
PR5136,Seminar and Teaching,communication
PR5136,Seminar and Teaching,presentation
PR5198,Graduate Seminar Course in Pharmacy,research
PR5198,Graduate Seminar Course in Pharmacy,communication
PR5198,Graduate Seminar Course in Pharmacy,critical thinking
PR5198,Graduate Seminar Course in Pharmacy,writing
PR5211,Pharmaceutical and Biomedical Analysis,research
PR5214,Advances in Solid Pharmaceutical Formulations,research
PR5215,Drug Product Development: Understanding Drug Substances,excel
PR5227,AI in Pharmaceutical Applications,artificial intelligence
PR5227,AI in Pharmaceutical Applications,research
PR5230,Pharmacoeconomics and Outcomes Research,research
PR5230B,Outcomes Research,research
PR5239,Clinical Pharmacy Research Project,research
PR5239,Clinical Pharmacy Research Project,presentation
PR5249,MCP Project: Systematic Review & Meta-analysis,research
PR5249,MCP Project: Systematic Review & Meta-analysis,communication
PR5249C,MCP Project: Systematic Review & Meta-analysis,research
PR5249C,MCP Project: Systematic Review & Meta-analysis,communication
PR5299,Research Project in Pharmaceutical Innovation,research
PR5302,Regulation of Drug Development,research
PR5304,Fundamental Topics in Pharmaceutical Science,presentation
PS2234,Introduction to Comparative Politics,research
PS2240,Introduction to Public Administration,leadership
PS2300,Humanity between Animals and Robots,artificial intelligence
PS3257,Political Inquiry,research
PS3258,Research Methods in Political Science,research
PS3551,FASS Undergraduate Research Opportunity (UROP ),research
PS3551R,FASS Undergraduate Research Opportunity (UROP ),research
PS3551R,FASS Undergraduate Research Opportunity (UROP ),writing
PS3880E,Topics in PS: Human Trafficking in Southeast Asia,research
PS3880F,Topics in PS: Quantitative Approaches to Intl Relations,research
PS3880G,Topics in PS: Research Design and Methods,research
PS4202,Political Parties & Elections,research
PS4202HM,Political Parties & Elections,research
PS4209,Public Organisation Theory and Practice,leadership
PS4209HM,Public Organisation Theory and Practice,leadership
PS4220,Rhetoric and Politics,writing
PS4220HM,Rhetoric and Politics,writing
PS4221,Contemporary Politics of Northeast Asia,leadership
PS4221HM,Contemporary Politics of Northeast Asia,leadership
PS4230,Public Sector Reforms in China,finance
PS4230HM,Public Sector Reforms in China,finance
PS4313,Seminar in Comparative Political Economy,research
PS4313,Seminar in Comparative Political Economy,finance
PS4313HM,Seminar in Comparative Political Economy,research
PS4313HM,Seminar in Comparative Political Economy,finance
PS4314,Data Analytics in Political Science,r programming
PS4314,Data Analytics in Political Science,statistics
PS4314,Data Analytics in Political Science,data analysis
PS4314,Data Analytics in Political Science,research
PS4314HM,Data Analytics in Political Science,r programming
PS4314HM,Data Analytics in Political Science,statistics
PS4314HM,Data Analytics in Political Science,data analysis
PS4314HM,Data Analytics in Political Science,research
PS4332,Researching Singapore Politics,research
PS4332HM,Researching Singapore Politics,research
PS4401,Honours Thesis,research
PS4401,Honours Thesis,writing
PS4401HM,Honours Thesis,research
PS4401HM,Honours Thesis,writing
PS4882F,The Politics of International Trade,research
PS4882FHM,The Politics of International Trade,research
PS5111,Research Design in Political Science,statistics
PS5111,Research Design in Political Science,research
PS5314,Seminar in International Relations,research
PS5314,Seminar in International Relations,presentation
PS5314R,Seminar in Int'l Relations,research
PS5314R,Seminar in Int'l Relations,presentation
PS5321,Seminar in Chinese Politics,research
PS5321,Seminar in Chinese Politics,leadership
PS5321R,Seminar in Chinese Politics,research
PS5321R,Seminar in Chinese Politics,leadership
PS5503,Decentralization and Local Governance,research
PS5503R,Decentralization and Local Governance,research
PS5505,Public Administration Theory,leadership
PS5602,Introduction to Quantitative Methods,statistics
PS5602,Introduction to Quantitative Methods,data analysis
PS5602,Introduction to Quantitative Methods,r programming
PS5602R,Introduction to Quantitative Methods,statistics
PS5602R,Introduction to Quantitative Methods,data analysis
PS5602R,Introduction to Quantitative Methods,r programming
PS5603R,Introduction to Qualitative Methods,research
PS6603,Topics in Research Methods,research
PS6660,Independent Study,research
PS6660A,Independent Study,research
PS6770,Graduate Research Seminar,research
PS6770,Graduate Research Seminar,writing
PS6770,Graduate Research Seminar,presentation
QF1100,Introduction to Quantitative Finance,finance
QF2103,Computing for Quantitative Finance,python
QF2103,Computing for Quantitative Finance,research
QF2103,Computing for Quantitative Finance,finance
QF2104,Fundamentals of Quantitative Finance,finance
QF3101,Investment Instruments and Risk Management,finance
QF3103,Advanced Mathematics in Quantitative Finance,finance
QF3201,Basic Derivatives and Bonds,finance
QF4102,Financial Modelling and Computation,writing
QF4102,Financial Modelling and Computation,finance
QF4102A,Financial Modelling and Computation,writing
QF4102A,Financial Modelling and Computation,finance
QF4104,Project in Quantitative Finance and FinTech,finance
QF4204,Project in Quantitative Finance and FinTech,finance
QF4205,Time Series Analysis for Quantitative Finance,finance
QF4211,Digital Currencies,research
QF4211,Digital Currencies,finance
QF4212,Data Science in FinTech,data analysis
QF4212,Data Science in FinTech,machine learning
QF4212,Data Science in FinTech,deep learning
QF4212,Data Science in FinTech,finance
QF4288,Undergraduate Project in Quantitative Finance,research
QF4288,Undergraduate Project in Quantitative Finance,finance
QF5201,Interest Rate Theory and Credit Risk,finance
QF5201A,Interest Rate Theory and Credit Risk,finance
QF5202,Structured Products,finance
QF5202A,Structured Products,finance
QF5203,Risk Management,finance
QF5204,Numerical Methods in Quantitative Finance,finance
QF5205,Topics in Quantitative Finance I,finance
QF5205A,Topics in Quantitative Finance I,finance
QF5206,Topics in Quantitative Finance II,finance
QF5206A,Topics in Quantitative Finance II,finance
QF5207,Investment and Portfolio Selection,finance
QF5207A,Investment and Portfolio Selection,finance
QF5208,AI and FinTech,machine learning
QF5208,AI and FinTech,research
QF5209,Financial Derivatives: Modelling and Computation,finance
QF5209A,Financial Derivatives: Modelling and Computation,finance
QF5210,Financial Time Series: Theory and Computation,finance
QF5210A,Financial Time Series: Theory and Computation,finance
QF5211,Monte Carlo Methods in Quantitative Finance,finance
QF5211A,Monte Carlo Methods in Quantitative Finance,finance
QF5212,Introduction to Quantitative Finance,finance
QF5212A,Introduction to Quantitative Finance,finance
QF5213,Financial Management,finance
QF5214,Data Engineering for Quantitative Finance,finance
QF5215,Al and Quantitative Methods Seminar,machine learning
QF5215,Al and Quantitative Methods Seminar,artificial intelligence
QF5215,Al and Quantitative Methods Seminar,finance
QF5299,Quantitative Finance Project,problem solving
QF5299,Quantitative Finance Project,finance
QF5310,Data Analysis and Machine Learning in Finance,data analysis
QF5310,Data Analysis and Machine Learning in Finance,machine learning
QF5312,Statistical Models and Methods in Finance,finance
QF5313,Advanced Computational & Programming Methods in Finance,finance
QF5314,Basic Mathematics in Finance,statistics
QF5314,Basic Mathematics in Finance,finance
QF5315,Selected Topics in FinTech,artificial intelligence
QF5315,Selected Topics in FinTech,finance
QT5103,"Boolean functions, and applications in computer science",machine learning
QT5104,Topics in Quantum Information Theory,communication
QT5201,Special Topics in Quantum Information,research
QT5201C,Special Topics in Quantum Information,research
QT5201D,Special Topics in Quantum Information,research
QT5201D,Special Topics in Quantum Information,presentation
QT5201H,Special Topics in Quantum Information,research
QT5201I,Breakthrough techniques in atomic and many-body physics,research
QT5201J,Semidefinite Programming and Quantum Information,research
QT5201L,Quantum Information and Cryptography,research
QT5201Q,Quantum Algorithms,research
RB3301,Introduction to Machine Intelligence,artificial intelligence
RB4101A,B.Eng. Dissertation,research
RB4101B,Robotic Systems Design,research
RB4101B,Robotic Systems Design,communication
RB4301,Robot Learning,machine learning
RE1705,Real Estate Finance and Accounting,finance
RE1705,Real Estate Finance and Accounting,accounting
RE1707,"Real Estate, Society and Enterprise",project management
RE1707,"Real Estate, Society and Enterprise",finance
RE2706,Real Estate and Infrastructure Finance,finance
RE2708,Computational Thinking and Programming for Real Estate,python
RE2708,Computational Thinking and Programming for Real Estate,problem solving
RE2801,Research Methodology in Real Estate,data analysis
RE2801,Research Methodology in Real Estate,research
RE2801,Research Methodology in Real Estate,writing
RE2801,Research Methodology in Real Estate,econometrics
RE3701,Real Estate Investment Analysis,finance
RE3704,Real Estate Marketing,research
RE3704,Real Estate Marketing,marketing
RE3751,Independent Study in Real Estate,research
RE3751,Independent Study in Real Estate,writing
RE3805,Corporate Investment in Real Estate,finance
RE3807,Corporate Finance for Real Estate,finance
RE3809,Real Estate Development and Finance Law,finance
RE3810,Strategic Asset Management & PropTech,marketing
RE3902,Housing Markets and Policies,finance
RE4702,Professional Practice and Ethics,communication
RE4702,Professional Practice and Ethics,marketing
RE4711,FYP Dissertation,research
RE4751,Advanced Independent Study in Real Estate,research
RE4751,Advanced Independent Study in Real Estate,writing
RE4801,Real Estate Internship Programme,communication
RE4801,Real Estate Internship Programme,presentation
RE5000,Dissertation,research
RE5001,Real Estate Development,project management
RE5001,Real Estate Development,marketing
RE5004,Real Estate Economics,research
RE5005,Real Estate Finance,finance
RE5019,Data & Analytics in Real Estate,data analysis
RE5019,Data & Analytics in Real Estate,machine learning
RE6004,Research Methodology in Real Estate,research
RE6004,Research Methodology in Real Estate,writing
RE6005,Real Estate Economics Research Seminar,research
RE6006,Real Estate Finance Seminar,research
RE6006,Real Estate Finance Seminar,critical thinking
RE6006,Real Estate Finance Seminar,finance
RE6007,Research Topics in Real Estate,research
RE6008,Urban Planning and Development Seminar,research
RE6110,Independent Study Module,research
RVR2000,RVRC Undergraduate Research Opportunity (UROP),research
RVR2000X,RVRC Undergraduate Research Opportunity (UROP) REx,research
RVR2000X,RVRC Undergraduate Research Opportunity (UROP) REx,writing
RVSS1003,Communicating the Value of Singapore’s Natural Heritage,communication
RVX1002,What do you mean? Meaning & Communication in Intercultural contexts,communication
RVX1005,"Intersectionality, Identity and Inequality in Asia",writing
SA4101,Software Analysis and Design,machine learning
SA4101,Software Analysis and Design,presentation
SA4101C,Software Analysis and Design,sql
SA4105,Web Application Development,java
SA4105C,Web Application Development,java
SA4106,AD Project,project management
SA4106C,AD Project,project management
SA4108,Mobile Application Development,java
SA4108C,Mobile Application Development,java
SA4109,Advanced Web Development,web development
SA4109,Advanced Web Development,java
SA4109A,Advanced Web Development,web development
SA4109A,Advanced Web Development,java
SA4110,Machine Learning Application Development,python
SA4110,Machine Learning Application Development,machine learning
SA4110C,Machine Learning Application Development,python
SA4110C,Machine Learning Application Development,machine learning
SA4111,Agile Software Delivery,machine learning
SC1101E,Making Sense of Society,communication
SC2101,Methods of Social Research,data analysis
SC2101,Methods of Social Research,research
SC2101,Methods of Social Research,presentation
SC2202,Sociology of Work,research
SC2209,"Money, Business and Social Networks",finance
SC2212,Sociology of Deviance,research
SC2221,Humans and Natures,research
SC2224,Visual Anthropology Field-School,data analysis
SC2224,Visual Anthropology Field-School,research
SC2224,Visual Anthropology Field-School,writing
SC2228,Social Perspectives on the Digital Era,artificial intelligence
SC2228,Social Perspectives on the Digital Era,finance
SC3204,Sociology of Education,research
SC3209,Data Analysis in Social Research,spss
SC3209,Data Analysis in Social Research,statistics
SC3209,Data Analysis in Social Research,data analysis
SC3209,Data Analysis in Social Research,research
SC3213,Visual Ethnography: Theory and Practice,research
SC3219,Sexuality in Comparative Perspective,research
SC3220,"Ritual, Performance and Symbolic Action",communication
SC3221,Qualitative Inquiry,data analysis
SC3221,Qualitative Inquiry,research
SC3221,Qualitative Inquiry,writing
SC3225,Social Capital,research
SC3551,FASS Undergraduate Research Opportunity (UROP),research
SC3551R,FASS Undergraduate Research Opportunity (UROP),research
SC3551R,FASS Undergraduate Research Opportunity (UROP),writing
SC4202,Reading Ethnographies,writing
SC4202HM,Reading Ethnographies,writing
SC4205,Sociology of Language & Communication,communication
SC4205HM,Sociology of Language & Communication,communication
SC4209,Interpretive Sociology,research
SC4209HM,Interpretive Sociology,research
SC4213,Qualitative Data Collection,research
SC4213HM,Qualitative Data Collection,research
SC4225,The Sociology of Cities and Development Planning in Asia,research
SC4225HM,The Sociology of Cities and Development Planning in Asia,research
SC4401,Honours Thesis,research
SC4401HM,Honours Thesis,research
SC4880A,Communication and Social Structure,communication
SC4880AHM,Communication and Social Structure,communication
SC5101,Graduate Research Methods,research
SC5102,Quantitative Data Analysis,data analysis
SC5102,Quantitative Data Analysis,research
SC5102R,Quantitative Data Analysis,data analysis
SC5102R,Quantitative Data Analysis,research
SC5103,Qualitative Data Analysis,data analysis
SC5103,Qualitative Data Analysis,research
SC5103R,Qualitative Data Analysis,data analysis
SC5103R,Qualitative Data Analysis,research
SC5215,The Practice of Visual Ethnography,research
SC5215R,The Practice of Visual Ethnography,research
SC5218,Population Studies,research
SC5218R,Population Studies,research
SC5223,Social Networks,research
SC5223R,Social Networks,research
SC5770,Graduate Research Seminar (for Master Research students),research
SC5770,Graduate Research Seminar (for Master Research students),writing
SC6224,Producing Ethnography,research
SC6224,Producing Ethnography,writing
SC6225,"Kinship, Relatedness and Personhood",research
SC6226,Asia as an Area of Ethnographic Study,research
SC6660,Independent Study,research
SC6770,Graduate Research Seminar (for PhD students),research
SC6770,Graduate Research Seminar (for PhD students),writing
SC6780,Professional Writing in Sociology and Anthropology,research
SC6780,Professional Writing in Sociology and Anthropology,writing
SC6880,Topics in Social Organization,research
SDM5004,Systems Engineering Project Management,project management
SE2211,Southeast Asian Social History,research
SE2223,Doing Research In Southeast Asia,research
SE2227,Southeast Asian Gardens: History and Symbolism,java
SE2229,Southeast Asia as a Field of Study,research
SE2660,Independent Study,research
SE2660,Independent Study,writing
SE3214,Heritage and Heritagescapes in Southeast Asia,marketing
SE3226,Hard at work: the changing face of labour in SEA,research
SE3226,Hard at work: the changing face of labour in SEA,writing
SE3231,Colonial Southeast Asia Through European Literature,writing
SE3231,Colonial Southeast Asia Through European Literature,academic writing
SE3551,FASS Undergraduate Research Opportunity (UROP),research
SE3551R,FASS Undergraduate Research Opportunity (UROP),research
SE3551R,FASS Undergraduate Research Opportunity (UROP),writing
SE3660,Independent Study,research
SE4101,Southeast Asia Studies: Theory and Practice,research
SE4101,Southeast Asia Studies: Theory and Practice,writing
SE4101HM,Southeast Asia Studies: Theory and Practice,research
SE4101HM,Southeast Asia Studies: Theory and Practice,writing
SE4201,Southeast Asian Languages as Research Tools,research
SE4201HM,Southeast Asian Languages as Research Tools,research
SE4210,Ancient Kingdoms of Southeast Asia,writing
SE4210HM,Ancient Kingdoms of Southeast Asia,writing
SE4220,Special Studies on Southeast Asia,research
SE4220HM,Special Studies on Southeast Asia,research
SE4221,Southeast Asian Postcolonialism,writing
SE4226,Doing Ethnography in Southeast Asia,research
SE4226HM,Doing Ethnography in Southeast Asia,research
SE4401,Honours Thesis,research
SE4401HM,Honours Thesis,research
SE5151,Approaches to the Study of Southeast Asia,research
SE5151R,Approaches to the Study of Southeast Asia,research
SE5201,Supervised Research Project,research
SE5213,Revolt and Revolution in Southeast Asia,leadership
SE5213R,Revolt and Revolution in Southeast Asia,leadership
SE5235,Infrastructures and Mobilities in Southeast Asia,communication
SE5263R,Cultural Resource Management in Se Asia,marketing
SE5264,Archaeology and Art of Ancient Southeast Asia,research
SE5264R,Archaeology and Art of Ancient Southeast Asia,research
SE5660,Independent Study,research
SE6265,Studies on Early Southeast Asia,research
SE6660,Independent Study,research
SE6770,Graduate Research Seminar,research
SE6770,Graduate Research Seminar,writing
SE6770,Graduate Research Seminar,presentation
SEA5221,Revolt and Revolution in Southeast Asia,leadership
SEA5401,Thesis,research
SH5004,Fundamentals in Industrial Hygiene,data analysis
SH5004C,Fundamentals in Industrial Hygiene,data analysis
SH5108,Chemical Hazard Management,communication
SH5108C,Chemical Hazard Management,communication
SH5109,Biostatistics and Epidemiology,statistics
SH5109,Biostatistics and Epidemiology,biostatistics
SH5109,Biostatistics and Epidemiology,research
SH5109,Biostatistics and Epidemiology,presentation
SH5109C,Biostatistics and Epidemiology,statistics
SH5109C,Biostatistics and Epidemiology,biostatistics
SH5109C,Biostatistics and Epidemiology,research
SH5109C,Biostatistics and Epidemiology,presentation
SH5402,Safety Leadership and Management Practices,leadership
SH5402C,Safety Leadership and Management Practices,leadership
SH5406,Research Methodology,research
SH5406C,Research Methodology,research
SLP5103,Professional Practice 1,communication
SLP5103R,Professional Practice 1,communication
SLP5104,Research Design and Statistics,statistics
SLP5104,Research Design and Statistics,research
SLP5104R,Research Methods and Evidence Based Practice,research
SLP5105R,Management of Child Communication Disorders 1,research
SLP5109R,Professional Practice 2,communication
SLP5110R,Management of Child Communication Disorders 2,communication
SLP5111R,Management of Adult Communication Disorders 2,communication
SLP5112,Research Project 1,research
SLP5112,Research Project 1,presentation
SLP5112R,Research Project 1,research
SLP5112R,Research Project 1,writing
SLP5113,Professional Practice 3,communication
SLP5113R,Professional Practice 3,communication
SLP5115R,Complex Adult Communication and Swallowing,communication
SLP5116,Research Project 2,research
SLP5116R,Research Project 2,research
SLP5116R,Research Project 2,critical thinking
SLP5117,Professional Practice Issues,research
SLP5117R,Professionalism and Ethical Decision-making,research
SLP5118R,Professional Practice 4,communication
SLP5119,Linguistic Foundations and Adult Communication,communication
SLP5120,Applied Research Methods and Statistical Analysis,artificial intelligence
SLP5120,Applied Research Methods and Statistical Analysis,research
SM5003,"Climate, Environment and Health",research
SM5101,Sustainable Healthcare Capstone I,research
SM5101,Sustainable Healthcare Capstone I,presentation
SN2273,Introduction to Indian Thought,presentation
SN3277,South Asia:Field Studies,writing
SN3551,FASS Undergraduate Research Opportunity (UROP),research
SN4101,Introduction to the Geopolitics of South Asia,writing
SN4101HM,Approaches to the Study of South Asia,writing
SN4234,Mapping Social Movements in India,leadership
SN4234HM,Mapping Social Movements in India,leadership
SN4263,Themes in Contemporary Indian History,leadership
SN4263HM,Themes in Contemporary Indian History,leadership
SN4401,Honours Thesis,research
SN4401,Honours Thesis,writing
SN4401HM,Honours Thesis,research
SN4401HM,Honours Thesis,writing
SN5102,South Asian Research Methodologies I,research
SN5660,Independent Study,research
SN5880,Topics in South Asian Studies I,research
SN6003,South Asian Studies: Selected Topics I,research
SN6004,South Asian Studies : Selected Topics Ii,research
SN6102,South Asian Research Methodologies Ii,research
SN6660,Independent Study,research
SN6770,South Asia Graduate Research Seminar,research
SN6770,South Asia Graduate Research Seminar,writing
SN6770,South Asia Graduate Research Seminar,presentation
SN6880,Topics in South Asian Studies Ii,research
SP1230,NUS H3 Science Research Programme,research
SP1541,Communication Practices in Popular Science,communication
SP1541X,Communication Practices in Popular Science,communication
SP2201,Agri-Science in Japan and Singapore,marketing
SP2271,Introduction to the Scientific Literature,research
SP2273,"Working on Interdisciplinary Science, Pythonically",python
SP2718D,Mathematical Foundations for Data Literacy with R,r programming
SP2718E,Waste: An Overlooked Sustainability Issue,critical thinking
SP2718F,Data Science in Action: Financial Transactions and Payments,machine learning
SP2718G,What Scientists Do: Insights From A Cell Biologist,research
SP3203,Aquatic Ecology Research,research
SP3275,Science for a Sustainable Earth,communication
SP3277,Nano: from Research Bench to Industrial Applications,research
SPH2001,Fundamental Public Health Methods,research
SPH2002,Public Health and Epidemiology,research
SPH2301,Health of the Working Population,critical thinking
SPH3001,Public Health Practice,communication
SPH3001,Public Health Practice,teamwork
SPH3101,Biostatistics for Public Health,biostatistics
SPH3101,Biostatistics for Public Health,data analysis
SPH3106,Data Analysis for Pathogen Genomics,data analysis
SPH3501,Introduction to Public Health Communication,communication
SPH3501,Introduction to Public Health Communication,marketing
SPH5001,Foundations of Public Health,research
SPH5002,Public Health Research Methods,biostatistics
SPH5002,Public Health Research Methods,research
SPH5003,Health Behaviour and Communication,research
SPH5006,STATA Primer for Public Health,stata
SPH5006,STATA Primer for Public Health,statistics
SPH5008,Ethics in Public Health Practice,research
SPH5103,"Collection, Management & Analysis of Quantitative Public Health Data",data analysis
SPH5103,"Collection, Management & Analysis of Quantitative Public Health Data",research
SPH5104,Analytics for Better Health,data analysis
SPH5104,Analytics for Better Health,machine learning
SPH5105,Advanced Geospatial Methods for Public Health,data analysis
SPH5105,Advanced Geospatial Methods for Public Health,r programming
SPH5202,Control of Non-Communicable Diseases,research
SPH5204,Nutrition and Health - Fundamentals and Applications,communication
SPH5205,Urban Outbreak Management,communication
SPH5206,Urban Field Epidemiology,communication
SPH5206,Urban Field Epidemiology,leadership
SPH5311,Workplace Safety and Health,presentation
SPH5401,Health Economics and Financing,research
SPH5405,Introduction to Health Services Research,data analysis
SPH5405,Introduction to Health Services Research,research
SPH5407,Programme Evaluation,data analysis
SPH5409,Qualitative Methods in Public Health,research
SPH5412,Economic Methods in Health Technology Assessment,research
SPH5416,Introduction to Integrated Care,research
SPH5416,Introduction to Integrated Care,leadership
SPH5419,"Climate, Environment and Health",research
SPH5420,Evidence Synthesis for HTA,research
SPH5422,Causal Inference and Impact Evaluation in Public Health,statistics
SPH5423,Simulation for Health Technology Assessment,presentation
SPH5424,AI for Health,artificial intelligence
SPH5501,Public Health Communication,research
SPH5501,Public Health Communication,communication
SPH5801,Field Practice,research
SPH5853,Systems Thinking for Health & Healthcare,leadership
SPH5880A,Special Topics in Epidemiology and Disease Control,research
SPH5880B,Special Topics in Quantitative Methods,research
SPH5880C,Special Topics in Environmental/Occupational Health,research
SPH5880D,Special Topics in Health Systems and Policy,research
SPH5880E,Special Topics in Health Services Research,research
SPH5880F,Special Topics in Health Promotion,research
SPH5880G,Special Topics in Global Health,research
SPH5890A,Independent Study in Epidemiology and Disease Control,biostatistics
SPH5890A,Independent Study in Epidemiology and Disease Control,research
SPH5890B,Independent Study in Quantitative Methods,biostatistics
SPH5890B,Independent Study in Quantitative Methods,research
SPH5890C,Independent Study in Environmental / Occupational Health,biostatistics
SPH5890C,Independent Study in Environmental / Occupational Health,research
SPH5890D,Independent Study in Health Policy and Systems,biostatistics
SPH5890D,Independent Study in Health Policy and Systems,research
SPH5890E,Independent Study in Health Services Research,biostatistics
SPH5890E,Independent Study in Health Services Research,research
SPH5890F,Independent Study in Health Promotion,biostatistics
SPH5890F,Independent Study in Health Promotion,research
SPH5890G,Independent Study in Global Health Programs: Planning and Evaluation,biostatistics
SPH5890G,Independent Study in Global Health Programs: Planning and Evaluation,research
SPH6001,Advanced Epidemiology II,research
SPH6002,Advanced Quantitative Methods II,data analysis
SPH6003,Nutritional Epidemiology,research
SPH6004,Advanced Statistical Learning,machine learning
SPH6004,Advanced Statistical Learning,deep learning
SPH6005,Applied Health Economics,stata
SPH6005,Applied Health Economics,research
SPH6006,Advanced Health Behaviour and Communication,research
SPH6008,Applying Social Theory in Public Health Research,research
SPH6101,Advanced Infectious Disease Modelling,research
SPH6102,Inferential Infectious Disease Modelling,python
SPH6102,Inferential Infectious Disease Modelling,machine learning
SPH6102,Inferential Infectious Disease Modelling,deep learning
SPH6201,Independent Study,biostatistics
SPH6201,Independent Study,research
SPH6770,Graduate Research Seminar in Public Health,research
SPH6770,Graduate Research Seminar in Public Health,communication
SPH6770,Graduate Research Seminar in Public Health,project management
SPH6770,Graduate Research Seminar in Public Health,presentation
SPH6880,Special Topics in Public Health,biostatistics
SPH6880,Special Topics in Public Health,research
SPH6880A,Special Topics in Epidemiology and Disease Control,biostatistics
SPH6880A,Special Topics in Epidemiology and Disease Control,research
SPH6880B,Special Topics in Biostatistics,biostatistics
SPH6880B,Special Topics in Biostatistics,research
SPH6880C,Special Topics in Environmental / Occupational Health,biostatistics
SPH6880C,Special Topics in Environmental / Occupational Health,research
SPH6880D,Special Topics in Health Systems and Policy,biostatistics
SPH6880D,Special Topics in Health Systems and Policy,research
SPH6880E,Special Topics in Health Services Research,biostatistics
SPH6880E,Special Topics in Health Services Research,research
SPH6880F,Special Topics in Health Promotion,biostatistics
SPH6880F,Special Topics in Health Promotion,research
SPH6880G,Special Topics in Global Health,biostatistics
SPH6880G,Special Topics in Global Health,research
SPH6901,Effective Public Health Leadership,leadership
SPH6903,Public Engagement Seminars,research
SPH6903,Public Engagement Seminars,communication
SPH6904,Dissertation,research
SPH6904,Dissertation,problem solving
SPH6904,Dissertation,writing
SPH6905,Portfolio,communication
SPH6905,Portfolio,leadership
SSA2203,Singapore’s Business History,finance
SSA2203,Singapore’s Business History,entrepreneurship
SSD2213,Singapore Urban History & Architecture,critical thinking
ST1131,Introduction to Statistics and Statistical Computing,statistics
ST1131,Introduction to Statistics and Statistical Computing,r programming
ST1232,Statistics for Life Sciences,biostatistics
ST1232,Statistics for Life Sciences,data analysis
ST2132,Mathematical Statistics,statistics
ST2137,Statistical Computing and Programming,python
ST2137,Statistical Computing and Programming,statistics
ST2137,Statistical Computing and Programming,data analysis
ST2137,Statistical Computing and Programming,r programming
ST2288,Basic UROPS in Statistics and Applied Probability I,statistics
ST2288,Basic UROPS in Statistics and Applied Probability I,research
ST2288R,Basic UROPS in Statistics and Applied Probability I (REx),research
ST2288R,Basic UROPS in Statistics and Applied Probability I (REx),writing
ST2289,Basic UROPS in Statistics and Applied Probability II,statistics
ST2289,Basic UROPS in Statistics and Applied Probability II,research
ST2289R,Basic UROPS in Statistics and Applied Probability II (REx),research
ST2289R,Basic UROPS in Statistics and Applied Probability II (REx),writing
ST2335,Statistical Methods,statistics
ST3131,Regression Analysis,statistics
ST3131,Regression Analysis,data analysis
ST3232,Design & Analysis of Experiments,statistics
ST3234,Actuarial Statistics,statistics
ST3235,Statistical Quality Control,statistics
ST3236,Stochastic Processes I,statistics
ST3239,Survey Methodology,statistics
ST3244,Demographic Methods,statistics
ST3245,Statistics in Molecular Biology,statistics
ST3247,Simulation,statistics
ST3248,Statistical Learning I,r programming
ST3288,Advanced UROPS in Statistics & Applied Probability I,statistics
ST3288,Advanced UROPS in Statistics & Applied Probability I,research
ST3288R,Advanced UROPS in Statistics & Applied Probability I (REx),research
ST3288R,Advanced UROPS in Statistics & Applied Probability I (REx),writing
ST3289,Advanced UROPS in Statistics & Applied Probability II,statistics
ST3289,Advanced UROPS in Statistics & Applied Probability II,research
ST3289R,Advanced UROPS in Statistics & Applied Probability II (REx),research
ST3289R,Advanced UROPS in Statistics & Applied Probability II (REx),writing
ST4199,Honours Project in Statistics,research
ST4199,Honours Project in Statistics,problem solving
ST4231,Computer Intensive Statistical Methods,statistics
ST4232,Nonparametric Statistics,statistics
ST4233,Linear Models,statistics
ST4234,Bayesian Statistics,statistics
ST4237,Probability Theory I,statistics
ST4238,Stochastic Processes II,statistics
ST4240,Data Mining,statistics
ST4240,Data Mining,machine learning
ST4241,Design & Analysis of Clinical Trials,statistics
ST4241,Design & Analysis of Clinical Trials,data analysis
ST4242,Analysis of Longitudinal Data,statistics
ST4243,Statistical Methods for DNA Microarray Analysis,statistics
ST4245,Statistical Methods for Finance,statistics
ST4245,Statistical Methods for Finance,finance
ST4248,Statistical Learning II,r programming
ST4250,Multivariate Statistical Analysis,statistics
ST4251,Categorical Data Analysis I,statistics
ST4252,Applied Survival Analysis,statistics
ST4253,Applied Time Series Analysis,statistics
ST4288,Honours Project in Statistics,statistics
ST4288,Honours Project in Statistics,research
ST5188,Applied Data Science Project,research
ST5188,Applied Data Science Project,teamwork
ST5198,Graduate Seminar Course,research
ST5198,Graduate Seminar Course,presentation
ST5199,Coursework Track Ii Project,research
ST5199,Coursework Track Ii Project,problem solving
ST5201,Statistical Foundations of Data Science,statistics
ST5201,Statistical Foundations of Data Science,data analysis
ST5201X,Statistical Foundations of Data Science,statistics
ST5202,Applied Regression Analysis,statistics
ST5204,Experimental Design 2,statistics
ST5205,Probability Theory 2,statistics
ST5206,Generalized Linear Models,statistics
ST5207,Nonparametric Regression,statistics
ST5209,Analysis of Time Series Data,statistics
ST5209X,Analysis Of Time Series Data,statistics
ST5210,Multivariate Data Analysis,data analysis
ST5211,Sampling from Finite Populations,statistics
ST5211X,Sampling from Finite Populations,statistics
ST5213,Advanced Categorical Data Analysis,statistics
ST5215,Advanced Statistical Theory,statistics
ST5217,Statistical Methods For Genetic Analysis,statistics
ST5217,Statistical Methods For Genetic Analysis,data analysis
ST5217,Statistical Methods For Genetic Analysis,research
ST5218,Advanced Statistical Methods in Finance,finance
ST5220,Statistical Consulting,data analysis
ST5220,Statistical Consulting,communication
ST5220,Statistical Consulting,problem solving
ST5220,Statistical Consulting,writing
ST5221,Stochastic Processes and Applications,machine learning
ST5221,Stochastic Processes and Applications,finance
ST5222,Computational Statistics,statistics
ST5223,Statistical Models,data analysis
ST5226,Spatial Statistics,r programming
ST5227,Applied Statistical Learning,statistics
ST5227,Applied Statistical Learning,machine learning
ST5228,Functional Data Analysis,data analysis
ST5228,Functional Data Analysis,machine learning
ST5229,Deep Learning in Data Analytics,python
ST5229,Deep Learning in Data Analytics,machine learning
ST5229,Deep Learning in Data Analytics,deep learning
ST5229,Deep Learning in Data Analytics,natural language processing
ST5229,Deep Learning in Data Analytics,computer vision
ST5230,Applied Natural Language Processing,excel
ST5230,Applied Natural Language Processing,nlp
ST5230,Applied Natural Language Processing,natural language processing
ST5241B,Topics 1B,statistics
ST5241B,Topics 1B,data analysis
ST5244,Topics in Data Science and Analytics,finance
ST5290,Data Science Industry Project,statistics
ST5318,Statistical Methods For Health Science,data analysis
ST5318,Statistical Methods For Health Science,research
ST6101,Advanced Statistical Theory,statistics
ST6104,Statistical Models,data analysis
ST6105,Computational Statistics,statistics
ST6120,Graduate Seminar Course,research
ST6120,Graduate Seminar Course,presentation
ST6241B,Topics 1B,statistics
ST6241B,Topics 1B,data analysis
SW1201,From AI to Authentic HI,artificial intelligence
SW1201,From AI to Authentic HI,communication
SW2105,Values & Skills for Helping Relationships,communication
SW2105,Values & Skills for Helping Relationships,problem solving
SW3101,Evidence with Empathy: Social Work Research Methods,research
SW3103A,Social Work Field Practice (I),presentation
SW3103B,Social Work Field Practice (I),presentation
SW3104,Social Work Field Practice (II),research
SW3104,Social Work Field Practice (II),presentation
SW3104A,Social Work Field Practice (II),research
SW3104A,Social Work Field Practice (II),presentation
SW3202,Practicing Theories in Social Work,research
SW3212,Occupational Social Work,research
SW3221,Protection of Vulnerable Clients,research
SW3225,Agency Planning and Development,presentation
SW3551,FASS Undergraduate Research Opportunity (UROP),research
SW3551R,FASS Undergraduate Research Opportunity (UROP),research
SW3551R,FASS Undergraduate Research Opportunity (UROP),writing
SW3880,Special Topics in Social Work,research
SW4209,Law & Social Work Practice,critical thinking
SW4209HM,Law & Social Work Practice,critical thinking
SW4213,Power of Connection: Social Networks and Social Support,research
SW4213HM,Power of Connection: Social Networks and Social Support,research
SW4219,Crisis and Disaster Recovery Management,project management
SW4219HM,Crisis and Disaster Recovery Management,project management
SW4223,Child-Centric Social Work,research
SW4223HM,Child-Centric Social Work,research
SW4226,Social Enterprises and Social Innovations,entrepreneurship
SW4226HM,Social Enterprises and Social Innovations,entrepreneurship
SW4227,Advanced Family-Centred Social Work Practice,critical thinking
SW4227HM,Advanced Family-Centred Social Work Practice,critical thinking
SW4229,Working With Older Adults,communication
SW4229HM,Working With Older Adults,communication
SW4401,Honours Thesis,research
SW4401HM,Honours Thesis,research
SW4880,Special Topics in Social Work,research
SW4880HM,Special Topics in Social Work,research
SW5103,Family Systems Theory and Intervention,research
SW5103R,Family Therapy,research
SW5104,Management of Human Service Organizations,communication
SW5104,Management of Human Service Organizations,critical thinking
SW5104R,Management of Human Service Organizations,communication
SW5104R,Management of Human Service Organizations,critical thinking
SW5107,Program Development and Evaluation,data analysis
SW5107,Program Development and Evaluation,research
SW5107R,Program Development and Evaluation,data analysis
SW5107R,Program Development and Evaluation,research
SW5112,Supervised Project,research
SW5117A,Practice Research Capstone Seminar I,research
SW5117B,Practice Research Capstone Seminar II,research
SW5117B,Practice Research Capstone Seminar II,writing
SW5117B,Practice Research Capstone Seminar II,presentation
SW5206,Mastering Leadership,leadership
SW5206R,Mastering Leadership,leadership
SW5207,Working with Multi-Stressed Families,critical thinking
SW5207R,Working with Multi-Stressed Families,critical thinking
SW5220,Statistics for Social Workers,spss
SW5220,Statistics for Social Workers,statistics
SW5220R,Statistics for Social Workers,spss
SW5220R,Statistics for Social Workers,statistics
SW5222,Personnel Practice & Management,leadership
SW5247,Social Prevention and Public Education,communication
SW5660,Independent Study,research
SW5883,Topics in Social Work - Social Work Leadership,leadership
SW5883,Topics in Social Work - Social Work Leadership,finance
SW5883,Topics in Social Work - Social Work Leadership,marketing
SW5883R,Topics in Social Work - Social Work Leadership,leadership
SW5883R,Topics in Social Work - Social Work Leadership,finance
SW5883R,Topics in Social Work - Social Work Leadership,marketing
SW5884,Topics in Social Work - Research,statistics
SW5884,Topics in Social Work - Research,research
SW5884R,Topics in Social Work - Research,statistics
SW5884R,Topics in Social Work - Research,research
SW6102,Policy & Research in Social Welfare,research
SW6660,Independent Study,research
SW6770,Graduate Research Seminar,research
SW6770,Graduate Research Seminar,writing
SW6770,Graduate Research Seminar,presentation
SWD5106,Social Service Planning in Policy Context,writing
SWD5279,Comparative Group Modalities,leadership
SWD5880A,Service User Involvement,research
SWD5880C,Grief and Bereavement Counselling,react
SWE5007,Capstone Project in Software Engineering,project management
SWE5007,Capstone Project in Software Engineering,software engineering
SWE5008,Architecting AI Systems,software engineering
SWE5008G,Architecting AI Systems,software engineering
SWK5074,Pathways to Desistance - Offender Rehabilitation Theories,research
SWM5104,Management of Human Service Organizations,communication
SWM5104,Management of Human Service Organizations,critical thinking
SWM5107,Program Development and Evaluation,data analysis
SWM5107,Program Development and Evaluation,research
SWM5112,Supervised Project,research
SWM5117A,Practice Research Capstone Seminar I,research
SWM5117B,Practice Research Capstone Seminar II,research
SWM5117B,Practice Research Capstone Seminar II,writing
SWM5117B,Practice Research Capstone Seminar II,presentation
SWM5206,Mastering Leadership,leadership
SWM5220,Statistics for Social Workers,spss
SWM5220,Statistics for Social Workers,statistics
SWM5660,Independent Study,research
SWM5883,Topics in Social Work - Social Work Leadership,leadership
SWM5883,Topics in Social Work - Social Work Leadership,finance
SWM5883,Topics in Social Work - Social Work Leadership,marketing
SWM5884,Topics in Social Work - Research,statistics
SWM5884,Topics in Social Work - Research,research
SYE5002,Large Scale Systems Project Management,project management
SYE5003,Engineering Finance,accounting
SYE5204,Learning from Data and Knowledge Discovery,statistics
SYE5302,Leadership in Engineering,leadership
SYE5409,Special Topics in Systems Engineering & Management,research
TBA2102,Introduction to Business Analytics,excel
TBA2102,Introduction to Business Analytics,r programming
TBA3222,Marketing Analytics,marketing
TBA4212,Search Engine Optimisation and Analytics,marketing
TC1005,MATLAB Programming for Chemical Engineers,research
TC1005,MATLAB Programming for Chemical Engineers,problem solving
TC1411,Mathematics for Chemical Engineers 1,problem solving
TCE2183,Construction Project Management,project management
TCE2407,Engineering & Uncertainty Analyses,statistics
TCE4103,Design Project,communication
TCE4103,Design Project,leadership
TCE4103,Design Project,writing
TCE4104,BTech Dissertation,research
TCE4104,BTech Dissertation,presentation
TCE4257,Linear Finite Element Analysis,research
TCE5025,Intelligent Transportation Systems,research
TCN1005,MATLAB Programming for Chemical Engineers,research
TCN1005,MATLAB Programming for Chemical Engineers,problem solving
TCN1411,Mathematics for Chemical Engineers 1,problem solving
TCN3421,Process Modeling & Numerical Simulation,excel
TCN4119,B.Tech. Dissertation,research
TCN4119,B.Tech. Dissertation,presentation
TCN4208,Biochemical Engineering,research
TCN4229,Computer Aided Chemical Engineering,artificial intelligence
TCN4231,Downstream Processing of Biochemical and Pharmaceutical Products,research
TCN4242,Optimization of Chemical Processes,research
TCX1001,Introduction to Computing,problem solving
TCX1002,Introduction to Programming,writing
TCX1003,Digital Ethics and Data Privacy,artificial intelligence
TCX2002,Introduction to Business Analytics,r programming
TCX2003,Database Systems and Management,sql
TCX2004,Introduction to Application Development,software engineering
TCX2006,Introduction to AI and Machine Learning,machine learning
TCX2006,Introduction to AI and Machine Learning,artificial intelligence
TCX3213,Data Mining and Machine Learning in Business Analytics,machine learning
TCX3221,Software Engineering,software engineering
TCX3224,Managing Software Projects,project management
TD5102,Embedded Systems in Silicon,c++
TD5341,Professional Development,communication
TD5341,Professional Development,writing
TD5991,Industrial Project,project management
TD5991,Industrial Project,presentation
TD6109,Embedded Systems Project,project management
TD6209,Product Design and Realization,teamwork
TE2003,Advanced Mathematics for Engineers,statistics
TE2101,Programming Methodology,problem solving
TE3801,Robust Design Of Electronic Circuits,statistics
TE4001,BTech Dissertation,research
TE4001,BTech Dissertation,problem solving
TEE2003,Advanced Mathematics for Engineers,statistics
TEE2033,Integrated System Lab,communication
TEE2101,Programming Methodology,problem solving
TEE3013,Labview for Electrical Engineers,problem solving
TEE3031,Innovation & Enterprise I,marketing
TEE3104,Intro to RF and Microwave Sys & Circuits,communication
TEE3131,Communication Systems,communication
TEE3801,Robust Design Of Electronic Circuits,statistics
TEE4001,BTech Dissertation,research
TEE4001,BTech Dissertation,problem solving
TEE4211,Data Science for the Internet of Things,statistics
TEE4211,Data Science for the Internet of Things,machine learning
TEE4211,Data Science for the Internet of Things,deep learning
TEE4407,Analog Electronics,communication
TEE4704,Introduction to Computer Vision and Image Processing,computer vision
TG2415,Ethics In Engineering,research
TIC1001,Introduction to Computing and Programming I,problem solving
TIC2002,Introduction to Software Engineering,software engineering
TIC2601,Database and Web Applications,sql
TIC2601,Database and Web Applications,javascript
TIC2901,Communications for Computing Professionals,communication
TIC4001,Software Engineering Practicum I,software engineering
TIC4002,Software Engineering Practicum II,software engineering
TIC4003,Software Project Management,communication
TIC4003,Software Project Management,project management
TIC4005,Parallel and Distributed Software Engineering,software engineering
TIC4303,Software Security,software engineering
TIC4901,Independent Project,presentation
TIC4902S,Software Engineering Capstone,software engineering
TIE2020,Probability and Statistics,statistics
TIE2030,Programming Methodology with Python,python
TIE2030,Programming Methodology with Python,problem solving
TIE2030,Programming Methodology with Python,writing
TIE2110,Operations Research I,research
TIE3010,Systems Thinking and Design,data analysis
TIE3010,Systems Thinking and Design,research
TIE3100,Systems Design Project,communication
TIE3100,Systems Design Project,writing
TIE3100,Systems Design Project,presentation
TIE3101,Statistics for Engineering Applications,statistics
TIE3110,Simulation,data analysis
TIE4101,B.Tech. Dissertation,research
TIE4101,B.Tech. Dissertation,communication
TIE4101,B.Tech. Dissertation,writing
TIE4101,B.Tech. Dissertation,presentation
TIE4213,Data Analytics for Operations Management,python
TIE4213,Data Analytics for Operations Management,machine learning
TIE4240,Project Management,project management
TIE4246,New Product Management and Innovation,research
TIE4299,Selected Topics in Industrial Engineering,research
TM3101,Mechanical Systems Design,presentation
TM4101,B.Tech. Dissertation,research
TM4102,B.Tech. Dissertation,research
TM4263,Manufact'G Simulat'N & Data Communicat'N,communication
TMA2102,Linear Algebra,statistics
TMA2102,Linear Algebra,research
TME3101,Mechanical Systems Design,presentation
TME3273,Understanding Experimental Data,statistics
TME4102,B.Tech. Dissertation,research
TME4263,Manufact'G Simulat'N & Data Communicat'N,communication
TP5001,Research Project,research
TPS5101,Text and Performance,research
TPS5101,Text and Performance,writing
TPS5213,Performing Shakespeare in Asia,writing
TPS5215,Theatre and the Novel,writing
TPS5243,Data Analysis and Visualization for Theatre Research,data analysis
TPS5243,Data Analysis and Visualization for Theatre Research,research
TR2201,Entrepreneurial Marketing,research
TR2201,Entrepreneurial Marketing,marketing
TR2201A,Entrepreneurial Marketing,research
TR2201A,Entrepreneurial Marketing,marketing
TR2201B,Entrepreneurial Marketing,research
TR2201B,Entrepreneurial Marketing,marketing
TR2201Y,Entrepreneurial Marketing,research
TR2201Y,Entrepreneurial Marketing,marketing
TR3000,Independent Study Course in Entrepreneurship,entrepreneurship
TR3001,New Product Development,marketing
TR3002,New Venture Creation,presentation
TR3002,New Venture Creation,marketing
TR3002I,New Venture Creation,presentation
TR3002I,New Venture Creation,marketing
TR3002N,New Venture Creation,presentation
TR3002N,New Venture Creation,marketing
TR3003,Global Entrepreneurial Marketing,leadership
TR3003,Global Entrepreneurial Marketing,teamwork
TR3003,Global Entrepreneurial Marketing,marketing
TR3007,Entrepreneurial Finance,entrepreneurship
TR3010,Ideation - Creating A Business Idea,entrepreneurship
TR3011,Planning-Developing A Venture,entrepreneurship
TR3014,Globalization of New Ventures,r programming
TR3049,Topics in Entrepreneurship,finance
TR3049,Topics in Entrepreneurship,marketing
TR3049,Topics in Entrepreneurship,entrepreneurship
TR3049A,Topics in Entrepreneurship,finance
TR3049A,Topics in Entrepreneurship,marketing
TR3049A,Topics in Entrepreneurship,entrepreneurship
TR3049B,Topics in Entrepreneurship,finance
TR3049B,Topics in Entrepreneurship,marketing
TR3049B,Topics in Entrepreneurship,entrepreneurship
TR3202,Start-up Internship Programme,writing
TR3202,Start-up Internship Programme,entrepreneurship
TR3202I,Start-up Internship Programme,writing
TR3202M,Start-up Internship Programme,writing
TR3202M,Start-up Internship Programme,entrepreneurship
TR3202N,Start-up Internship Programme,writing
TR3202N,Start-up Internship Programme,entrepreneurship
TR3202S,Start-up Internship Programme,writing
TR3202S,Start-up Internship Programme,entrepreneurship
TR3202T,Start-up Internship Programme,writing
TR3202T,Start-up Internship Programme,entrepreneurship
TR3202U,Start-up Internship Programme,writing
TR3202U,Start-up Internship Programme,entrepreneurship
TR3203,Start-up Case Study & Analysis,writing
TR3203,Start-up Case Study & Analysis,entrepreneurship
TR3203E,Start-up Case Study & Analysis,writing
TR3203E,Start-up Case Study & Analysis,entrepreneurship
TR3203F,Start-up Case Study & Analysis,writing
TR3203F,Start-up Case Study & Analysis,entrepreneurship
TR3203I,Start-up Case Study & Analysis,writing
TR3203I,Start-up Case Study & Analysis,entrepreneurship
TR3203M,Start-up Case Study & Analysis,writing
TR3203M,Start-up Case Study & Analysis,entrepreneurship
TR3203N,Start-up Case Study & Analysis,writing
TR3203N,Start-up Case Study & Analysis,entrepreneurship
TR3203P,Start-up Case Study & Analysis,writing
TR3203P,Start-up Case Study & Analysis,entrepreneurship
TR3203Q,Start-up Case Study & Analysis,writing
TR3203Q,Start-up Case Study & Analysis,entrepreneurship
TR3203T,Start-up Case Study & Analysis,writing
TR3203T,Start-up Case Study & Analysis,entrepreneurship
TR3204,Entrepreneurship Practicum (Short),entrepreneurship
TR3204S,Entrepreneurship Practicum (Short),entrepreneurship
TR3204T,Entrepreneurship Practicum (Short),entrepreneurship
TR3204U,Entrepreneurship Practicum (Short),entrepreneurship
TR3301,Summer Programme in Entrepreneurship,entrepreneurship
TR3301A,Summer Programme in Entrepreneurship,entrepreneurship
TR4049,Seminars in Entrepreneurship,leadership
TR4049,Seminars in Entrepreneurship,entrepreneurship
TR4049N,Seminars in Entrepreneurship - Lean Startup: Market Validation,leadership
TR4049N,Seminars in Entrepreneurship - Lean Startup: Market Validation,entrepreneurship
TR4049S,Seminars in Entrepreneurship - Lean Startup: Market Validation,leadership
TR4049S,Seminars in Entrepreneurship - Lean Startup: Market Validation,entrepreneurship
TR4049T,Seminars in Entrepreneurship - Lean Startup: Market Validation,leadership
TR4049T,Seminars in Entrepreneurship - Lean Startup: Market Validation,entrepreneurship
TR5301,Summer Programme in Entrepreneurship,entrepreneurship
TRA2101,Basic Translation,communication
TRA2111,Introduction to Translation and Interpreting,communication
TRA3205,Translation and Interpreting technologies,project management
TRA3206,Translation and Interpreting Theories,research
TS2217,Introduction to Performance Studies,critical thinking
TS2235,Marketing the Arts and Leisure Services,marketing
TS2237,As If: Actors and Acting,presentation
TS2240,Voice Studies and Production,communication
TS2244,"Theatre, Big Data and Artificial Intelligence",artificial intelligence
TS2244,"Theatre, Big Data and Artificial Intelligence",deep learning
TS3103,Theatre Lab,research
TS3103,Theatre Lab,presentation
TS3240,Theatre Criticism,communication
TS3240,Theatre Criticism,writing
TS3245,Professional Theatre Internship,research
TS3245,Professional Theatre Internship,teamwork
TS3245,Professional Theatre Internship,presentation
TS3247,Digital Archiving and Performance,presentation
TS3551,FASS Undergraduate Research Opportunity (UROP),research
TS3880,Topics in Group Practice Research,research
TS4212,Playwriting: Practice and Production,research
TS4212,Playwriting: Practice and Production,writing
TS4212HM,Playwriting: Practice and Production,research
TS4212HM,Playwriting: Practice and Production,writing
TS4217,Cultural Performance in Asia,research
TS4217HM,Cultural Performance in Asia,research
TS4221,Performance Research,research
TS4221,Performance Research,presentation
TS4221HM,Performance Research,research
TS4221HM,Performance Research,presentation
TS4222,Practice as Research in Applied Theatre,research
TS4222,Practice as Research in Applied Theatre,problem solving
TS4222A,Practice as Research in Applied Theatre,research
TS4222A,Practice as Research in Applied Theatre,problem solving
TS4222AHM,Practice as Research in Applied Theatre,research
TS4222AHM,Practice as Research in Applied Theatre,problem solving
TS4222HM,Practice as Research in Applied Theatre,research
TS4222HM,Practice as Research in Applied Theatre,problem solving
TS4880C,Contemporary Performance Practices,research
TS4880CHM,Contemporary Performance Practices,research
TS5101,Text and Performance,research
TS5101,Text and Performance,writing
TS5101R,Text and Performance,research
TS5101R,Text and Performance,writing
TS5213,Performing Shakespeare in Asia,writing
TS5213R,Performing Shakespeare in Asia,writing
TS6770,Graduate Research Seminar,research
TS6770,Graduate Research Seminar,writing
TS6770,Graduate Research Seminar,presentation
TSC3100,Supply Chain Design,communication
TSC3100,Supply Chain Design,writing
TSC3100,Supply Chain Design,presentation
TSC4101,B. Tech Dissertation,research
TSC4101,B. Tech Dissertation,communication
TSC4101,B. Tech Dissertation,writing
TSC4101,B. Tech Dissertation,presentation
TTG2415,Ethics In Engineering,research
TTG2901,Communications for Engineering Professionals,communication
UD5521,Planning Process: Quantitative & Policy Dimensions,research
UD5625,Methods and Tools for Urban Design,research
UD5641,Dissertation,research
UIS3951R,Independent Study Module (Ride-On),research
UIS3953R,Independent Project,research
UTC1102,Junior Seminar,research
UTC1102,Junior Seminar,writing
UTC1102F,"Junior Seminar: Leadership: Technology, Configuration, Work",leadership
UTC1102G,Junior Seminar: Proof: What’s Truth got to do with it?,statistics
UTC1102S,Coding Mortality,artificial intelligence
UTC1112B,Jr Sem Special Topics: Quality Journalism and Critical Reading,writing
UTC1117,Junior Seminar: Radiation and Society,communication
UTC1409,Jr Sem: The Pursuit of Happiness,research
UTC1410,Jr Sem: Special Topics,research
UTC1414,Jr Sem: Discovering Singapore’s Natural History and Heritage,research
UTC1422,Jr Sem: Relationships in the Digital Age,communication
UTC1801,Artificial Truth,artificial intelligence
UTC1801,Artificial Truth,critical thinking
UTC1802,Machines That Learn,machine learning
UTC1802,Machines That Learn,artificial intelligence
UTC1802,Machines That Learn,deep learning
UTC2101,Time and Life,writing
UTC2104,Intelligence and Singapore Society,artificial intelligence
UTC2110,Happiness By Design,research
UTC2111,Picturing and Seeing Development,research
UTC2120,The Art and Science of Negotiation,critical thinking
UTC2400,Community Leadership,leadership
UTC2400,Community Leadership,entrepreneurship
UTC2405,Emerging Asia: Successes and Challenges,leadership
UTC2409,Understanding Communities: Theory & Practice,research
UTC2413,Communicating with Communities in the 21st century,communication
UTC2704,Projects on Problem-Solving for the 21st Century,research
UTC2715,Decoding Complexity,finance
UTC2723,How would YOU lead?,leadership
UTC2725,Leadership At the Fringe,leadership
UTC2734,"Ideas to Pitches: Tech, Innovation & Entrepreneurship",design thinking
UTC2811,Applications and Analysis of Creative AI,artificial intelligence
UTC2851,Problem Solving for Computing and AI,artificial intelligence
UTC2852,Computational Thinking with AI,artificial intelligence
UTC3101,Independent Study,research
UTC3102,Tembusu Undergraduate Research Opportunity (UROP),research
UTC3103,The Tembusu Senior Learning Experience Project,research
UTC3103,The Tembusu Senior Learning Experience Project,communication
UTC3103,The Tembusu Senior Learning Experience Project,teamwork
UTC3103A,The Tembusu Senior Learning Experience Project,research
UTC3103A,The Tembusu Senior Learning Experience Project,communication
UTC3103A,The Tembusu Senior Learning Experience Project,teamwork
UTC3400,Independent Study,research
UTC3401,CAPT Undergraduate Research Opportunity (UROP),research
UTS2100,Intelligence and Singapore Society,artificial intelligence
UTS2104,Intelligence and Singapore Society,artificial intelligence
UTS2110,Happiness By Design,research
UTS2407,Understanding Communities: Theory & Practice,research
UTS2414,Community Leadership,leadership
UTS2414,Community Leadership,entrepreneurship
UTS2416,Communicating with Communities in the 21st century,communication
UTS2500,Capstone Experience,leadership
UTS2707,Decoding Complexity,finance
UTS2712,Leadership At the Fringe,leadership
UTS2831,Global AI Innovations and Singapore Entrepreneurial Landscape,artificial intelligence
UTW1001A,Identities and Ideas in Modern Market-Driven Societies,writing
UTW1001D,"Self, Society, and the Digital Tsunami era",communication
UTW1001E,From Human to 'Posthuman',writing
UTW1001G,Human Behaviours: How do 'I' fit in this Social World?,leadership
UTW1001H,Eating Right(s): The Politics of Food,writing
UTW1001I,Science and popular narratives,communication
UTW1001J,How do we frame the Climate Crisis?,presentation
UTW1001N,Public Persona and Self-presentations,writing
UTW1001P,Heroes,writing
UTW1001Q,"English, Singlish and intercultural communication",communication
UTW1001S,Women in Film,writing
UTW1001W,The Online Politician: The Use of Social Media in Political Communication,communication
UTW1001X,"Ecospirituality: Religion, Nature, Culture",communication
UTW1001Y,Algorithmic Culture and its Discontents,writing
UTW1001Z,"Colour: Theory, meaning and practice",communication
UTW1001Z,"Colour: Theory, meaning and practice",marketing
UTW2001E,Ethics in Outer Space,research
UTW2001J,"Blood, Death and Desire, Interpreting the Vampire",research
UTW2001K,"Public Memory, Identity and Rhetoric",research
UTW2001K,"Public Memory, Identity and Rhetoric",writing
UTW2001L,Visualizing Southeast Asian Cities,research
UTW2001M,Sport and Socialization,research
UTW2001P,Science Fiction and Empire,research
UTW2001T,Nobodiness: The Self as Story,research
UTW2001W,Alter ego / authentic self? Online political identities,communication
UTW2001Z,The Semiotics of Colour,research
UTW2001Z,The Semiotics of Colour,communication
UTW2001Z,The Semiotics of Colour,marketing
VCU3101,Visual Cultures: Capstone,research
VHC1001,Sports for Life,leadership
VHC1001,Sports for Life,teamwork
VM5105,Communication and Ethical Issues,communication
WR1401,Workplace Readiness,communication
WR1401,Workplace Readiness,leadership
WR1401,Workplace Readiness,writing
XD2102,Health and Social Sciences,research
XFA4401,Integrated Honours Project,research
XFA4402,Integrated Honours Thesis,research
XFA4403,Integrated Honours Thesis,research
XFA4404,Integrated Honours Thesis,research
XFA4404HM,Integrated Honours Thesis,research
XFA4405,Integrated Honours Thesis,research
XFA4405HM,Integrated Honours Thesis,research
XFA4406,Integrated Honours Thesis,research
XFA4408,Integrated Honours Thesis,research
XFA4411,Integrated Honours Thesis,research
XFA4412,Integrated Honours Thesis,research
XFA4413,Integrated Honours Thesis,research
XFA4414,Integrated Honours Thesis,research
XFA4415,Integrated Honours Thesis,research
XFA4416,Integrated Honours Thesis,research
XFA4417,Integrated Honours Thesis,research
XFA4417EC,Integrated Honours Thesis,research
XFA4417PL,Integrated Honours Thesis,research
XFA4417SE,Integrated Honours Thesis,research
XFB4002,Integrated Honours Dissertation,research
XFB4002,Integrated Honours Dissertation,presentation
XFC4101,Integrated Honours Thesis,research
XFC4101,Integrated Honours Thesis,presentation
XFC4102,Integrated Honours Dissertation,research
XFC4102,Integrated Honours Dissertation,presentation
YCT1201,Transitions - Understanding College and College Life,communication
YHU2202,Introduction to Creative Nonfiction,writing
YHU2215,Drawing Methods,research
YHU2236,Travel Writing,writing
YHU2247,Dystopian Fiction,writing
YHU2249,"Poetry, Painting and Photography",react
YHU2272,Writing Love: The Love Letter in Literature,writing
YHU2286,Daily Themes,writing
YHU2292,Introduction to Writing Poetry,writing
YHU2293,Introduction to Fiction Writing,writing
YHU2294,Mean Streets: The Detective and the City,writing
YHU2310,A Reporters Toolbox: The Practice of Daily Journalism,writing
YHU2320,Foundations of Environmental Humanities,research
YHU2323,Decolonizing Color,research
YHU2336,Learning by (un)doing - Artistic Practice in Grim Times,research
YHU3210F,Proseminar in Literary Studies,writing
YHU3234,Metaphysics of Human Nature,research
YHU3244,Writing Pedagogy and Practice,writing
YHU3247,The Afropolitans: Contemporary African Lit. & Film,writing
YHU3263,The Bandung Conference of 1955,writing
YHU3268,The Japanese Empire in Global History,critical thinking
YHU3276,The Historian’s Craft,research
YHU3276,The Historian’s Craft,writing
YHU3276,The Historian’s Craft,presentation
YHU3282,Equiano's Slave Narrative: Texts & Contexts,writing
YHU3290,Dante’s Divine Comedy,research
YHU3306,Philippine Literature: American Period,writing
YHU3312,Hollywood in the 1930s,research
YHU3314,1989: The End of the Cold War,leadership
YHU3314,1989: The End of the Cold War,react
YHU3315,Gospels as Literature,writing
YHU3319,Disability and the Arts,writing
YHU3321,British Comic Fiction: The 20th Century,writing
YHU3340,The Bacchae of Euripides,presentation
YHU3344,Theatre-Making Laboratory,public speaking
YHU3346,Arts in Singapore: Skinning Nudities in the 1990s - 2010s,presentation
YHU3347,Media Arts for Just Futures,research
YHU3353,Art and Social Change in Postwar Japan,research
YHU3361,Writing Hybrid,writing
YHU3362,Ancient Greek Tragedy and Fifth-century Athens,presentation
YHU3364,World Drama,presentation
YHU3383,Art and Climate: Artistic Practice in the Anthropocene,research
YHU3387,Philosophy of Artificial Intelligence & Machine Learning,machine learning
YHU3387,Philosophy of Artificial Intelligence & Machine Learning,artificial intelligence
YHU3393,History and Culture of Southeast Asia,presentation
YHU3394,Writing Speculative Fiction,writing
YHU3401,Exploring the Socratic Dialogue,writing
YHU4101,History Capstone Project,research
YHU4102,Literature Capstone Project,research
YHU4103,Philosophy Capstone Project,research
YHU4104,Arts and Humanities Capstone Project,research
YHU4104,Arts and Humanities Capstone Project,communication
YHU4206,The History of History,writing
YHU4215,Advanced Fiction Writing,writing
YHU4216,Advanced Poetry Writing,writing
YHU4228,Oceanic Frameworks: Shifting Currents in Lit. Studies,writing
YHU4234,"Trauma, Loss, Exile and the Literary Imagination",writing
YHU4240,American Modernist Poetry,writing
YHU4243,"Art Studio Research, Experimentation and Critique",research
YHU4244,Global Microhistory,writing
YHU4251,Experimental Animation and the Mechanics of Movement,research
YHU4257,Modernist Women’s Writing: 1910-1939,writing
YHU4259,Historiography of the Zuo Zhuan,writing
YHU4265,Extended Research Essay in Literature,research
YHU4267,The Site of Memory: Fact and Fiction in History Writing,research
YHU4267,The Site of Memory: Fact and Fiction in History Writing,writing
YHU4270,Creative Projects: Translating the Past,research
YHU4270,Creative Projects: Translating the Past,writing
YHU4279,Advanced Topics in Buddhist Philosophy,research
YID2212,Data Science for the Environment,r programming
YID3210,"Energy Humanities: Culture, Energy, and the Environment",research
YID3218,"Singapore Biodiversity: Past, Present and Future",research
YID3220,The Ethics and Politics of Reproduction in the Age of Climate Change,research
YID3225,Forest Restoration,research
YID4101,Environmental Studies Capstone Project,research
YID4202,Environmental Research Paper,research
YID4202,Environmental Research Paper,writing
YIL1201B,Directed Language Study: Beginning Bangla 1,writing
YIL1201S,Directed Language Study: Beginning Sanskrit,writing
YIL2201I,Directed Language Study: Intermediate Italian 1,writing
YIL2201S,Directed Language Study: Intermediate Sanskrit,writing
YIR4301,Special Project in Science,research
YIR4301G,Special Project in Science,research
YIR4302,Special Project in Science,research
YIR4302G,Special Project in Science,research
YIR4303,Special Project in Science,research
YIR4303G,Special Project in Science,research
YIR4304,Special Project in Science,research
YIR4304G,Special Project in Science,research
YIR4305,Special Project in Science,research
YIR4305G,Special Project in Science,research
YIR4306,Special Project in Science,research
YIR4306G,Special Project in Science,research
YIR4307,Special Project in Science,research
YIR4307G,Special Project in Science,research
YIR4308,Special Project in Science,research
YIR4308G,Special Project in Science,research
YIR4309,Special Project in Science,research
YIR4309G,Special Project in Science,research
YIR4401,Special Project in Humanities,research
YIR4401G,Special Project in Humanities,research
YIR4402,Special Project in Humanities,research
YIR4402G,Special Project in Humanities,research
YIR4403,Special Project in Humanities,research
YIR4403G,Special Project in Humanities,research
YIR4404,Special Project in Humanities,research
YIR4404G,Special Project in Humanities,research
YIR4405,Special Project in Humanities,research
YIR4405G,Special Project in Humanities,research
YIR4501,Special Project in Social Sciences,research
YIR4501G,Special Project in Social Sciences,research
YIR4502,Special Project in Social Sciences,research
YIR4502G,Special Project in Social Sciences,research
YIR4503,Special Project in Social Sciences,research
YIR4503G,Special Project in Social Sciences,research
YIR4504,Special Project in Social Sciences,research
YIR4504G,Special Project in Social Sciences,research
YIR4505,Special Project in Social Sciences,research
YIR4505G,Special Project in Social Sciences,research
YLC1201,Beginning Chinese 1,writing
YLC1202,Beginning Chinese 2,writing
YLC2201,Intermediate Chinese 1,research
YLC2201,Intermediate Chinese 1,writing
YLC2202,Intermediate Chinese 2,research
YLC2202,Intermediate Chinese 2,writing
YLC3203,Advanced Chinese 1,writing
YLC3203,Advanced Chinese 1,presentation
YLC3204,Advanced Chinese 2,writing
YLC3205,Advanced Readings in Chinese: Cinematic and Literary Texts,writing
YLC3206,Advanced Readings in Chinese: Modern Chinese Literature,writing
YLL1201,Beginning Latin,writing
YLN1201,Beginning Singapore Sign Language,communication
YLN2201,Intermediate Singapore Sign Language,communication
YLS1202,Beginning Spanish 2,writing
YLS2201,Intermediate Spanish 1,writing
YLS2202,Intermediate Spanish 2,writing
YSC1208,Model Organisms,research
YSC2202,Biology Laboratory,research
YSC2209,Proof,writing
YSC2210,Data Analysis and Visualization (DAVis) with R,r programming
YSC2214,Introduction to Optics and Imaging,communication
YSC2221,Introduction to Python,python
YSC2221,Introduction to Python,java
YSC2221,Introduction to Python,c++
YSC2232,Linear Algebra,statistics
YSC2235,Field Research,data analysis
YSC2235,Field Research,research
YSC2237,Computational Methods in Physical Sciences,machine learning
YSC2239,Introduction to Data Science,statistics
YSC2240,Research Tutorial in Animal Behaviour,research
YSC2244,Programming for Data Science,python
YSC2244,Programming for Data Science,sql
YSC2244,Programming for Data Science,statistics
YSC2246,Experimental Methods in Physical Sciences,research
YSC2250,Urban Wildlife Studies,research
YSC2251,Science Skills Workshop,research
YSC2252,Multivariable Calculus,statistics
YSC2255,Statistics for Life Sciences,r programming
YSC2257,AI Projects and Case Studies,machine learning
YSC2259,Social Insect Societies,communication
YSC3215,Research Seminar,research
YSC3215,Research Seminar,presentation
YSC3232,Software Engineering,software engineering
YSC3232,Software Engineering,java
YSC3233,Cell Biology,communication
YSC3242,Agent-Based Modelling,research
YSC3243,Bayesian Statistics,data analysis
YSC3243,Bayesian Statistics,r programming
YSC3246,Modern Astrophysics,research
YSC3252,Statistical Computing,biostatistics
YSC3252,Statistical Computing,finance
YSC3263,Database Management Systems,sql
YSC3264,Computational Methods in Physical Sciences,machine learning
YSC3266,Computing and Data Analysis for Biologists using R,data analysis
YSC3266,Computing and Data Analysis for Biologists using R,machine learning
YSC3266,Computing and Data Analysis for Biologists using R,research
YSC3266,Computing and Data Analysis for Biologists using R,r programming
YSC4101,Physical Sciences Capstone Project,research
YSC4102,Life Sciences Capstone Project,research
YSC4103,"Maths, Computational & Statistical Sci Capstone Project",research
YSC4103,"Maths, Computational & Statistical Sci Capstone Project",project management
YSC4103,"Maths, Computational & Statistical Sci Capstone Project",presentation
YSC4206,Mathematical Signal Processing,python
YSC4206,Mathematical Signal Processing,r programming
YSC4208,Monte Carlo Simulations in Science and Statistics,statistics
YSC4208,Monte Carlo Simulations in Science and Statistics,finance
YSC4209,Physical Sciences Research Seminar,research
YSC4211D,Adv Topics in Ecology & Evolution: Behavioural Ecology,research
YSC4211D,Adv Topics in Ecology & Evolution: Behavioural Ecology,writing
YSC4211D,Adv Topics in Ecology & Evolution: Behavioural Ecology,presentation
YSC4212,Statistical Case Studies (with R),statistics
YSC4212,Statistical Case Studies (with R),data analysis
YSC4212,Statistical Case Studies (with R),r programming
YSC4216,Machine Learning,machine learning
YSC4224,Applied Data Science,statistics
YSC4225,Stochastic Processes and Models (SPaM),research
YSC4225,Stochastic Processes and Models (SPaM),finance
YSC4227,Computer Vision and Deep Learning,machine learning
YSC4227,Computer Vision and Deep Learning,artificial intelligence
YSC4227,Computer Vision and Deep Learning,deep learning
YSC4227,Computer Vision and Deep Learning,computer vision
YSC4228,Data Science in Quantitative Finance,python
YSC4228,Data Science in Quantitative Finance,machine learning
YSC4228,Data Science in Quantitative Finance,finance
YSC4231,"Parallel, Concurrent and Distributed Programming",machine learning
YSC4236,Optimization for Large Scale Machine Learning,python
YSC4236,Optimization for Large Scale Machine Learning,machine learning
YSC4240,Urban Wildlife,research
YSC4243,Biology of Sex,research
YSP1201,Global Strategy and Leadership,leadership
YSS2216,Statistics and Research Methods for Psychology,statistics
YSS2216,Statistics and Research Methods for Psychology,research
YSS2220,Adelaide to Zhuhai: Cities in Comparative Perspective,problem solving
YSS2229,Are you what you eat? Anthropology of Food and Eating,research
YSS2237,Nuclear Politics,statistics
YSS2245,Marriage and Kinship,research
YSS2254,Statistics for Psychology using SPSS,spss
YSS2254,Statistics for Psychology using SPSS,statistics
YSS2254,Statistics for Psychology using SPSS,research
YSS3201,International Migration,research
YSS3202,Ethnography,research
YSS3202,Ethnography,writing
YSS3207,Advanced Econometrics,econometrics
YSS3219,Developmental Psychology,research
YSS3231,Methods in the Social Sciences,data analysis
YSS3231,Methods in the Social Sciences,research
YSS3248,Advanced Macroeconomics,research
YSS3256,"Youth Urbanism: Global Trends, Local Perspectives",writing
YSS3257,Seminar on Corporate Finance,accounting
YSS3258,Early Stage Private Equity Investing,leadership
YSS3259,The Human Condition: Psychology & Health in Literature,writing
YSS3260,Community Health Assessment and Improvement,research
YSS3264,"Bubbles, Crashes, Panics and Crises",finance
YSS3269,Water and Waste in Urban Environments,critical thinking
YSS3273,Geospatial & Demographic Methods,stata
YSS3279,Social Psychology Lab,research
YSS3279,Social Psychology Lab,writing
YSS3285,Organisational Psychology,leadership
YSS3287,Global Environmental Change: Anthropological Approaches,research
YSS3300,Research Tutorial: Lab in Developmental Psychology,research
YSS3303,Cities and Economic Development,artificial intelligence
YSS3309,Technology and Culture,artificial intelligence
YSS3309,Technology and Culture,writing
YSS3311,Sustainable Consumption,writing
YSS3315,The Chinese Economy,research
YSS3323,"Statelessness: Law, History, Politics",writing
YSS3325,Technology and International Security,artificial intelligence
YSS3329,Time Series Analysis,econometrics
YSS3329,Time Series Analysis,finance
YSS3330,Anthropology of Islam,finance
YSS3331,Empirical Qualitative Analysis in Global Affairs,research
YSS3332,Continental Political Thought,writing
YSS3336,Quantitative Methods in Global Affairs,research
YSS3336,Quantitative Methods in Global Affairs,presentation
YSS3336,Quantitative Methods in Global Affairs,r programming
YSS3345,Economic Forecasting,r programming
YSS3346,Performance Psychology and Neuroscience,research
YSS3352,"Innovation, Entrepreneurship and Law",entrepreneurship
YSS3358,Environmental Science Communication,communication
YSS3360,Lab in Applied Cognitive Psychology,research
YSS3362,Lab in Adolescent Mental Health,research
YSS3363,Lab in Music Psychology,research
YSS3365,Research Tutorial: Exploring the Psychology of Reading,research
YSS4101,Global Affairs Capstone Project,research
YSS4102,Psychology Capstone Project,research
YSS4103,Anthropology Capstone Project,research
YSS4104,Economics Capstone Project,research
YSS4105,Urban Studies Capstone Project,research
YSS4106,"Philosophy, Politics and Economics Capstone Project",research
YSS4107,Capstone Project,research
YSS4202,Goals and Motivation,research
YSS4206A,Topics in Psychology: Moral Judgments,research
YSS4206D,Topics in Psychology: Thinking,problem solving
YSS4206D,Topics in Psychology: Thinking,critical thinking
YSS4209,Signs and the State,communication
YSS4215,Sexual Economies,marketing
YSS4230,Psychology of Mindfulness,research
YSS4236,Medical Anthropology,research
YSS4237,"Conquest, Territorial Expansion and International Law",research
YSS4238,Micro-Finance and Sustainable Development in Asia,finance
YSS4240,Advanced Clinical Psychology,research
YSS4241,Multispecies Ethnography,research
YSS4245,Anthropology of Violence,research
YSS4246,Anthropology of Education,research
YSS4248,Conducting Qualitative Socio-Legal Research,research
YSS4262,Interdisciplinary Legal Research Methods,research
YSS4262,Interdisciplinary Legal Research Methods,writing
YSS4264,Psychology of Social Conformity,research
YSS4270,Hormones and Behavior,research
YSS4271,Confronting Social Injustice with Social Psychology,research
YSS4274,Small States in Peace and War,research
YSS4277,The Political Economy of Capitalism,research
YSS4277,The Political Economy of Capitalism,presentation
YSS4278,The Political Economy of Governance,research
YSS4282,Borders and Boundaries,finance
YSS4287,Psychology of Addictive Behaviour,writing
YSS4291,Contemporary Educational Psychology,research
YSS4292,Ethics in Psychology: Research and Practice,research
YSS4293,Psychology of Errors,research
YSS4297,Democratic Backsliding,accounting
YSS4298,Continental Political Theory,writing
ZB2201,Computational Thinking for Life Sciences,r programming
ZB3101,Genomic Data Analysis,data analysis
ZB3288,Advanced UROPS in Computational Biology I,research
ZB3288R,Advanced UROPS in Computational Biology I (REx),research
ZB3288R,Advanced UROPS in Computational Biology I (REx),writing
ZB3289,Advanced UROPS in Computational Biology II,research
ZB3289R,Advanced UROPS in Computational Biology II (REx),research
ZB3289R,Advanced UROPS in Computational Biology II (REx),writing
ZB4171,Advanced Topics in Bioinformatics,research
ZB4299,Applied Project in Computational Biology,presentation
