faculty,ssoc_minor_title,mean_similarity,max_similarity,n_modules,n_jobs
Arts and Social Science,ADMINISTRATION PROFESSIONALS,0.4478,0.7337,3684,703
Arts and Social Science,ADMINISTRATIVE ASSOCIATE PROFESSIONALS,0.4309,0.7351,3684,713
Arts and Social Science,"AGRICULTURAL, FISHERY AND RELATED LABOURERS",0.434,0.6529,3684,11
Arts and Social Science,"ARCHITECTS, PLANNERS, SURVEYORS AND DESIGNERS",0.4488,0.7624,3684,80
Arts and Social Science,ARTISTIC AND CULTURAL ASSOCIATE PROFESSIONALS,0.4314,0.6742,3684,173
Arts and Social Science,"ASSEMBLERS, QUALITY CHECKERS AND TESTERS",0.4265,0.6032,3684,7
Arts and Social Science,ASSISTANT ENGINEERS,0.4364,0.6294,3684,46
Arts and Social Science,"AUTHORS, JOURNALISTS AND EDITORS",0.4664,0.7756,3684,19
Arts and Social Science,"BLACKSMITHS, TOOLMAKERS AND RELATED TRADES WORKERS",0.4271,0.565,3684,1
Arts and Social Science,"BOOKMAKERS, CROUPIERS AND RELATED GAMING WORKERS",0.4196,0.5943,3684,3
Arts and Social Science,BUILDING FINISHERS AND RELATED TRADES WORKERS,0.4066,0.6033,3684,24
Arts and Social Science,BUILDING FRAME AND RELATED TRADES WORKERS,0.4118,0.6009,3684,29
Arts and Social Science,"BUILDING, QUALITY AND SAFETY INSPECTORS",0.4349,0.6329,3684,25
Arts and Social Science,BUSINESS SERVICES AGENTS,0.4484,0.7148,3684,108
Arts and Social Science,BUSINESS SERVICES AND ADMINISTRATION MANAGERS,0.4344,0.7136,3684,148
Arts and Social Science,CAR AND LIGHT GOODS VEHICLE DRIVERS,0.427,0.6492,3684,93
Arts and Social Science,CASHIERS AND TICKET CLERKS,0.4203,0.6531,3684,40
Arts and Social Science,CHILD CARE WORKERS AND TEACHER AIDES,0.4686,0.7189,3684,111
Arts and Social Science,"CLEANERS AND HELPERS IN HOTELS, OFFICES AND OTHER ESTABLISHMENTS",0.4284,0.6574,3684,119
Arts and Social Science,CLEANING SUPERVISORS,0.4177,0.5923,3684,13
Arts and Social Science,CLERICAL SUPERVISORS,0.4182,0.626,3684,9
Arts and Social Science,CLIENT INFORMATION CLERKS,0.4377,0.6862,3684,552
Arts and Social Science,CONSTRUCTION LABOURERS AND RELATED WORKERS,0.4463,0.5828,3684,1
Arts and Social Science,COOKS,0.4306,0.6408,3684,81
Arts and Social Science,CREATIVE AND PERFORMING ARTISTS,0.4367,0.6884,3684,25
Arts and Social Science,"DATABASE, NETWORK, INFRASTRUCTURE AND CYBERSECURITY PROFESSIONALS",0.4306,0.6414,3684,105
Arts and Social Science,DOMESTIC HELPERS AND CLEANERS,0.4368,0.6155,3684,2
Arts and Social Science,ELECTRICAL EQUIPMENT RELATED TRADES WORKERS,0.4162,0.6144,3684,18
Arts and Social Science,ENGINEERING PROFESSIONALS I,0.438,0.7028,3684,861
Arts and Social Science,ENGINEERING PROFESSIONALS II (Cont’d),0.4373,0.66,3684,248
Arts and Social Science,EXTRACURRICULUM INSTRUCTORS,0.4796,0.7493,3684,91
Arts and Social Science,FINANCE PROFESSIONALS,0.4404,0.753,3684,269
Arts and Social Science,FINANCIAL AND MATHEMATICAL ASSOCIATE PROFESSIONALS,0.425,0.6573,3684,130
Arts and Social Science,FOOD AND RELATED PRODUCTS MACHINE OPERATORS,0.4198,0.6064,3684,3
Arts and Social Science,FOOD PREPARATION AND KITCHEN ASSISTANTS,0.4252,0.6315,3684,87
Arts and Social Science,FOOD PROCESSING AND RELATED TRADES WORKERS,0.4268,0.6036,3684,28
Arts and Social Science,"GARMENT, LEATHER AND RELATED TRADES WORKERS",0.432,0.5774,3684,4
Arts and Social Science,GENERAL OFFICE CLERKS,0.4371,0.7069,3684,532
Arts and Social Science,GOVERNMENT ASSOCIATE PROFESSIONALS,0.4269,0.6196,3684,6
Arts and Social Science,"HAIRDRESSERS, BEAUTICIANS AND RELATED WORKERS",0.429,0.6429,3684,86
Arts and Social Science,HANDICRAFT AND PRECISION WORKERS,0.4191,0.5764,3684,10
Arts and Social Science,HEALTHCARE ASSISTANTS AND RELATED PERSONAL CARE WORKERS,0.4373,0.7263,3684,125
Arts and Social Science,HEAVY TRUCK AND BUS DRIVERS,0.4232,0.6192,3684,146
Arts and Social Science,HOTEL AND FOOD AND BEVERAGES SERVICES MANAGERS,0.4154,0.6508,3684,53
Arts and Social Science,HOUSEKEEPERS AND RELATED WORKERS,0.4197,0.6531,3684,31
Arts and Social Science,INFORMATION AND COMMUNICATIONS TECHNOLOGY OPERATORS AND TECHNICIANS,0.4286,0.6501,3684,90
Arts and Social Science,INFORMATION AND COMMUNICATIONS TECHNOLOGY SERVICE MANAGERS,0.4369,0.6963,3684,47
Arts and Social Science,JUNIOR COLLEGE AND PRE-UNIVERSITY EDUCATION TEACHERS,0.4854,0.6147,3684,2
Arts and Social Science,KEYBOARD OPERATORS,0.4305,0.618,3684,15
Arts and Social Science,LEGAL AND SOCIAL ASSOCIATE PROFESSIONALS,0.4561,0.7333,3684,37
Arts and Social Science,LEGAL PROFESSIONALS,0.4572,0.6801,3684,35
Arts and Social Science,LEGISLATORS AND SENIOR OFFICIALS,0.4314,0.6853,3684,42
Arts and Social Science,"LIBRARIANS, ARCHIVISTS AND CURATORS",0.469,0.7261,3684,5
Arts and Social Science,LIFE SCIENCE PROFESSIONALS,0.4514,0.6948,3684,36
Arts and Social Science,LIFE SCIENCE TECHNICIANS AND RELATED ASSOCIATE PROFESSIONALS,0.4445,0.6572,3684,15
Arts and Social Science,"MACHINERY MECHANICS, FITTERS AND REPAIRERS",0.4239,0.5977,3684,20
Arts and Social Science,"MANAGING DIRECTORS, CHIEF EXECUTIVES AND GENERAL MANAGERS",0.4272,0.6736,3684,45
Arts and Social Science,MANUFACTURING LABOURERS AND RELATED WORKERS,0.4154,0.6037,3684,20
Arts and Social Science,"MANUFACTURING, CONSTRUCTION, TRANSPORT, DISTRIBUTION AND RELATED PRODUCTION AND OPERATIONS MANAGERS",0.4263,0.6863,3684,66
Arts and Social Science,MARKET GARDENERS AND CROP GROWERS,0.4452,0.6555,3684,12
Arts and Social Science,MARKETING AND PUBLIC RELATIONS PROFESSIONALS,0.4471,0.7203,3684,399
Arts and Social Science,MATERIAL-RECORDING AND TRANSPORT CLERKS,0.4248,0.7247,3684,122
Arts and Social Science,"MATHEMATICIANS, ACTUARIES, STATISTICIANS AND RELATED PROFESSIONALS",0.4521,0.701,3684,67
Arts and Social Science,MEDICAL AND PHARMACEUTICAL TECHNICIANS,0.4264,0.6631,3684,55
Arts and Social Science,MEDICAL DOCTORS,0.4473,0.6915,3684,28
Arts and Social Science,"METAL PROCESSING, FINISHING AND PRODUCTS PLANT OPERATORS",0.4164,0.5839,3684,19
Arts and Social Science,MOBILE MACHINERY OPERATORS,0.4077,0.6039,3684,39
Arts and Social Science,"MODELS, SALES DEMONSTRATORS AND RELATED SALES WORKERS",0.4379,0.7008,3684,370
Arts and Social Science,NUMERICAL CLERKS,0.4271,0.661,3684,346
Arts and Social Science,NURSING ASSOCIATE PROFESSIONALS,0.4455,0.6598,3684,36
Arts and Social Science,NURSING PROFESSIONALS,0.4366,0.6976,3684,227
Arts and Social Science,OTHER CLERICAL SUPPORT WORKERS,0.4418,0.6412,3684,16
Arts and Social Science,OTHER CRAFT AND RELATED WORKERS,0.4189,0.5993,3684,18
Arts and Social Science,OTHER HEALTH ASSOCIATE PROFESSIONALS,0.4343,0.7147,3684,69
Arts and Social Science,OTHER HEALTH PROFESSIONALS,0.4485,0.708,3684,127
Arts and Social Science,OTHER SERVICES MANAGERS,0.4676,0.7286,3684,216
Arts and Social Science,OTHER STATIONARY PLANT AND MACHINE OPERATORS,0.4186,0.649,3684,12
Arts and Social Science,OTHER TEACHING PROFESSIONALS,0.4681,0.7047,3684,35
Arts and Social Science,"PAINTERS, BUILDING STRUCTURE CLEANERS AND RELATED WORKERS",0.4138,0.5878,3684,7
Arts and Social Science,PERSONAL SERVICES WORKERS NOT ELSEWHERE CLASSIFIED,0.4277,0.606,3684,24
Arts and Social Science,PHYSICAL AND EARTH SCIENCE PROFESSIONALS,0.4349,0.5977,3684,7
Arts and Social Science,PHYSICAL AND ENGINEERING SCIENCE TECHNICIANS I,0.4359,0.6521,3684,364
Arts and Social Science,PHYSICAL AND ENGINEERING SCIENCE TECHNICIANS II (Cont’d),0.4267,0.6299,3684,32
Arts and Social Science,"PORTERS, ATTENDANTS AND RELATED WORKERS",0.4281,0.6669,3684,70
Arts and Social Science,PREMISES AND PARKS OFFICERS,0.4249,0.6357,3684,71
Arts and Social Science,PRESCHOOL EDUCATION TEACHERS,0.4769,0.7293,3684,267
Arts and Social Science,PRIMARY EDUCATION TEACHERS,0.4781,0.6725,3684,20
Arts and Social Science,PRINTING TRADES WORKERS,0.3998,0.5339,3684,1
Arts and Social Science,PROCESS CONTROL TECHNICIANS,0.4254,0.5792,3684,3
Arts and Social Science,"PROFESSIONAL, FINANCIAL, COMMUNITY AND SOCIAL SERVICES MANAGERS",0.4496,0.6997,3684,61
Arts and Social Science,PROTECTIVE SERVICES WORKERS,0.4152,0.6239,3684,68
Arts and Social Science,RETAIL AND WHOLESALE TRADE MANAGERS,0.4488,0.6542,3684,27
Arts and Social Science,"RUBBER, PLASTIC AND PAPER PRODUCTS MACHINE OPERATORS",0.4356,0.5613,3684,1
Arts and Social Science,SALES AND RELATED ASSOCIATE PROFESSIONALS,0.4469,0.7148,3684,1121
Arts and Social Science,"SALES, MARKETING, DEVELOPMENT AND CUSTOMER SERVICE MANAGERS",0.4606,0.7321,3684,1204
Arts and Social Science,SECONDARY EDUCATION TEACHERS,0.4816,0.748,3684,24
Arts and Social Science,SECRETARIES AND VERBATIM REPORTERS,0.4373,0.6955,3684,40
Arts and Social Science,"SHEET AND STRUCTURAL METAL WORKERS, MOULDERS AND WELDERS AND RELATED TRADES WORKERS",0.42,0.6048,3684,13
Arts and Social Science,SHIP AND AIRCRAFT CONTROLLERS AND TECHNICIANS,0.4203,0.6502,3684,28
Arts and Social Science,SHIP AND AIRCRAFT RELATED PROFESSIONALS,0.421,0.6522,3684,22
Arts and Social Science,SHIPS’ DECK CREW AND RELATED WORKERS,0.4273,0.6286,3684,5
Arts and Social Science,SHOP SALESPERSONS,0.434,0.6746,3684,232
Arts and Social Science,SOCIAL SCIENCE RESEARCHERS AND PROFESSIONALS; RELIGIOUS PROFESSIONALS,0.4621,0.803,3684,68
Arts and Social Science,SOFTWARE AND APPLICATIONS DEVELOPERS AND ANALYSTS,0.4467,0.6909,3684,220
Arts and Social Science,SPORTS AND FITNESS WORKERS,0.4512,0.658,3684,65
Arts and Social Science,STATIONARY PLANT AND MACHINE SUPERVISORS AND GENERAL FOREMEN,0.4245,0.5639,3684,1
Arts and Social Science,SUPERVISORS AND GENERAL FOREMEN (BUILDING AND RELATED TRADES),0.4178,0.6518,3684,42
Arts and Social Science,SUPERVISORS AND GENERAL FOREMEN (ELECTRICAL AND ELECTRONIC TRADES),0.426,0.5945,3684,4
Arts and Social Science,"SUPERVISORS AND GENERAL FOREMEN (FOOD PROCESSING, WOODWORKING, GARMENT, LEATHER AND RELATED TRADES)",0.4285,0.7163,3684,141
Arts and Social Science,SUPERVISORS AND GENERAL FOREMEN OF ASSEMBLERS AND QUALITY CHECKERS,0.4364,0.5946,3684,1
Arts and Social Science,TEACHING ASSOCIATE PROFESSIONALS NOT ELSEWHERE CLASSIFIED,0.4856,0.6991,3684,58
Arts and Social Science,TELECOMMUNICATIONS AND BROADCASTING TECHNICIANS AND AUDIO-VISUAL OPERATORS,0.4249,0.6825,3684,68
Arts and Social Science,"TELLERS, MONEY COLLECTORS AND RELATED CLERKS",0.436,0.6887,3684,14
Arts and Social Science,"TEXTILE, FUR AND LEATHER PRODUCTS MACHINE OPERATORS",0.4168,0.5797,3684,10
Arts and Social Science,TRADITIONAL AND COMPLEMENTARY MEDICINE PROFESSIONALS,0.447,0.671,3684,4
Arts and Social Science,TRANSPORT AND STORAGE LABOURERS,0.4134,0.6637,3684,180
Arts and Social Science,TRANSPORT OPERATIONS PLANNERS AND EXECUTIVES,0.426,0.6076,3684,6
Arts and Social Science,"TRAVEL ATTENDANTS, CONDUCTORS AND GUIDES",0.4708,0.6948,3684,5
Arts and Social Science,"UNIVERSITY, POLYTECHNIC AND HIGHER EDUCATION TEACHERS",0.4941,0.7335,3684,32
Arts and Social Science,"VEHICLE, WINDOW, LAUNDRY AND OTHER HAND CLEANING WORKERS",0.4241,0.6,3684,11
Arts and Social Science,VETERINARIANS,0.436,0.5992,3684,8
Arts and Social Science,VETERINARY TECHNICIANS AND ASSISTANTS,0.4371,0.6065,3684,13
Arts and Social Science,VOCATIONAL EDUCATION TEACHERS AND TRAINERS,0.4587,0.6625,3684,2
Arts and Social Science,WAITERS AND BARTENDERS,0.4313,0.6825,3684,338
Arts and Social Science,"WASTE COLLECTION, RECYCLING AND MATERIAL RECOVERY WORKERS",0.4201,0.6376,3684,2
Arts and Social Science,"WOOD TREATERS, CABINET MAKERS AND RELATED TRADES WORKERS",0.4424,0.5648,3684,1
College of Design and Engineering,ADMINISTRATION PROFESSIONALS,0.4615,0.8056,1906,703
College of Design and Engineering,ADMINISTRATIVE ASSOCIATE PROFESSIONALS,0.4679,0.7636,1906,713
College of Design and Engineering,"AGRICULTURAL, FISHERY AND RELATED LABOURERS",0.4412,0.7116,1906,11
College of Design and Engineering,"ARCHITECTS, PLANNERS, SURVEYORS AND DESIGNERS",0.4947,0.8143,1906,80
College of Design and Engineering,ARTISTIC AND CULTURAL ASSOCIATE PROFESSIONALS,0.4506,0.7461,1906,173
College of Design and Engineering,"ASSEMBLERS, QUALITY CHECKERS AND TESTERS",0.4605,0.6752,1906,7
College of Design and Engineering,ASSISTANT ENGINEERS,0.4927,0.7167,1906,46
College of Design and Engineering,"AUTHORS, JOURNALISTS AND EDITORS",0.4681,0.6873,1906,19
College of Design and Engineering,"BLACKSMITHS, TOOLMAKERS AND RELATED TRADES WORKERS",0.4681,0.6166,1906,1
College of Design and Engineering,"BOOKMAKERS, CROUPIERS AND RELATED GAMING WORKERS",0.4347,0.6127,1906,3
College of Design and Engineering,BUILDING FINISHERS AND RELATED TRADES WORKERS,0.4454,0.6583,1906,24
College of Design and Engineering,BUILDING FRAME AND RELATED TRADES WORKERS,0.4649,0.6785,1906,29
College of Design and Engineering,"BUILDING, QUALITY AND SAFETY INSPECTORS",0.4688,0.728,1906,25
College of Design and Engineering,BUSINESS SERVICES AGENTS,0.4561,0.6849,1906,108
College of Design and Engineering,BUSINESS SERVICES AND ADMINISTRATION MANAGERS,0.4522,0.719,1906,148
College of Design and Engineering,CAR AND LIGHT GOODS VEHICLE DRIVERS,0.4439,0.6324,1906,93
College of Design and Engineering,CASHIERS AND TICKET CLERKS,0.4206,0.6635,1906,40
College of Design and Engineering,CHILD CARE WORKERS AND TEACHER AIDES,0.46,0.6965,1906,111
College of Design and Engineering,"CLEANERS AND HELPERS IN HOTELS, OFFICES AND OTHER ESTABLISHMENTS",0.4388,0.6618,1906,119
College of Design and Engineering,CLEANING SUPERVISORS,0.4513,0.6445,1906,13
College of Design and Engineering,CLERICAL SUPERVISORS,0.4427,0.6378,1906,9
College of Design and Engineering,CLIENT INFORMATION CLERKS,0.4463,0.6952,1906,552
College of Design and Engineering,CONSTRUCTION LABOURERS AND RELATED WORKERS,0.4828,0.6271,1906,1
College of Design and Engineering,COOKS,0.4344,0.636,1906,81
College of Design and Engineering,CREATIVE AND PERFORMING ARTISTS,0.4472,0.7161,1906,25
College of Design and Engineering,"DATABASE, NETWORK, INFRASTRUCTURE AND CYBERSECURITY PROFESSIONALS",0.477,0.7246,1906,105
College of Design and Engineering,DOMESTIC HELPERS AND CLEANERS,0.4301,0.6021,1906,2
College of Design and Engineering,ELECTRICAL EQUIPMENT RELATED TRADES WORKERS,0.461,0.7146,1906,18
College of Design and Engineering,ENGINEERING PROFESSIONALS I,0.498,0.8014,1906,861
College of Design and Engineering,ENGINEERING PROFESSIONALS II (Cont’d),0.4939,0.7636,1906,248
College of Design and Engineering,EXTRACURRICULUM INSTRUCTORS,0.4632,0.6822,1906,91
College of Design and Engineering,FINANCE PROFESSIONALS,0.4499,0.7117,1906,269
College of Design and Engineering,FINANCIAL AND MATHEMATICAL ASSOCIATE PROFESSIONALS,0.4308,0.656,1906,130
College of Design and Engineering,FOOD AND RELATED PRODUCTS MACHINE OPERATORS,0.4507,0.6894,1906,3
College of Design and Engineering,FOOD PREPARATION AND KITCHEN ASSISTANTS,0.4312,0.668,1906,87
College of Design and Engineering,FOOD PROCESSING AND RELATED TRADES WORKERS,0.4359,0.6049,1906,28
College of Design and Engineering,"GARMENT, LEATHER AND RELATED TRADES WORKERS",0.4493,0.6147,1906,4
College of Design and Engineering,GENERAL OFFICE CLERKS,0.4482,0.7022,1906,532
College of Design and Engineering,GOVERNMENT ASSOCIATE PROFESSIONALS,0.4387,0.6007,1906,6
College of Design and Engineering,"HAIRDRESSERS, BEAUTICIANS AND RELATED WORKERS",0.4387,0.639,1906,86
College of Design and Engineering,HANDICRAFT AND PRECISION WORKERS,0.4483,0.6577,1906,10
College of Design and Engineering,HEALTHCARE ASSISTANTS AND RELATED PERSONAL CARE WORKERS,0.4414,0.6525,1906,125
College of Design and Engineering,HEAVY TRUCK AND BUS DRIVERS,0.4492,0.6397,1906,146
College of Design and Engineering,HOTEL AND FOOD AND BEVERAGES SERVICES MANAGERS,0.431,0.7042,1906,53
College of Design and Engineering,HOUSEKEEPERS AND RELATED WORKERS,0.4275,0.6539,1906,31
College of Design and Engineering,INFORMATION AND COMMUNICATIONS TECHNOLOGY OPERATORS AND TECHNICIANS,0.4655,0.7159,1906,90
College of Design and Engineering,INFORMATION AND COMMUNICATIONS TECHNOLOGY SERVICE MANAGERS,0.4678,0.6799,1906,47
College of Design and Engineering,JUNIOR COLLEGE AND PRE-UNIVERSITY EDUCATION TEACHERS,0.4829,0.6119,1906,2
College of Design and Engineering,KEYBOARD OPERATORS,0.4398,0.6474,1906,15
College of Design and Engineering,LEGAL AND SOCIAL ASSOCIATE PROFESSIONALS,0.4481,0.6734,1906,37
College of Design and Engineering,LEGAL PROFESSIONALS,0.4634,0.7363,1906,35
College of Design and Engineering,LEGISLATORS AND SENIOR OFFICIALS,0.4461,0.7013,1906,42
College of Design and Engineering,"LIBRARIANS, ARCHIVISTS AND CURATORS",0.4746,0.6698,1906,5
College of Design and Engineering,LIFE SCIENCE PROFESSIONALS,0.4785,0.7404,1906,36
College of Design and Engineering,LIFE SCIENCE TECHNICIANS AND RELATED ASSOCIATE PROFESSIONALS,0.4677,0.6994,1906,15
College of Design and Engineering,"MACHINERY MECHANICS, FITTERS AND REPAIRERS",0.4621,0.6674,1906,20
College of Design and Engineering,"MANAGING DIRECTORS, CHIEF EXECUTIVES AND GENERAL MANAGERS",0.4487,0.6705,1906,45
College of Design and Engineering,MANUFACTURING LABOURERS AND RELATED WORKERS,0.4425,0.6557,1906,20
College of Design and Engineering,"MANUFACTURING, CONSTRUCTION, TRANSPORT, DISTRIBUTION AND RELATED PRODUCTION AND OPERATIONS MANAGERS",0.4668,0.7607,1906,66
College of Design and Engineering,MARKET GARDENERS AND CROP GROWERS,0.4635,0.7271,1906,12
College of Design and Engineering,MARKETING AND PUBLIC RELATIONS PROFESSIONALS,0.4709,0.7233,1906,399
College of Design and Engineering,MATERIAL-RECORDING AND TRANSPORT CLERKS,0.453,0.6979,1906,122
College of Design and Engineering,"MATHEMATICIANS, ACTUARIES, STATISTICIANS AND RELATED PROFESSIONALS",0.4785,0.7311,1906,67
College of Design and Engineering,MEDICAL AND PHARMACEUTICAL TECHNICIANS,0.451,0.6785,1906,55
College of Design and Engineering,MEDICAL DOCTORS,0.4547,0.6567,1906,28
College of Design and Engineering,"METAL PROCESSING, FINISHING AND PRODUCTS PLANT OPERATORS",0.4646,0.6632,1906,19
College of Design and Engineering,MOBILE MACHINERY OPERATORS,0.4448,0.633,1906,39
College of Design and Engineering,"MODELS, SALES DEMONSTRATORS AND RELATED SALES WORKERS",0.4453,0.6925,1906,370
College of Design and Engineering,NUMERICAL CLERKS,0.4367,0.7037,1906,346
College of Design and Engineering,NURSING ASSOCIATE PROFESSIONALS,0.454,0.6534,1906,36
College of Design and Engineering,NURSING PROFESSIONALS,0.4469,0.6521,1906,227
College of Design and Engineering,OTHER CLERICAL SUPPORT WORKERS,0.4486,0.7021,1906,16
College of Design and Engineering,OTHER CRAFT AND RELATED WORKERS,0.4423,0.6209,1906,18
College of Design and Engineering,OTHER HEALTH ASSOCIATE PROFESSIONALS,0.4523,0.7409,1906,69
College of Design and Engineering,OTHER HEALTH PROFESSIONALS,0.4593,0.6999,1906,127
College of Design and Engineering,OTHER SERVICES MANAGERS,0.4677,0.7002,1906,216
College of Design and Engineering,OTHER STATIONARY PLANT AND MACHINE OPERATORS,0.4589,0.6476,1906,12
College of Design and Engineering,OTHER TEACHING PROFESSIONALS,0.4712,0.6995,1906,35
College of Design and Engineering,"PAINTERS, BUILDING STRUCTURE CLEANERS AND RELATED WORKERS",0.4586,0.6589,1906,7
College of Design and Engineering,PERSONAL SERVICES WORKERS NOT ELSEWHERE CLASSIFIED,0.4399,0.637,1906,24
College of Design and Engineering,PHYSICAL AND EARTH SCIENCE PROFESSIONALS,0.4708,0.6825,1906,7
College of Design and Engineering,PHYSICAL AND ENGINEERING SCIENCE TECHNICIANS I,0.4876,0.7839,1906,364
College of Design and Engineering,PHYSICAL AND ENGINEERING SCIENCE TECHNICIANS II (Cont’d),0.4733,0.7374,1906,32
College of Design and Engineering,"PORTERS, ATTENDANTS AND RELATED WORKERS",0.4371,0.7218,1906,70
College of Design and Engineering,PREMISES AND PARKS OFFICERS,0.4687,0.7425,1906,71
College of Design and Engineering,PRESCHOOL EDUCATION TEACHERS,0.4624,0.663,1906,267
College of Design and Engineering,PRIMARY EDUCATION TEACHERS,0.4641,0.6769,1906,20
College of Design and Engineering,PRINTING TRADES WORKERS,0.4246,0.6029,1906,1
College of Design and Engineering,PROCESS CONTROL TECHNICIANS,0.4542,0.6344,1906,3
College of Design and Engineering,"PROFESSIONAL, FINANCIAL, COMMUNITY AND SOCIAL SERVICES MANAGERS",0.4538,0.6765,1906,61
College of Design and Engineering,PROTECTIVE SERVICES WORKERS,0.4234,0.6845,1906,68
College of Design and Engineering,RETAIL AND WHOLESALE TRADE MANAGERS,0.4606,0.6867,1906,27
College of Design and Engineering,"RUBBER, PLASTIC AND PAPER PRODUCTS MACHINE OPERATORS",0.4801,0.6015,1906,1
College of Design and Engineering,SALES AND RELATED ASSOCIATE PROFESSIONALS,0.4559,0.7292,1906,1121
College of Design and Engineering,"SALES, MARKETING, DEVELOPMENT AND CUSTOMER SERVICE MANAGERS",0.4639,0.7631,1906,1204
College of Design and Engineering,SECONDARY EDUCATION TEACHERS,0.4734,0.718,1906,24
College of Design and Engineering,SECRETARIES AND VERBATIM REPORTERS,0.443,0.6345,1906,40
College of Design and Engineering,"SHEET AND STRUCTURAL METAL WORKERS, MOULDERS AND WELDERS AND RELATED TRADES WORKERS",0.4739,0.646,1906,13
College of Design and Engineering,SHIP AND AIRCRAFT CONTROLLERS AND TECHNICIANS,0.4524,0.6963,1906,28
College of Design and Engineering,SHIP AND AIRCRAFT RELATED PROFESSIONALS,0.4754,0.6953,1906,22
College of Design and Engineering,SHIPS’ DECK CREW AND RELATED WORKERS,0.4545,0.6365,1906,5
College of Design and Engineering,SHOP SALESPERSONS,0.441,0.7147,1906,232
College of Design and Engineering,SOCIAL SCIENCE RESEARCHERS AND PROFESSIONALS; RELIGIOUS PROFESSIONALS,0.4476,0.678,1906,68
College of Design and Engineering,SOFTWARE AND APPLICATIONS DEVELOPERS AND ANALYSTS,0.4918,0.765,1906,220
College of Design and Engineering,SPORTS AND FITNESS WORKERS,0.4533,0.6449,1906,65
College of Design and Engineering,STATIONARY PLANT AND MACHINE SUPERVISORS AND GENERAL FOREMEN,0.4592,0.631,1906,1
College of Design and Engineering,SUPERVISORS AND GENERAL FOREMEN (BUILDING AND RELATED TRADES),0.4692,0.7056,1906,42
College of Design and Engineering,SUPERVISORS AND GENERAL FOREMEN (ELECTRICAL AND ELECTRONIC TRADES),0.4688,0.7099,1906,4
College of Design and Engineering,"SUPERVISORS AND GENERAL FOREMEN (FOOD PROCESSING, WOODWORKING, GARMENT, LEATHER AND RELATED TRADES)",0.4597,0.6982,1906,141
College of Design and Engineering,SUPERVISORS AND GENERAL FOREMEN OF ASSEMBLERS AND QUALITY CHECKERS,0.4908,0.6583,1906,1
College of Design and Engineering,TEACHING ASSOCIATE PROFESSIONALS NOT ELSEWHERE CLASSIFIED,0.4743,0.6716,1906,58
College of Design and Engineering,TELECOMMUNICATIONS AND BROADCASTING TECHNICIANS AND AUDIO-VISUAL OPERATORS,0.4533,0.6929,1906,68
College of Design and Engineering,"TELLERS, MONEY COLLECTORS AND RELATED CLERKS",0.4406,0.6095,1906,14
College of Design and Engineering,"TEXTILE, FUR AND LEATHER PRODUCTS MACHINE OPERATORS",0.4672,0.639,1906,10
College of Design and Engineering,TRADITIONAL AND COMPLEMENTARY MEDICINE PROFESSIONALS,0.4429,0.6154,1906,4
College of Design and Engineering,TRANSPORT AND STORAGE LABOURERS,0.4401,0.7023,1906,180
College of Design and Engineering,TRANSPORT OPERATIONS PLANNERS AND EXECUTIVES,0.473,0.6597,1906,6
College of Design and Engineering,"TRAVEL ATTENDANTS, CONDUCTORS AND GUIDES",0.4671,0.6595,1906,5
College of Design and Engineering,"UNIVERSITY, POLYTECHNIC AND HIGHER EDUCATION TEACHERS",0.4958,0.6995,1906,32
College of Design and Engineering,"VEHICLE, WINDOW, LAUNDRY AND OTHER HAND CLEANING WORKERS",0.4404,0.6573,1906,11
College of Design and Engineering,VETERINARIANS,0.4482,0.6098,1906,8
College of Design and Engineering,VETERINARY TECHNICIANS AND ASSISTANTS,0.4571,0.6438,1906,13
College of Design and Engineering,VOCATIONAL EDUCATION TEACHERS AND TRAINERS,0.4867,0.6297,1906,2
College of Design and Engineering,WAITERS AND BARTENDERS,0.4374,0.6613,1906,338
College of Design and Engineering,"WASTE COLLECTION, RECYCLING AND MATERIAL RECOVERY WORKERS",0.4529,0.6307,1906,2
College of Design and Engineering,"WOOD TREATERS, CABINET MAKERS AND RELATED TRADES WORKERS",0.4637,0.6086,1906,1
Computing,ADMINISTRATION PROFESSIONALS,0.4655,0.7459,397,703
Computing,ADMINISTRATIVE ASSOCIATE PROFESSIONALS,0.4575,0.7099,397,713
Computing,"AGRICULTURAL, FISHERY AND RELATED LABOURERS",0.4252,0.5516,397,11
Computing,"ARCHITECTS, PLANNERS, SURVEYORS AND DESIGNERS",0.4773,0.7244,397,80
Computing,ARTISTIC AND CULTURAL ASSOCIATE PROFESSIONALS,0.4382,0.6552,397,173
Computing,"ASSEMBLERS, QUALITY CHECKERS AND TESTERS",0.4556,0.6303,397,7
Computing,ASSISTANT ENGINEERS,0.4684,0.631,397,46
Computing,"AUTHORS, JOURNALISTS AND EDITORS",0.4617,0.6546,397,19
Computing,"BLACKSMITHS, TOOLMAKERS AND RELATED TRADES WORKERS",0.4369,0.5352,397,1
Computing,"BOOKMAKERS, CROUPIERS AND RELATED GAMING WORKERS",0.442,0.6097,397,3
Computing,BUILDING FINISHERS AND RELATED TRADES WORKERS,0.425,0.5643,397,24
Computing,BUILDING FRAME AND RELATED TRADES WORKERS,0.4416,0.5658,397,29
Computing,"BUILDING, QUALITY AND SAFETY INSPECTORS",0.4455,0.6592,397,25
Computing,BUSINESS SERVICES AGENTS,0.4558,0.6992,397,108
Computing,BUSINESS SERVICES AND ADMINISTRATION MANAGERS,0.4542,0.7205,397,148
Computing,CAR AND LIGHT GOODS VEHICLE DRIVERS,0.4307,0.5841,397,93
Computing,CASHIERS AND TICKET CLERKS,0.4266,0.623,397,40
Computing,CHILD CARE WORKERS AND TEACHER AIDES,0.4558,0.6346,397,111
Computing,"CLEANERS AND HELPERS IN HOTELS, OFFICES AND OTHER ESTABLISHMENTS",0.4252,0.5812,397,119
Computing,CLEANING SUPERVISORS,0.4326,0.5777,397,13
Computing,CLERICAL SUPERVISORS,0.4488,0.6024,397,9
Computing,CLIENT INFORMATION CLERKS,0.4485,0.6752,397,552
Computing,CONSTRUCTION LABOURERS AND RELATED WORKERS,0.4713,0.5764,397,1
Computing,COOKS,0.4275,0.5848,397,81
Computing,CREATIVE AND PERFORMING ARTISTS,0.4469,0.6902,397,25
Computing,"DATABASE, NETWORK, INFRASTRUCTURE AND CYBERSECURITY PROFESSIONALS",0.4872,0.7274,397,105
Computing,DOMESTIC HELPERS AND CLEANERS,0.4244,0.5259,397,2
Computing,ELECTRICAL EQUIPMENT RELATED TRADES WORKERS,0.4408,0.6235,397,18
Computing,ENGINEERING PROFESSIONALS I,0.4732,0.7588,397,861
Computing,ENGINEERING PROFESSIONALS II (Cont’d),0.4827,0.7533,397,248
Computing,EXTRACURRICULUM INSTRUCTORS,0.4627,0.6488,397,91
Computing,FINANCE PROFESSIONALS,0.4578,0.7004,397,269
Computing,FINANCIAL AND MATHEMATICAL ASSOCIATE PROFESSIONALS,0.4432,0.6278,397,130
Computing,FOOD AND RELATED PRODUCTS MACHINE OPERATORS,0.4333,0.5768,397,3
Computing,FOOD PREPARATION AND KITCHEN ASSISTANTS,0.4258,0.5602,397,87
Computing,FOOD PROCESSING AND RELATED TRADES WORKERS,0.4275,0.5754,397,28
Computing,"GARMENT, LEATHER AND RELATED TRADES WORKERS",0.4371,0.5677,397,4
Computing,GENERAL OFFICE CLERKS,0.455,0.6805,397,532
Computing,GOVERNMENT ASSOCIATE PROFESSIONALS,0.4387,0.5685,397,6
Computing,"HAIRDRESSERS, BEAUTICIANS AND RELATED WORKERS",0.4317,0.605,397,86
Computing,HANDICRAFT AND PRECISION WORKERS,0.4319,0.5822,397,10
Computing,HEALTHCARE ASSISTANTS AND RELATED PERSONAL CARE WORKERS,0.4342,0.6001,397,125
Computing,HEAVY TRUCK AND BUS DRIVERS,0.4319,0.5802,397,146
Computing,HOTEL AND FOOD AND BEVERAGES SERVICES MANAGERS,0.4304,0.6415,397,53
Computing,HOUSEKEEPERS AND RELATED WORKERS,0.4215,0.5815,397,31
Computing,INFORMATION AND COMMUNICATIONS TECHNOLOGY OPERATORS AND TECHNICIANS,0.4817,0.6993,397,90
Computing,INFORMATION AND COMMUNICATIONS TECHNOLOGY SERVICE MANAGERS,0.4754,0.723,397,47
Computing,JUNIOR COLLEGE AND PRE-UNIVERSITY EDUCATION TEACHERS,0.475,0.6118,397,2
Computing,KEYBOARD OPERATORS,0.4553,0.6076,397,15
Computing,LEGAL AND SOCIAL ASSOCIATE PROFESSIONALS,0.4456,0.6322,397,37
Computing,LEGAL PROFESSIONALS,0.4505,0.6584,397,35
Computing,LEGISLATORS AND SENIOR OFFICIALS,0.4493,0.6431,397,42
Computing,"LIBRARIANS, ARCHIVISTS AND CURATORS",0.4689,0.632,397,5
Computing,LIFE SCIENCE PROFESSIONALS,0.4616,0.6646,397,36
Computing,LIFE SCIENCE TECHNICIANS AND RELATED ASSOCIATE PROFESSIONALS,0.46,0.6075,397,15
Computing,"MACHINERY MECHANICS, FITTERS AND REPAIRERS",0.4392,0.5642,397,20
Computing,"MANAGING DIRECTORS, CHIEF EXECUTIVES AND GENERAL MANAGERS",0.4427,0.6413,397,45
Computing,MANUFACTURING LABOURERS AND RELATED WORKERS,0.4309,0.5982,397,20
Computing,"MANUFACTURING, CONSTRUCTION, TRANSPORT, DISTRIBUTION AND RELATED PRODUCTION AND OPERATIONS MANAGERS",0.4531,0.6626,397,66
Computing,MARKET GARDENERS AND CROP GROWERS,0.4459,0.5647,397,12
Computing,MARKETING AND PUBLIC RELATIONS PROFESSIONALS,0.4663,0.7265,397,399
Computing,MATERIAL-RECORDING AND TRANSPORT CLERKS,0.4478,0.6727,397,122
Computing,"MATHEMATICIANS, ACTUARIES, STATISTICIANS AND RELATED PROFESSIONALS",0.494,0.7568,397,67
Computing,MEDICAL AND PHARMACEUTICAL TECHNICIANS,0.4458,0.61,397,55
Computing,MEDICAL DOCTORS,0.4389,0.5767,397,28
Computing,"METAL PROCESSING, FINISHING AND PRODUCTS PLANT OPERATORS",0.4418,0.5757,397,19
Computing,MOBILE MACHINERY OPERATORS,0.4283,0.5873,397,39
Computing,"MODELS, SALES DEMONSTRATORS AND RELATED SALES WORKERS",0.4447,0.6681,397,370
Computing,NUMERICAL CLERKS,0.4458,0.6681,397,346
Computing,NURSING ASSOCIATE PROFESSIONALS,0.4491,0.5862,397,36
Computing,NURSING PROFESSIONALS,0.4357,0.6112,397,227
Computing,OTHER CLERICAL SUPPORT WORKERS,0.4479,0.5905,397,16
Computing,OTHER CRAFT AND RELATED WORKERS,0.4279,0.5686,397,18
Computing,OTHER HEALTH ASSOCIATE PROFESSIONALS,0.4384,0.6132,397,69
Computing,OTHER HEALTH PROFESSIONALS,0.4462,0.6354,397,127
Computing,OTHER SERVICES MANAGERS,0.4645,0.6981,397,216
Computing,OTHER STATIONARY PLANT AND MACHINE OPERATORS,0.4389,0.6065,397,12
Computing,OTHER TEACHING PROFESSIONALS,0.4704,0.686,397,35
Computing,"PAINTERS, BUILDING STRUCTURE CLEANERS AND RELATED WORKERS",0.4376,0.5568,397,7
Computing,PERSONAL SERVICES WORKERS NOT ELSEWHERE CLASSIFIED,0.4394,0.6058,397,24
Computing,PHYSICAL AND EARTH SCIENCE PROFESSIONALS,0.4547,0.599,397,7
Computing,PHYSICAL AND ENGINEERING SCIENCE TECHNICIANS I,0.465,0.6817,397,364
Computing,PHYSICAL AND ENGINEERING SCIENCE TECHNICIANS II (Cont’d),0.4501,0.6204,397,32
Computing,"PORTERS, ATTENDANTS AND RELATED WORKERS",0.4328,0.5932,397,70
Computing,PREMISES AND PARKS OFFICERS,0.4453,0.6164,397,71
Computing,PRESCHOOL EDUCATION TEACHERS,0.4604,0.6414,397,267
Computing,PRIMARY EDUCATION TEACHERS,0.4621,0.6091,397,20
Computing,PRINTING TRADES WORKERS,0.4073,0.4835,397,1
Computing,PROCESS CONTROL TECHNICIANS,0.4346,0.5506,397,3
Computing,"PROFESSIONAL, FINANCIAL, COMMUNITY AND SOCIAL SERVICES MANAGERS",0.4543,0.6497,397,61
Computing,PROTECTIVE SERVICES WORKERS,0.425,0.616,397,68
Computing,RETAIL AND WHOLESALE TRADE MANAGERS,0.4603,0.6381,397,27
Computing,"RUBBER, PLASTIC AND PAPER PRODUCTS MACHINE OPERATORS",0.4428,0.5333,397,1
Computing,SALES AND RELATED ASSOCIATE PROFESSIONALS,0.4564,0.7242,397,1121
Computing,"SALES, MARKETING, DEVELOPMENT AND CUSTOMER SERVICE MANAGERS",0.4625,0.7209,397,1204
Computing,SECONDARY EDUCATION TEACHERS,0.4694,0.6702,397,24
Computing,SECRETARIES AND VERBATIM REPORTERS,0.4491,0.6425,397,40
Computing,"SHEET AND STRUCTURAL METAL WORKERS, MOULDERS AND WELDERS AND RELATED TRADES WORKERS",0.4439,0.59,397,13
Computing,SHIP AND AIRCRAFT CONTROLLERS AND TECHNICIANS,0.4422,0.6054,397,28
Computing,SHIP AND AIRCRAFT RELATED PROFESSIONALS,0.4585,0.6342,397,22
Computing,SHIPS’ DECK CREW AND RELATED WORKERS,0.4303,0.5584,397,5
Computing,SHOP SALESPERSONS,0.4403,0.6664,397,232
Computing,SOCIAL SCIENCE RESEARCHERS AND PROFESSIONALS; RELIGIOUS PROFESSIONALS,0.4414,0.6428,397,68
Computing,SOFTWARE AND APPLICATIONS DEVELOPERS AND ANALYSTS,0.5107,0.7964,397,220
Computing,SPORTS AND FITNESS WORKERS,0.4452,0.6033,397,65
Computing,STATIONARY PLANT AND MACHINE SUPERVISORS AND GENERAL FOREMEN,0.4265,0.5583,397,1
Computing,SUPERVISORS AND GENERAL FOREMEN (BUILDING AND RELATED TRADES),0.4439,0.6095,397,42
Computing,SUPERVISORS AND GENERAL FOREMEN (ELECTRICAL AND ELECTRONIC TRADES),0.4524,0.5691,397,4
Computing,"SUPERVISORS AND GENERAL FOREMEN (FOOD PROCESSING, WOODWORKING, GARMENT, LEATHER AND RELATED TRADES)",0.4474,0.618,397,141
Computing,SUPERVISORS AND GENERAL FOREMEN OF ASSEMBLERS AND QUALITY CHECKERS,0.4618,0.5957,397,1
Computing,TEACHING ASSOCIATE PROFESSIONALS NOT ELSEWHERE CLASSIFIED,0.4696,0.6223,397,58
Computing,TELECOMMUNICATIONS AND BROADCASTING TECHNICIANS AND AUDIO-VISUAL OPERATORS,0.4393,0.6573,397,68
Computing,"TELLERS, MONEY COLLECTORS AND RELATED CLERKS",0.448,0.6161,397,14
Computing,"TEXTILE, FUR AND LEATHER PRODUCTS MACHINE OPERATORS",0.4418,0.5526,397,10
Computing,TRADITIONAL AND COMPLEMENTARY MEDICINE PROFESSIONALS,0.4338,0.5791,397,4
Computing,TRANSPORT AND STORAGE LABOURERS,0.4367,0.6059,397,180
Computing,TRANSPORT OPERATIONS PLANNERS AND EXECUTIVES,0.4685,0.6446,397,6
Computing,"TRAVEL ATTENDANTS, CONDUCTORS AND GUIDES",0.4572,0.6395,397,5
Computing,"UNIVERSITY, POLYTECHNIC AND HIGHER EDUCATION TEACHERS",0.4941,0.666,397,32
Computing,"VEHICLE, WINDOW, LAUNDRY AND OTHER HAND CLEANING WORKERS",0.4254,0.5476,397,11
Computing,VETERINARIANS,0.4332,0.5675,397,8
Computing,VETERINARY TECHNICIANS AND ASSISTANTS,0.4414,0.5688,397,13
Computing,VOCATIONAL EDUCATION TEACHERS AND TRAINERS,0.4968,0.6007,397,2
Computing,WAITERS AND BARTENDERS,0.4329,0.6099,397,338
Computing,"WASTE COLLECTION, RECYCLING AND MATERIAL RECOVERY WORKERS",0.4232,0.5443,397,2
Computing,"WOOD TREATERS, CABINET MAKERS AND RELATED TRADES WORKERS",0.4428,0.5163,397,1
Cont and Lifelong Education,ADMINISTRATION PROFESSIONALS,0.4605,0.7566,398,703
Cont and Lifelong Education,ADMINISTRATIVE ASSOCIATE PROFESSIONALS,0.4724,0.7657,398,713
Cont and Lifelong Education,"AGRICULTURAL, FISHERY AND RELATED LABOURERS",0.4246,0.596,398,11
Cont and Lifelong Education,"ARCHITECTS, PLANNERS, SURVEYORS AND DESIGNERS",0.4838,0.7717,398,80
Cont and Lifelong Education,ARTISTIC AND CULTURAL ASSOCIATE PROFESSIONALS,0.4459,0.6986,398,173
Cont and Lifelong Education,"ASSEMBLERS, QUALITY CHECKERS AND TESTERS",0.4665,0.7084,398,7
Cont and Lifelong Education,ASSISTANT ENGINEERS,0.5002,0.7009,398,46
Cont and Lifelong Education,"AUTHORS, JOURNALISTS AND EDITORS",0.4625,0.6319,398,19
Cont and Lifelong Education,"BLACKSMITHS, TOOLMAKERS AND RELATED TRADES WORKERS",0.4679,0.6176,398,1
Cont and Lifelong Education,"BOOKMAKERS, CROUPIERS AND RELATED GAMING WORKERS",0.4379,0.633,398,3
Cont and Lifelong Education,BUILDING FINISHERS AND RELATED TRADES WORKERS,0.4429,0.5976,398,24
Cont and Lifelong Education,BUILDING FRAME AND RELATED TRADES WORKERS,0.4631,0.6427,398,29
Cont and Lifelong Education,"BUILDING, QUALITY AND SAFETY INSPECTORS",0.4664,0.728,398,25
Cont and Lifelong Education,BUSINESS SERVICES AGENTS,0.452,0.6569,398,108
Cont and Lifelong Education,BUSINESS SERVICES AND ADMINISTRATION MANAGERS,0.4501,0.6979,398,148
Cont and Lifelong Education,CAR AND LIGHT GOODS VEHICLE DRIVERS,0.4426,0.6199,398,93
Cont and Lifelong Education,CASHIERS AND TICKET CLERKS,0.4273,0.5929,398,40
Cont and Lifelong Education,CHILD CARE WORKERS AND TEACHER AIDES,0.4553,0.6349,398,111
Cont and Lifelong Education,"CLEANERS AND HELPERS IN HOTELS, OFFICES AND OTHER ESTABLISHMENTS",0.4369,0.6069,398,119
Cont and Lifelong Education,CLEANING SUPERVISORS,0.4512,0.6331,398,13
Cont and Lifelong Education,CLERICAL SUPERVISORS,0.4488,0.6222,398,9
Cont and Lifelong Education,CLIENT INFORMATION CLERKS,0.4469,0.6498,398,552
Cont and Lifelong Education,CONSTRUCTION LABOURERS AND RELATED WORKERS,0.4757,0.6066,398,1
Cont and Lifelong Education,COOKS,0.4349,0.6063,398,81
Cont and Lifelong Education,CREATIVE AND PERFORMING ARTISTS,0.4444,0.7086,398,25
Cont and Lifelong Education,"DATABASE, NETWORK, INFRASTRUCTURE AND CYBERSECURITY PROFESSIONALS",0.4851,0.7052,398,105
Cont and Lifelong Education,DOMESTIC HELPERS AND CLEANERS,0.4286,0.5833,398,2
Cont and Lifelong Education,ELECTRICAL EQUIPMENT RELATED TRADES WORKERS,0.4637,0.6232,398,18
Cont and Lifelong Education,ENGINEERING PROFESSIONALS I,0.5006,0.7767,398,861
Cont and Lifelong Education,ENGINEERING PROFESSIONALS II (Cont’d),0.5001,0.757,398,248
Cont and Lifelong Education,EXTRACURRICULUM INSTRUCTORS,0.4573,0.6423,398,91
Cont and Lifelong Education,FINANCE PROFESSIONALS,0.4508,0.7117,398,269
Cont and Lifelong Education,FINANCIAL AND MATHEMATICAL ASSOCIATE PROFESSIONALS,0.4352,0.6338,398,130
Cont and Lifelong Education,FOOD AND RELATED PRODUCTS MACHINE OPERATORS,0.4585,0.674,398,3
Cont and Lifelong Education,FOOD PREPARATION AND KITCHEN ASSISTANTS,0.4347,0.6413,398,87
Cont and Lifelong Education,FOOD PROCESSING AND RELATED TRADES WORKERS,0.4346,0.5853,398,28
Cont and Lifelong Education,"GARMENT, LEATHER AND RELATED TRADES WORKERS",0.4437,0.5642,398,4
Cont and Lifelong Education,GENERAL OFFICE CLERKS,0.4514,0.6696,398,532
Cont and Lifelong Education,GOVERNMENT ASSOCIATE PROFESSIONALS,0.441,0.6147,398,6
Cont and Lifelong Education,"HAIRDRESSERS, BEAUTICIANS AND RELATED WORKERS",0.4354,0.6078,398,86
Cont and Lifelong Education,HANDICRAFT AND PRECISION WORKERS,0.4458,0.5943,398,10
Cont and Lifelong Education,HEALTHCARE ASSISTANTS AND RELATED PERSONAL CARE WORKERS,0.4365,0.6311,398,125
Cont and Lifelong Education,HEAVY TRUCK AND BUS DRIVERS,0.4498,0.6454,398,146
Cont and Lifelong Education,HOTEL AND FOOD AND BEVERAGES SERVICES MANAGERS,0.4308,0.6217,398,53
Cont and Lifelong Education,HOUSEKEEPERS AND RELATED WORKERS,0.4235,0.589,398,31
Cont and Lifelong Education,INFORMATION AND COMMUNICATIONS TECHNOLOGY OPERATORS AND TECHNICIANS,0.4732,0.6963,398,90
Cont and Lifelong Education,INFORMATION AND COMMUNICATIONS TECHNOLOGY SERVICE MANAGERS,0.4681,0.7011,398,47
Cont and Lifelong Education,JUNIOR COLLEGE AND PRE-UNIVERSITY EDUCATION TEACHERS,0.4852,0.6354,398,2
Cont and Lifelong Education,KEYBOARD OPERATORS,0.4461,0.5822,398,15
Cont and Lifelong Education,LEGAL AND SOCIAL ASSOCIATE PROFESSIONALS,0.4421,0.6479,398,37
Cont and Lifelong Education,LEGAL PROFESSIONALS,0.4564,0.6989,398,35
Cont and Lifelong Education,LEGISLATORS AND SENIOR OFFICIALS,0.4474,0.645,398,42
Cont and Lifelong Education,"LIBRARIANS, ARCHIVISTS AND CURATORS",0.4627,0.6811,398,5
Cont and Lifelong Education,LIFE SCIENCE PROFESSIONALS,0.4738,0.6992,398,36
Cont and Lifelong Education,LIFE SCIENCE TECHNICIANS AND RELATED ASSOCIATE PROFESSIONALS,0.4643,0.73,398,15
Cont and Lifelong Education,"MACHINERY MECHANICS, FITTERS AND REPAIRERS",0.4667,0.6656,398,20
Cont and Lifelong Education,"MANAGING DIRECTORS, CHIEF EXECUTIVES AND GENERAL MANAGERS",0.4465,0.6705,398,45
Cont and Lifelong Education,MANUFACTURING LABOURERS AND RELATED WORKERS,0.4502,0.642,398,20
Cont and Lifelong Education,"MANUFACTURING, CONSTRUCTION, TRANSPORT, DISTRIBUTION AND RELATED PRODUCTION AND OPERATIONS MANAGERS",0.4677,0.732,398,66
Cont and Lifelong Education,MARKET GARDENERS AND CROP GROWERS,0.4495,0.598,398,12
Cont and Lifelong Education,MARKETING AND PUBLIC RELATIONS PROFESSIONALS,0.4703,0.719,398,399
Cont and Lifelong Education,MATERIAL-RECORDING AND TRANSPORT CLERKS,0.4603,0.6756,398,122
Cont and Lifelong Education,"MATHEMATICIANS, ACTUARIES, STATISTICIANS AND RELATED PROFESSIONALS",0.483,0.712,398,67
Cont and Lifelong Education,MEDICAL AND PHARMACEUTICAL TECHNICIANS,0.4576,0.6307,398,55
Cont and Lifelong Education,MEDICAL DOCTORS,0.4446,0.6041,398,28
Cont and Lifelong Education,"METAL PROCESSING, FINISHING AND PRODUCTS PLANT OPERATORS",0.4719,0.6553,398,19
Cont and Lifelong Education,MOBILE MACHINERY OPERATORS,0.4508,0.6013,398,39
Cont and Lifelong Education,"MODELS, SALES DEMONSTRATORS AND RELATED SALES WORKERS",0.4432,0.6846,398,370
Cont and Lifelong Education,NUMERICAL CLERKS,0.4411,0.6985,398,346
Cont and Lifelong Education,NURSING ASSOCIATE PROFESSIONALS,0.4521,0.6097,398,36
Cont and Lifelong Education,NURSING PROFESSIONALS,0.4408,0.632,398,227
Cont and Lifelong Education,OTHER CLERICAL SUPPORT WORKERS,0.4484,0.6703,398,16
Cont and Lifelong Education,OTHER CRAFT AND RELATED WORKERS,0.4428,0.5914,398,18
Cont and Lifelong Education,OTHER HEALTH ASSOCIATE PROFESSIONALS,0.4482,0.6343,398,69
Cont and Lifelong Education,OTHER HEALTH PROFESSIONALS,0.4524,0.6797,398,127
Cont and Lifelong Education,OTHER SERVICES MANAGERS,0.46,0.6569,398,216
Cont and Lifelong Education,OTHER STATIONARY PLANT AND MACHINE OPERATORS,0.4643,0.6356,398,12
Cont and Lifelong Education,OTHER TEACHING PROFESSIONALS,0.4663,0.6474,398,35
Cont and Lifelong Education,"PAINTERS, BUILDING STRUCTURE CLEANERS AND RELATED WORKERS",0.4562,0.5816,398,7
Cont and Lifelong Education,PERSONAL SERVICES WORKERS NOT ELSEWHERE CLASSIFIED,0.4415,0.6233,398,24
Cont and Lifelong Education,PHYSICAL AND EARTH SCIENCE PROFESSIONALS,0.4755,0.6846,398,7
Cont and Lifelong Education,PHYSICAL AND ENGINEERING SCIENCE TECHNICIANS I,0.4906,0.7788,398,364
Cont and Lifelong Education,PHYSICAL AND ENGINEERING SCIENCE TECHNICIANS II (Cont’d),0.4769,0.6916,398,32
Cont and Lifelong Education,"PORTERS, ATTENDANTS AND RELATED WORKERS",0.4344,0.694,398,70
Cont and Lifelong Education,PREMISES AND PARKS OFFICERS,0.464,0.6619,398,71
Cont and Lifelong Education,PRESCHOOL EDUCATION TEACHERS,0.4563,0.6424,398,267
Cont and Lifelong Education,PRIMARY EDUCATION TEACHERS,0.4626,0.6454,398,20
Cont and Lifelong Education,PRINTING TRADES WORKERS,0.4306,0.5499,398,1
Cont and Lifelong Education,PROCESS CONTROL TECHNICIANS,0.4596,0.6381,398,3
Cont and Lifelong Education,"PROFESSIONAL, FINANCIAL, COMMUNITY AND SOCIAL SERVICES MANAGERS",0.4492,0.646,398,61
Cont and Lifelong Education,PROTECTIVE SERVICES WORKERS,0.4259,0.6132,398,68
Cont and Lifelong Education,RETAIL AND WHOLESALE TRADE MANAGERS,0.4573,0.6019,398,27
Cont and Lifelong Education,"RUBBER, PLASTIC AND PAPER PRODUCTS MACHINE OPERATORS",0.4804,0.6015,398,1
Cont and Lifelong Education,SALES AND RELATED ASSOCIATE PROFESSIONALS,0.4531,0.7044,398,1121
Cont and Lifelong Education,"SALES, MARKETING, DEVELOPMENT AND CUSTOMER SERVICE MANAGERS",0.4578,0.7552,398,1204
Cont and Lifelong Education,SECONDARY EDUCATION TEACHERS,0.4721,0.7154,398,24
Cont and Lifelong Education,SECRETARIES AND VERBATIM REPORTERS,0.4436,0.6275,398,40
Cont and Lifelong Education,"SHEET AND STRUCTURAL METAL WORKERS, MOULDERS AND WELDERS AND RELATED TRADES WORKERS",0.4757,0.6376,398,13
Cont and Lifelong Education,SHIP AND AIRCRAFT CONTROLLERS AND TECHNICIANS,0.458,0.6438,398,28
Cont and Lifelong Education,SHIP AND AIRCRAFT RELATED PROFESSIONALS,0.4824,0.6829,398,22
Cont and Lifelong Education,SHIPS’ DECK CREW AND RELATED WORKERS,0.4511,0.5698,398,5
Cont and Lifelong Education,SHOP SALESPERSONS,0.44,0.6605,398,232
Cont and Lifelong Education,SOCIAL SCIENCE RESEARCHERS AND PROFESSIONALS; RELIGIOUS PROFESSIONALS,0.4382,0.6586,398,68
Cont and Lifelong Education,SOFTWARE AND APPLICATIONS DEVELOPERS AND ANALYSTS,0.4982,0.747,398,220
Cont and Lifelong Education,SPORTS AND FITNESS WORKERS,0.4464,0.6285,398,65
Cont and Lifelong Education,STATIONARY PLANT AND MACHINE SUPERVISORS AND GENERAL FOREMEN,0.4593,0.6217,398,1
Cont and Lifelong Education,SUPERVISORS AND GENERAL FOREMEN (BUILDING AND RELATED TRADES),0.4637,0.7078,398,42
Cont and Lifelong Education,SUPERVISORS AND GENERAL FOREMEN (ELECTRICAL AND ELECTRONIC TRADES),0.4704,0.6332,398,4
Cont and Lifelong Education,"SUPERVISORS AND GENERAL FOREMEN (FOOD PROCESSING, WOODWORKING, GARMENT, LEATHER AND RELATED TRADES)",0.4602,0.6858,398,141
Cont and Lifelong Education,SUPERVISORS AND GENERAL FOREMEN OF ASSEMBLERS AND QUALITY CHECKERS,0.4998,0.6275,398,1
Cont and Lifelong Education,TEACHING ASSOCIATE PROFESSIONALS NOT ELSEWHERE CLASSIFIED,0.4731,0.6623,398,58
Cont and Lifelong Education,TELECOMMUNICATIONS AND BROADCASTING TECHNICIANS AND AUDIO-VISUAL OPERATORS,0.4561,0.6532,398,68
Cont and Lifelong Education,"TELLERS, MONEY COLLECTORS AND RELATED CLERKS",0.4441,0.5866,398,14
Cont and Lifelong Education,"TEXTILE, FUR AND LEATHER PRODUCTS MACHINE OPERATORS",0.4739,0.5862,398,10
Cont and Lifelong Education,TRADITIONAL AND COMPLEMENTARY MEDICINE PROFESSIONALS,0.4373,0.5752,398,4
Cont and Lifelong Education,TRANSPORT AND STORAGE LABOURERS,0.4476,0.6558,398,180
Cont and Lifelong Education,TRANSPORT OPERATIONS PLANNERS AND EXECUTIVES,0.4704,0.6265,398,6
Cont and Lifelong Education,"TRAVEL ATTENDANTS, CONDUCTORS AND GUIDES",0.4597,0.6565,398,5
Cont and Lifelong Education,"UNIVERSITY, POLYTECHNIC AND HIGHER EDUCATION TEACHERS",0.4936,0.6642,398,32
Cont and Lifelong Education,"VEHICLE, WINDOW, LAUNDRY AND OTHER HAND CLEANING WORKERS",0.4426,0.5975,398,11
Cont and Lifelong Education,VETERINARIANS,0.4426,0.5832,398,8
Cont and Lifelong Education,VETERINARY TECHNICIANS AND ASSISTANTS,0.453,0.6088,398,13
Cont and Lifelong Education,VOCATIONAL EDUCATION TEACHERS AND TRAINERS,0.493,0.6238,398,2
Cont and Lifelong Education,WAITERS AND BARTENDERS,0.4369,0.6519,398,338
Cont and Lifelong Education,"WASTE COLLECTION, RECYCLING AND MATERIAL RECOVERY WORKERS",0.4454,0.5888,398,2
Cont and Lifelong Education,"WOOD TREATERS, CABINET MAKERS AND RELATED TRADES WORKERS",0.4598,0.5706,398,1
Duke-NUS Medical School,ADMINISTRATION PROFESSIONALS,0.4761,0.7799,158,703
Duke-NUS Medical School,ADMINISTRATIVE ASSOCIATE PROFESSIONALS,0.4623,0.7016,158,713
Duke-NUS Medical School,"AGRICULTURAL, FISHERY AND RELATED LABOURERS",0.4621,0.5992,158,11
Duke-NUS Medical School,"ARCHITECTS, PLANNERS, SURVEYORS AND DESIGNERS",0.4664,0.6792,158,80
Duke-NUS Medical School,ARTISTIC AND CULTURAL ASSOCIATE PROFESSIONALS,0.447,0.619,158,173
Duke-NUS Medical School,"ASSEMBLERS, QUALITY CHECKERS AND TESTERS",0.4564,0.6328,158,7
Duke-NUS Medical School,ASSISTANT ENGINEERS,0.4636,0.6304,158,46
Duke-NUS Medical School,"AUTHORS, JOURNALISTS AND EDITORS",0.4689,0.6276,158,19
Duke-NUS Medical School,"BLACKSMITHS, TOOLMAKERS AND RELATED TRADES WORKERS",0.4575,0.5928,158,1
Duke-NUS Medical School,"BOOKMAKERS, CROUPIERS AND RELATED GAMING WORKERS",0.4497,0.612,158,3
Duke-NUS Medical School,BUILDING FINISHERS AND RELATED TRADES WORKERS,0.418,0.5727,158,24
Duke-NUS Medical School,BUILDING FRAME AND RELATED TRADES WORKERS,0.423,0.5727,158,29
Duke-NUS Medical School,"BUILDING, QUALITY AND SAFETY INSPECTORS",0.4736,0.6668,158,25
Duke-NUS Medical School,BUSINESS SERVICES AGENTS,0.4587,0.6297,158,108
Duke-NUS Medical School,BUSINESS SERVICES AND ADMINISTRATION MANAGERS,0.4619,0.6464,158,148
Duke-NUS Medical School,CAR AND LIGHT GOODS VEHICLE DRIVERS,0.4529,0.6272,158,93
Duke-NUS Medical School,CASHIERS AND TICKET CLERKS,0.4271,0.5679,158,40
Duke-NUS Medical School,CHILD CARE WORKERS AND TEACHER AIDES,0.4823,0.6485,158,111
Duke-NUS Medical School,"CLEANERS AND HELPERS IN HOTELS, OFFICES AND OTHER ESTABLISHMENTS",0.4407,0.627,158,119
Duke-NUS Medical School,CLEANING SUPERVISORS,0.4482,0.6291,158,13
Duke-NUS Medical School,CLERICAL SUPERVISORS,0.4478,0.6086,158,9
Duke-NUS Medical School,CLIENT INFORMATION CLERKS,0.4728,0.7123,158,552
Duke-NUS Medical School,CONSTRUCTION LABOURERS AND RELATED WORKERS,0.4546,0.5298,158,1
Duke-NUS Medical School,COOKS,0.4471,0.6192,158,81
Duke-NUS Medical School,CREATIVE AND PERFORMING ARTISTS,0.4442,0.6309,158,25
Duke-NUS Medical School,"DATABASE, NETWORK, INFRASTRUCTURE AND CYBERSECURITY PROFESSIONALS",0.4597,0.6427,158,105
Duke-NUS Medical School,DOMESTIC HELPERS AND CLEANERS,0.4409,0.5919,158,2
Duke-NUS Medical School,ELECTRICAL EQUIPMENT RELATED TRADES WORKERS,0.4357,0.5582,158,18
Duke-NUS Medical School,ENGINEERING PROFESSIONALS I,0.4706,0.7969,158,861
Duke-NUS Medical School,ENGINEERING PROFESSIONALS II (Cont’d),0.4684,0.6769,158,248
Duke-NUS Medical School,EXTRACURRICULUM INSTRUCTORS,0.4676,0.6373,158,91
Duke-NUS Medical School,FINANCE PROFESSIONALS,0.4611,0.738,158,269
Duke-NUS Medical School,FINANCIAL AND MATHEMATICAL ASSOCIATE PROFESSIONALS,0.4468,0.6406,158,130
Duke-NUS Medical School,FOOD AND RELATED PRODUCTS MACHINE OPERATORS,0.4436,0.5795,158,3
Duke-NUS Medical School,FOOD PREPARATION AND KITCHEN ASSISTANTS,0.4372,0.6009,158,87
Duke-NUS Medical School,FOOD PROCESSING AND RELATED TRADES WORKERS,0.4524,0.5945,158,28
Duke-NUS Medical School,"GARMENT, LEATHER AND RELATED TRADES WORKERS",0.4417,0.5757,158,4
Duke-NUS Medical School,GENERAL OFFICE CLERKS,0.465,0.6614,158,532
Duke-NUS Medical School,GOVERNMENT ASSOCIATE PROFESSIONALS,0.4533,0.5704,158,6
Duke-NUS Medical School,"HAIRDRESSERS, BEAUTICIANS AND RELATED WORKERS",0.4606,0.6151,158,86
Duke-NUS Medical School,HANDICRAFT AND PRECISION WORKERS,0.446,0.6142,158,10
Duke-NUS Medical School,HEALTHCARE ASSISTANTS AND RELATED PERSONAL CARE WORKERS,0.501,0.6866,158,125
Duke-NUS Medical School,HEAVY TRUCK AND BUS DRIVERS,0.4466,0.5783,158,146
Duke-NUS Medical School,HOTEL AND FOOD AND BEVERAGES SERVICES MANAGERS,0.441,0.6116,158,53
Duke-NUS Medical School,HOUSEKEEPERS AND RELATED WORKERS,0.4394,0.6023,158,31
Duke-NUS Medical School,INFORMATION AND COMMUNICATIONS TECHNOLOGY OPERATORS AND TECHNICIANS,0.4535,0.6207,158,90
Duke-NUS Medical School,INFORMATION AND COMMUNICATIONS TECHNOLOGY SERVICE MANAGERS,0.4645,0.6512,158,47
Duke-NUS Medical School,JUNIOR COLLEGE AND PRE-UNIVERSITY EDUCATION TEACHERS,0.48,0.5799,158,2
Duke-NUS Medical School,KEYBOARD OPERATORS,0.5053,0.6228,158,15
Duke-NUS Medical School,LEGAL AND SOCIAL ASSOCIATE PROFESSIONALS,0.4779,0.6586,158,37
Duke-NUS Medical School,LEGAL PROFESSIONALS,0.464,0.6168,158,35
Duke-NUS Medical School,LEGISLATORS AND SENIOR OFFICIALS,0.4566,0.6181,158,42
Duke-NUS Medical School,"LIBRARIANS, ARCHIVISTS AND CURATORS",0.4707,0.6015,158,5
Duke-NUS Medical School,LIFE SCIENCE PROFESSIONALS,0.5103,0.7242,158,36
Duke-NUS Medical School,LIFE SCIENCE TECHNICIANS AND RELATED ASSOCIATE PROFESSIONALS,0.5248,0.7148,158,15
Duke-NUS Medical School,"MACHINERY MECHANICS, FITTERS AND REPAIRERS",0.4463,0.5797,158,20
Duke-NUS Medical School,"MANAGING DIRECTORS, CHIEF EXECUTIVES AND GENERAL MANAGERS",0.4533,0.69,158,45
Duke-NUS Medical School,MANUFACTURING LABOURERS AND RELATED WORKERS,0.4364,0.5779,158,20
Duke-NUS Medical School,"MANUFACTURING, CONSTRUCTION, TRANSPORT, DISTRIBUTION AND RELATED PRODUCTION AND OPERATIONS MANAGERS",0.4601,0.6796,158,66
Duke-NUS Medical School,MARKET GARDENERS AND CROP GROWERS,0.4643,0.597,158,12
Duke-NUS Medical School,MARKETING AND PUBLIC RELATIONS PROFESSIONALS,0.4685,0.6783,158,399
Duke-NUS Medical School,MATERIAL-RECORDING AND TRANSPORT CLERKS,0.4519,0.6669,158,122
Duke-NUS Medical School,"MATHEMATICIANS, ACTUARIES, STATISTICIANS AND RELATED PROFESSIONALS",0.4837,0.7147,158,67
Duke-NUS Medical School,MEDICAL AND PHARMACEUTICAL TECHNICIANS,0.5072,0.6838,158,55
Duke-NUS Medical School,MEDICAL DOCTORS,0.5287,0.7316,158,28
Duke-NUS Medical School,"METAL PROCESSING, FINISHING AND PRODUCTS PLANT OPERATORS",0.4475,0.5872,158,19
Duke-NUS Medical School,MOBILE MACHINERY OPERATORS,0.429,0.5687,158,39
Duke-NUS Medical School,"MODELS, SALES DEMONSTRATORS AND RELATED SALES WORKERS",0.4557,0.6775,158,370
Duke-NUS Medical School,NUMERICAL CLERKS,0.4495,0.6546,158,346
Duke-NUS Medical School,NURSING ASSOCIATE PROFESSIONALS,0.5265,0.6576,158,36
Duke-NUS Medical School,NURSING PROFESSIONALS,0.5159,0.7258,158,227
Duke-NUS Medical School,OTHER CLERICAL SUPPORT WORKERS,0.4554,0.6583,158,16
Duke-NUS Medical School,OTHER CRAFT AND RELATED WORKERS,0.4387,0.5723,158,18
Duke-NUS Medical School,OTHER HEALTH ASSOCIATE PROFESSIONALS,0.4812,0.6984,158,69
Duke-NUS Medical School,OTHER HEALTH PROFESSIONALS,0.519,0.7232,158,127
Duke-NUS Medical School,OTHER SERVICES MANAGERS,0.4771,0.641,158,216
Duke-NUS Medical School,OTHER STATIONARY PLANT AND MACHINE OPERATORS,0.4459,0.5954,158,12
Duke-NUS Medical School,OTHER TEACHING PROFESSIONALS,0.4869,0.646,158,35
Duke-NUS Medical School,"PAINTERS, BUILDING STRUCTURE CLEANERS AND RELATED WORKERS",0.4316,0.5921,158,7
Duke-NUS Medical School,PERSONAL SERVICES WORKERS NOT ELSEWHERE CLASSIFIED,0.4491,0.6023,158,24
Duke-NUS Medical School,PHYSICAL AND EARTH SCIENCE PROFESSIONALS,0.4776,0.659,158,7
Duke-NUS Medical School,PHYSICAL AND ENGINEERING SCIENCE TECHNICIANS I,0.4719,0.7208,158,364
Duke-NUS Medical School,PHYSICAL AND ENGINEERING SCIENCE TECHNICIANS II (Cont’d),0.4615,0.6172,158,32
Duke-NUS Medical School,"PORTERS, ATTENDANTS AND RELATED WORKERS",0.4755,0.6728,158,70
Duke-NUS Medical School,PREMISES AND PARKS OFFICERS,0.4615,0.6229,158,71
Duke-NUS Medical School,PRESCHOOL EDUCATION TEACHERS,0.4746,0.645,158,267
Duke-NUS Medical School,PRIMARY EDUCATION TEACHERS,0.4756,0.5993,158,20
Duke-NUS Medical School,PRINTING TRADES WORKERS,0.419,0.5449,158,1
Duke-NUS Medical School,PROCESS CONTROL TECHNICIANS,0.4467,0.564,158,3
Duke-NUS Medical School,"PROFESSIONAL, FINANCIAL, COMMUNITY AND SOCIAL SERVICES MANAGERS",0.4777,0.6645,158,61
Duke-NUS Medical School,PROTECTIVE SERVICES WORKERS,0.4297,0.6348,158,68
Duke-NUS Medical School,RETAIL AND WHOLESALE TRADE MANAGERS,0.4703,0.6232,158,27
Duke-NUS Medical School,"RUBBER, PLASTIC AND PAPER PRODUCTS MACHINE OPERATORS",0.4531,0.5426,158,1
Duke-NUS Medical School,SALES AND RELATED ASSOCIATE PROFESSIONALS,0.4633,0.6678,158,1121
Duke-NUS Medical School,"SALES, MARKETING, DEVELOPMENT AND CUSTOMER SERVICE MANAGERS",0.4724,0.7412,158,1204
Duke-NUS Medical School,SECONDARY EDUCATION TEACHERS,0.4703,0.5979,158,24
Duke-NUS Medical School,SECRETARIES AND VERBATIM REPORTERS,0.4545,0.625,158,40
Duke-NUS Medical School,"SHEET AND STRUCTURAL METAL WORKERS, MOULDERS AND WELDERS AND RELATED TRADES WORKERS",0.4403,0.5752,158,13
Duke-NUS Medical School,SHIP AND AIRCRAFT CONTROLLERS AND TECHNICIANS,0.4501,0.6323,158,28
Duke-NUS Medical School,SHIP AND AIRCRAFT RELATED PROFESSIONALS,0.4578,0.6506,158,22
Duke-NUS Medical School,SHIPS’ DECK CREW AND RELATED WORKERS,0.4415,0.5593,158,5
Duke-NUS Medical School,SHOP SALESPERSONS,0.4507,0.6217,158,232
Duke-NUS Medical School,SOCIAL SCIENCE RESEARCHERS AND PROFESSIONALS; RELIGIOUS PROFESSIONALS,0.4892,0.6725,158,68
Duke-NUS Medical School,SOFTWARE AND APPLICATIONS DEVELOPERS AND ANALYSTS,0.4749,0.6866,158,220
Duke-NUS Medical School,SPORTS AND FITNESS WORKERS,0.4747,0.6416,158,65
Duke-NUS Medical School,STATIONARY PLANT AND MACHINE SUPERVISORS AND GENERAL FOREMEN,0.4661,0.5983,158,1
Duke-NUS Medical School,SUPERVISORS AND GENERAL FOREMEN (BUILDING AND RELATED TRADES),0.438,0.6113,158,42
Duke-NUS Medical School,SUPERVISORS AND GENERAL FOREMEN (ELECTRICAL AND ELECTRONIC TRADES),0.4494,0.5844,158,4
Duke-NUS Medical School,"SUPERVISORS AND GENERAL FOREMEN (FOOD PROCESSING, WOODWORKING, GARMENT, LEATHER AND RELATED TRADES)",0.4539,0.6759,158,141
Duke-NUS Medical School,SUPERVISORS AND GENERAL FOREMEN OF ASSEMBLERS AND QUALITY CHECKERS,0.4758,0.6076,158,1
Duke-NUS Medical School,TEACHING ASSOCIATE PROFESSIONALS NOT ELSEWHERE CLASSIFIED,0.4826,0.6355,158,58
Duke-NUS Medical School,TELECOMMUNICATIONS AND BROADCASTING TECHNICIANS AND AUDIO-VISUAL OPERATORS,0.45,0.6266,158,68
Duke-NUS Medical School,"TELLERS, MONEY COLLECTORS AND RELATED CLERKS",0.4487,0.5653,158,14
Duke-NUS Medical School,"TEXTILE, FUR AND LEATHER PRODUCTS MACHINE OPERATORS",0.4493,0.5578,158,10
Duke-NUS Medical School,TRADITIONAL AND COMPLEMENTARY MEDICINE PROFESSIONALS,0.509,0.6041,158,4
Duke-NUS Medical School,TRANSPORT AND STORAGE LABOURERS,0.4401,0.6569,158,180
Duke-NUS Medical School,TRANSPORT OPERATIONS PLANNERS AND EXECUTIVES,0.4485,0.5782,158,6
Duke-NUS Medical School,"TRAVEL ATTENDANTS, CONDUCTORS AND GUIDES",0.4714,0.6221,158,5
Duke-NUS Medical School,"UNIVERSITY, POLYTECHNIC AND HIGHER EDUCATION TEACHERS",0.5053,0.6596,158,32
Duke-NUS Medical School,"VEHICLE, WINDOW, LAUNDRY AND OTHER HAND CLEANING WORKERS",0.4392,0.5845,158,11
Duke-NUS Medical School,VETERINARIANS,0.5163,0.6689,158,8
Duke-NUS Medical School,VETERINARY TECHNICIANS AND ASSISTANTS,0.5082,0.6143,158,13
Duke-NUS Medical School,VOCATIONAL EDUCATION TEACHERS AND TRAINERS,0.4804,0.6089,158,2
Duke-NUS Medical School,WAITERS AND BARTENDERS,0.444,0.6308,158,338
Duke-NUS Medical School,"WASTE COLLECTION, RECYCLING AND MATERIAL RECOVERY WORKERS",0.4303,0.5393,158,2
Duke-NUS Medical School,"WOOD TREATERS, CABINET MAKERS AND RELATED TRADES WORKERS",0.4493,0.545,158,1
LKY School of Public Policy,ADMINISTRATION PROFESSIONALS,0.4697,0.697,238,703
LKY School of Public Policy,ADMINISTRATIVE ASSOCIATE PROFESSIONALS,0.4528,0.6823,238,713
LKY School of Public Policy,"AGRICULTURAL, FISHERY AND RELATED LABOURERS",0.4529,0.5881,238,11
LKY School of Public Policy,"ARCHITECTS, PLANNERS, SURVEYORS AND DESIGNERS",0.4595,0.6455,238,80
LKY School of Public Policy,ARTISTIC AND CULTURAL ASSOCIATE PROFESSIONALS,0.4411,0.6303,238,173
LKY School of Public Policy,"ASSEMBLERS, QUALITY CHECKERS AND TESTERS",0.434,0.5517,238,7
LKY School of Public Policy,ASSISTANT ENGINEERS,0.458,0.5981,238,46
LKY School of Public Policy,"AUTHORS, JOURNALISTS AND EDITORS",0.4662,0.6611,238,19
LKY School of Public Policy,"BLACKSMITHS, TOOLMAKERS AND RELATED TRADES WORKERS",0.4403,0.5359,238,1
LKY School of Public Policy,"BOOKMAKERS, CROUPIERS AND RELATED GAMING WORKERS",0.438,0.5566,238,3
LKY School of Public Policy,BUILDING FINISHERS AND RELATED TRADES WORKERS,0.4095,0.5915,238,24
LKY School of Public Policy,BUILDING FRAME AND RELATED TRADES WORKERS,0.4173,0.5809,238,29
LKY School of Public Policy,"BUILDING, QUALITY AND SAFETY INSPECTORS",0.4581,0.6383,238,25
LKY School of Public Policy,BUSINESS SERVICES AGENTS,0.4596,0.6793,238,108
LKY School of Public Policy,BUSINESS SERVICES AND ADMINISTRATION MANAGERS,0.4608,0.7321,238,148
LKY School of Public Policy,CAR AND LIGHT GOODS VEHICLE DRIVERS,0.4454,0.6023,238,93
LKY School of Public Policy,CASHIERS AND TICKET CLERKS,0.4318,0.6296,238,40
LKY School of Public Policy,CHILD CARE WORKERS AND TEACHER AIDES,0.4768,0.662,238,111
LKY School of Public Policy,"CLEANERS AND HELPERS IN HOTELS, OFFICES AND OTHER ESTABLISHMENTS",0.4372,0.5936,238,119
LKY School of Public Policy,CLEANING SUPERVISORS,0.4336,0.5707,238,13
LKY School of Public Policy,CLERICAL SUPERVISORS,0.4385,0.5905,238,9
LKY School of Public Policy,CLIENT INFORMATION CLERKS,0.4518,0.6392,238,552
LKY School of Public Policy,CONSTRUCTION LABOURERS AND RELATED WORKERS,0.4748,0.5895,238,1
LKY School of Public Policy,COOKS,0.4374,0.5981,238,81
LKY School of Public Policy,CREATIVE AND PERFORMING ARTISTS,0.4345,0.6058,238,25
LKY School of Public Policy,"DATABASE, NETWORK, INFRASTRUCTURE AND CYBERSECURITY PROFESSIONALS",0.4559,0.6362,238,105
LKY School of Public Policy,DOMESTIC HELPERS AND CLEANERS,0.4421,0.5664,238,2
LKY School of Public Policy,ELECTRICAL EQUIPMENT RELATED TRADES WORKERS,0.4321,0.6073,238,18
LKY School of Public Policy,ENGINEERING PROFESSIONALS I,0.4614,0.6494,238,861
LKY School of Public Policy,ENGINEERING PROFESSIONALS II (Cont’d),0.4557,0.6459,238,248
LKY School of Public Policy,EXTRACURRICULUM INSTRUCTORS,0.4775,0.6501,238,91
LKY School of Public Policy,FINANCE PROFESSIONALS,0.4713,0.6903,238,269
LKY School of Public Policy,FINANCIAL AND MATHEMATICAL ASSOCIATE PROFESSIONALS,0.4483,0.6326,238,130
LKY School of Public Policy,FOOD AND RELATED PRODUCTS MACHINE OPERATORS,0.427,0.5453,238,3
LKY School of Public Policy,FOOD PREPARATION AND KITCHEN ASSISTANTS,0.433,0.5819,238,87
LKY School of Public Policy,FOOD PROCESSING AND RELATED TRADES WORKERS,0.4335,0.5837,238,28
LKY School of Public Policy,"GARMENT, LEATHER AND RELATED TRADES WORKERS",0.4403,0.5562,238,4
LKY School of Public Policy,GENERAL OFFICE CLERKS,0.4606,0.666,238,532
LKY School of Public Policy,GOVERNMENT ASSOCIATE PROFESSIONALS,0.4501,0.5658,238,6
LKY School of Public Policy,"HAIRDRESSERS, BEAUTICIANS AND RELATED WORKERS",0.4326,0.5923,238,86
LKY School of Public Policy,HANDICRAFT AND PRECISION WORKERS,0.4336,0.5715,238,10
LKY School of Public Policy,HEALTHCARE ASSISTANTS AND RELATED PERSONAL CARE WORKERS,0.4464,0.6448,238,125
LKY School of Public Policy,HEAVY TRUCK AND BUS DRIVERS,0.4425,0.6041,238,146
LKY School of Public Policy,HOTEL AND FOOD AND BEVERAGES SERVICES MANAGERS,0.4393,0.6136,238,53
LKY School of Public Policy,HOUSEKEEPERS AND RELATED WORKERS,0.4327,0.605,238,31
LKY School of Public Policy,INFORMATION AND COMMUNICATIONS TECHNOLOGY OPERATORS AND TECHNICIANS,0.4474,0.5997,238,90
LKY School of Public Policy,INFORMATION AND COMMUNICATIONS TECHNOLOGY SERVICE MANAGERS,0.4603,0.6594,238,47
LKY School of Public Policy,JUNIOR COLLEGE AND PRE-UNIVERSITY EDUCATION TEACHERS,0.4923,0.5969,238,2
LKY School of Public Policy,KEYBOARD OPERATORS,0.436,0.5732,238,15
LKY School of Public Policy,LEGAL AND SOCIAL ASSOCIATE PROFESSIONALS,0.4698,0.6454,238,37
LKY School of Public Policy,LEGAL PROFESSIONALS,0.4805,0.6803,238,35
LKY School of Public Policy,LEGISLATORS AND SENIOR OFFICIALS,0.457,0.6575,238,42
LKY School of Public Policy,"LIBRARIANS, ARCHIVISTS AND CURATORS",0.4719,0.6028,238,5
LKY School of Public Policy,LIFE SCIENCE PROFESSIONALS,0.4723,0.6652,238,36
LKY School of Public Policy,LIFE SCIENCE TECHNICIANS AND RELATED ASSOCIATE PROFESSIONALS,0.4568,0.5956,238,15
LKY School of Public Policy,"MACHINERY MECHANICS, FITTERS AND REPAIRERS",0.4397,0.6061,238,20
LKY School of Public Policy,"MANAGING DIRECTORS, CHIEF EXECUTIVES AND GENERAL MANAGERS",0.4472,0.642,238,45
LKY School of Public Policy,MANUFACTURING LABOURERS AND RELATED WORKERS,0.4274,0.5695,238,20
LKY School of Public Policy,"MANUFACTURING, CONSTRUCTION, TRANSPORT, DISTRIBUTION AND RELATED PRODUCTION AND OPERATIONS MANAGERS",0.4556,0.6546,238,66
LKY School of Public Policy,MARKET GARDENERS AND CROP GROWERS,0.462,0.6234,238,12
LKY School of Public Policy,MARKETING AND PUBLIC RELATIONS PROFESSIONALS,0.4647,0.6664,238,399
LKY School of Public Policy,MATERIAL-RECORDING AND TRANSPORT CLERKS,0.4466,0.6346,238,122
LKY School of Public Policy,"MATHEMATICIANS, ACTUARIES, STATISTICIANS AND RELATED PROFESSIONALS",0.4792,0.6628,238,67
LKY School of Public Policy,MEDICAL AND PHARMACEUTICAL TECHNICIANS,0.4399,0.5702,238,55
LKY School of Public Policy,MEDICAL DOCTORS,0.4539,0.6073,238,28
LKY School of Public Policy,"METAL PROCESSING, FINISHING AND PRODUCTS PLANT OPERATORS",0.434,0.5655,238,19
LKY School of Public Policy,MOBILE MACHINERY OPERATORS,0.4257,0.5833,238,39
LKY School of Public Policy,"MODELS, SALES DEMONSTRATORS AND RELATED SALES WORKERS",0.4512,0.647,238,370
LKY School of Public Policy,NUMERICAL CLERKS,0.4503,0.6448,238,346
LKY School of Public Policy,NURSING ASSOCIATE PROFESSIONALS,0.4535,0.5945,238,36
LKY School of Public Policy,NURSING PROFESSIONALS,0.447,0.6431,238,227
LKY School of Public Policy,OTHER CLERICAL SUPPORT WORKERS,0.459,0.6435,238,16
LKY School of Public Policy,OTHER CRAFT AND RELATED WORKERS,0.4393,0.569,238,18
LKY School of Public Policy,OTHER HEALTH ASSOCIATE PROFESSIONALS,0.4436,0.6217,238,69
LKY School of Public Policy,OTHER HEALTH PROFESSIONALS,0.4582,0.6224,238,127
LKY School of Public Policy,OTHER SERVICES MANAGERS,0.4774,0.6711,238,216
LKY School of Public Policy,OTHER STATIONARY PLANT AND MACHINE OPERATORS,0.4377,0.6068,238,12
LKY School of Public Policy,OTHER TEACHING PROFESSIONALS,0.4827,0.6674,238,35
LKY School of Public Policy,"PAINTERS, BUILDING STRUCTURE CLEANERS AND RELATED WORKERS",0.4296,0.561,238,7
LKY School of Public Policy,PERSONAL SERVICES WORKERS NOT ELSEWHERE CLASSIFIED,0.4384,0.5917,238,24
LKY School of Public Policy,PHYSICAL AND EARTH SCIENCE PROFESSIONALS,0.4549,0.5812,238,7
LKY School of Public Policy,PHYSICAL AND ENGINEERING SCIENCE TECHNICIANS I,0.4515,0.6328,238,364
LKY School of Public Policy,PHYSICAL AND ENGINEERING SCIENCE TECHNICIANS II (Cont’d),0.4435,0.5885,238,32
LKY School of Public Policy,"PORTERS, ATTENDANTS AND RELATED WORKERS",0.4416,0.6184,238,70
LKY School of Public Policy,PREMISES AND PARKS OFFICERS,0.4513,0.6333,238,71
LKY School of Public Policy,PRESCHOOL EDUCATION TEACHERS,0.4835,0.6424,238,267
LKY School of Public Policy,PRIMARY EDUCATION TEACHERS,0.4824,0.647,238,20
LKY School of Public Policy,PRINTING TRADES WORKERS,0.4,0.5102,238,1
LKY School of Public Policy,PROCESS CONTROL TECHNICIANS,0.4442,0.5612,238,3
LKY School of Public Policy,"PROFESSIONAL, FINANCIAL, COMMUNITY AND SOCIAL SERVICES MANAGERS",0.4741,0.702,238,61
LKY School of Public Policy,PROTECTIVE SERVICES WORKERS,0.4386,0.5889,238,68
LKY School of Public Policy,RETAIL AND WHOLESALE TRADE MANAGERS,0.4606,0.6119,238,27
LKY School of Public Policy,"RUBBER, PLASTIC AND PAPER PRODUCTS MACHINE OPERATORS",0.4428,0.5308,238,1
LKY School of Public Policy,SALES AND RELATED ASSOCIATE PROFESSIONALS,0.4636,0.6813,238,1121
LKY School of Public Policy,"SALES, MARKETING, DEVELOPMENT AND CUSTOMER SERVICE MANAGERS",0.4736,0.6763,238,1204
LKY School of Public Policy,SECONDARY EDUCATION TEACHERS,0.482,0.6163,238,24
LKY School of Public Policy,SECRETARIES AND VERBATIM REPORTERS,0.4613,0.6438,238,40
LKY School of Public Policy,"SHEET AND STRUCTURAL METAL WORKERS, MOULDERS AND WELDERS AND RELATED TRADES WORKERS",0.4356,0.5844,238,13
LKY School of Public Policy,SHIP AND AIRCRAFT CONTROLLERS AND TECHNICIANS,0.4492,0.5922,238,28
LKY School of Public Policy,SHIP AND AIRCRAFT RELATED PROFESSIONALS,0.4482,0.5986,238,22
LKY School of Public Policy,SHIPS’ DECK CREW AND RELATED WORKERS,0.4424,0.5788,238,5
LKY School of Public Policy,SHOP SALESPERSONS,0.4461,0.6429,238,232
LKY School of Public Policy,SOCIAL SCIENCE RESEARCHERS AND PROFESSIONALS; RELIGIOUS PROFESSIONALS,0.4705,0.667,238,68
LKY School of Public Policy,SOFTWARE AND APPLICATIONS DEVELOPERS AND ANALYSTS,0.4673,0.6489,238,220
LKY School of Public Policy,SPORTS AND FITNESS WORKERS,0.4654,0.6458,238,65
LKY School of Public Policy,STATIONARY PLANT AND MACHINE SUPERVISORS AND GENERAL FOREMEN,0.4483,0.5454,238,1
LKY School of Public Policy,SUPERVISORS AND GENERAL FOREMEN (BUILDING AND RELATED TRADES),0.4346,0.6103,238,42
LKY School of Public Policy,SUPERVISORS AND GENERAL FOREMEN (ELECTRICAL AND ELECTRONIC TRADES),0.4355,0.5788,238,4
LKY School of Public Policy,"SUPERVISORS AND GENERAL FOREMEN (FOOD PROCESSING, WOODWORKING, GARMENT, LEATHER AND RELATED TRADES)",0.4437,0.6273,238,141
LKY School of Public Policy,SUPERVISORS AND GENERAL FOREMEN OF ASSEMBLERS AND QUALITY CHECKERS,0.44,0.5502,238,1
LKY School of Public Policy,TEACHING ASSOCIATE PROFESSIONALS NOT ELSEWHERE CLASSIFIED,0.4873,0.6459,238,58
LKY School of Public Policy,TELECOMMUNICATIONS AND BROADCASTING TECHNICIANS AND AUDIO-VISUAL OPERATORS,0.4371,0.5828,238,68
LKY School of Public Policy,"TELLERS, MONEY COLLECTORS AND RELATED CLERKS",0.4568,0.6047,238,14
LKY School of Public Policy,"TEXTILE, FUR AND LEATHER PRODUCTS MACHINE OPERATORS",0.4362,0.561,238,10
LKY School of Public Policy,TRADITIONAL AND COMPLEMENTARY MEDICINE PROFESSIONALS,0.4404,0.5493,238,4
LKY School of Public Policy,TRANSPORT AND STORAGE LABOURERS,0.426,0.6121,238,180
LKY School of Public Policy,TRANSPORT OPERATIONS PLANNERS AND EXECUTIVES,0.4583,0.6193,238,6
LKY School of Public Policy,"TRAVEL ATTENDANTS, CONDUCTORS AND GUIDES",0.4759,0.6299,238,5
LKY School of Public Policy,"UNIVERSITY, POLYTECHNIC AND HIGHER EDUCATION TEACHERS",0.5007,0.6726,238,32
LKY School of Public Policy,"VEHICLE, WINDOW, LAUNDRY AND OTHER HAND CLEANING WORKERS",0.4288,0.5803,238,11
LKY School of Public Policy,VETERINARIANS,0.4379,0.5578,238,8
LKY School of Public Policy,VETERINARY TECHNICIANS AND ASSISTANTS,0.4386,0.5733,238,13
LKY School of Public Policy,VOCATIONAL EDUCATION TEACHERS AND TRAINERS,0.4676,0.5936,238,2
LKY School of Public Policy,WAITERS AND BARTENDERS,0.4384,0.6324,238,338
LKY School of Public Policy,"WASTE COLLECTION, RECYCLING AND MATERIAL RECOVERY WORKERS",0.4454,0.5873,238,2
LKY School of Public Policy,"WOOD TREATERS, CABINET MAKERS AND RELATED TRADES WORKERS",0.4465,0.5344,238,1
Law,ADMINISTRATION PROFESSIONALS,0.4612,0.7184,2523,703
Law,ADMINISTRATIVE ASSOCIATE PROFESSIONALS,0.4505,0.7386,2523,713
Law,"AGRICULTURAL, FISHERY AND RELATED LABOURERS",0.4394,0.6218,2523,11
Law,"ARCHITECTS, PLANNERS, SURVEYORS AND DESIGNERS",0.4516,0.6923,2523,80
Law,ARTISTIC AND CULTURAL ASSOCIATE PROFESSIONALS,0.4381,0.6442,2523,173
Law,"ASSEMBLERS, QUALITY CHECKERS AND TESTERS",0.434,0.6003,2523,7
Law,ASSISTANT ENGINEERS,0.4527,0.63,2523,46
Law,"AUTHORS, JOURNALISTS AND EDITORS",0.4639,0.6704,2523,19
Law,"BLACKSMITHS, TOOLMAKERS AND RELATED TRADES WORKERS",0.4421,0.5426,2523,1
Law,"BOOKMAKERS, CROUPIERS AND RELATED GAMING WORKERS",0.4437,0.5859,2523,3
Law,BUILDING FINISHERS AND RELATED TRADES WORKERS,0.4024,0.6201,2523,24
Law,BUILDING FRAME AND RELATED TRADES WORKERS,0.4092,0.6054,2523,29
Law,"BUILDING, QUALITY AND SAFETY INSPECTORS",0.4541,0.6543,2523,25
Law,BUSINESS SERVICES AGENTS,0.4541,0.6796,2523,108
Law,BUSINESS SERVICES AND ADMINISTRATION MANAGERS,0.4456,0.6815,2523,148
Law,CAR AND LIGHT GOODS VEHICLE DRIVERS,0.4586,0.6678,2523,93
Law,CASHIERS AND TICKET CLERKS,0.4282,0.6427,2523,40
Law,CHILD CARE WORKERS AND TEACHER AIDES,0.4621,0.6694,2523,111
Law,"CLEANERS AND HELPERS IN HOTELS, OFFICES AND OTHER ESTABLISHMENTS",0.432,0.6176,2523,119
Law,CLEANING SUPERVISORS,0.4267,0.5929,2523,13
Law,CLERICAL SUPERVISORS,0.4376,0.6022,2523,9
Law,CLIENT INFORMATION CLERKS,0.4563,0.6971,2523,552
Law,CONSTRUCTION LABOURERS AND RELATED WORKERS,0.4718,0.5808,2523,1
Law,COOKS,0.4378,0.615,2523,81
Law,CREATIVE AND PERFORMING ARTISTS,0.4293,0.6018,2523,25
Law,"DATABASE, NETWORK, INFRASTRUCTURE AND CYBERSECURITY PROFESSIONALS",0.4525,0.6232,2523,105
Law,DOMESTIC HELPERS AND CLEANERS,0.438,0.5808,2523,2
Law,ELECTRICAL EQUIPMENT RELATED TRADES WORKERS,0.4439,0.6103,2523,18
Law,ENGINEERING PROFESSIONALS I,0.4605,0.6503,2523,861
Law,ENGINEERING PROFESSIONALS II (Cont’d),0.4563,0.6272,2523,248
Law,EXTRACURRICULUM INSTRUCTORS,0.4705,0.6439,2523,91
Law,FINANCE PROFESSIONALS,0.4765,0.7318,2523,269
Law,FINANCIAL AND MATHEMATICAL ASSOCIATE PROFESSIONALS,0.4594,0.6921,2523,130
Law,FOOD AND RELATED PRODUCTS MACHINE OPERATORS,0.4199,0.5416,2523,3
Law,FOOD PREPARATION AND KITCHEN ASSISTANTS,0.4315,0.6259,2523,87
Law,FOOD PROCESSING AND RELATED TRADES WORKERS,0.4425,0.6175,2523,28
Law,"GARMENT, LEATHER AND RELATED TRADES WORKERS",0.4415,0.6163,2523,4
Law,GENERAL OFFICE CLERKS,0.4573,0.6926,2523,532
Law,GOVERNMENT ASSOCIATE PROFESSIONALS,0.4609,0.6397,2523,6
Law,"HAIRDRESSERS, BEAUTICIANS AND RELATED WORKERS",0.4384,0.6065,2523,86
Law,HANDICRAFT AND PRECISION WORKERS,0.4412,0.6356,2523,10
Law,HEALTHCARE ASSISTANTS AND RELATED PERSONAL CARE WORKERS,0.4468,0.6463,2523,125
Law,HEAVY TRUCK AND BUS DRIVERS,0.4544,0.6747,2523,146
Law,HOTEL AND FOOD AND BEVERAGES SERVICES MANAGERS,0.4257,0.6361,2523,53
Law,HOUSEKEEPERS AND RELATED WORKERS,0.4256,0.6037,2523,31
Law,INFORMATION AND COMMUNICATIONS TECHNOLOGY OPERATORS AND TECHNICIANS,0.4438,0.6258,2523,90
Law,INFORMATION AND COMMUNICATIONS TECHNOLOGY SERVICE MANAGERS,0.4546,0.6362,2523,47
Law,JUNIOR COLLEGE AND PRE-UNIVERSITY EDUCATION TEACHERS,0.4631,0.607,2523,2
Law,KEYBOARD OPERATORS,0.4392,0.6238,2523,15
Law,LEGAL AND SOCIAL ASSOCIATE PROFESSIONALS,0.471,0.704,2523,37
Law,LEGAL PROFESSIONALS,0.554,0.779,2523,35
Law,LEGISLATORS AND SENIOR OFFICIALS,0.4556,0.642,2523,42
Law,"LIBRARIANS, ARCHIVISTS AND CURATORS",0.4668,0.6296,2523,5
Law,LIFE SCIENCE PROFESSIONALS,0.4704,0.6861,2523,36
Law,LIFE SCIENCE TECHNICIANS AND RELATED ASSOCIATE PROFESSIONALS,0.4462,0.6471,2523,15
Law,"MACHINERY MECHANICS, FITTERS AND REPAIRERS",0.4428,0.6196,2523,20
Law,"MANAGING DIRECTORS, CHIEF EXECUTIVES AND GENERAL MANAGERS",0.4486,0.6665,2523,45
Law,MANUFACTURING LABOURERS AND RELATED WORKERS,0.427,0.6497,2523,20
Law,"MANUFACTURING, CONSTRUCTION, TRANSPORT, DISTRIBUTION AND RELATED PRODUCTION AND OPERATIONS MANAGERS",0.4449,0.6871,2523,66
Law,MARKET GARDENERS AND CROP GROWERS,0.4452,0.6108,2523,12
Law,MARKETING AND PUBLIC RELATIONS PROFESSIONALS,0.4613,0.6957,2523,399
Law,MATERIAL-RECORDING AND TRANSPORT CLERKS,0.4505,0.6937,2523,122
Law,"MATHEMATICIANS, ACTUARIES, STATISTICIANS AND RELATED PROFESSIONALS",0.4627,0.6806,2523,67
Law,MEDICAL AND PHARMACEUTICAL TECHNICIANS,0.4409,0.6232,2523,55
Law,MEDICAL DOCTORS,0.4586,0.6572,2523,28
Law,"METAL PROCESSING, FINISHING AND PRODUCTS PLANT OPERATORS",0.4399,0.6204,2523,19
Law,MOBILE MACHINERY OPERATORS,0.435,0.6208,2523,39
Law,"MODELS, SALES DEMONSTRATORS AND RELATED SALES WORKERS",0.4498,0.6985,2523,370
Law,NUMERICAL CLERKS,0.4578,0.6793,2523,346
Law,NURSING ASSOCIATE PROFESSIONALS,0.445,0.6406,2523,36
Law,NURSING PROFESSIONALS,0.4515,0.673,2523,227
Law,OTHER CLERICAL SUPPORT WORKERS,0.4968,0.7082,2523,16
Law,OTHER CRAFT AND RELATED WORKERS,0.4403,0.6073,2523,18
Law,OTHER HEALTH ASSOCIATE PROFESSIONALS,0.4398,0.6554,2523,69
Law,OTHER HEALTH PROFESSIONALS,0.4548,0.6617,2523,127
Law,OTHER SERVICES MANAGERS,0.465,0.6468,2523,216
Law,OTHER STATIONARY PLANT AND MACHINE OPERATORS,0.4339,0.6297,2523,12
Law,OTHER TEACHING PROFESSIONALS,0.4624,0.659,2523,35
Law,"PAINTERS, BUILDING STRUCTURE CLEANERS AND RELATED WORKERS",0.4174,0.5667,2523,7
Law,PERSONAL SERVICES WORKERS NOT ELSEWHERE CLASSIFIED,0.4438,0.6281,2523,24
Law,PHYSICAL AND EARTH SCIENCE PROFESSIONALS,0.4562,0.6105,2523,7
Law,PHYSICAL AND ENGINEERING SCIENCE TECHNICIANS I,0.4536,0.6336,2523,364
Law,PHYSICAL AND ENGINEERING SCIENCE TECHNICIANS II (Cont’d),0.4481,0.6539,2523,32
Law,"PORTERS, ATTENDANTS AND RELATED WORKERS",0.4423,0.6624,2523,70
Law,PREMISES AND PARKS OFFICERS,0.4487,0.6336,2523,71
Law,PRESCHOOL EDUCATION TEACHERS,0.4663,0.6419,2523,267
Law,PRIMARY EDUCATION TEACHERS,0.4662,0.6532,2523,20
Law,PRINTING TRADES WORKERS,0.4127,0.5189,2523,1
Law,PROCESS CONTROL TECHNICIANS,0.4467,0.5953,2523,3
Law,"PROFESSIONAL, FINANCIAL, COMMUNITY AND SOCIAL SERVICES MANAGERS",0.4642,0.7623,2523,61
Law,PROTECTIVE SERVICES WORKERS,0.4469,0.6236,2523,68
Law,RETAIL AND WHOLESALE TRADE MANAGERS,0.4539,0.6357,2523,27
Law,"RUBBER, PLASTIC AND PAPER PRODUCTS MACHINE OPERATORS",0.4565,0.5682,2523,1
Law,SALES AND RELATED ASSOCIATE PROFESSIONALS,0.4564,0.7042,2523,1121
Law,"SALES, MARKETING, DEVELOPMENT AND CUSTOMER SERVICE MANAGERS",0.4633,0.7089,2523,1204
Law,SECONDARY EDUCATION TEACHERS,0.4653,0.6305,2523,24
Law,SECRETARIES AND VERBATIM REPORTERS,0.458,0.6634,2523,40
Law,"SHEET AND STRUCTURAL METAL WORKERS, MOULDERS AND WELDERS AND RELATED TRADES WORKERS",0.4325,0.6467,2523,13
Law,SHIP AND AIRCRAFT CONTROLLERS AND TECHNICIANS,0.4573,0.7017,2523,28
Law,SHIP AND AIRCRAFT RELATED PROFESSIONALS,0.4475,0.6576,2523,22
Law,SHIPS’ DECK CREW AND RELATED WORKERS,0.4412,0.6333,2523,5
Law,SHOP SALESPERSONS,0.4506,0.678,2523,232
Law,SOCIAL SCIENCE RESEARCHERS AND PROFESSIONALS; RELIGIOUS PROFESSIONALS,0.4592,0.68,2523,68
Law,SOFTWARE AND APPLICATIONS DEVELOPERS AND ANALYSTS,0.458,0.6578,2523,220
Law,SPORTS AND FITNESS WORKERS,0.4554,0.6701,2523,65
Law,STATIONARY PLANT AND MACHINE SUPERVISORS AND GENERAL FOREMEN,0.4445,0.5739,2523,1
Law,SUPERVISORS AND GENERAL FOREMEN (BUILDING AND RELATED TRADES),0.4293,0.6269,2523,42
Law,SUPERVISORS AND GENERAL FOREMEN (ELECTRICAL AND ELECTRONIC TRADES),0.4456,0.6003,2523,4
Law,"SUPERVISORS AND GENERAL FOREMEN (FOOD PROCESSING, WOODWORKING, GARMENT, LEATHER AND RELATED TRADES)",0.4386,0.6297,2523,141
Law,SUPERVISORS AND GENERAL FOREMEN OF ASSEMBLERS AND QUALITY CHECKERS,0.4358,0.5774,2523,1
Law,TEACHING ASSOCIATE PROFESSIONALS NOT ELSEWHERE CLASSIFIED,0.4704,0.7077,2523,58
Law,TELECOMMUNICATIONS AND BROADCASTING TECHNICIANS AND AUDIO-VISUAL OPERATORS,0.4375,0.632,2523,68
Law,"TELLERS, MONEY COLLECTORS AND RELATED CLERKS",0.4726,0.6367,2523,14
Law,"TEXTILE, FUR AND LEATHER PRODUCTS MACHINE OPERATORS",0.4488,0.5814,2523,10
Law,TRADITIONAL AND COMPLEMENTARY MEDICINE PROFESSIONALS,0.4419,0.6207,2523,4
Law,TRANSPORT AND STORAGE LABOURERS,0.4369,0.6543,2523,180
Law,TRANSPORT OPERATIONS PLANNERS AND EXECUTIVES,0.4548,0.6202,2523,6
Law,"TRAVEL ATTENDANTS, CONDUCTORS AND GUIDES",0.4593,0.6462,2523,5
Law,"UNIVERSITY, POLYTECHNIC AND HIGHER EDUCATION TEACHERS",0.482,0.651,2523,32
Law,"VEHICLE, WINDOW, LAUNDRY AND OTHER HAND CLEANING WORKERS",0.4253,0.604,2523,11
Law,VETERINARIANS,0.4441,0.6219,2523,8
Law,VETERINARY TECHNICIANS AND ASSISTANTS,0.4377,0.6462,2523,13
Law,VOCATIONAL EDUCATION TEACHERS AND TRAINERS,0.4454,0.6022,2523,2
Law,WAITERS AND BARTENDERS,0.4426,0.6267,2523,338
Law,"WASTE COLLECTION, RECYCLING AND MATERIAL RECOVERY WORKERS",0.4275,0.5982,2523,2
Law,"WOOD TREATERS, CABINET MAKERS AND RELATED TRADES WORKERS",0.4551,0.5716,2523,1
Logistics Inst-Asia Pac,ADMINISTRATION PROFESSIONALS,0.509,0.7284,4,703
Logistics Inst-Asia Pac,ADMINISTRATIVE ASSOCIATE PROFESSIONALS,0.526,0.6928,4,713
Logistics Inst-Asia Pac,"AGRICULTURAL, FISHERY AND RELATED LABOURERS",0.4554,0.5018,4,11
Logistics Inst-Asia Pac,"ARCHITECTS, PLANNERS, SURVEYORS AND DESIGNERS",0.4792,0.5746,4,80
Logistics Inst-Asia Pac,ARTISTIC AND CULTURAL ASSOCIATE PROFESSIONALS,0.4706,0.564,4,173
Logistics Inst-Asia Pac,"ASSEMBLERS, QUALITY CHECKERS AND TESTERS",0.4997,0.5526,4,7
Logistics Inst-Asia Pac,ASSISTANT ENGINEERS,0.5034,0.5806,4,46
Logistics Inst-Asia Pac,"AUTHORS, JOURNALISTS AND EDITORS",0.4729,0.5514,4,19
Logistics Inst-Asia Pac,"BLACKSMITHS, TOOLMAKERS AND RELATED TRADES WORKERS",0.4973,0.5264,4,1
Logistics Inst-Asia Pac,"BOOKMAKERS, CROUPIERS AND RELATED GAMING WORKERS",0.4934,0.5209,4,3
Logistics Inst-Asia Pac,BUILDING FINISHERS AND RELATED TRADES WORKERS,0.4541,0.5724,4,24
Logistics Inst-Asia Pac,BUILDING FRAME AND RELATED TRADES WORKERS,0.4644,0.5448,4,29
Logistics Inst-Asia Pac,"BUILDING, QUALITY AND SAFETY INSPECTORS",0.494,0.5545,4,25
Logistics Inst-Asia Pac,BUSINESS SERVICES AGENTS,0.5077,0.5855,4,108
Logistics Inst-Asia Pac,BUSINESS SERVICES AND ADMINISTRATION MANAGERS,0.5119,0.6325,4,148
Logistics Inst-Asia Pac,CAR AND LIGHT GOODS VEHICLE DRIVERS,0.491,0.6252,4,93
Logistics Inst-Asia Pac,CASHIERS AND TICKET CLERKS,0.4824,0.5712,4,40
Logistics Inst-Asia Pac,CHILD CARE WORKERS AND TEACHER AIDES,0.4914,0.6037,4,111
Logistics Inst-Asia Pac,"CLEANERS AND HELPERS IN HOTELS, OFFICES AND OTHER ESTABLISHMENTS",0.4519,0.5263,4,119
Logistics Inst-Asia Pac,CLEANING SUPERVISORS,0.4763,0.5541,4,13
Logistics Inst-Asia Pac,CLERICAL SUPERVISORS,0.51,0.6027,4,9
Logistics Inst-Asia Pac,CLIENT INFORMATION CLERKS,0.4992,0.6442,4,552
Logistics Inst-Asia Pac,CONSTRUCTION LABOURERS AND RELATED WORKERS,0.5011,0.5238,4,1
Logistics Inst-Asia Pac,COOKS,0.4746,0.5506,4,81
Logistics Inst-Asia Pac,CREATIVE AND PERFORMING ARTISTS,0.4606,0.5465,4,25
Logistics Inst-Asia Pac,"DATABASE, NETWORK, INFRASTRUCTURE AND CYBERSECURITY PROFESSIONALS",0.5074,0.5807,4,105
Logistics Inst-Asia Pac,DOMESTIC HELPERS AND CLEANERS,0.4387,0.4881,4,2
Logistics Inst-Asia Pac,ELECTRICAL EQUIPMENT RELATED TRADES WORKERS,0.4645,0.5377,4,18
Logistics Inst-Asia Pac,ENGINEERING PROFESSIONALS I,0.5057,0.6362,4,861
Logistics Inst-Asia Pac,ENGINEERING PROFESSIONALS II (Cont’d),0.5002,0.6095,4,248
Logistics Inst-Asia Pac,EXTRACURRICULUM INSTRUCTORS,0.4844,0.5703,4,91
Logistics Inst-Asia Pac,FINANCE PROFESSIONALS,0.5038,0.6446,4,269
Logistics Inst-Asia Pac,FINANCIAL AND MATHEMATICAL ASSOCIATE PROFESSIONALS,0.4749,0.5853,4,130
Logistics Inst-Asia Pac,FOOD AND RELATED PRODUCTS MACHINE OPERATORS,0.4927,0.5129,4,3
Logistics Inst-Asia Pac,FOOD PREPARATION AND KITCHEN ASSISTANTS,0.4638,0.5534,4,87
Logistics Inst-Asia Pac,FOOD PROCESSING AND RELATED TRADES WORKERS,0.4542,0.535,4,28
Logistics Inst-Asia Pac,"GARMENT, LEATHER AND RELATED TRADES WORKERS",0.4833,0.5297,4,4
Logistics Inst-Asia Pac,GENERAL OFFICE CLERKS,0.4939,0.6437,4,532
Logistics Inst-Asia Pac,GOVERNMENT ASSOCIATE PROFESSIONALS,0.5026,0.5867,4,6
Logistics Inst-Asia Pac,"HAIRDRESSERS, BEAUTICIANS AND RELATED WORKERS",0.4693,0.5377,4,86
Logistics Inst-Asia Pac,HANDICRAFT AND PRECISION WORKERS,0.4922,0.5821,4,10
Logistics Inst-Asia Pac,HEALTHCARE ASSISTANTS AND RELATED PERSONAL CARE WORKERS,0.4562,0.5468,4,125
Logistics Inst-Asia Pac,HEAVY TRUCK AND BUS DRIVERS,0.493,0.6116,4,146
Logistics Inst-Asia Pac,HOTEL AND FOOD AND BEVERAGES SERVICES MANAGERS,0.5051,0.6376,4,53
Logistics Inst-Asia Pac,HOUSEKEEPERS AND RELATED WORKERS,0.4554,0.5559,4,31
Logistics Inst-Asia Pac,INFORMATION AND COMMUNICATIONS TECHNOLOGY OPERATORS AND TECHNICIANS,0.4973,0.5998,4,90
Logistics Inst-Asia Pac,INFORMATION AND COMMUNICATIONS TECHNOLOGY SERVICE MANAGERS,0.5225,0.5893,4,47
Logistics Inst-Asia Pac,JUNIOR COLLEGE AND PRE-UNIVERSITY EDUCATION TEACHERS,0.4825,0.507,4,2
Logistics Inst-Asia Pac,KEYBOARD OPERATORS,0.4607,0.6026,4,15
Logistics Inst-Asia Pac,LEGAL AND SOCIAL ASSOCIATE PROFESSIONALS,0.4787,0.5674,4,37
Logistics Inst-Asia Pac,LEGAL PROFESSIONALS,0.4886,0.6059,4,35
Logistics Inst-Asia Pac,LEGISLATORS AND SENIOR OFFICIALS,0.5025,0.6299,4,42
Logistics Inst-Asia Pac,"LIBRARIANS, ARCHIVISTS AND CURATORS",0.4815,0.5207,4,5
Logistics Inst-Asia Pac,LIFE SCIENCE PROFESSIONALS,0.5081,0.6283,4,36
Logistics Inst-Asia Pac,LIFE SCIENCE TECHNICIANS AND RELATED ASSOCIATE PROFESSIONALS,0.4951,0.6068,4,15
Logistics Inst-Asia Pac,"MACHINERY MECHANICS, FITTERS AND REPAIRERS",0.488,0.5483,4,20
Logistics Inst-Asia Pac,"MANAGING DIRECTORS, CHIEF EXECUTIVES AND GENERAL MANAGERS",0.5131,0.646,4,45
Logistics Inst-Asia Pac,MANUFACTURING LABOURERS AND RELATED WORKERS,0.5267,0.6174,4,20
Logistics Inst-Asia Pac,"MANUFACTURING, CONSTRUCTION, TRANSPORT, DISTRIBUTION AND RELATED PRODUCTION AND OPERATIONS MANAGERS",0.5384,0.67,4,66
Logistics Inst-Asia Pac,MARKET GARDENERS AND CROP GROWERS,0.4721,0.5143,4,12
Logistics Inst-Asia Pac,MARKETING AND PUBLIC RELATIONS PROFESSIONALS,0.5161,0.6345,4,399
Logistics Inst-Asia Pac,MATERIAL-RECORDING AND TRANSPORT CLERKS,0.5586,0.7012,4,122
Logistics Inst-Asia Pac,"MATHEMATICIANS, ACTUARIES, STATISTICIANS AND RELATED PROFESSIONALS",0.5192,0.6512,4,67
Logistics Inst-Asia Pac,MEDICAL AND PHARMACEUTICAL TECHNICIANS,0.5188,0.5824,4,55
Logistics Inst-Asia Pac,MEDICAL DOCTORS,0.4731,0.5496,4,28
Logistics Inst-Asia Pac,"METAL PROCESSING, FINISHING AND PRODUCTS PLANT OPERATORS",0.4983,0.5326,4,19
Logistics Inst-Asia Pac,MOBILE MACHINERY OPERATORS,0.4944,0.5943,4,39
Logistics Inst-Asia Pac,"MODELS, SALES DEMONSTRATORS AND RELATED SALES WORKERS",0.5117,0.6099,4,370
Logistics Inst-Asia Pac,NUMERICAL CLERKS,0.4901,0.6534,4,346
Logistics Inst-Asia Pac,NURSING ASSOCIATE PROFESSIONALS,0.4603,0.5436,4,36
Logistics Inst-Asia Pac,NURSING PROFESSIONALS,0.4622,0.5598,4,227
Logistics Inst-Asia Pac,OTHER CLERICAL SUPPORT WORKERS,0.4611,0.5545,4,16
Logistics Inst-Asia Pac,OTHER CRAFT AND RELATED WORKERS,0.4741,0.5374,4,18
Logistics Inst-Asia Pac,OTHER HEALTH ASSOCIATE PROFESSIONALS,0.4803,0.5774,4,69
Logistics Inst-Asia Pac,OTHER HEALTH PROFESSIONALS,0.4778,0.5935,4,127
Logistics Inst-Asia Pac,OTHER SERVICES MANAGERS,0.5261,0.612,4,216
Logistics Inst-Asia Pac,OTHER STATIONARY PLANT AND MACHINE OPERATORS,0.5137,0.6274,4,12
Logistics Inst-Asia Pac,OTHER TEACHING PROFESSIONALS,0.5138,0.6063,4,35
Logistics Inst-Asia Pac,"PAINTERS, BUILDING STRUCTURE CLEANERS AND RELATED WORKERS",0.4598,0.5141,4,7
Logistics Inst-Asia Pac,PERSONAL SERVICES WORKERS NOT ELSEWHERE CLASSIFIED,0.4766,0.5585,4,24
Logistics Inst-Asia Pac,PHYSICAL AND EARTH SCIENCE PROFESSIONALS,0.5136,0.5654,4,7
Logistics Inst-Asia Pac,PHYSICAL AND ENGINEERING SCIENCE TECHNICIANS I,0.5062,0.6346,4,364
Logistics Inst-Asia Pac,PHYSICAL AND ENGINEERING SCIENCE TECHNICIANS II (Cont’d),0.4976,0.5991,4,32
Logistics Inst-Asia Pac,"PORTERS, ATTENDANTS AND RELATED WORKERS",0.4667,0.5628,4,70
Logistics Inst-Asia Pac,PREMISES AND PARKS OFFICERS,0.493,0.5868,4,71
Logistics Inst-Asia Pac,PRESCHOOL EDUCATION TEACHERS,0.4879,0.5805,4,267
Logistics Inst-Asia Pac,PRIMARY EDUCATION TEACHERS,0.4998,0.5979,4,20
Logistics Inst-Asia Pac,PRINTING TRADES WORKERS,0.4872,0.4937,4,1
Logistics Inst-Asia Pac,PROCESS CONTROL TECHNICIANS,0.5019,0.5503,4,3
Logistics Inst-Asia Pac,"PROFESSIONAL, FINANCIAL, COMMUNITY AND SOCIAL SERVICES MANAGERS",0.4964,0.5763,4,61
Logistics Inst-Asia Pac,PROTECTIVE SERVICES WORKERS,0.4373,0.5552,4,68
Logistics Inst-Asia Pac,RETAIL AND WHOLESALE TRADE MANAGERS,0.544,0.5993,4,27
Logistics Inst-Asia Pac,"RUBBER, PLASTIC AND PAPER PRODUCTS MACHINE OPERATORS",0.5086,0.5422,4,1
Logistics Inst-Asia Pac,SALES AND RELATED ASSOCIATE PROFESSIONALS,0.5165,0.6651,4,1121
Logistics Inst-Asia Pac,"SALES, MARKETING, DEVELOPMENT AND CUSTOMER SERVICE MANAGERS",0.5261,0.6525,4,1204
Logistics Inst-Asia Pac,SECONDARY EDUCATION TEACHERS,0.4992,0.595,4,24
Logistics Inst-Asia Pac,SECRETARIES AND VERBATIM REPORTERS,0.4723,0.6098,4,40
Logistics Inst-Asia Pac,"SHEET AND STRUCTURAL METAL WORKERS, MOULDERS AND WELDERS AND RELATED TRADES WORKERS",0.4795,0.5617,4,13
Logistics Inst-Asia Pac,SHIP AND AIRCRAFT CONTROLLERS AND TECHNICIANS,0.5461,0.6386,4,28
Logistics Inst-Asia Pac,SHIP AND AIRCRAFT RELATED PROFESSIONALS,0.5221,0.6129,4,22
Logistics Inst-Asia Pac,SHIPS’ DECK CREW AND RELATED WORKERS,0.4708,0.4997,4,5
Logistics Inst-Asia Pac,SHOP SALESPERSONS,0.5113,0.6294,4,232
Logistics Inst-Asia Pac,SOCIAL SCIENCE RESEARCHERS AND PROFESSIONALS; RELIGIOUS PROFESSIONALS,0.4733,0.5643,4,68
Logistics Inst-Asia Pac,SOFTWARE AND APPLICATIONS DEVELOPERS AND ANALYSTS,0.5144,0.63,4,220
Logistics Inst-Asia Pac,SPORTS AND FITNESS WORKERS,0.4804,0.5619,4,65
Logistics Inst-Asia Pac,STATIONARY PLANT AND MACHINE SUPERVISORS AND GENERAL FOREMEN,0.4951,0.5402,4,1
Logistics Inst-Asia Pac,SUPERVISORS AND GENERAL FOREMEN (BUILDING AND RELATED TRADES),0.464,0.5559,4,42
Logistics Inst-Asia Pac,SUPERVISORS AND GENERAL FOREMEN (ELECTRICAL AND ELECTRONIC TRADES),0.475,0.5311,4,4
Logistics Inst-Asia Pac,"SUPERVISORS AND GENERAL FOREMEN (FOOD PROCESSING, WOODWORKING, GARMENT, LEATHER AND RELATED TRADES)",0.4967,0.6876,4,141
Logistics Inst-Asia Pac,SUPERVISORS AND GENERAL FOREMEN OF ASSEMBLERS AND QUALITY CHECKERS,0.5279,0.5508,4,1
Logistics Inst-Asia Pac,TEACHING ASSOCIATE PROFESSIONALS NOT ELSEWHERE CLASSIFIED,0.5017,0.5874,4,58
Logistics Inst-Asia Pac,TELECOMMUNICATIONS AND BROADCASTING TECHNICIANS AND AUDIO-VISUAL OPERATORS,0.4974,0.6075,4,68
Logistics Inst-Asia Pac,"TELLERS, MONEY COLLECTORS AND RELATED CLERKS",0.495,0.5523,4,14
Logistics Inst-Asia Pac,"TEXTILE, FUR AND LEATHER PRODUCTS MACHINE OPERATORS",0.5118,0.5326,4,10
Logistics Inst-Asia Pac,TRADITIONAL AND COMPLEMENTARY MEDICINE PROFESSIONALS,0.4739,0.5247,4,4
Logistics Inst-Asia Pac,TRANSPORT AND STORAGE LABOURERS,0.5303,0.6397,4,180
Logistics Inst-Asia Pac,TRANSPORT OPERATIONS PLANNERS AND EXECUTIVES,0.4844,0.5273,4,6
Logistics Inst-Asia Pac,"TRAVEL ATTENDANTS, CONDUCTORS AND GUIDES",0.5134,0.5793,4,5
Logistics Inst-Asia Pac,"UNIVERSITY, POLYTECHNIC AND HIGHER EDUCATION TEACHERS",0.5164,0.5822,4,32
Logistics Inst-Asia Pac,"VEHICLE, WINDOW, LAUNDRY AND OTHER HAND CLEANING WORKERS",0.4814,0.5849,4,11
Logistics Inst-Asia Pac,VETERINARIANS,0.4511,0.5387,4,8
Logistics Inst-Asia Pac,VETERINARY TECHNICIANS AND ASSISTANTS,0.4526,0.5134,4,13
Logistics Inst-Asia Pac,VOCATIONAL EDUCATION TEACHERS AND TRAINERS,0.5036,0.5463,4,2
Logistics Inst-Asia Pac,WAITERS AND BARTENDERS,0.4814,0.5969,4,338
Logistics Inst-Asia Pac,"WASTE COLLECTION, RECYCLING AND MATERIAL RECOVERY WORKERS",0.4937,0.5339,4,2
Logistics Inst-Asia Pac,"WOOD TREATERS, CABINET MAKERS AND RELATED TRADES WORKERS",0.4862,0.5095,4,1
Mechanobiology Institute (MBI),ADMINISTRATION PROFESSIONALS,0.4669,0.618,3,703
Mechanobiology Institute (MBI),ADMINISTRATIVE ASSOCIATE PROFESSIONALS,0.4707,0.5988,3,713
Mechanobiology Institute (MBI),"AGRICULTURAL, FISHERY AND RELATED LABOURERS",0.465,0.5054,3,11
Mechanobiology Institute (MBI),"ARCHITECTS, PLANNERS, SURVEYORS AND DESIGNERS",0.4677,0.5431,3,80
Mechanobiology Institute (MBI),ARTISTIC AND CULTURAL ASSOCIATE PROFESSIONALS,0.4478,0.5449,3,173
Mechanobiology Institute (MBI),"ASSEMBLERS, QUALITY CHECKERS AND TESTERS",0.4709,0.5361,3,7
Mechanobiology Institute (MBI),ASSISTANT ENGINEERS,0.4825,0.5554,3,46
Mechanobiology Institute (MBI),"AUTHORS, JOURNALISTS AND EDITORS",0.4713,0.5562,3,19
Mechanobiology Institute (MBI),"BLACKSMITHS, TOOLMAKERS AND RELATED TRADES WORKERS",0.4838,0.5136,3,1
Mechanobiology Institute (MBI),"BOOKMAKERS, CROUPIERS AND RELATED GAMING WORKERS",0.4294,0.4754,3,3
Mechanobiology Institute (MBI),BUILDING FINISHERS AND RELATED TRADES WORKERS,0.424,0.4894,3,24
Mechanobiology Institute (MBI),BUILDING FRAME AND RELATED TRADES WORKERS,0.4588,0.5215,3,29
Mechanobiology Institute (MBI),"BUILDING, QUALITY AND SAFETY INSPECTORS",0.4491,0.5342,3,25
Mechanobiology Institute (MBI),BUSINESS SERVICES AGENTS,0.4681,0.5367,3,108
Mechanobiology Institute (MBI),BUSINESS SERVICES AND ADMINISTRATION MANAGERS,0.4578,0.5723,3,148
Mechanobiology Institute (MBI),CAR AND LIGHT GOODS VEHICLE DRIVERS,0.4485,0.5476,3,93
Mechanobiology Institute (MBI),CASHIERS AND TICKET CLERKS,0.4321,0.5066,3,40
Mechanobiology Institute (MBI),CHILD CARE WORKERS AND TEACHER AIDES,0.4706,0.5455,3,111
Mechanobiology Institute (MBI),"CLEANERS AND HELPERS IN HOTELS, OFFICES AND OTHER ESTABLISHMENTS",0.4497,0.5331,3,119
Mechanobiology Institute (MBI),CLEANING SUPERVISORS,0.447,0.5252,3,13
Mechanobiology Institute (MBI),CLERICAL SUPERVISORS,0.4463,0.532,3,9
Mechanobiology Institute (MBI),CLIENT INFORMATION CLERKS,0.4684,0.5782,3,552
Mechanobiology Institute (MBI),CONSTRUCTION LABOURERS AND RELATED WORKERS,0.4436,0.4701,3,1
Mechanobiology Institute (MBI),COOKS,0.4412,0.5157,3,81
Mechanobiology Institute (MBI),CREATIVE AND PERFORMING ARTISTS,0.4597,0.5408,3,25
Mechanobiology Institute (MBI),"DATABASE, NETWORK, INFRASTRUCTURE AND CYBERSECURITY PROFESSIONALS",0.4587,0.525,3,105
Mechanobiology Institute (MBI),DOMESTIC HELPERS AND CLEANERS,0.4406,0.4966,3,2
Mechanobiology Institute (MBI),ELECTRICAL EQUIPMENT RELATED TRADES WORKERS,0.4424,0.5249,3,18
Mechanobiology Institute (MBI),ENGINEERING PROFESSIONALS I,0.4787,0.6198,3,861
Mechanobiology Institute (MBI),ENGINEERING PROFESSIONALS II (Cont’d),0.4782,0.5925,3,248
Mechanobiology Institute (MBI),EXTRACURRICULUM INSTRUCTORS,0.4737,0.5582,3,91
Mechanobiology Institute (MBI),FINANCE PROFESSIONALS,0.4492,0.5485,3,269
Mechanobiology Institute (MBI),FINANCIAL AND MATHEMATICAL ASSOCIATE PROFESSIONALS,0.438,0.5472,3,130
Mechanobiology Institute (MBI),FOOD AND RELATED PRODUCTS MACHINE OPERATORS,0.4626,0.5428,3,3
Mechanobiology Institute (MBI),FOOD PREPARATION AND KITCHEN ASSISTANTS,0.4475,0.5434,3,87
Mechanobiology Institute (MBI),FOOD PROCESSING AND RELATED TRADES WORKERS,0.4443,0.5507,3,28
Mechanobiology Institute (MBI),"GARMENT, LEATHER AND RELATED TRADES WORKERS",0.4477,0.491,3,4
Mechanobiology Institute (MBI),GENERAL OFFICE CLERKS,0.4563,0.5874,3,532
Mechanobiology Institute (MBI),GOVERNMENT ASSOCIATE PROFESSIONALS,0.4423,0.4714,3,6
Mechanobiology Institute (MBI),"HAIRDRESSERS, BEAUTICIANS AND RELATED WORKERS",0.4536,0.5177,3,86
Mechanobiology Institute (MBI),HANDICRAFT AND PRECISION WORKERS,0.4517,0.5767,3,10
Mechanobiology Institute (MBI),HEALTHCARE ASSISTANTS AND RELATED PERSONAL CARE WORKERS,0.4698,0.5505,3,125
Mechanobiology Institute (MBI),HEAVY TRUCK AND BUS DRIVERS,0.4467,0.527,3,146
Mechanobiology Institute (MBI),HOTEL AND FOOD AND BEVERAGES SERVICES MANAGERS,0.4509,0.5369,3,53
Mechanobiology Institute (MBI),HOUSEKEEPERS AND RELATED WORKERS,0.4387,0.5065,3,31
Mechanobiology Institute (MBI),INFORMATION AND COMMUNICATIONS TECHNOLOGY OPERATORS AND TECHNICIANS,0.4698,0.5539,3,90
Mechanobiology Institute (MBI),INFORMATION AND COMMUNICATIONS TECHNOLOGY SERVICE MANAGERS,0.4627,0.5254,3,47
Mechanobiology Institute (MBI),JUNIOR COLLEGE AND PRE-UNIVERSITY EDUCATION TEACHERS,0.4896,0.5115,3,2
Mechanobiology Institute (MBI),KEYBOARD OPERATORS,0.4856,0.541,3,15
Mechanobiology Institute (MBI),LEGAL AND SOCIAL ASSOCIATE PROFESSIONALS,0.463,0.5144,3,37
Mechanobiology Institute (MBI),LEGAL PROFESSIONALS,0.4545,0.5139,3,35
Mechanobiology Institute (MBI),LEGISLATORS AND SENIOR OFFICIALS,0.4468,0.543,3,42
Mechanobiology Institute (MBI),"LIBRARIANS, ARCHIVISTS AND CURATORS",0.4735,0.5136,3,5
Mechanobiology Institute (MBI),LIFE SCIENCE PROFESSIONALS,0.5223,0.6063,3,36
Mechanobiology Institute (MBI),LIFE SCIENCE TECHNICIANS AND RELATED ASSOCIATE PROFESSIONALS,0.5171,0.6116,3,15
Mechanobiology Institute (MBI),"MACHINERY MECHANICS, FITTERS AND REPAIRERS",0.476,0.5474,3,20
Mechanobiology Institute (MBI),"MANAGING DIRECTORS, CHIEF EXECUTIVES AND GENERAL MANAGERS",0.4467,0.5052,3,45
Mechanobiology Institute (MBI),MANUFACTURING LABOURERS AND RELATED WORKERS,0.464,0.5871,3,20
Mechanobiology Institute (MBI),"MANUFACTURING, CONSTRUCTION, TRANSPORT, DISTRIBUTION AND RELATED PRODUCTION AND OPERATIONS MANAGERS",0.4575,0.5248,3,66
Mechanobiology Institute (MBI),MARKET GARDENERS AND CROP GROWERS,0.4814,0.535,3,12
Mechanobiology Institute (MBI),MARKETING AND PUBLIC RELATIONS PROFESSIONALS,0.4694,0.5722,3,399
Mechanobiology Institute (MBI),MATERIAL-RECORDING AND TRANSPORT CLERKS,0.4553,0.5459,3,122
Mechanobiology Institute (MBI),"MATHEMATICIANS, ACTUARIES, STATISTICIANS AND RELATED PROFESSIONALS",0.4813,0.5772,3,67
Mechanobiology Institute (MBI),MEDICAL AND PHARMACEUTICAL TECHNICIANS,0.4758,0.6108,3,55
Mechanobiology Institute (MBI),MEDICAL DOCTORS,0.4882,0.5667,3,28
Mechanobiology Institute (MBI),"METAL PROCESSING, FINISHING AND PRODUCTS PLANT OPERATORS",0.4741,0.5539,3,19
Mechanobiology Institute (MBI),MOBILE MACHINERY OPERATORS,0.4406,0.4943,3,39
Mechanobiology Institute (MBI),"MODELS, SALES DEMONSTRATORS AND RELATED SALES WORKERS",0.455,0.5535,3,370
Mechanobiology Institute (MBI),NUMERICAL CLERKS,0.4428,0.5565,3,346
Mechanobiology Institute (MBI),NURSING ASSOCIATE PROFESSIONALS,0.4902,0.5329,3,36
Mechanobiology Institute (MBI),NURSING PROFESSIONALS,0.4738,0.5718,3,227
Mechanobiology Institute (MBI),OTHER CLERICAL SUPPORT WORKERS,0.4564,0.5119,3,16
Mechanobiology Institute (MBI),OTHER CRAFT AND RELATED WORKERS,0.4453,0.4992,3,18
Mechanobiology Institute (MBI),OTHER HEALTH ASSOCIATE PROFESSIONALS,0.4669,0.5368,3,69
Mechanobiology Institute (MBI),OTHER HEALTH PROFESSIONALS,0.4793,0.5484,3,127
Mechanobiology Institute (MBI),OTHER SERVICES MANAGERS,0.4739,0.5322,3,216
Mechanobiology Institute (MBI),OTHER STATIONARY PLANT AND MACHINE OPERATORS,0.47,0.5745,3,12
Mechanobiology Institute (MBI),OTHER TEACHING PROFESSIONALS,0.4759,0.5661,3,35
Mechanobiology Institute (MBI),"PAINTERS, BUILDING STRUCTURE CLEANERS AND RELATED WORKERS",0.448,0.4881,3,7
Mechanobiology Institute (MBI),PERSONAL SERVICES WORKERS NOT ELSEWHERE CLASSIFIED,0.4582,0.5114,3,24
Mechanobiology Institute (MBI),PHYSICAL AND EARTH SCIENCE PROFESSIONALS,0.4789,0.5435,3,7
Mechanobiology Institute (MBI),PHYSICAL AND ENGINEERING SCIENCE TECHNICIANS I,0.4864,0.6527,3,364
Mechanobiology Institute (MBI),PHYSICAL AND ENGINEERING SCIENCE TECHNICIANS II (Cont’d),0.4677,0.577,3,32
Mechanobiology Institute (MBI),"PORTERS, ATTENDANTS AND RELATED WORKERS",0.4656,0.6014,3,70
Mechanobiology Institute (MBI),PREMISES AND PARKS OFFICERS,0.4633,0.5843,3,71
Mechanobiology Institute (MBI),PRESCHOOL EDUCATION TEACHERS,0.4665,0.5502,3,267
Mechanobiology Institute (MBI),PRIMARY EDUCATION TEACHERS,0.4738,0.5371,3,20
Mechanobiology Institute (MBI),PRINTING TRADES WORKERS,0.4186,0.4315,3,1
Mechanobiology Institute (MBI),PROCESS CONTROL TECHNICIANS,0.4709,0.5212,3,3
Mechanobiology Institute (MBI),"PROFESSIONAL, FINANCIAL, COMMUNITY AND SOCIAL SERVICES MANAGERS",0.4601,0.5532,3,61
Mechanobiology Institute (MBI),PROTECTIVE SERVICES WORKERS,0.4215,0.5008,3,68
Mechanobiology Institute (MBI),RETAIL AND WHOLESALE TRADE MANAGERS,0.4606,0.5166,3,27
Mechanobiology Institute (MBI),"RUBBER, PLASTIC AND PAPER PRODUCTS MACHINE OPERATORS",0.4873,0.5055,3,1
Mechanobiology Institute (MBI),SALES AND RELATED ASSOCIATE PROFESSIONALS,0.4643,0.576,3,1121
Mechanobiology Institute (MBI),"SALES, MARKETING, DEVELOPMENT AND CUSTOMER SERVICE MANAGERS",0.4709,0.7888,3,1204
Mechanobiology Institute (MBI),SECONDARY EDUCATION TEACHERS,0.4896,0.5858,3,24
Mechanobiology Institute (MBI),SECRETARIES AND VERBATIM REPORTERS,0.4595,0.5511,3,40
Mechanobiology Institute (MBI),"SHEET AND STRUCTURAL METAL WORKERS, MOULDERS AND WELDERS AND RELATED TRADES WORKERS",0.467,0.5629,3,13
Mechanobiology Institute (MBI),SHIP AND AIRCRAFT CONTROLLERS AND TECHNICIANS,0.449,0.5204,3,28
Mechanobiology Institute (MBI),SHIP AND AIRCRAFT RELATED PROFESSIONALS,0.4701,0.5855,3,22
Mechanobiology Institute (MBI),SHIPS’ DECK CREW AND RELATED WORKERS,0.4492,0.5215,3,5
Mechanobiology Institute (MBI),SHOP SALESPERSONS,0.4433,0.5382,3,232
Mechanobiology Institute (MBI),SOCIAL SCIENCE RESEARCHERS AND PROFESSIONALS; RELIGIOUS PROFESSIONALS,0.4612,0.5284,3,68
Mechanobiology Institute (MBI),SOFTWARE AND APPLICATIONS DEVELOPERS AND ANALYSTS,0.4858,0.5981,3,220
Mechanobiology Institute (MBI),SPORTS AND FITNESS WORKERS,0.4737,0.5541,3,65
Mechanobiology Institute (MBI),STATIONARY PLANT AND MACHINE SUPERVISORS AND GENERAL FOREMEN,0.4623,0.4776,3,1
Mechanobiology Institute (MBI),SUPERVISORS AND GENERAL FOREMEN (BUILDING AND RELATED TRADES),0.436,0.5363,3,42
Mechanobiology Institute (MBI),SUPERVISORS AND GENERAL FOREMEN (ELECTRICAL AND ELECTRONIC TRADES),0.4506,0.5056,3,4
Mechanobiology Institute (MBI),"SUPERVISORS AND GENERAL FOREMEN (FOOD PROCESSING, WOODWORKING, GARMENT, LEATHER AND RELATED TRADES)",0.4519,0.5558,3,141
Mechanobiology Institute (MBI),SUPERVISORS AND GENERAL FOREMEN OF ASSEMBLERS AND QUALITY CHECKERS,0.4784,0.5123,3,1
Mechanobiology Institute (MBI),TEACHING ASSOCIATE PROFESSIONALS NOT ELSEWHERE CLASSIFIED,0.4998,0.5795,3,58
Mechanobiology Institute (MBI),TELECOMMUNICATIONS AND BROADCASTING TECHNICIANS AND AUDIO-VISUAL OPERATORS,0.4647,0.55,3,68
Mechanobiology Institute (MBI),"TELLERS, MONEY COLLECTORS AND RELATED CLERKS",0.4537,0.5289,3,14
Mechanobiology Institute (MBI),"TEXTILE, FUR AND LEATHER PRODUCTS MACHINE OPERATORS",0.4743,0.5082,3,10
Mechanobiology Institute (MBI),TRADITIONAL AND COMPLEMENTARY MEDICINE PROFESSIONALS,0.4871,0.5018,3,4
Mechanobiology Institute (MBI),TRANSPORT AND STORAGE LABOURERS,0.4476,0.5343,3,180
Mechanobiology Institute (MBI),TRANSPORT OPERATIONS PLANNERS AND EXECUTIVES,0.4466,0.4949,3,6
Mechanobiology Institute (MBI),"TRAVEL ATTENDANTS, CONDUCTORS AND GUIDES",0.4753,0.5268,3,5
Mechanobiology Institute (MBI),"UNIVERSITY, POLYTECHNIC AND HIGHER EDUCATION TEACHERS",0.5206,0.6196,3,32
Mechanobiology Institute (MBI),"VEHICLE, WINDOW, LAUNDRY AND OTHER HAND CLEANING WORKERS",0.4485,0.5246,3,11
Mechanobiology Institute (MBI),VETERINARIANS,0.4944,0.5512,3,8
Mechanobiology Institute (MBI),VETERINARY TECHNICIANS AND ASSISTANTS,0.4895,0.5369,3,13
Mechanobiology Institute (MBI),VOCATIONAL EDUCATION TEACHERS AND TRAINERS,0.4899,0.5128,3,2
Mechanobiology Institute (MBI),WAITERS AND BARTENDERS,0.4569,0.558,3,338
Mechanobiology Institute (MBI),"WASTE COLLECTION, RECYCLING AND MATERIAL RECOVERY WORKERS",0.4422,0.4693,3,2
Mechanobiology Institute (MBI),"WOOD TREATERS, CABINET MAKERS AND RELATED TRADES WORKERS",0.4562,0.4778,3,1
Multi Disciplinary Programme,ADMINISTRATION PROFESSIONALS,0.4565,0.6241,11,703
Multi Disciplinary Programme,ADMINISTRATIVE ASSOCIATE PROFESSIONALS,0.467,0.6157,11,713
Multi Disciplinary Programme,"AGRICULTURAL, FISHERY AND RELATED LABOURERS",0.4265,0.5128,11,11
Multi Disciplinary Programme,"ARCHITECTS, PLANNERS, SURVEYORS AND DESIGNERS",0.4962,0.6252,11,80
Multi Disciplinary Programme,ARTISTIC AND CULTURAL ASSOCIATE PROFESSIONALS,0.4471,0.6023,11,173
Multi Disciplinary Programme,"ASSEMBLERS, QUALITY CHECKERS AND TESTERS",0.4638,0.5243,11,7
Multi Disciplinary Programme,ASSISTANT ENGINEERS,0.513,0.6032,11,46
Multi Disciplinary Programme,"AUTHORS, JOURNALISTS AND EDITORS",0.4665,0.6016,11,19
Multi Disciplinary Programme,"BLACKSMITHS, TOOLMAKERS AND RELATED TRADES WORKERS",0.4523,0.5136,11,1
Multi Disciplinary Programme,"BOOKMAKERS, CROUPIERS AND RELATED GAMING WORKERS",0.4368,0.5011,11,3
Multi Disciplinary Programme,BUILDING FINISHERS AND RELATED TRADES WORKERS,0.4278,0.5379,11,24
Multi Disciplinary Programme,BUILDING FRAME AND RELATED TRADES WORKERS,0.4494,0.5379,11,29
Multi Disciplinary Programme,"BUILDING, QUALITY AND SAFETY INSPECTORS",0.4669,0.5808,11,25
Multi Disciplinary Programme,BUSINESS SERVICES AGENTS,0.4419,0.5437,11,108
Multi Disciplinary Programme,BUSINESS SERVICES AND ADMINISTRATION MANAGERS,0.4409,0.619,11,148
Multi Disciplinary Programme,CAR AND LIGHT GOODS VEHICLE DRIVERS,0.441,0.5483,11,93
Multi Disciplinary Programme,CASHIERS AND TICKET CLERKS,0.4246,0.508,11,40
Multi Disciplinary Programme,CHILD CARE WORKERS AND TEACHER AIDES,0.4704,0.6081,11,111
Multi Disciplinary Programme,"CLEANERS AND HELPERS IN HOTELS, OFFICES AND OTHER ESTABLISHMENTS",0.4268,0.5441,11,119
Multi Disciplinary Programme,CLEANING SUPERVISORS,0.4384,0.5162,11,13
Multi Disciplinary Programme,CLERICAL SUPERVISORS,0.4449,0.5434,11,9
Multi Disciplinary Programme,CLIENT INFORMATION CLERKS,0.4414,0.6072,11,552
Multi Disciplinary Programme,CONSTRUCTION LABOURERS AND RELATED WORKERS,0.4942,0.5369,11,1
Multi Disciplinary Programme,COOKS,0.4317,0.5139,11,81
Multi Disciplinary Programme,CREATIVE AND PERFORMING ARTISTS,0.4434,0.6143,11,25
Multi Disciplinary Programme,"DATABASE, NETWORK, INFRASTRUCTURE AND CYBERSECURITY PROFESSIONALS",0.5134,0.6325,11,105
Multi Disciplinary Programme,DOMESTIC HELPERS AND CLEANERS,0.4284,0.4976,11,2
Multi Disciplinary Programme,ELECTRICAL EQUIPMENT RELATED TRADES WORKERS,0.4707,0.5731,11,18
Multi Disciplinary Programme,ENGINEERING PROFESSIONALS I,0.5107,0.668,11,861
Multi Disciplinary Programme,ENGINEERING PROFESSIONALS II (Cont’d),0.5245,0.6428,11,248
Multi Disciplinary Programme,EXTRACURRICULUM INSTRUCTORS,0.4774,0.6015,11,91
Multi Disciplinary Programme,FINANCE PROFESSIONALS,0.4372,0.5716,11,269
Multi Disciplinary Programme,FINANCIAL AND MATHEMATICAL ASSOCIATE PROFESSIONALS,0.4283,0.5469,11,130
Multi Disciplinary Programme,FOOD AND RELATED PRODUCTS MACHINE OPERATORS,0.4416,0.5263,11,3
Multi Disciplinary Programme,FOOD PREPARATION AND KITCHEN ASSISTANTS,0.4349,0.5653,11,87
Multi Disciplinary Programme,FOOD PROCESSING AND RELATED TRADES WORKERS,0.4304,0.5163,11,28
Multi Disciplinary Programme,"GARMENT, LEATHER AND RELATED TRADES WORKERS",0.4374,0.4981,11,4
Multi Disciplinary Programme,GENERAL OFFICE CLERKS,0.4471,0.602,11,532
Multi Disciplinary Programme,GOVERNMENT ASSOCIATE PROFESSIONALS,0.4304,0.5116,11,6
Multi Disciplinary Programme,"HAIRDRESSERS, BEAUTICIANS AND RELATED WORKERS",0.416,0.497,11,86
Multi Disciplinary Programme,HANDICRAFT AND PRECISION WORKERS,0.4339,0.5512,11,10
Multi Disciplinary Programme,HEALTHCARE ASSISTANTS AND RELATED PERSONAL CARE WORKERS,0.4323,0.5407,11,125
Multi Disciplinary Programme,HEAVY TRUCK AND BUS DRIVERS,0.4422,0.5403,11,146
Multi Disciplinary Programme,HOTEL AND FOOD AND BEVERAGES SERVICES MANAGERS,0.4196,0.5505,11,53
Multi Disciplinary Programme,HOUSEKEEPERS AND RELATED WORKERS,0.4065,0.4987,11,31
Multi Disciplinary Programme,INFORMATION AND COMMUNICATIONS TECHNOLOGY OPERATORS AND TECHNICIANS,0.4923,0.6293,11,90
Multi Disciplinary Programme,INFORMATION AND COMMUNICATIONS TECHNOLOGY SERVICE MANAGERS,0.4741,0.6014,11,47
Multi Disciplinary Programme,JUNIOR COLLEGE AND PRE-UNIVERSITY EDUCATION TEACHERS,0.4963,0.5283,11,2
Multi Disciplinary Programme,KEYBOARD OPERATORS,0.4357,0.509,11,15
Multi Disciplinary Programme,LEGAL AND SOCIAL ASSOCIATE PROFESSIONALS,0.4427,0.5599,11,37
Multi Disciplinary Programme,LEGAL PROFESSIONALS,0.4522,0.5388,11,35
Multi Disciplinary Programme,LEGISLATORS AND SENIOR OFFICIALS,0.4389,0.5633,11,42
Multi Disciplinary Programme,"LIBRARIANS, ARCHIVISTS AND CURATORS",0.4596,0.5296,11,5
Multi Disciplinary Programme,LIFE SCIENCE PROFESSIONALS,0.4657,0.5954,11,36
Multi Disciplinary Programme,LIFE SCIENCE TECHNICIANS AND RELATED ASSOCIATE PROFESSIONALS,0.4598,0.5449,11,15
Multi Disciplinary Programme,"MACHINERY MECHANICS, FITTERS AND REPAIRERS",0.4619,0.5773,11,20
Multi Disciplinary Programme,"MANAGING DIRECTORS, CHIEF EXECUTIVES AND GENERAL MANAGERS",0.4394,0.5815,11,45
Multi Disciplinary Programme,MANUFACTURING LABOURERS AND RELATED WORKERS,0.4372,0.5569,11,20
Multi Disciplinary Programme,"MANUFACTURING, CONSTRUCTION, TRANSPORT, DISTRIBUTION AND RELATED PRODUCTION AND OPERATIONS MANAGERS",0.4599,0.6178,11,66
Multi Disciplinary Programme,MARKET GARDENERS AND CROP GROWERS,0.4486,0.5309,11,12
Multi Disciplinary Programme,MARKETING AND PUBLIC RELATIONS PROFESSIONALS,0.4664,0.6028,11,399
Multi Disciplinary Programme,MATERIAL-RECORDING AND TRANSPORT CLERKS,0.4499,0.5658,11,122
Multi Disciplinary Programme,"MATHEMATICIANS, ACTUARIES, STATISTICIANS AND RELATED PROFESSIONALS",0.4789,0.6387,11,67
Multi Disciplinary Programme,MEDICAL AND PHARMACEUTICAL TECHNICIANS,0.4481,0.5705,11,55
Multi Disciplinary Programme,MEDICAL DOCTORS,0.4438,0.5371,11,28
Multi Disciplinary Programme,"METAL PROCESSING, FINISHING AND PRODUCTS PLANT OPERATORS",0.4739,0.5855,11,19
Multi Disciplinary Programme,MOBILE MACHINERY OPERATORS,0.4433,0.5309,11,39
Multi Disciplinary Programme,"MODELS, SALES DEMONSTRATORS AND RELATED SALES WORKERS",0.4309,0.5468,11,370
Multi Disciplinary Programme,NUMERICAL CLERKS,0.4337,0.5493,11,346
Multi Disciplinary Programme,NURSING ASSOCIATE PROFESSIONALS,0.4569,0.5447,11,36
Multi Disciplinary Programme,NURSING PROFESSIONALS,0.4407,0.5451,11,227
Multi Disciplinary Programme,OTHER CLERICAL SUPPORT WORKERS,0.4438,0.5479,11,16
Multi Disciplinary Programme,OTHER CRAFT AND RELATED WORKERS,0.4324,0.4972,11,18
Multi Disciplinary Programme,OTHER HEALTH ASSOCIATE PROFESSIONALS,0.4336,0.5602,11,69
Multi Disciplinary Programme,OTHER HEALTH PROFESSIONALS,0.4479,0.5454,11,127
Multi Disciplinary Programme,OTHER SERVICES MANAGERS,0.4478,0.5495,11,216
Multi Disciplinary Programme,OTHER STATIONARY PLANT AND MACHINE OPERATORS,0.4555,0.548,11,12
Multi Disciplinary Programme,OTHER TEACHING PROFESSIONALS,0.4782,0.5986,11,35
Multi Disciplinary Programme,"PAINTERS, BUILDING STRUCTURE CLEANERS AND RELATED WORKERS",0.4437,0.5265,11,7
Multi Disciplinary Programme,PERSONAL SERVICES WORKERS NOT ELSEWHERE CLASSIFIED,0.4391,0.5472,11,24
Multi Disciplinary Programme,PHYSICAL AND EARTH SCIENCE PROFESSIONALS,0.4563,0.5435,11,7
Multi Disciplinary Programme,PHYSICAL AND ENGINEERING SCIENCE TECHNICIANS I,0.4897,0.6524,11,364
Multi Disciplinary Programme,PHYSICAL AND ENGINEERING SCIENCE TECHNICIANS II (Cont’d),0.4723,0.5787,11,32
Multi Disciplinary Programme,"PORTERS, ATTENDANTS AND RELATED WORKERS",0.4278,0.5799,11,70
Multi Disciplinary Programme,PREMISES AND PARKS OFFICERS,0.4578,0.559,11,71
Multi Disciplinary Programme,PRESCHOOL EDUCATION TEACHERS,0.48,0.568,11,267
Multi Disciplinary Programme,PRIMARY EDUCATION TEACHERS,0.4795,0.5651,11,20
Multi Disciplinary Programme,PRINTING TRADES WORKERS,0.4074,0.4432,11,1
Multi Disciplinary Programme,PROCESS CONTROL TECHNICIANS,0.4547,0.5217,11,3
Multi Disciplinary Programme,"PROFESSIONAL, FINANCIAL, COMMUNITY AND SOCIAL SERVICES MANAGERS",0.4486,0.568,11,61
Multi Disciplinary Programme,PROTECTIVE SERVICES WORKERS,0.4385,0.5668,11,68
Multi Disciplinary Programme,RETAIL AND WHOLESALE TRADE MANAGERS,0.447,0.5329,11,27
Multi Disciplinary Programme,"RUBBER, PLASTIC AND PAPER PRODUCTS MACHINE OPERATORS",0.4676,0.5181,11,1
Multi Disciplinary Programme,SALES AND RELATED ASSOCIATE PROFESSIONALS,0.4433,0.6286,11,1121
Multi Disciplinary Programme,"SALES, MARKETING, DEVELOPMENT AND CUSTOMER SERVICE MANAGERS",0.4492,0.6546,11,1204
Multi Disciplinary Programme,SECONDARY EDUCATION TEACHERS,0.4879,0.6046,11,24
Multi Disciplinary Programme,SECRETARIES AND VERBATIM REPORTERS,0.4422,0.5515,11,40
Multi Disciplinary Programme,"SHEET AND STRUCTURAL METAL WORKERS, MOULDERS AND WELDERS AND RELATED TRADES WORKERS",0.4675,0.5362,11,13
Multi Disciplinary Programme,SHIP AND AIRCRAFT CONTROLLERS AND TECHNICIANS,0.4509,0.6196,11,28
Multi Disciplinary Programme,SHIP AND AIRCRAFT RELATED PROFESSIONALS,0.4865,0.5723,11,22
Multi Disciplinary Programme,SHIPS’ DECK CREW AND RELATED WORKERS,0.4522,0.5139,11,5
Multi Disciplinary Programme,SHOP SALESPERSONS,0.4325,0.5597,11,232
Multi Disciplinary Programme,SOCIAL SCIENCE RESEARCHERS AND PROFESSIONALS; RELIGIOUS PROFESSIONALS,0.4386,0.554,11,68
Multi Disciplinary Programme,SOFTWARE AND APPLICATIONS DEVELOPERS AND ANALYSTS,0.5199,0.6439,11,220
Multi Disciplinary Programme,SPORTS AND FITNESS WORKERS,0.4403,0.5451,11,65
Multi Disciplinary Programme,STATIONARY PLANT AND MACHINE SUPERVISORS AND GENERAL FOREMEN,0.465,0.5292,11,1
Multi Disciplinary Programme,SUPERVISORS AND GENERAL FOREMEN (BUILDING AND RELATED TRADES),0.4677,0.6073,11,42
Multi Disciplinary Programme,SUPERVISORS AND GENERAL FOREMEN (ELECTRICAL AND ELECTRONIC TRADES),0.4793,0.5317,11,4
Multi Disciplinary Programme,"SUPERVISORS AND GENERAL FOREMEN (FOOD PROCESSING, WOODWORKING, GARMENT, LEATHER AND RELATED TRADES)",0.4561,0.5821,11,141
Multi Disciplinary Programme,SUPERVISORS AND GENERAL FOREMEN OF ASSEMBLERS AND QUALITY CHECKERS,0.5007,0.5221,11,1
Multi Disciplinary Programme,TEACHING ASSOCIATE PROFESSIONALS NOT ELSEWHERE CLASSIFIED,0.4789,0.5877,11,58
Multi Disciplinary Programme,TELECOMMUNICATIONS AND BROADCASTING TECHNICIANS AND AUDIO-VISUAL OPERATORS,0.4574,0.5543,11,68
Multi Disciplinary Programme,"TELLERS, MONEY COLLECTORS AND RELATED CLERKS",0.4367,0.5269,11,14
Multi Disciplinary Programme,"TEXTILE, FUR AND LEATHER PRODUCTS MACHINE OPERATORS",0.4802,0.5347,11,10
Multi Disciplinary Programme,TRADITIONAL AND COMPLEMENTARY MEDICINE PROFESSIONALS,0.4272,0.4725,11,4
Multi Disciplinary Programme,TRANSPORT AND STORAGE LABOURERS,0.4373,0.5368,11,180
Multi Disciplinary Programme,TRANSPORT OPERATIONS PLANNERS AND EXECUTIVES,0.4786,0.5655,11,6
Multi Disciplinary Programme,"TRAVEL ATTENDANTS, CONDUCTORS AND GUIDES",0.4646,0.5408,11,5
Multi Disciplinary Programme,"UNIVERSITY, POLYTECHNIC AND HIGHER EDUCATION TEACHERS",0.5161,0.6471,11,32
Multi Disciplinary Programme,"VEHICLE, WINDOW, LAUNDRY AND OTHER HAND CLEANING WORKERS",0.4281,0.4902,11,11
Multi Disciplinary Programme,VETERINARIANS,0.4457,0.5562,11,8
Multi Disciplinary Programme,VETERINARY TECHNICIANS AND ASSISTANTS,0.4492,0.5167,11,13
Multi Disciplinary Programme,VOCATIONAL EDUCATION TEACHERS AND TRAINERS,0.5043,0.5567,11,2
Multi Disciplinary Programme,WAITERS AND BARTENDERS,0.4351,0.5449,11,338
Multi Disciplinary Programme,"WASTE COLLECTION, RECYCLING AND MATERIAL RECOVERY WORKERS",0.4333,0.4758,11,2
Multi Disciplinary Programme,"WOOD TREATERS, CABINET MAKERS AND RELATED TRADES WORKERS",0.4364,0.4882,11,1
NUS,ADMINISTRATION PROFESSIONALS,0.4688,0.7789,89,703
NUS,ADMINISTRATIVE ASSOCIATE PROFESSIONALS,0.4509,0.7437,89,713
NUS,"AGRICULTURAL, FISHERY AND RELATED LABOURERS",0.4481,0.5789,89,11
NUS,"ARCHITECTS, PLANNERS, SURVEYORS AND DESIGNERS",0.4634,0.6356,89,80
NUS,ARTISTIC AND CULTURAL ASSOCIATE PROFESSIONALS,0.4463,0.6382,89,173
NUS,"ASSEMBLERS, QUALITY CHECKERS AND TESTERS",0.449,0.5761,89,7
NUS,ASSISTANT ENGINEERS,0.4556,0.5906,89,46
NUS,"AUTHORS, JOURNALISTS AND EDITORS",0.4715,0.6587,89,19
NUS,"BLACKSMITHS, TOOLMAKERS AND RELATED TRADES WORKERS",0.455,0.5548,89,1
NUS,"BOOKMAKERS, CROUPIERS AND RELATED GAMING WORKERS",0.4432,0.5564,89,3
NUS,BUILDING FINISHERS AND RELATED TRADES WORKERS,0.4156,0.5582,89,24
NUS,BUILDING FRAME AND RELATED TRADES WORKERS,0.4228,0.5753,89,29
NUS,"BUILDING, QUALITY AND SAFETY INSPECTORS",0.4518,0.6093,89,25
NUS,BUSINESS SERVICES AGENTS,0.4715,0.6606,89,108
NUS,BUSINESS SERVICES AND ADMINISTRATION MANAGERS,0.4555,0.7014,89,148
NUS,CAR AND LIGHT GOODS VEHICLE DRIVERS,0.4468,0.6802,89,93
NUS,CASHIERS AND TICKET CLERKS,0.4371,0.599,89,40
NUS,CHILD CARE WORKERS AND TEACHER AIDES,0.4801,0.7501,89,111
NUS,"CLEANERS AND HELPERS IN HOTELS, OFFICES AND OTHER ESTABLISHMENTS",0.4428,0.6403,89,119
NUS,CLEANING SUPERVISORS,0.4384,0.5896,89,13
NUS,CLERICAL SUPERVISORS,0.4386,0.6226,89,9
NUS,CLIENT INFORMATION CLERKS,0.4568,0.7322,89,552
NUS,CONSTRUCTION LABOURERS AND RELATED WORKERS,0.4683,0.568,89,1
NUS,COOKS,0.4456,0.618,89,81
NUS,CREATIVE AND PERFORMING ARTISTS,0.4456,0.6091,89,25
NUS,"DATABASE, NETWORK, INFRASTRUCTURE AND CYBERSECURITY PROFESSIONALS",0.4553,0.6646,89,105
NUS,DOMESTIC HELPERS AND CLEANERS,0.4512,0.6051,89,2
NUS,ELECTRICAL EQUIPMENT RELATED TRADES WORKERS,0.4329,0.5626,89,18
NUS,ENGINEERING PROFESSIONALS I,0.4569,0.6703,89,861
NUS,ENGINEERING PROFESSIONALS II (Cont’d),0.4579,0.6514,89,248
NUS,EXTRACURRICULUM INSTRUCTORS,0.4783,0.6875,89,91
NUS,FINANCE PROFESSIONALS,0.4592,0.6455,89,269
NUS,FINANCIAL AND MATHEMATICAL ASSOCIATE PROFESSIONALS,0.4411,0.6146,89,130
NUS,FOOD AND RELATED PRODUCTS MACHINE OPERATORS,0.4361,0.5475,89,3
NUS,FOOD PREPARATION AND KITCHEN ASSISTANTS,0.4405,0.6186,89,87
NUS,FOOD PROCESSING AND RELATED TRADES WORKERS,0.4424,0.5874,89,28
NUS,"GARMENT, LEATHER AND RELATED TRADES WORKERS",0.447,0.5577,89,4
NUS,GENERAL OFFICE CLERKS,0.4529,0.6978,89,532
NUS,GOVERNMENT ASSOCIATE PROFESSIONALS,0.4422,0.5892,89,6
NUS,"HAIRDRESSERS, BEAUTICIANS AND RELATED WORKERS",0.4423,0.6009,89,86
NUS,HANDICRAFT AND PRECISION WORKERS,0.4364,0.5794,89,10
NUS,HEALTHCARE ASSISTANTS AND RELATED PERSONAL CARE WORKERS,0.4521,0.729,89,125
NUS,HEAVY TRUCK AND BUS DRIVERS,0.4416,0.6247,89,146
NUS,HOTEL AND FOOD AND BEVERAGES SERVICES MANAGERS,0.4378,0.6003,89,53
NUS,HOUSEKEEPERS AND RELATED WORKERS,0.4346,0.6333,89,31
NUS,INFORMATION AND COMMUNICATIONS TECHNOLOGY OPERATORS AND TECHNICIANS,0.4516,0.6364,89,90
NUS,INFORMATION AND COMMUNICATIONS TECHNOLOGY SERVICE MANAGERS,0.4619,0.6458,89,47
NUS,JUNIOR COLLEGE AND PRE-UNIVERSITY EDUCATION TEACHERS,0.484,0.6315,89,2
NUS,KEYBOARD OPERATORS,0.441,0.6623,89,15
NUS,LEGAL AND SOCIAL ASSOCIATE PROFESSIONALS,0.4737,0.7437,89,37
NUS,LEGAL PROFESSIONALS,0.4664,0.622,89,35
NUS,LEGISLATORS AND SENIOR OFFICIALS,0.4506,0.6517,89,42
NUS,"LIBRARIANS, ARCHIVISTS AND CURATORS",0.4756,0.665,89,5
NUS,LIFE SCIENCE PROFESSIONALS,0.4696,0.6573,89,36
NUS,LIFE SCIENCE TECHNICIANS AND RELATED ASSOCIATE PROFESSIONALS,0.463,0.6106,89,15
NUS,"MACHINERY MECHANICS, FITTERS AND REPAIRERS",0.4374,0.5899,89,20
NUS,"MANAGING DIRECTORS, CHIEF EXECUTIVES AND GENERAL MANAGERS",0.4487,0.6179,89,45
NUS,MANUFACTURING LABOURERS AND RELATED WORKERS,0.4329,0.5591,89,20
NUS,"MANUFACTURING, CONSTRUCTION, TRANSPORT, DISTRIBUTION AND RELATED PRODUCTION AND OPERATIONS MANAGERS",0.4471,0.6501,89,66
NUS,MARKET GARDENERS AND CROP GROWERS,0.4569,0.5609,89,12
NUS,MARKETING AND PUBLIC RELATIONS PROFESSIONALS,0.4685,0.7143,89,399
NUS,MATERIAL-RECORDING AND TRANSPORT CLERKS,0.4466,0.6926,89,122
NUS,"MATHEMATICIANS, ACTUARIES, STATISTICIANS AND RELATED PROFESSIONALS",0.4747,0.7017,89,67
NUS,MEDICAL AND PHARMACEUTICAL TECHNICIANS,0.4421,0.5864,89,55
NUS,MEDICAL DOCTORS,0.4606,0.6565,89,28
NUS,"METAL PROCESSING, FINISHING AND PRODUCTS PLANT OPERATORS",0.4381,0.561,89,19
NUS,MOBILE MACHINERY OPERATORS,0.4287,0.5794,89,39
NUS,"MODELS, SALES DEMONSTRATORS AND RELATED SALES WORKERS",0.4619,0.6648,89,370
NUS,NUMERICAL CLERKS,0.4445,0.6774,89,346
NUS,NURSING ASSOCIATE PROFESSIONALS,0.4572,0.6537,89,36
NUS,NURSING PROFESSIONALS,0.45,0.7434,89,227
NUS,OTHER CLERICAL SUPPORT WORKERS,0.4502,0.6085,89,16
NUS,OTHER CRAFT AND RELATED WORKERS,0.4353,0.5817,89,18
NUS,OTHER HEALTH ASSOCIATE PROFESSIONALS,0.4457,0.744,89,69
NUS,OTHER HEALTH PROFESSIONALS,0.4613,0.7406,89,127
NUS,OTHER SERVICES MANAGERS,0.4923,0.6779,89,216
NUS,OTHER STATIONARY PLANT AND MACHINE OPERATORS,0.4398,0.5842,89,12
NUS,OTHER TEACHING PROFESSIONALS,0.4835,0.7327,89,35
NUS,"PAINTERS, BUILDING STRUCTURE CLEANERS AND RELATED WORKERS",0.4299,0.533,89,7
NUS,PERSONAL SERVICES WORKERS NOT ELSEWHERE CLASSIFIED,0.4449,0.5904,89,24
NUS,PHYSICAL AND EARTH SCIENCE PROFESSIONALS,0.4561,0.578,89,7
NUS,PHYSICAL AND ENGINEERING SCIENCE TECHNICIANS I,0.4534,0.627,89,364
NUS,PHYSICAL AND ENGINEERING SCIENCE TECHNICIANS II (Cont’d),0.4461,0.6673,89,32
NUS,"PORTERS, ATTENDANTS AND RELATED WORKERS",0.4451,0.6605,89,70
NUS,PREMISES AND PARKS OFFICERS,0.444,0.6313,89,71
NUS,PRESCHOOL EDUCATION TEACHERS,0.4805,0.7271,89,267
NUS,PRIMARY EDUCATION TEACHERS,0.4824,0.7541,89,20
NUS,PRINTING TRADES WORKERS,0.4237,0.5347,89,1
NUS,PROCESS CONTROL TECHNICIANS,0.4464,0.5543,89,3
NUS,"PROFESSIONAL, FINANCIAL, COMMUNITY AND SOCIAL SERVICES MANAGERS",0.4715,0.7296,89,61
NUS,PROTECTIVE SERVICES WORKERS,0.432,0.6311,89,68
NUS,RETAIL AND WHOLESALE TRADE MANAGERS,0.4724,0.6101,89,27
NUS,"RUBBER, PLASTIC AND PAPER PRODUCTS MACHINE OPERATORS",0.4561,0.5448,89,1
NUS,SALES AND RELATED ASSOCIATE PROFESSIONALS,0.4712,0.6696,89,1121
NUS,"SALES, MARKETING, DEVELOPMENT AND CUSTOMER SERVICE MANAGERS",0.4851,0.6893,89,1204
NUS,SECONDARY EDUCATION TEACHERS,0.4809,0.6827,89,24
NUS,SECRETARIES AND VERBATIM REPORTERS,0.4518,0.633,89,40
NUS,"SHEET AND STRUCTURAL METAL WORKERS, MOULDERS AND WELDERS AND RELATED TRADES WORKERS",0.4342,0.5754,89,13
NUS,SHIP AND AIRCRAFT CONTROLLERS AND TECHNICIANS,0.4425,0.6401,89,28
NUS,SHIP AND AIRCRAFT RELATED PROFESSIONALS,0.4425,0.6456,89,22
NUS,SHIPS’ DECK CREW AND RELATED WORKERS,0.4496,0.6375,89,5
NUS,SHOP SALESPERSONS,0.4532,0.6459,89,232
NUS,SOCIAL SCIENCE RESEARCHERS AND PROFESSIONALS; RELIGIOUS PROFESSIONALS,0.4797,0.7561,89,68
NUS,SOFTWARE AND APPLICATIONS DEVELOPERS AND ANALYSTS,0.4706,0.7276,89,220
NUS,SPORTS AND FITNESS WORKERS,0.4677,0.7005,89,65
NUS,STATIONARY PLANT AND MACHINE SUPERVISORS AND GENERAL FOREMEN,0.4439,0.5478,89,1
NUS,SUPERVISORS AND GENERAL FOREMEN (BUILDING AND RELATED TRADES),0.4294,0.6017,89,42
NUS,SUPERVISORS AND GENERAL FOREMEN (ELECTRICAL AND ELECTRONIC TRADES),0.4374,0.5882,89,4
NUS,"SUPERVISORS AND GENERAL FOREMEN (FOOD PROCESSING, WOODWORKING, GARMENT, LEATHER AND RELATED TRADES)",0.4435,0.6998,89,141
NUS,SUPERVISORS AND GENERAL FOREMEN OF ASSEMBLERS AND QUALITY CHECKERS,0.452,0.5374,89,1
NUS,TEACHING ASSOCIATE PROFESSIONALS NOT ELSEWHERE CLASSIFIED,0.4895,0.7211,89,58
NUS,TELECOMMUNICATIONS AND BROADCASTING TECHNICIANS AND AUDIO-VISUAL OPERATORS,0.443,0.6404,89,68
NUS,"TELLERS, MONEY COLLECTORS AND RELATED CLERKS",0.4561,0.6061,89,14
NUS,"TEXTILE, FUR AND LEATHER PRODUCTS MACHINE OPERATORS",0.443,0.5348,89,10
NUS,TRADITIONAL AND COMPLEMENTARY MEDICINE PROFESSIONALS,0.4419,0.552,89,4
NUS,TRANSPORT AND STORAGE LABOURERS,0.4344,0.6382,89,180
NUS,TRANSPORT OPERATIONS PLANNERS AND EXECUTIVES,0.4509,0.6068,89,6
NUS,"TRAVEL ATTENDANTS, CONDUCTORS AND GUIDES",0.4913,0.6837,89,5
NUS,"UNIVERSITY, POLYTECHNIC AND HIGHER EDUCATION TEACHERS",0.5026,0.668,89,32
NUS,"VEHICLE, WINDOW, LAUNDRY AND OTHER HAND CLEANING WORKERS",0.4398,0.6168,89,11
NUS,VETERINARIANS,0.4496,0.5731,89,8
NUS,VETERINARY TECHNICIANS AND ASSISTANTS,0.446,0.5974,89,13
NUS,VOCATIONAL EDUCATION TEACHERS AND TRAINERS,0.4779,0.5882,89,2
NUS,WAITERS AND BARTENDERS,0.4493,0.6385,89,338
NUS,"WASTE COLLECTION, RECYCLING AND MATERIAL RECOVERY WORKERS",0.4444,0.5439,89,2
NUS,"WOOD TREATERS, CABINET MAKERS AND RELATED TRADES WORKERS",0.4535,0.5247,89,1
NUS Business School,ADMINISTRATION PROFESSIONALS,0.5016,0.7674,1126,703
NUS Business School,ADMINISTRATIVE ASSOCIATE PROFESSIONALS,0.4808,0.7915,1126,713
NUS Business School,"AGRICULTURAL, FISHERY AND RELATED LABOURERS",0.4544,0.6293,1126,11
NUS Business School,"ARCHITECTS, PLANNERS, SURVEYORS AND DESIGNERS",0.482,0.6809,1126,80
NUS Business School,ARTISTIC AND CULTURAL ASSOCIATE PROFESSIONALS,0.4628,0.6821,1126,173
NUS Business School,"ASSEMBLERS, QUALITY CHECKERS AND TESTERS",0.4618,0.6226,1126,7
NUS Business School,ASSISTANT ENGINEERS,0.473,0.6387,1126,46
NUS Business School,"AUTHORS, JOURNALISTS AND EDITORS",0.4839,0.6766,1126,19
NUS Business School,"BLACKSMITHS, TOOLMAKERS AND RELATED TRADES WORKERS",0.4628,0.5819,1126,1
NUS Business School,"BOOKMAKERS, CROUPIERS AND RELATED GAMING WORKERS",0.4699,0.5976,1126,3
NUS Business School,BUILDING FINISHERS AND RELATED TRADES WORKERS,0.4345,0.6423,1126,24
NUS Business School,BUILDING FRAME AND RELATED TRADES WORKERS,0.4472,0.6524,1126,29
NUS Business School,"BUILDING, QUALITY AND SAFETY INSPECTORS",0.4682,0.7044,1126,25
NUS Business School,BUSINESS SERVICES AGENTS,0.4998,0.7475,1126,108
NUS Business School,BUSINESS SERVICES AND ADMINISTRATION MANAGERS,0.4966,0.7709,1126,148
NUS Business School,CAR AND LIGHT GOODS VEHICLE DRIVERS,0.4618,0.6621,1126,93
NUS Business School,CASHIERS AND TICKET CLERKS,0.4596,0.7185,1126,40
NUS Business School,CHILD CARE WORKERS AND TEACHER AIDES,0.4765,0.7148,1126,111
NUS Business School,"CLEANERS AND HELPERS IN HOTELS, OFFICES AND OTHER ESTABLISHMENTS",0.4475,0.6262,1126,119
NUS Business School,CLEANING SUPERVISORS,0.4617,0.6802,1126,13
NUS Business School,CLERICAL SUPERVISORS,0.4772,0.6575,1126,9
NUS Business School,CLIENT INFORMATION CLERKS,0.4801,0.7029,1126,552
NUS Business School,CONSTRUCTION LABOURERS AND RELATED WORKERS,0.4858,0.5964,1126,1
NUS Business School,COOKS,0.4539,0.6454,1126,81
NUS Business School,CREATIVE AND PERFORMING ARTISTS,0.4653,0.6685,1126,25
NUS Business School,"DATABASE, NETWORK, INFRASTRUCTURE AND CYBERSECURITY PROFESSIONALS",0.4756,0.6674,1126,105
NUS Business School,DOMESTIC HELPERS AND CLEANERS,0.4535,0.5986,1126,2
NUS Business School,ELECTRICAL EQUIPMENT RELATED TRADES WORKERS,0.4501,0.6174,1126,18
NUS Business School,ENGINEERING PROFESSIONALS I,0.4824,0.7249,1126,861
NUS Business School,ENGINEERING PROFESSIONALS II (Cont’d),0.4766,0.7194,1126,248
NUS Business School,EXTRACURRICULUM INSTRUCTORS,0.4776,0.6639,1126,91
NUS Business School,FINANCE PROFESSIONALS,0.5119,0.7667,1126,269
NUS Business School,FINANCIAL AND MATHEMATICAL ASSOCIATE PROFESSIONALS,0.4857,0.7289,1126,130
NUS Business School,FOOD AND RELATED PRODUCTS MACHINE OPERATORS,0.4463,0.5937,1126,3
NUS Business School,FOOD PREPARATION AND KITCHEN ASSISTANTS,0.4467,0.6519,1126,87
NUS Business School,FOOD PROCESSING AND RELATED TRADES WORKERS,0.452,0.6656,1126,28
NUS Business School,"GARMENT, LEATHER AND RELATED TRADES WORKERS",0.4671,0.595,1126,4
NUS Business School,GENERAL OFFICE CLERKS,0.4823,0.7141,1126,532
NUS Business School,GOVERNMENT ASSOCIATE PROFESSIONALS,0.4708,0.6597,1126,6
NUS Business School,"HAIRDRESSERS, BEAUTICIANS AND RELATED WORKERS",0.4632,0.6501,1126,86
NUS Business School,HANDICRAFT AND PRECISION WORKERS,0.4556,0.6145,1126,10
NUS Business School,HEALTHCARE ASSISTANTS AND RELATED PERSONAL CARE WORKERS,0.4557,0.6651,1126,125
NUS Business School,HEAVY TRUCK AND BUS DRIVERS,0.4602,0.6381,1126,146
NUS Business School,HOTEL AND FOOD AND BEVERAGES SERVICES MANAGERS,0.48,0.7318,1126,53
NUS Business School,HOUSEKEEPERS AND RELATED WORKERS,0.4509,0.6292,1126,31
NUS Business School,INFORMATION AND COMMUNICATIONS TECHNOLOGY OPERATORS AND TECHNICIANS,0.4715,0.6528,1126,90
NUS Business School,INFORMATION AND COMMUNICATIONS TECHNOLOGY SERVICE MANAGERS,0.4932,0.7081,1126,47
NUS Business School,JUNIOR COLLEGE AND PRE-UNIVERSITY EDUCATION TEACHERS,0.4832,0.6118,1126,2
NUS Business School,KEYBOARD OPERATORS,0.4587,0.6593,1126,15
NUS Business School,LEGAL AND SOCIAL ASSOCIATE PROFESSIONALS,0.4774,0.6732,1126,37
NUS Business School,LEGAL PROFESSIONALS,0.5008,0.7376,1126,35
NUS Business School,LEGISLATORS AND SENIOR OFFICIALS,0.4834,0.7272,1126,42
NUS Business School,"LIBRARIANS, ARCHIVISTS AND CURATORS",0.481,0.6632,1126,5
NUS Business School,LIFE SCIENCE PROFESSIONALS,0.4852,0.706,1126,36
NUS Business School,LIFE SCIENCE TECHNICIANS AND RELATED ASSOCIATE PROFESSIONALS,0.4764,0.6196,1126,15
NUS Business School,"MACHINERY MECHANICS, FITTERS AND REPAIRERS",0.4576,0.5935,1126,20
NUS Business School,"MANAGING DIRECTORS, CHIEF EXECUTIVES AND GENERAL MANAGERS",0.4793,0.6948,1126,45
NUS Business School,MANUFACTURING LABOURERS AND RELATED WORKERS,0.4553,0.6435,1126,20
NUS Business School,"MANUFACTURING, CONSTRUCTION, TRANSPORT, DISTRIBUTION AND RELATED PRODUCTION AND OPERATIONS MANAGERS",0.4852,0.7586,1126,66
NUS Business School,MARKET GARDENERS AND CROP GROWERS,0.4633,0.6183,1126,12
NUS Business School,MARKETING AND PUBLIC RELATIONS PROFESSIONALS,0.502,0.7673,1126,399
NUS Business School,MATERIAL-RECORDING AND TRANSPORT CLERKS,0.4786,0.7263,1126,122
NUS Business School,"MATHEMATICIANS, ACTUARIES, STATISTICIANS AND RELATED PROFESSIONALS",0.5069,0.7633,1126,67
NUS Business School,MEDICAL AND PHARMACEUTICAL TECHNICIANS,0.4573,0.6158,1126,55
NUS Business School,MEDICAL DOCTORS,0.465,0.6432,1126,28
NUS Business School,"METAL PROCESSING, FINISHING AND PRODUCTS PLANT OPERATORS",0.4554,0.6064,1126,19
NUS Business School,MOBILE MACHINERY OPERATORS,0.4533,0.6247,1126,39
NUS Business School,"MODELS, SALES DEMONSTRATORS AND RELATED SALES WORKERS",0.4953,0.7329,1126,370
NUS Business School,NUMERICAL CLERKS,0.4847,0.7343,1126,346
NUS Business School,NURSING ASSOCIATE PROFESSIONALS,0.4644,0.627,1126,36
NUS Business School,NURSING PROFESSIONALS,0.457,0.6798,1126,227
NUS Business School,OTHER CLERICAL SUPPORT WORKERS,0.4758,0.6677,1126,16
NUS Business School,OTHER CRAFT AND RELATED WORKERS,0.4519,0.5994,1126,18
NUS Business School,OTHER HEALTH ASSOCIATE PROFESSIONALS,0.4652,0.6638,1126,69
NUS Business School,OTHER HEALTH PROFESSIONALS,0.4711,0.6882,1126,127
NUS Business School,OTHER SERVICES MANAGERS,0.526,0.7251,1126,216
NUS Business School,OTHER STATIONARY PLANT AND MACHINE OPERATORS,0.4601,0.6311,1126,12
NUS Business School,OTHER TEACHING PROFESSIONALS,0.4941,0.7443,1126,35
NUS Business School,"PAINTERS, BUILDING STRUCTURE CLEANERS AND RELATED WORKERS",0.4499,0.6462,1126,7
NUS Business School,PERSONAL SERVICES WORKERS NOT ELSEWHERE CLASSIFIED,0.4642,0.6367,1126,24
NUS Business School,PHYSICAL AND EARTH SCIENCE PROFESSIONALS,0.4815,0.6355,1126,7
NUS Business School,PHYSICAL AND ENGINEERING SCIENCE TECHNICIANS I,0.4706,0.6847,1126,364
NUS Business School,PHYSICAL AND ENGINEERING SCIENCE TECHNICIANS II (Cont’d),0.4634,0.616,1126,32
NUS Business School,"PORTERS, ATTENDANTS AND RELATED WORKERS",0.4565,0.6692,1126,70
NUS Business School,PREMISES AND PARKS OFFICERS,0.4731,0.7277,1126,71
NUS Business School,PRESCHOOL EDUCATION TEACHERS,0.4777,0.6742,1126,267
NUS Business School,PRIMARY EDUCATION TEACHERS,0.4821,0.6644,1126,20
NUS Business School,PRINTING TRADES WORKERS,0.4372,0.5488,1126,1
NUS Business School,PROCESS CONTROL TECHNICIANS,0.4537,0.5972,1126,3
NUS Business School,"PROFESSIONAL, FINANCIAL, COMMUNITY AND SOCIAL SERVICES MANAGERS",0.4969,0.7936,1126,61
NUS Business School,PROTECTIVE SERVICES WORKERS,0.4425,0.6204,1126,68
NUS Business School,RETAIL AND WHOLESALE TRADE MANAGERS,0.5109,0.7392,1126,27
NUS Business School,"RUBBER, PLASTIC AND PAPER PRODUCTS MACHINE OPERATORS",0.463,0.5633,1126,1
NUS Business School,SALES AND RELATED ASSOCIATE PROFESSIONALS,0.5078,0.7425,1126,1121
NUS Business School,"SALES, MARKETING, DEVELOPMENT AND CUSTOMER SERVICE MANAGERS",0.5185,0.7428,1126,1204
NUS Business School,SECONDARY EDUCATION TEACHERS,0.4822,0.6644,1126,24
NUS Business School,SECRETARIES AND VERBATIM REPORTERS,0.4844,0.7307,1126,40
NUS Business School,"SHEET AND STRUCTURAL METAL WORKERS, MOULDERS AND WELDERS AND RELATED TRADES WORKERS",0.4525,0.616,1126,13
NUS Business School,SHIP AND AIRCRAFT CONTROLLERS AND TECHNICIANS,0.4758,0.6554,1126,28
NUS Business School,SHIP AND AIRCRAFT RELATED PROFESSIONALS,0.469,0.6828,1126,22
NUS Business School,SHIPS’ DECK CREW AND RELATED WORKERS,0.4578,0.5851,1126,5
NUS Business School,SHOP SALESPERSONS,0.4831,0.7255,1126,232
NUS Business School,SOCIAL SCIENCE RESEARCHERS AND PROFESSIONALS; RELIGIOUS PROFESSIONALS,0.4711,0.6788,1126,68
NUS Business School,SOFTWARE AND APPLICATIONS DEVELOPERS AND ANALYSTS,0.4927,0.7404,1126,220
NUS Business School,SPORTS AND FITNESS WORKERS,0.4777,0.6875,1126,65
NUS Business School,STATIONARY PLANT AND MACHINE SUPERVISORS AND GENERAL FOREMEN,0.4645,0.5757,1126,1
NUS Business School,SUPERVISORS AND GENERAL FOREMEN (BUILDING AND RELATED TRADES),0.4536,0.6651,1126,42
NUS Business School,SUPERVISORS AND GENERAL FOREMEN (ELECTRICAL AND ELECTRONIC TRADES),0.458,0.6152,1126,4
NUS Business School,"SUPERVISORS AND GENERAL FOREMEN (FOOD PROCESSING, WOODWORKING, GARMENT, LEATHER AND RELATED TRADES)",0.4704,0.693,1126,141
NUS Business School,SUPERVISORS AND GENERAL FOREMEN OF ASSEMBLERS AND QUALITY CHECKERS,0.467,0.5922,1126,1
NUS Business School,TEACHING ASSOCIATE PROFESSIONALS NOT ELSEWHERE CLASSIFIED,0.4895,0.6697,1126,58
NUS Business School,TELECOMMUNICATIONS AND BROADCASTING TECHNICIANS AND AUDIO-VISUAL OPERATORS,0.4598,0.6957,1126,68
NUS Business School,"TELLERS, MONEY COLLECTORS AND RELATED CLERKS",0.4885,0.6835,1126,14
NUS Business School,"TEXTILE, FUR AND LEATHER PRODUCTS MACHINE OPERATORS",0.4579,0.564,1126,10
NUS Business School,TRADITIONAL AND COMPLEMENTARY MEDICINE PROFESSIONALS,0.4625,0.6012,1126,4
NUS Business School,TRANSPORT AND STORAGE LABOURERS,0.4612,0.6697,1126,180
NUS Business School,TRANSPORT OPERATIONS PLANNERS AND EXECUTIVES,0.4807,0.6402,1126,6
NUS Business School,"TRAVEL ATTENDANTS, CONDUCTORS AND GUIDES",0.4832,0.6665,1126,5
NUS Business School,"UNIVERSITY, POLYTECHNIC AND HIGHER EDUCATION TEACHERS",0.507,0.6837,1126,32
NUS Business School,"VEHICLE, WINDOW, LAUNDRY AND OTHER HAND CLEANING WORKERS",0.4453,0.5892,1126,11
NUS Business School,VETERINARIANS,0.4583,0.5983,1126,8
NUS Business School,VETERINARY TECHNICIANS AND ASSISTANTS,0.4517,0.5997,1126,13
NUS Business School,VOCATIONAL EDUCATION TEACHERS AND TRAINERS,0.4866,0.6475,1126,2
NUS Business School,WAITERS AND BARTENDERS,0.4659,0.7074,1126,338
NUS Business School,"WASTE COLLECTION, RECYCLING AND MATERIAL RECOVERY WORKERS",0.4461,0.5893,1126,2
NUS Business School,"WOOD TREATERS, CABINET MAKERS AND RELATED TRADES WORKERS",0.4676,0.5738,1126,1
NUS College,ADMINISTRATION PROFESSIONALS,0.4511,0.7248,323,703
NUS College,ADMINISTRATIVE ASSOCIATE PROFESSIONALS,0.4368,0.6917,323,713
NUS College,"AGRICULTURAL, FISHERY AND RELATED LABOURERS",0.4413,0.6021,323,11
NUS College,"ARCHITECTS, PLANNERS, SURVEYORS AND DESIGNERS",0.4619,0.6548,323,80
NUS College,ARTISTIC AND CULTURAL ASSOCIATE PROFESSIONALS,0.4364,0.6769,323,173
NUS College,"ASSEMBLERS, QUALITY CHECKERS AND TESTERS",0.4341,0.5875,323,7
NUS College,ASSISTANT ENGINEERS,0.444,0.6438,323,46
NUS College,"AUTHORS, JOURNALISTS AND EDITORS",0.4699,0.6983,323,19
NUS College,"BLACKSMITHS, TOOLMAKERS AND RELATED TRADES WORKERS",0.4387,0.5515,323,1
NUS College,"BOOKMAKERS, CROUPIERS AND RELATED GAMING WORKERS",0.4247,0.5578,323,3
NUS College,BUILDING FINISHERS AND RELATED TRADES WORKERS,0.4089,0.5949,323,24
NUS College,BUILDING FRAME AND RELATED TRADES WORKERS,0.4179,0.5971,323,29
NUS College,"BUILDING, QUALITY AND SAFETY INSPECTORS",0.4425,0.6052,323,25
NUS College,BUSINESS SERVICES AGENTS,0.4577,0.6699,323,108
NUS College,BUSINESS SERVICES AND ADMINISTRATION MANAGERS,0.4364,0.7187,323,148
NUS College,CAR AND LIGHT GOODS VEHICLE DRIVERS,0.4314,0.6279,323,93
NUS College,CASHIERS AND TICKET CLERKS,0.4198,0.5962,323,40
NUS College,CHILD CARE WORKERS AND TEACHER AIDES,0.47,0.6579,323,111
NUS College,"CLEANERS AND HELPERS IN HOTELS, OFFICES AND OTHER ESTABLISHMENTS",0.4328,0.6229,323,119
NUS College,CLEANING SUPERVISORS,0.4225,0.5499,323,13
NUS College,CLERICAL SUPERVISORS,0.4203,0.5551,323,9
NUS College,CLIENT INFORMATION CLERKS,0.4407,0.6442,323,552
NUS College,CONSTRUCTION LABOURERS AND RELATED WORKERS,0.4528,0.5812,323,1
NUS College,COOKS,0.4329,0.635,323,81
NUS College,CREATIVE AND PERFORMING ARTISTS,0.445,0.6436,323,25
NUS College,"DATABASE, NETWORK, INFRASTRUCTURE AND CYBERSECURITY PROFESSIONALS",0.4437,0.6392,323,105
NUS College,DOMESTIC HELPERS AND CLEANERS,0.4372,0.5747,323,2
NUS College,ELECTRICAL EQUIPMENT RELATED TRADES WORKERS,0.4234,0.6151,323,18
NUS College,ENGINEERING PROFESSIONALS I,0.4463,0.7142,323,861
NUS College,ENGINEERING PROFESSIONALS II (Cont’d),0.4472,0.6671,323,248
NUS College,EXTRACURRICULUM INSTRUCTORS,0.4751,0.662,323,91
NUS College,FINANCE PROFESSIONALS,0.4388,0.6488,323,269
NUS College,FINANCIAL AND MATHEMATICAL ASSOCIATE PROFESSIONALS,0.4222,0.6122,323,130
NUS College,FOOD AND RELATED PRODUCTS MACHINE OPERATORS,0.4259,0.5955,323,3
NUS College,FOOD PREPARATION AND KITCHEN ASSISTANTS,0.4264,0.6648,323,87
NUS College,FOOD PROCESSING AND RELATED TRADES WORKERS,0.4299,0.6303,323,28
NUS College,"GARMENT, LEATHER AND RELATED TRADES WORKERS",0.4348,0.5497,323,4
NUS College,GENERAL OFFICE CLERKS,0.4362,0.6365,323,532
NUS College,GOVERNMENT ASSOCIATE PROFESSIONALS,0.4254,0.5675,323,6
NUS College,"HAIRDRESSERS, BEAUTICIANS AND RELATED WORKERS",0.4341,0.5953,323,86
NUS College,HANDICRAFT AND PRECISION WORKERS,0.422,0.5859,323,10
NUS College,HEALTHCARE ASSISTANTS AND RELATED PERSONAL CARE WORKERS,0.439,0.611,323,125
NUS College,HEAVY TRUCK AND BUS DRIVERS,0.4275,0.617,323,146
NUS College,HOTEL AND FOOD AND BEVERAGES SERVICES MANAGERS,0.417,0.5902,323,53
NUS College,HOUSEKEEPERS AND RELATED WORKERS,0.4201,0.6033,323,31
NUS College,INFORMATION AND COMMUNICATIONS TECHNOLOGY OPERATORS AND TECHNICIANS,0.4386,0.6231,323,90
NUS College,INFORMATION AND COMMUNICATIONS TECHNOLOGY SERVICE MANAGERS,0.4452,0.6363,323,47
NUS College,JUNIOR COLLEGE AND PRE-UNIVERSITY EDUCATION TEACHERS,0.4819,0.6052,323,2
NUS College,KEYBOARD OPERATORS,0.4263,0.5837,323,15
NUS College,LEGAL AND SOCIAL ASSOCIATE PROFESSIONALS,0.4608,0.6318,323,37
NUS College,LEGAL PROFESSIONALS,0.4578,0.672,323,35
NUS College,LEGISLATORS AND SENIOR OFFICIALS,0.4302,0.5857,323,42
NUS College,"LIBRARIANS, ARCHIVISTS AND CURATORS",0.4746,0.6858,323,5
NUS College,LIFE SCIENCE PROFESSIONALS,0.4635,0.6884,323,36
NUS College,LIFE SCIENCE TECHNICIANS AND RELATED ASSOCIATE PROFESSIONALS,0.453,0.6925,323,15
NUS College,"MACHINERY MECHANICS, FITTERS AND REPAIRERS",0.4287,0.599,323,20
NUS College,"MANAGING DIRECTORS, CHIEF EXECUTIVES AND GENERAL MANAGERS",0.4299,0.5978,323,45
NUS College,MANUFACTURING LABOURERS AND RELATED WORKERS,0.42,0.6105,323,20
NUS College,"MANUFACTURING, CONSTRUCTION, TRANSPORT, DISTRIBUTION AND RELATED PRODUCTION AND OPERATIONS MANAGERS",0.4309,0.6582,323,66
NUS College,MARKET GARDENERS AND CROP GROWERS,0.4534,0.6441,323,12
NUS College,MARKETING AND PUBLIC RELATIONS PROFESSIONALS,0.4548,0.6486,323,399
NUS College,MATERIAL-RECORDING AND TRANSPORT CLERKS,0.4286,0.6236,323,122
NUS College,"MATHEMATICIANS, ACTUARIES, STATISTICIANS AND RELATED PROFESSIONALS",0.4608,0.6843,323,67
NUS College,MEDICAL AND PHARMACEUTICAL TECHNICIANS,0.4317,0.6221,323,55
NUS College,MEDICAL DOCTORS,0.4548,0.6532,323,28
NUS College,"METAL PROCESSING, FINISHING AND PRODUCTS PLANT OPERATORS",0.4287,0.5824,323,19
NUS College,MOBILE MACHINERY OPERATORS,0.4139,0.6122,323,39
NUS College,"MODELS, SALES DEMONSTRATORS AND RELATED SALES WORKERS",0.4435,0.6458,323,370
NUS College,NUMERICAL CLERKS,0.4255,0.6147,323,346
NUS College,NURSING ASSOCIATE PROFESSIONALS,0.4413,0.6089,323,36
NUS College,NURSING PROFESSIONALS,0.4354,0.6361,323,227
NUS College,OTHER CLERICAL SUPPORT WORKERS,0.4384,0.5938,323,16
NUS College,OTHER CRAFT AND RELATED WORKERS,0.4239,0.6213,323,18
NUS College,OTHER HEALTH ASSOCIATE PROFESSIONALS,0.4392,0.6231,323,69
NUS College,OTHER HEALTH PROFESSIONALS,0.4516,0.6376,323,127
NUS College,OTHER SERVICES MANAGERS,0.4788,0.6687,323,216
NUS College,OTHER STATIONARY PLANT AND MACHINE OPERATORS,0.4294,0.6465,323,12
NUS College,OTHER TEACHING PROFESSIONALS,0.4727,0.6457,323,35
NUS College,"PAINTERS, BUILDING STRUCTURE CLEANERS AND RELATED WORKERS",0.4205,0.5403,323,7
NUS College,PERSONAL SERVICES WORKERS NOT ELSEWHERE CLASSIFIED,0.4309,0.5593,323,24
NUS College,PHYSICAL AND EARTH SCIENCE PROFESSIONALS,0.4422,0.6153,323,7
NUS College,PHYSICAL AND ENGINEERING SCIENCE TECHNICIANS I,0.4461,0.6771,323,364
NUS College,PHYSICAL AND ENGINEERING SCIENCE TECHNICIANS II (Cont’d),0.4327,0.5911,323,32
NUS College,"PORTERS, ATTENDANTS AND RELATED WORKERS",0.4311,0.6619,323,70
NUS College,PREMISES AND PARKS OFFICERS,0.432,0.6121,323,71
NUS College,PRESCHOOL EDUCATION TEACHERS,0.4727,0.6275,323,267
NUS College,PRIMARY EDUCATION TEACHERS,0.4769,0.6253,323,20
NUS College,PRINTING TRADES WORKERS,0.4027,0.5156,323,1
NUS College,PROCESS CONTROL TECHNICIANS,0.432,0.6045,323,3
NUS College,"PROFESSIONAL, FINANCIAL, COMMUNITY AND SOCIAL SERVICES MANAGERS",0.4526,0.6856,323,61
NUS College,PROTECTIVE SERVICES WORKERS,0.4192,0.6557,323,68
NUS College,RETAIL AND WHOLESALE TRADE MANAGERS,0.4532,0.5932,323,27
NUS College,"RUBBER, PLASTIC AND PAPER PRODUCTS MACHINE OPERATORS",0.4431,0.5627,323,1
NUS College,SALES AND RELATED ASSOCIATE PROFESSIONALS,0.4542,0.6753,323,1121
NUS College,"SALES, MARKETING, DEVELOPMENT AND CUSTOMER SERVICE MANAGERS",0.469,0.7045,323,1204
NUS College,SECONDARY EDUCATION TEACHERS,0.4815,0.6501,323,24
NUS College,SECRETARIES AND VERBATIM REPORTERS,0.4333,0.61,323,40
NUS College,"SHEET AND STRUCTURAL METAL WORKERS, MOULDERS AND WELDERS AND RELATED TRADES WORKERS",0.4288,0.5992,323,13
NUS College,SHIP AND AIRCRAFT CONTROLLERS AND TECHNICIANS,0.4228,0.5933,323,28
NUS College,SHIP AND AIRCRAFT RELATED PROFESSIONALS,0.4267,0.6357,323,22
NUS College,SHIPS’ DECK CREW AND RELATED WORKERS,0.4318,0.6275,323,5
NUS College,SHOP SALESPERSONS,0.4356,0.6589,323,232
NUS College,SOCIAL SCIENCE RESEARCHERS AND PROFESSIONALS; RELIGIOUS PROFESSIONALS,0.4711,0.6366,323,68
NUS College,SOFTWARE AND APPLICATIONS DEVELOPERS AND ANALYSTS,0.4608,0.7153,323,220
NUS College,SPORTS AND FITNESS WORKERS,0.4552,0.6459,323,65
NUS College,STATIONARY PLANT AND MACHINE SUPERVISORS AND GENERAL FOREMEN,0.4331,0.5653,323,1
NUS College,SUPERVISORS AND GENERAL FOREMEN (BUILDING AND RELATED TRADES),0.4227,0.602,323,42
NUS College,SUPERVISORS AND GENERAL FOREMEN (ELECTRICAL AND ELECTRONIC TRADES),0.4286,0.5569,323,4
NUS College,"SUPERVISORS AND GENERAL FOREMEN (FOOD PROCESSING, WOODWORKING, GARMENT, LEATHER AND RELATED TRADES)",0.4313,0.6141,323,141
NUS College,SUPERVISORS AND GENERAL FOREMEN OF ASSEMBLERS AND QUALITY CHECKERS,0.4428,0.5807,323,1
NUS College,TEACHING ASSOCIATE PROFESSIONALS NOT ELSEWHERE CLASSIFIED,0.4862,0.6687,323,58
NUS College,TELECOMMUNICATIONS AND BROADCASTING TECHNICIANS AND AUDIO-VISUAL OPERATORS,0.4343,0.6459,323,68
NUS College,"TELLERS, MONEY COLLECTORS AND RELATED CLERKS",0.437,0.5776,323,14
NUS College,"TEXTILE, FUR AND LEATHER PRODUCTS MACHINE OPERATORS",0.4336,0.5776,323,10
NUS College,TRADITIONAL AND COMPLEMENTARY MEDICINE PROFESSIONALS,0.4377,0.5688,323,4
NUS College,TRANSPORT AND STORAGE LABOURERS,0.4177,0.5867,323,180
NUS College,TRANSPORT OPERATIONS PLANNERS AND EXECUTIVES,0.4372,0.5561,323,6
NUS College,"TRAVEL ATTENDANTS, CONDUCTORS AND GUIDES",0.4844,0.6999,323,5
NUS College,"UNIVERSITY, POLYTECHNIC AND HIGHER EDUCATION TEACHERS",0.5004,0.6938,323,32
NUS College,"VEHICLE, WINDOW, LAUNDRY AND OTHER HAND CLEANING WORKERS",0.4285,0.5854,323,11
NUS College,VETERINARIANS,0.4412,0.582,323,8
NUS College,VETERINARY TECHNICIANS AND ASSISTANTS,0.4414,0.6333,323,13
NUS College,VOCATIONAL EDUCATION TEACHERS AND TRAINERS,0.4706,0.6055,323,2
NUS College,WAITERS AND BARTENDERS,0.4353,0.6331,323,338
NUS College,"WASTE COLLECTION, RECYCLING AND MATERIAL RECOVERY WORKERS",0.4375,0.6292,323,2
NUS College,"WOOD TREATERS, CABINET MAKERS AND RELATED TRADES WORKERS",0.4437,0.5553,323,1
NUS Graduate School,ADMINISTRATION PROFESSIONALS,0.4473,0.7233,35,703
NUS Graduate School,ADMINISTRATIVE ASSOCIATE PROFESSIONALS,0.4508,0.6663,35,713
NUS Graduate School,"AGRICULTURAL, FISHERY AND RELATED LABOURERS",0.4278,0.5281,35,11
NUS Graduate School,"ARCHITECTS, PLANNERS, SURVEYORS AND DESIGNERS",0.4524,0.587,35,80
NUS Graduate School,ARTISTIC AND CULTURAL ASSOCIATE PROFESSIONALS,0.4313,0.5806,35,173
NUS Graduate School,"ASSEMBLERS, QUALITY CHECKERS AND TESTERS",0.4549,0.5802,35,7
NUS Graduate School,ASSISTANT ENGINEERS,0.4676,0.628,35,46
NUS Graduate School,"AUTHORS, JOURNALISTS AND EDITORS",0.4596,0.6195,35,19
NUS Graduate School,"BLACKSMITHS, TOOLMAKERS AND RELATED TRADES WORKERS",0.4382,0.5162,35,1
NUS Graduate School,"BOOKMAKERS, CROUPIERS AND RELATED GAMING WORKERS",0.4326,0.5543,35,3
NUS Graduate School,BUILDING FINISHERS AND RELATED TRADES WORKERS,0.4206,0.5778,35,24
NUS Graduate School,BUILDING FRAME AND RELATED TRADES WORKERS,0.4366,0.5411,35,29
NUS Graduate School,"BUILDING, QUALITY AND SAFETY INSPECTORS",0.4465,0.5984,35,25
NUS Graduate School,BUSINESS SERVICES AGENTS,0.4476,0.6223,35,108
NUS Graduate School,BUSINESS SERVICES AND ADMINISTRATION MANAGERS,0.4346,0.6074,35,148
NUS Graduate School,CAR AND LIGHT GOODS VEHICLE DRIVERS,0.4245,0.5965,35,93
NUS Graduate School,CASHIERS AND TICKET CLERKS,0.4208,0.5603,35,40
NUS Graduate School,CHILD CARE WORKERS AND TEACHER AIDES,0.4548,0.6195,35,111
NUS Graduate School,"CLEANERS AND HELPERS IN HOTELS, OFFICES AND OTHER ESTABLISHMENTS",0.4322,0.5721,35,119
NUS Graduate School,CLEANING SUPERVISORS,0.4253,0.5461,35,13
NUS Graduate School,CLERICAL SUPERVISORS,0.426,0.5307,35,9
NUS Graduate School,CLIENT INFORMATION CLERKS,0.4406,0.6053,35,552
NUS Graduate School,CONSTRUCTION LABOURERS AND RELATED WORKERS,0.4561,0.5271,35,1
NUS Graduate School,COOKS,0.4244,0.5684,35,81
NUS Graduate School,CREATIVE AND PERFORMING ARTISTS,0.432,0.5567,35,25
NUS Graduate School,"DATABASE, NETWORK, INFRASTRUCTURE AND CYBERSECURITY PROFESSIONALS",0.4738,0.6231,35,105
NUS Graduate School,DOMESTIC HELPERS AND CLEANERS,0.4285,0.5422,35,2
NUS Graduate School,ELECTRICAL EQUIPMENT RELATED TRADES WORKERS,0.4455,0.596,35,18
NUS Graduate School,ENGINEERING PROFESSIONALS I,0.4673,0.6677,35,861
NUS Graduate School,ENGINEERING PROFESSIONALS II (Cont’d),0.4741,0.6546,35,248
NUS Graduate School,EXTRACURRICULUM INSTRUCTORS,0.47,0.614,35,91
NUS Graduate School,FINANCE PROFESSIONALS,0.438,0.5927,35,269
NUS Graduate School,FINANCIAL AND MATHEMATICAL ASSOCIATE PROFESSIONALS,0.4176,0.5867,35,130
NUS Graduate School,FOOD AND RELATED PRODUCTS MACHINE OPERATORS,0.4324,0.5598,35,3
NUS Graduate School,FOOD PREPARATION AND KITCHEN ASSISTANTS,0.4251,0.5867,35,87
NUS Graduate School,FOOD PROCESSING AND RELATED TRADES WORKERS,0.4285,0.5586,35,28
NUS Graduate School,"GARMENT, LEATHER AND RELATED TRADES WORKERS",0.4338,0.5424,35,4
NUS Graduate School,GENERAL OFFICE CLERKS,0.4377,0.626,35,532
NUS Graduate School,GOVERNMENT ASSOCIATE PROFESSIONALS,0.4253,0.5457,35,6
NUS Graduate School,"HAIRDRESSERS, BEAUTICIANS AND RELATED WORKERS",0.4268,0.5668,35,86
NUS Graduate School,HANDICRAFT AND PRECISION WORKERS,0.4372,0.5593,35,10
NUS Graduate School,HEALTHCARE ASSISTANTS AND RELATED PERSONAL CARE WORKERS,0.4429,0.576,35,125
NUS Graduate School,HEAVY TRUCK AND BUS DRIVERS,0.425,0.5706,35,146
NUS Graduate School,HOTEL AND FOOD AND BEVERAGES SERVICES MANAGERS,0.4156,0.5632,35,53
NUS Graduate School,HOUSEKEEPERS AND RELATED WORKERS,0.4267,0.5612,35,31
NUS Graduate School,INFORMATION AND COMMUNICATIONS TECHNOLOGY OPERATORS AND TECHNICIANS,0.4644,0.6582,35,90
NUS Graduate School,INFORMATION AND COMMUNICATIONS TECHNOLOGY SERVICE MANAGERS,0.4549,0.6432,35,47
NUS Graduate School,JUNIOR COLLEGE AND PRE-UNIVERSITY EDUCATION TEACHERS,0.4806,0.6105,35,2
NUS Graduate School,KEYBOARD OPERATORS,0.4541,0.5786,35,15
NUS Graduate School,LEGAL AND SOCIAL ASSOCIATE PROFESSIONALS,0.4404,0.5989,35,37
NUS Graduate School,LEGAL PROFESSIONALS,0.4442,0.5726,35,35
NUS Graduate School,LEGISLATORS AND SENIOR OFFICIALS,0.4288,0.6089,35,42
NUS Graduate School,"LIBRARIANS, ARCHIVISTS AND CURATORS",0.4758,0.576,35,5
NUS Graduate School,LIFE SCIENCE PROFESSIONALS,0.4758,0.6315,35,36
NUS Graduate School,LIFE SCIENCE TECHNICIANS AND RELATED ASSOCIATE PROFESSIONALS,0.4658,0.6377,35,15
NUS Graduate School,"MACHINERY MECHANICS, FITTERS AND REPAIRERS",0.4368,0.5414,35,20
NUS Graduate School,"MANAGING DIRECTORS, CHIEF EXECUTIVES AND GENERAL MANAGERS",0.4275,0.5708,35,45
NUS Graduate School,MANUFACTURING LABOURERS AND RELATED WORKERS,0.424,0.544,35,20
NUS Graduate School,"MANUFACTURING, CONSTRUCTION, TRANSPORT, DISTRIBUTION AND RELATED PRODUCTION AND OPERATIONS MANAGERS",0.4381,0.5812,35,66
NUS Graduate School,MARKET GARDENERS AND CROP GROWERS,0.4522,0.5511,35,12
NUS Graduate School,MARKETING AND PUBLIC RELATIONS PROFESSIONALS,0.4504,0.6633,35,399
NUS Graduate School,MATERIAL-RECORDING AND TRANSPORT CLERKS,0.432,0.645,35,122
NUS Graduate School,"MATHEMATICIANS, ACTUARIES, STATISTICIANS AND RELATED PROFESSIONALS",0.4771,0.6261,35,67
NUS Graduate School,MEDICAL AND PHARMACEUTICAL TECHNICIANS,0.4574,0.5995,35,55
NUS Graduate School,MEDICAL DOCTORS,0.4639,0.5999,35,28
NUS Graduate School,"METAL PROCESSING, FINISHING AND PRODUCTS PLANT OPERATORS",0.4478,0.5569,35,19
NUS Graduate School,MOBILE MACHINERY OPERATORS,0.4243,0.5735,35,39
NUS Graduate School,"MODELS, SALES DEMONSTRATORS AND RELATED SALES WORKERS",0.4336,0.6249,35,370
NUS Graduate School,NUMERICAL CLERKS,0.4234,0.6097,35,346
NUS Graduate School,NURSING ASSOCIATE PROFESSIONALS,0.4507,0.5975,35,36
NUS Graduate School,NURSING PROFESSIONALS,0.4461,0.6022,35,227
NUS Graduate School,OTHER CLERICAL SUPPORT WORKERS,0.4395,0.5865,35,16
NUS Graduate School,OTHER CRAFT AND RELATED WORKERS,0.4341,0.5531,35,18
NUS Graduate School,OTHER HEALTH ASSOCIATE PROFESSIONALS,0.4492,0.5971,35,69
NUS Graduate School,OTHER HEALTH PROFESSIONALS,0.4605,0.5949,35,127
NUS Graduate School,OTHER SERVICES MANAGERS,0.4527,0.6067,35,216
NUS Graduate School,OTHER STATIONARY PLANT AND MACHINE OPERATORS,0.4424,0.5655,35,12
NUS Graduate School,OTHER TEACHING PROFESSIONALS,0.4632,0.6401,35,35
NUS Graduate School,"PAINTERS, BUILDING STRUCTURE CLEANERS AND RELATED WORKERS",0.4288,0.5279,35,7
NUS Graduate School,PERSONAL SERVICES WORKERS NOT ELSEWHERE CLASSIFIED,0.4251,0.5359,35,24
NUS Graduate School,PHYSICAL AND EARTH SCIENCE PROFESSIONALS,0.4706,0.6045,35,7
NUS Graduate School,PHYSICAL AND ENGINEERING SCIENCE TECHNICIANS I,0.4689,0.6532,35,364
NUS Graduate School,PHYSICAL AND ENGINEERING SCIENCE TECHNICIANS II (Cont’d),0.458,0.6061,35,32
NUS Graduate School,"PORTERS, ATTENDANTS AND RELATED WORKERS",0.4401,0.6526,35,70
NUS Graduate School,PREMISES AND PARKS OFFICERS,0.4453,0.6037,35,71
NUS Graduate School,PRESCHOOL EDUCATION TEACHERS,0.4634,0.6335,35,267
NUS Graduate School,PRIMARY EDUCATION TEACHERS,0.4712,0.6204,35,20
NUS Graduate School,PRINTING TRADES WORKERS,0.4338,0.4893,35,1
NUS Graduate School,PROCESS CONTROL TECHNICIANS,0.4477,0.5686,35,3
NUS Graduate School,"PROFESSIONAL, FINANCIAL, COMMUNITY AND SOCIAL SERVICES MANAGERS",0.446,0.5994,35,61
NUS Graduate School,PROTECTIVE SERVICES WORKERS,0.4273,0.5753,35,68
NUS Graduate School,RETAIL AND WHOLESALE TRADE MANAGERS,0.4453,0.6003,35,27
NUS Graduate School,"RUBBER, PLASTIC AND PAPER PRODUCTS MACHINE OPERATORS",0.4514,0.5323,35,1
NUS Graduate School,SALES AND RELATED ASSOCIATE PROFESSIONALS,0.4398,0.633,35,1121
NUS Graduate School,"SALES, MARKETING, DEVELOPMENT AND CUSTOMER SERVICE MANAGERS",0.4491,0.7326,35,1204
NUS Graduate School,SECONDARY EDUCATION TEACHERS,0.479,0.633,35,24
NUS Graduate School,SECRETARIES AND VERBATIM REPORTERS,0.4333,0.6067,35,40
NUS Graduate School,"SHEET AND STRUCTURAL METAL WORKERS, MOULDERS AND WELDERS AND RELATED TRADES WORKERS",0.4445,0.5607,35,13
NUS Graduate School,SHIP AND AIRCRAFT CONTROLLERS AND TECHNICIANS,0.4327,0.6077,35,28
NUS Graduate School,SHIP AND AIRCRAFT RELATED PROFESSIONALS,0.4481,0.5907,35,22
NUS Graduate School,SHIPS’ DECK CREW AND RELATED WORKERS,0.4267,0.5848,35,5
NUS Graduate School,SHOP SALESPERSONS,0.4291,0.6291,35,232
NUS Graduate School,SOCIAL SCIENCE RESEARCHERS AND PROFESSIONALS; RELIGIOUS PROFESSIONALS,0.4427,0.6609,35,68
NUS Graduate School,SOFTWARE AND APPLICATIONS DEVELOPERS AND ANALYSTS,0.4788,0.7112,35,220
NUS Graduate School,SPORTS AND FITNESS WORKERS,0.4487,0.6059,35,65
NUS Graduate School,STATIONARY PLANT AND MACHINE SUPERVISORS AND GENERAL FOREMEN,0.4292,0.5303,35,1
NUS Graduate School,SUPERVISORS AND GENERAL FOREMEN (BUILDING AND RELATED TRADES),0.4293,0.5985,35,42
NUS Graduate School,SUPERVISORS AND GENERAL FOREMEN (ELECTRICAL AND ELECTRONIC TRADES),0.4502,0.5493,35,4
NUS Graduate School,"SUPERVISORS AND GENERAL FOREMEN (FOOD PROCESSING, WOODWORKING, GARMENT, LEATHER AND RELATED TRADES)",0.4347,0.6301,35,141
NUS Graduate School,SUPERVISORS AND GENERAL FOREMEN OF ASSEMBLERS AND QUALITY CHECKERS,0.4836,0.5738,35,1
NUS Graduate School,TEACHING ASSOCIATE PROFESSIONALS NOT ELSEWHERE CLASSIFIED,0.4828,0.6308,35,58
NUS Graduate School,TELECOMMUNICATIONS AND BROADCASTING TECHNICIANS AND AUDIO-VISUAL OPERATORS,0.4375,0.5715,35,68
NUS Graduate School,"TELLERS, MONEY COLLECTORS AND RELATED CLERKS",0.4373,0.5859,35,14
NUS Graduate School,"TEXTILE, FUR AND LEATHER PRODUCTS MACHINE OPERATORS",0.4463,0.511,35,10
NUS Graduate School,TRADITIONAL AND COMPLEMENTARY MEDICINE PROFESSIONALS,0.4517,0.543,35,4
NUS Graduate School,TRANSPORT AND STORAGE LABOURERS,0.425,0.5863,35,180
NUS Graduate School,TRANSPORT OPERATIONS PLANNERS AND EXECUTIVES,0.4385,0.5237,35,6
NUS Graduate School,"TRAVEL ATTENDANTS, CONDUCTORS AND GUIDES",0.4712,0.6079,35,5
NUS Graduate School,"UNIVERSITY, POLYTECHNIC AND HIGHER EDUCATION TEACHERS",0.5164,0.6686,35,32
NUS Graduate School,"VEHICLE, WINDOW, LAUNDRY AND OTHER HAND CLEANING WORKERS",0.4247,0.5353,35,11
NUS Graduate School,VETERINARIANS,0.4509,0.5603,35,8
NUS Graduate School,VETERINARY TECHNICIANS AND ASSISTANTS,0.4601,0.5544,35,13
NUS Graduate School,VOCATIONAL EDUCATION TEACHERS AND TRAINERS,0.4855,0.5948,35,2
NUS Graduate School,WAITERS AND BARTENDERS,0.4295,0.5832,35,338
NUS Graduate School,"WASTE COLLECTION, RECYCLING AND MATERIAL RECOVERY WORKERS",0.4207,0.5537,35,2
NUS Graduate School,"WOOD TREATERS, CABINET MAKERS AND RELATED TRADES WORKERS",0.4524,0.5133,35,1
NUS-ISS,ADMINISTRATION PROFESSIONALS,0.4908,0.7029,78,703
NUS-ISS,ADMINISTRATIVE ASSOCIATE PROFESSIONALS,0.475,0.6882,78,713
NUS-ISS,"AGRICULTURAL, FISHERY AND RELATED LABOURERS",0.4385,0.5279,78,11
NUS-ISS,"ARCHITECTS, PLANNERS, SURVEYORS AND DESIGNERS",0.5081,0.7112,78,80
NUS-ISS,ARTISTIC AND CULTURAL ASSOCIATE PROFESSIONALS,0.461,0.6933,78,173
NUS-ISS,"ASSEMBLERS, QUALITY CHECKERS AND TESTERS",0.4761,0.6383,78,7
NUS-ISS,ASSISTANT ENGINEERS,0.4863,0.6259,78,46
NUS-ISS,"AUTHORS, JOURNALISTS AND EDITORS",0.4761,0.615,78,19
NUS-ISS,"BLACKSMITHS, TOOLMAKERS AND RELATED TRADES WORKERS",0.4608,0.5518,78,1
NUS-ISS,"BOOKMAKERS, CROUPIERS AND RELATED GAMING WORKERS",0.4635,0.5564,78,3
NUS-ISS,BUILDING FINISHERS AND RELATED TRADES WORKERS,0.45,0.5927,78,24
NUS-ISS,BUILDING FRAME AND RELATED TRADES WORKERS,0.4581,0.5803,78,29
NUS-ISS,"BUILDING, QUALITY AND SAFETY INSPECTORS",0.4649,0.6637,78,25
NUS-ISS,BUSINESS SERVICES AGENTS,0.4831,0.6528,78,108
NUS-ISS,BUSINESS SERVICES AND ADMINISTRATION MANAGERS,0.4819,0.706,78,148
NUS-ISS,CAR AND LIGHT GOODS VEHICLE DRIVERS,0.4483,0.5837,78,93
NUS-ISS,CASHIERS AND TICKET CLERKS,0.4393,0.5822,78,40
NUS-ISS,CHILD CARE WORKERS AND TEACHER AIDES,0.4656,0.6097,78,111
NUS-ISS,"CLEANERS AND HELPERS IN HOTELS, OFFICES AND OTHER ESTABLISHMENTS",0.4397,0.5663,78,119
NUS-ISS,CLEANING SUPERVISORS,0.46,0.564,78,13
NUS-ISS,CLERICAL SUPERVISORS,0.4709,0.6252,78,9
NUS-ISS,CLIENT INFORMATION CLERKS,0.465,0.6922,78,552
NUS-ISS,CONSTRUCTION LABOURERS AND RELATED WORKERS,0.4858,0.5747,78,1
NUS-ISS,COOKS,0.4469,0.5809,78,81
NUS-ISS,CREATIVE AND PERFORMING ARTISTS,0.4664,0.6696,78,25
NUS-ISS,"DATABASE, NETWORK, INFRASTRUCTURE AND CYBERSECURITY PROFESSIONALS",0.5073,0.6758,78,105
NUS-ISS,DOMESTIC HELPERS AND CLEANERS,0.4369,0.5423,78,2
NUS-ISS,ELECTRICAL EQUIPMENT RELATED TRADES WORKERS,0.4595,0.578,78,18
NUS-ISS,ENGINEERING PROFESSIONALS I,0.4967,0.7287,78,861
NUS-ISS,ENGINEERING PROFESSIONALS II (Cont’d),0.5043,0.7001,78,248
NUS-ISS,EXTRACURRICULUM INSTRUCTORS,0.4694,0.6376,78,91
NUS-ISS,FINANCE PROFESSIONALS,0.4765,0.6659,78,269
NUS-ISS,FINANCIAL AND MATHEMATICAL ASSOCIATE PROFESSIONALS,0.4597,0.6377,78,130
NUS-ISS,FOOD AND RELATED PRODUCTS MACHINE OPERATORS,0.4452,0.5731,78,3
NUS-ISS,FOOD PREPARATION AND KITCHEN ASSISTANTS,0.4364,0.5509,78,87
NUS-ISS,FOOD PROCESSING AND RELATED TRADES WORKERS,0.4438,0.5725,78,28
NUS-ISS,"GARMENT, LEATHER AND RELATED TRADES WORKERS",0.4538,0.5682,78,4
NUS-ISS,GENERAL OFFICE CLERKS,0.4725,0.6489,78,532
NUS-ISS,GOVERNMENT ASSOCIATE PROFESSIONALS,0.448,0.5531,78,6
NUS-ISS,"HAIRDRESSERS, BEAUTICIANS AND RELATED WORKERS",0.452,0.5838,78,86
NUS-ISS,HANDICRAFT AND PRECISION WORKERS,0.4491,0.5492,78,10
NUS-ISS,HEALTHCARE ASSISTANTS AND RELATED PERSONAL CARE WORKERS,0.446,0.5881,78,125
NUS-ISS,HEAVY TRUCK AND BUS DRIVERS,0.4533,0.6018,78,146
NUS-ISS,HOTEL AND FOOD AND BEVERAGES SERVICES MANAGERS,0.4559,0.5818,78,53
NUS-ISS,HOUSEKEEPERS AND RELATED WORKERS,0.4384,0.5905,78,31
NUS-ISS,INFORMATION AND COMMUNICATIONS TECHNOLOGY OPERATORS AND TECHNICIANS,0.4985,0.6756,78,90
NUS-ISS,INFORMATION AND COMMUNICATIONS TECHNOLOGY SERVICE MANAGERS,0.4991,0.6842,78,47
NUS-ISS,JUNIOR COLLEGE AND PRE-UNIVERSITY EDUCATION TEACHERS,0.4781,0.5528,78,2
NUS-ISS,KEYBOARD OPERATORS,0.4625,0.5942,78,15
NUS-ISS,LEGAL AND SOCIAL ASSOCIATE PROFESSIONALS,0.4619,0.6328,78,37
NUS-ISS,LEGAL PROFESSIONALS,0.4663,0.6087,78,35
NUS-ISS,LEGISLATORS AND SENIOR OFFICIALS,0.4726,0.6561,78,42
NUS-ISS,"LIBRARIANS, ARCHIVISTS AND CURATORS",0.4848,0.6239,78,5
NUS-ISS,LIFE SCIENCE PROFESSIONALS,0.4741,0.6242,78,36
NUS-ISS,LIFE SCIENCE TECHNICIANS AND RELATED ASSOCIATE PROFESSIONALS,0.4683,0.5892,78,15
NUS-ISS,"MACHINERY MECHANICS, FITTERS AND REPAIRERS",0.4514,0.5568,78,20
NUS-ISS,"MANAGING DIRECTORS, CHIEF EXECUTIVES AND GENERAL MANAGERS",0.4654,0.6304,78,45
NUS-ISS,MANUFACTURING LABOURERS AND RELATED WORKERS,0.4435,0.5846,78,20
NUS-ISS,"MANUFACTURING, CONSTRUCTION, TRANSPORT, DISTRIBUTION AND RELATED PRODUCTION AND OPERATIONS MANAGERS",0.4796,0.6851,78,66
NUS-ISS,MARKET GARDENERS AND CROP GROWERS,0.4584,0.5628,78,12
NUS-ISS,MARKETING AND PUBLIC RELATIONS PROFESSIONALS,0.4946,0.7146,78,399
NUS-ISS,MATERIAL-RECORDING AND TRANSPORT CLERKS,0.4654,0.6441,78,122
NUS-ISS,"MATHEMATICIANS, ACTUARIES, STATISTICIANS AND RELATED PROFESSIONALS",0.5124,0.7774,78,67
NUS-ISS,MEDICAL AND PHARMACEUTICAL TECHNICIANS,0.4534,0.5535,78,55
NUS-ISS,MEDICAL DOCTORS,0.4497,0.5672,78,28
NUS-ISS,"METAL PROCESSING, FINISHING AND PRODUCTS PLANT OPERATORS",0.457,0.577,78,19
NUS-ISS,MOBILE MACHINERY OPERATORS,0.4467,0.5518,78,39
NUS-ISS,"MODELS, SALES DEMONSTRATORS AND RELATED SALES WORKERS",0.4725,0.6606,78,370
NUS-ISS,NUMERICAL CLERKS,0.4622,0.6253,78,346
NUS-ISS,NURSING ASSOCIATE PROFESSIONALS,0.4531,0.5471,78,36
NUS-ISS,NURSING PROFESSIONALS,0.4489,0.5648,78,227
NUS-ISS,OTHER CLERICAL SUPPORT WORKERS,0.4636,0.6008,78,16
NUS-ISS,OTHER CRAFT AND RELATED WORKERS,0.4433,0.5832,78,18
NUS-ISS,OTHER HEALTH ASSOCIATE PROFESSIONALS,0.4583,0.6002,78,69
NUS-ISS,OTHER HEALTH PROFESSIONALS,0.4633,0.6053,78,127
NUS-ISS,OTHER SERVICES MANAGERS,0.5007,0.6874,78,216
NUS-ISS,OTHER STATIONARY PLANT AND MACHINE OPERATORS,0.452,0.6322,78,12
NUS-ISS,OTHER TEACHING PROFESSIONALS,0.4878,0.6774,78,35
NUS-ISS,"PAINTERS, BUILDING STRUCTURE CLEANERS AND RELATED WORKERS",0.4589,0.54,78,7
NUS-ISS,PERSONAL SERVICES WORKERS NOT ELSEWHERE CLASSIFIED,0.4538,0.5899,78,24
NUS-ISS,PHYSICAL AND EARTH SCIENCE PROFESSIONALS,0.4751,0.5916,78,7
NUS-ISS,PHYSICAL AND ENGINEERING SCIENCE TECHNICIANS I,0.4823,0.6964,78,364
NUS-ISS,PHYSICAL AND ENGINEERING SCIENCE TECHNICIANS II (Cont’d),0.467,0.6259,78,32
NUS-ISS,"PORTERS, ATTENDANTS AND RELATED WORKERS",0.4443,0.5881,78,70
NUS-ISS,PREMISES AND PARKS OFFICERS,0.4677,0.6033,78,71
NUS-ISS,PRESCHOOL EDUCATION TEACHERS,0.4731,0.5975,78,267
NUS-ISS,PRIMARY EDUCATION TEACHERS,0.4663,0.5843,78,20
NUS-ISS,PRINTING TRADES WORKERS,0.4267,0.483,78,1
NUS-ISS,PROCESS CONTROL TECHNICIANS,0.4418,0.5466,78,3
NUS-ISS,"PROFESSIONAL, FINANCIAL, COMMUNITY AND SOCIAL SERVICES MANAGERS",0.4732,0.6235,78,61
NUS-ISS,PROTECTIVE SERVICES WORKERS,0.4345,0.5653,78,68
NUS-ISS,RETAIL AND WHOLESALE TRADE MANAGERS,0.4919,0.6166,78,27
NUS-ISS,"RUBBER, PLASTIC AND PAPER PRODUCTS MACHINE OPERATORS",0.4587,0.5285,78,1
NUS-ISS,SALES AND RELATED ASSOCIATE PROFESSIONALS,0.4872,0.6892,78,1121
NUS-ISS,"SALES, MARKETING, DEVELOPMENT AND CUSTOMER SERVICE MANAGERS",0.4947,0.7178,78,1204
NUS-ISS,SECONDARY EDUCATION TEACHERS,0.4723,0.6467,78,24
NUS-ISS,SECRETARIES AND VERBATIM REPORTERS,0.4688,0.6163,78,40
NUS-ISS,"SHEET AND STRUCTURAL METAL WORKERS, MOULDERS AND WELDERS AND RELATED TRADES WORKERS",0.4659,0.5697,78,13
NUS-ISS,SHIP AND AIRCRAFT CONTROLLERS AND TECHNICIANS,0.4633,0.6032,78,28
NUS-ISS,SHIP AND AIRCRAFT RELATED PROFESSIONALS,0.4727,0.6322,78,22
NUS-ISS,SHIPS’ DECK CREW AND RELATED WORKERS,0.4517,0.5295,78,5
NUS-ISS,SHOP SALESPERSONS,0.4591,0.6772,78,232
NUS-ISS,SOCIAL SCIENCE RESEARCHERS AND PROFESSIONALS; RELIGIOUS PROFESSIONALS,0.4586,0.6508,78,68
NUS-ISS,SOFTWARE AND APPLICATIONS DEVELOPERS AND ANALYSTS,0.5311,0.7421,78,220
NUS-ISS,SPORTS AND FITNESS WORKERS,0.4668,0.5838,78,65
NUS-ISS,STATIONARY PLANT AND MACHINE SUPERVISORS AND GENERAL FOREMEN,0.4447,0.5233,78,1
NUS-ISS,SUPERVISORS AND GENERAL FOREMEN (BUILDING AND RELATED TRADES),0.471,0.6244,78,42
NUS-ISS,SUPERVISORS AND GENERAL FOREMEN (ELECTRICAL AND ELECTRONIC TRADES),0.475,0.5892,78,4
NUS-ISS,"SUPERVISORS AND GENERAL FOREMEN (FOOD PROCESSING, WOODWORKING, GARMENT, LEATHER AND RELATED TRADES)",0.4738,0.6234,78,141
NUS-ISS,SUPERVISORS AND GENERAL FOREMEN OF ASSEMBLERS AND QUALITY CHECKERS,0.4781,0.5747,78,1
NUS-ISS,TEACHING ASSOCIATE PROFESSIONALS NOT ELSEWHERE CLASSIFIED,0.472,0.6072,78,58
NUS-ISS,TELECOMMUNICATIONS AND BROADCASTING TECHNICIANS AND AUDIO-VISUAL OPERATORS,0.4531,0.5993,78,68
NUS-ISS,"TELLERS, MONEY COLLECTORS AND RELATED CLERKS",0.4644,0.6036,78,14
NUS-ISS,"TEXTILE, FUR AND LEATHER PRODUCTS MACHINE OPERATORS",0.4576,0.5219,78,10
NUS-ISS,TRADITIONAL AND COMPLEMENTARY MEDICINE PROFESSIONALS,0.4474,0.558,78,4
NUS-ISS,TRANSPORT AND STORAGE LABOURERS,0.4503,0.6001,78,180
NUS-ISS,TRANSPORT OPERATIONS PLANNERS AND EXECUTIVES,0.5049,0.6098,78,6
NUS-ISS,"TRAVEL ATTENDANTS, CONDUCTORS AND GUIDES",0.4702,0.6135,78,5
NUS-ISS,"UNIVERSITY, POLYTECHNIC AND HIGHER EDUCATION TEACHERS",0.4911,0.6426,78,32
NUS-ISS,"VEHICLE, WINDOW, LAUNDRY AND OTHER HAND CLEANING WORKERS",0.4387,0.5325,78,11
NUS-ISS,VETERINARIANS,0.4428,0.5418,78,8
NUS-ISS,VETERINARY TECHNICIANS AND ASSISTANTS,0.4503,0.5452,78,13
NUS-ISS,VOCATIONAL EDUCATION TEACHERS AND TRAINERS,0.5133,0.5992,78,2
NUS-ISS,WAITERS AND BARTENDERS,0.4511,0.5977,78,338
NUS-ISS,"WASTE COLLECTION, RECYCLING AND MATERIAL RECOVERY WORKERS",0.4504,0.5046,78,2
NUS-ISS,"WOOD TREATERS, CABINET MAKERS AND RELATED TRADES WORKERS",0.4483,0.5146,78,1
Non-Faculty-based Departments,ADMINISTRATION PROFESSIONALS,0.4787,0.7094,131,703
Non-Faculty-based Departments,ADMINISTRATIVE ASSOCIATE PROFESSIONALS,0.4583,0.6952,131,713
Non-Faculty-based Departments,"AGRICULTURAL, FISHERY AND RELATED LABOURERS",0.4431,0.5843,131,11
Non-Faculty-based Departments,"ARCHITECTS, PLANNERS, SURVEYORS AND DESIGNERS",0.4823,0.7262,131,80
Non-Faculty-based Departments,ARTISTIC AND CULTURAL ASSOCIATE PROFESSIONALS,0.4515,0.7108,131,173
Non-Faculty-based Departments,"ASSEMBLERS, QUALITY CHECKERS AND TESTERS",0.4544,0.5717,131,7
Non-Faculty-based Departments,ASSISTANT ENGINEERS,0.4653,0.6256,131,46
Non-Faculty-based Departments,"AUTHORS, JOURNALISTS AND EDITORS",0.4917,0.6497,131,19
Non-Faculty-based Departments,"BLACKSMITHS, TOOLMAKERS AND RELATED TRADES WORKERS",0.4675,0.5814,131,1
Non-Faculty-based Departments,"BOOKMAKERS, CROUPIERS AND RELATED GAMING WORKERS",0.4495,0.5772,131,3
Non-Faculty-based Departments,BUILDING FINISHERS AND RELATED TRADES WORKERS,0.424,0.578,131,24
Non-Faculty-based Departments,BUILDING FRAME AND RELATED TRADES WORKERS,0.4338,0.5651,131,29
Non-Faculty-based Departments,"BUILDING, QUALITY AND SAFETY INSPECTORS",0.457,0.6128,131,25
Non-Faculty-based Departments,BUSINESS SERVICES AGENTS,0.4875,0.6867,131,108
Non-Faculty-based Departments,BUSINESS SERVICES AND ADMINISTRATION MANAGERS,0.4608,0.6794,131,148
Non-Faculty-based Departments,CAR AND LIGHT GOODS VEHICLE DRIVERS,0.4511,0.5872,131,93
Non-Faculty-based Departments,CASHIERS AND TICKET CLERKS,0.4347,0.5789,131,40
Non-Faculty-based Departments,CHILD CARE WORKERS AND TEACHER AIDES,0.4815,0.6579,131,111
Non-Faculty-based Departments,"CLEANERS AND HELPERS IN HOTELS, OFFICES AND OTHER ESTABLISHMENTS",0.4416,0.5996,131,119
Non-Faculty-based Departments,CLEANING SUPERVISORS,0.4429,0.5899,131,13
Non-Faculty-based Departments,CLERICAL SUPERVISORS,0.4441,0.6127,131,9
Non-Faculty-based Departments,CLIENT INFORMATION CLERKS,0.4608,0.6657,131,552
Non-Faculty-based Departments,CONSTRUCTION LABOURERS AND RELATED WORKERS,0.4828,0.6099,131,1
Non-Faculty-based Departments,COOKS,0.4432,0.6112,131,81
Non-Faculty-based Departments,CREATIVE AND PERFORMING ARTISTS,0.4652,0.6994,131,25
Non-Faculty-based Departments,"DATABASE, NETWORK, INFRASTRUCTURE AND CYBERSECURITY PROFESSIONALS",0.466,0.6418,131,105
Non-Faculty-based Departments,DOMESTIC HELPERS AND CLEANERS,0.4421,0.5699,131,2
Non-Faculty-based Departments,ELECTRICAL EQUIPMENT RELATED TRADES WORKERS,0.4407,0.5848,131,18
Non-Faculty-based Departments,ENGINEERING PROFESSIONALS I,0.4698,0.7234,131,861
Non-Faculty-based Departments,ENGINEERING PROFESSIONALS II (Cont’d),0.4707,0.7012,131,248
Non-Faculty-based Departments,EXTRACURRICULUM INSTRUCTORS,0.4865,0.647,131,91
Non-Faculty-based Departments,FINANCE PROFESSIONALS,0.4662,0.6966,131,269
Non-Faculty-based Departments,FINANCIAL AND MATHEMATICAL ASSOCIATE PROFESSIONALS,0.4435,0.6296,131,130
Non-Faculty-based Departments,FOOD AND RELATED PRODUCTS MACHINE OPERATORS,0.4392,0.5875,131,3
Non-Faculty-based Departments,FOOD PREPARATION AND KITCHEN ASSISTANTS,0.4339,0.6018,131,87
Non-Faculty-based Departments,FOOD PROCESSING AND RELATED TRADES WORKERS,0.443,0.5829,131,28
Non-Faculty-based Departments,"GARMENT, LEATHER AND RELATED TRADES WORKERS",0.4488,0.5722,131,4
Non-Faculty-based Departments,GENERAL OFFICE CLERKS,0.4585,0.6929,131,532
Non-Faculty-based Departments,GOVERNMENT ASSOCIATE PROFESSIONALS,0.4453,0.5828,131,6
Non-Faculty-based Departments,"HAIRDRESSERS, BEAUTICIANS AND RELATED WORKERS",0.4503,0.5895,131,86
Non-Faculty-based Departments,HANDICRAFT AND PRECISION WORKERS,0.4404,0.6012,131,10
Non-Faculty-based Departments,HEALTHCARE ASSISTANTS AND RELATED PERSONAL CARE WORKERS,0.45,0.6134,131,125
Non-Faculty-based Departments,HEAVY TRUCK AND BUS DRIVERS,0.4494,0.5838,131,146
Non-Faculty-based Departments,HOTEL AND FOOD AND BEVERAGES SERVICES MANAGERS,0.4373,0.5699,131,53
Non-Faculty-based Departments,HOUSEKEEPERS AND RELATED WORKERS,0.4272,0.6003,131,31
Non-Faculty-based Departments,INFORMATION AND COMMUNICATIONS TECHNOLOGY OPERATORS AND TECHNICIANS,0.4592,0.6518,131,90
Non-Faculty-based Departments,INFORMATION AND COMMUNICATIONS TECHNOLOGY SERVICE MANAGERS,0.4723,0.648,131,47
Non-Faculty-based Departments,JUNIOR COLLEGE AND PRE-UNIVERSITY EDUCATION TEACHERS,0.4908,0.6172,131,2
Non-Faculty-based Departments,KEYBOARD OPERATORS,0.4437,0.6437,131,15
Non-Faculty-based Departments,LEGAL AND SOCIAL ASSOCIATE PROFESSIONALS,0.4761,0.7041,131,37
Non-Faculty-based Departments,LEGAL PROFESSIONALS,0.4821,0.6639,131,35
Non-Faculty-based Departments,LEGISLATORS AND SENIOR OFFICIALS,0.4567,0.6523,131,42
Non-Faculty-based Departments,"LIBRARIANS, ARCHIVISTS AND CURATORS",0.4798,0.6429,131,5
Non-Faculty-based Departments,LIFE SCIENCE PROFESSIONALS,0.4762,0.6882,131,36
Non-Faculty-based Departments,LIFE SCIENCE TECHNICIANS AND RELATED ASSOCIATE PROFESSIONALS,0.4698,0.6298,131,15
Non-Faculty-based Departments,"MACHINERY MECHANICS, FITTERS AND REPAIRERS",0.4406,0.5838,131,20
Non-Faculty-based Departments,"MANAGING DIRECTORS, CHIEF EXECUTIVES AND GENERAL MANAGERS",0.4546,0.6485,131,45
Non-Faculty-based Departments,MANUFACTURING LABOURERS AND RELATED WORKERS,0.4359,0.6025,131,20
Non-Faculty-based Departments,"MANUFACTURING, CONSTRUCTION, TRANSPORT, DISTRIBUTION AND RELATED PRODUCTION AND OPERATIONS MANAGERS",0.4534,0.6344,131,66
Non-Faculty-based Departments,MARKET GARDENERS AND CROP GROWERS,0.4544,0.578,131,12
Non-Faculty-based Departments,MARKETING AND PUBLIC RELATIONS PROFESSIONALS,0.4876,0.7061,131,399
Non-Faculty-based Departments,MATERIAL-RECORDING AND TRANSPORT CLERKS,0.4499,0.6408,131,122
Non-Faculty-based Departments,"MATHEMATICIANS, ACTUARIES, STATISTICIANS AND RELATED PROFESSIONALS",0.4797,0.6595,131,67
Non-Faculty-based Departments,MEDICAL AND PHARMACEUTICAL TECHNICIANS,0.4474,0.628,131,55
Non-Faculty-based Departments,MEDICAL DOCTORS,0.463,0.6213,131,28
Non-Faculty-based Departments,"METAL PROCESSING, FINISHING AND PRODUCTS PLANT OPERATORS",0.4493,0.6093,131,19
Non-Faculty-based Departments,MOBILE MACHINERY OPERATORS,0.4387,0.5813,131,39
Non-Faculty-based Departments,"MODELS, SALES DEMONSTRATORS AND RELATED SALES WORKERS",0.4765,0.697,131,370
Non-Faculty-based Departments,NUMERICAL CLERKS,0.4477,0.6774,131,346
Non-Faculty-based Departments,NURSING ASSOCIATE PROFESSIONALS,0.4632,0.6074,131,36
Non-Faculty-based Departments,NURSING PROFESSIONALS,0.4525,0.6251,131,227
Non-Faculty-based Departments,OTHER CLERICAL SUPPORT WORKERS,0.4617,0.6372,131,16
Non-Faculty-based Departments,OTHER CRAFT AND RELATED WORKERS,0.4375,0.5673,131,18
Non-Faculty-based Departments,OTHER HEALTH ASSOCIATE PROFESSIONALS,0.4527,0.6671,131,69
Non-Faculty-based Departments,OTHER HEALTH PROFESSIONALS,0.4667,0.6491,131,127
Non-Faculty-based Departments,OTHER SERVICES MANAGERS,0.5149,0.693,131,216
Non-Faculty-based Departments,OTHER STATIONARY PLANT AND MACHINE OPERATORS,0.4447,0.6006,131,12
Non-Faculty-based Departments,OTHER TEACHING PROFESSIONALS,0.4918,0.6637,131,35
Non-Faculty-based Departments,"PAINTERS, BUILDING STRUCTURE CLEANERS AND RELATED WORKERS",0.4343,0.5532,131,7
Non-Faculty-based Departments,PERSONAL SERVICES WORKERS NOT ELSEWHERE CLASSIFIED,0.4463,0.5987,131,24
Non-Faculty-based Departments,PHYSICAL AND EARTH SCIENCE PROFESSIONALS,0.4595,0.5867,131,7
Non-Faculty-based Departments,PHYSICAL AND ENGINEERING SCIENCE TECHNICIANS I,0.4637,0.6549,131,364
Non-Faculty-based Departments,PHYSICAL AND ENGINEERING SCIENCE TECHNICIANS II (Cont’d),0.4502,0.6074,131,32
Non-Faculty-based Departments,"PORTERS, ATTENDANTS AND RELATED WORKERS",0.4444,0.6722,131,70
Non-Faculty-based Departments,PREMISES AND PARKS OFFICERS,0.4487,0.6449,131,71
Non-Faculty-based Departments,PRESCHOOL EDUCATION TEACHERS,0.4899,0.643,131,267
Non-Faculty-based Departments,PRIMARY EDUCATION TEACHERS,0.4863,0.6417,131,20
Non-Faculty-based Departments,PRINTING TRADES WORKERS,0.4182,0.5332,131,1
Non-Faculty-based Departments,PROCESS CONTROL TECHNICIANS,0.4448,0.5929,131,3
Non-Faculty-based Departments,"PROFESSIONAL, FINANCIAL, COMMUNITY AND SOCIAL SERVICES MANAGERS",0.4762,0.6896,131,61
Non-Faculty-based Departments,PROTECTIVE SERVICES WORKERS,0.4272,0.5891,131,68
Non-Faculty-based Departments,RETAIL AND WHOLESALE TRADE MANAGERS,0.4836,0.651,131,27
Non-Faculty-based Departments,"RUBBER, PLASTIC AND PAPER PRODUCTS MACHINE OPERATORS",0.4643,0.588,131,1
Non-Faculty-based Departments,SALES AND RELATED ASSOCIATE PROFESSIONALS,0.491,0.721,131,1121
Non-Faculty-based Departments,"SALES, MARKETING, DEVELOPMENT AND CUSTOMER SERVICE MANAGERS",0.5052,0.6967,131,1204
Non-Faculty-based Departments,SECONDARY EDUCATION TEACHERS,0.4905,0.6586,131,24
Non-Faculty-based Departments,SECRETARIES AND VERBATIM REPORTERS,0.4584,0.6994,131,40
Non-Faculty-based Departments,"SHEET AND STRUCTURAL METAL WORKERS, MOULDERS AND WELDERS AND RELATED TRADES WORKERS",0.4439,0.5801,131,13
Non-Faculty-based Departments,SHIP AND AIRCRAFT CONTROLLERS AND TECHNICIANS,0.4451,0.6041,131,28
Non-Faculty-based Departments,SHIP AND AIRCRAFT RELATED PROFESSIONALS,0.4463,0.6573,131,22
Non-Faculty-based Departments,SHIPS’ DECK CREW AND RELATED WORKERS,0.4522,0.5933,131,5
Non-Faculty-based Departments,SHOP SALESPERSONS,0.4588,0.6735,131,232
Non-Faculty-based Departments,SOCIAL SCIENCE RESEARCHERS AND PROFESSIONALS; RELIGIOUS PROFESSIONALS,0.4768,0.7004,131,68
Non-Faculty-based Departments,SOFTWARE AND APPLICATIONS DEVELOPERS AND ANALYSTS,0.483,0.68,131,220
Non-Faculty-based Departments,SPORTS AND FITNESS WORKERS,0.4766,0.6577,131,65
Non-Faculty-based Departments,STATIONARY PLANT AND MACHINE SUPERVISORS AND GENERAL FOREMEN,0.455,0.6101,131,1
Non-Faculty-based Departments,SUPERVISORS AND GENERAL FOREMEN (BUILDING AND RELATED TRADES),0.4408,0.6138,131,42
Non-Faculty-based Departments,SUPERVISORS AND GENERAL FOREMEN (ELECTRICAL AND ELECTRONIC TRADES),0.4463,0.557,131,4
Non-Faculty-based Departments,"SUPERVISORS AND GENERAL FOREMEN (FOOD PROCESSING, WOODWORKING, GARMENT, LEATHER AND RELATED TRADES)",0.4507,0.6238,131,141
Non-Faculty-based Departments,SUPERVISORS AND GENERAL FOREMEN OF ASSEMBLERS AND QUALITY CHECKERS,0.4684,0.6161,131,1
Non-Faculty-based Departments,TEACHING ASSOCIATE PROFESSIONALS NOT ELSEWHERE CLASSIFIED,0.4964,0.6569,131,58
Non-Faculty-based Departments,TELECOMMUNICATIONS AND BROADCASTING TECHNICIANS AND AUDIO-VISUAL OPERATORS,0.4536,0.6389,131,68
Non-Faculty-based Departments,"TELLERS, MONEY COLLECTORS AND RELATED CLERKS",0.4611,0.6052,131,14
Non-Faculty-based Departments,"TEXTILE, FUR AND LEATHER PRODUCTS MACHINE OPERATORS",0.4578,0.561,131,10
Non-Faculty-based Departments,TRADITIONAL AND COMPLEMENTARY MEDICINE PROFESSIONALS,0.4492,0.5624,131,4
Non-Faculty-based Departments,TRANSPORT AND STORAGE LABOURERS,0.4361,0.6143,131,180
Non-Faculty-based Departments,TRANSPORT OPERATIONS PLANNERS AND EXECUTIVES,0.4641,0.5692,131,6
Non-Faculty-based Departments,"TRAVEL ATTENDANTS, CONDUCTORS AND GUIDES",0.4915,0.6559,131,5
Non-Faculty-based Departments,"UNIVERSITY, POLYTECHNIC AND HIGHER EDUCATION TEACHERS",0.5123,0.6484,131,32
Non-Faculty-based Departments,"VEHICLE, WINDOW, LAUNDRY AND OTHER HAND CLEANING WORKERS",0.4364,0.5627,131,11
Non-Faculty-based Departments,VETERINARIANS,0.4564,0.5691,131,8
Non-Faculty-based Departments,VETERINARY TECHNICIANS AND ASSISTANTS,0.4514,0.5755,131,13
Non-Faculty-based Departments,VOCATIONAL EDUCATION TEACHERS AND TRAINERS,0.4885,0.5872,131,2
Non-Faculty-based Departments,WAITERS AND BARTENDERS,0.448,0.6503,131,338
Non-Faculty-based Departments,"WASTE COLLECTION, RECYCLING AND MATERIAL RECOVERY WORKERS",0.4426,0.5798,131,2
Non-Faculty-based Departments,"WOOD TREATERS, CABINET MAKERS AND RELATED TRADES WORKERS",0.4525,0.5567,131,1
Residential College,ADMINISTRATION PROFESSIONALS,0.4741,0.7267,245,703
Residential College,ADMINISTRATIVE ASSOCIATE PROFESSIONALS,0.4582,0.7259,245,713
Residential College,"AGRICULTURAL, FISHERY AND RELATED LABOURERS",0.4785,0.62,245,11
Residential College,"ARCHITECTS, PLANNERS, SURVEYORS AND DESIGNERS",0.4714,0.6844,245,80
Residential College,ARTISTIC AND CULTURAL ASSOCIATE PROFESSIONALS,0.4555,0.676,245,173
Residential College,"ASSEMBLERS, QUALITY CHECKERS AND TESTERS",0.4566,0.5989,245,7
Residential College,ASSISTANT ENGINEERS,0.4689,0.612,245,46
Residential College,"AUTHORS, JOURNALISTS AND EDITORS",0.4824,0.6837,245,19
Residential College,"BLACKSMITHS, TOOLMAKERS AND RELATED TRADES WORKERS",0.4568,0.5554,245,1
Residential College,"BOOKMAKERS, CROUPIERS AND RELATED GAMING WORKERS",0.4512,0.5899,245,3
Residential College,BUILDING FINISHERS AND RELATED TRADES WORKERS,0.415,0.6552,245,24
Residential College,BUILDING FRAME AND RELATED TRADES WORKERS,0.4215,0.5967,245,29
Residential College,"BUILDING, QUALITY AND SAFETY INSPECTORS",0.4709,0.6195,245,25
Residential College,BUSINESS SERVICES AGENTS,0.4764,0.6925,245,108
Residential College,BUSINESS SERVICES AND ADMINISTRATION MANAGERS,0.4593,0.7132,245,148
Residential College,CAR AND LIGHT GOODS VEHICLE DRIVERS,0.4611,0.6273,245,93
Residential College,CASHIERS AND TICKET CLERKS,0.4465,0.6271,245,40
Residential College,CHILD CARE WORKERS AND TEACHER AIDES,0.4964,0.7055,245,111
Residential College,"CLEANERS AND HELPERS IN HOTELS, OFFICES AND OTHER ESTABLISHMENTS",0.4548,0.655,245,119
Residential College,CLEANING SUPERVISORS,0.4404,0.5894,245,13
Residential College,CLERICAL SUPERVISORS,0.4408,0.6293,245,9
Residential College,CLIENT INFORMATION CLERKS,0.4637,0.7048,245,552
Residential College,CONSTRUCTION LABOURERS AND RELATED WORKERS,0.4857,0.5923,245,1
Residential College,COOKS,0.4574,0.6555,245,81
Residential College,CREATIVE AND PERFORMING ARTISTS,0.4488,0.647,245,25
Residential College,"DATABASE, NETWORK, INFRASTRUCTURE AND CYBERSECURITY PROFESSIONALS",0.4684,0.6506,245,105
Residential College,DOMESTIC HELPERS AND CLEANERS,0.465,0.6228,245,2
Residential College,ELECTRICAL EQUIPMENT RELATED TRADES WORKERS,0.4467,0.6025,245,18
Residential College,ENGINEERING PROFESSIONALS I,0.4675,0.6922,245,861
Residential College,ENGINEERING PROFESSIONALS II (Cont’d),0.4705,0.6869,245,248
Residential College,EXTRACURRICULUM INSTRUCTORS,0.4926,0.6502,245,91
Residential College,FINANCE PROFESSIONALS,0.4606,0.6614,245,269
Residential College,FINANCIAL AND MATHEMATICAL ASSOCIATE PROFESSIONALS,0.4441,0.629,245,130
Residential College,FOOD AND RELATED PRODUCTS MACHINE OPERATORS,0.4441,0.5681,245,3
Residential College,FOOD PREPARATION AND KITCHEN ASSISTANTS,0.4502,0.6423,245,87
Residential College,FOOD PROCESSING AND RELATED TRADES WORKERS,0.4563,0.6131,245,28
Residential College,"GARMENT, LEATHER AND RELATED TRADES WORKERS",0.4565,0.5752,245,4
Residential College,GENERAL OFFICE CLERKS,0.4573,0.6575,245,532
Residential College,GOVERNMENT ASSOCIATE PROFESSIONALS,0.4493,0.5871,245,6
Residential College,"HAIRDRESSERS, BEAUTICIANS AND RELATED WORKERS",0.4484,0.6049,245,86
Residential College,HANDICRAFT AND PRECISION WORKERS,0.4436,0.5922,245,10
Residential College,HEALTHCARE ASSISTANTS AND RELATED PERSONAL CARE WORKERS,0.4669,0.689,245,125
Residential College,HEAVY TRUCK AND BUS DRIVERS,0.4537,0.6164,245,146
Residential College,HOTEL AND FOOD AND BEVERAGES SERVICES MANAGERS,0.4408,0.631,245,53
Residential College,HOUSEKEEPERS AND RELATED WORKERS,0.4414,0.662,245,31
Residential College,INFORMATION AND COMMUNICATIONS TECHNOLOGY OPERATORS AND TECHNICIANS,0.4593,0.6536,245,90
Residential College,INFORMATION AND COMMUNICATIONS TECHNOLOGY SERVICE MANAGERS,0.4695,0.6863,245,47
Residential College,JUNIOR COLLEGE AND PRE-UNIVERSITY EDUCATION TEACHERS,0.4903,0.6066,245,2
Residential College,KEYBOARD OPERATORS,0.4378,0.5834,245,15
Residential College,LEGAL AND SOCIAL ASSOCIATE PROFESSIONALS,0.4832,0.6793,245,37
Residential College,LEGAL PROFESSIONALS,0.4864,0.6466,245,35
Residential College,LEGISLATORS AND SENIOR OFFICIALS,0.4559,0.6379,245,42
Residential College,"LIBRARIANS, ARCHIVISTS AND CURATORS",0.4941,0.6635,245,5
Residential College,LIFE SCIENCE PROFESSIONALS,0.4882,0.7134,245,36
Residential College,LIFE SCIENCE TECHNICIANS AND RELATED ASSOCIATE PROFESSIONALS,0.4743,0.6447,245,15
Residential College,"MACHINERY MECHANICS, FITTERS AND REPAIRERS",0.4506,0.5835,245,20
Residential College,"MANAGING DIRECTORS, CHIEF EXECUTIVES AND GENERAL MANAGERS",0.4575,0.6494,245,45
Residential College,MANUFACTURING LABOURERS AND RELATED WORKERS,0.4359,0.6009,245,20
Residential College,"MANUFACTURING, CONSTRUCTION, TRANSPORT, DISTRIBUTION AND RELATED PRODUCTION AND OPERATIONS MANAGERS",0.4545,0.612,245,66
Residential College,MARKET GARDENERS AND CROP GROWERS,0.4828,0.6181,245,12
Residential College,MARKETING AND PUBLIC RELATIONS PROFESSIONALS,0.4766,0.7063,245,399
Residential College,MATERIAL-RECORDING AND TRANSPORT CLERKS,0.4506,0.635,245,122
Residential College,"MATHEMATICIANS, ACTUARIES, STATISTICIANS AND RELATED PROFESSIONALS",0.4795,0.6844,245,67
Residential College,MEDICAL AND PHARMACEUTICAL TECHNICIANS,0.4563,0.6337,245,55
Residential College,MEDICAL DOCTORS,0.4858,0.6733,245,28
Residential College,"METAL PROCESSING, FINISHING AND PRODUCTS PLANT OPERATORS",0.449,0.5791,245,19
Residential College,MOBILE MACHINERY OPERATORS,0.4383,0.6138,245,39
Residential College,"MODELS, SALES DEMONSTRATORS AND RELATED SALES WORKERS",0.4663,0.6631,245,370
Residential College,NUMERICAL CLERKS,0.4486,0.6631,245,346
Residential College,NURSING ASSOCIATE PROFESSIONALS,0.4669,0.6395,245,36
Residential College,NURSING PROFESSIONALS,0.4657,0.6877,245,227
Residential College,OTHER CLERICAL SUPPORT WORKERS,0.455,0.5997,245,16
Residential College,OTHER CRAFT AND RELATED WORKERS,0.4485,0.6244,245,18
Residential College,OTHER HEALTH ASSOCIATE PROFESSIONALS,0.4576,0.6711,245,69
Residential College,OTHER HEALTH PROFESSIONALS,0.4784,0.7,245,127
Residential College,OTHER SERVICES MANAGERS,0.4994,0.7341,245,216
Residential College,OTHER STATIONARY PLANT AND MACHINE OPERATORS,0.4535,0.6381,245,12
Residential College,OTHER TEACHING PROFESSIONALS,0.4963,0.717,245,35
Residential College,"PAINTERS, BUILDING STRUCTURE CLEANERS AND RELATED WORKERS",0.4315,0.5763,245,7
Residential College,PERSONAL SERVICES WORKERS NOT ELSEWHERE CLASSIFIED,0.4524,0.6099,245,24
Residential College,PHYSICAL AND EARTH SCIENCE PROFESSIONALS,0.4634,0.5791,245,7
Residential College,PHYSICAL AND ENGINEERING SCIENCE TECHNICIANS I,0.4663,0.6438,245,364
Residential College,PHYSICAL AND ENGINEERING SCIENCE TECHNICIANS II (Cont’d),0.4549,0.6207,245,32
Residential College,"PORTERS, ATTENDANTS AND RELATED WORKERS",0.4573,0.6637,245,70
Residential College,PREMISES AND PARKS OFFICERS,0.4587,0.6359,245,71
Residential College,PRESCHOOL EDUCATION TEACHERS,0.4969,0.6642,245,267
Residential College,PRIMARY EDUCATION TEACHERS,0.4991,0.6556,245,20
Residential College,PRINTING TRADES WORKERS,0.4199,0.5576,245,1
Residential College,PROCESS CONTROL TECHNICIANS,0.4606,0.6022,245,3
Residential College,"PROFESSIONAL, FINANCIAL, COMMUNITY AND SOCIAL SERVICES MANAGERS",0.4804,0.6958,245,61
Residential College,PROTECTIVE SERVICES WORKERS,0.4466,0.6401,245,68
Residential College,RETAIL AND WHOLESALE TRADE MANAGERS,0.4774,0.621,245,27
Residential College,"RUBBER, PLASTIC AND PAPER PRODUCTS MACHINE OPERATORS",0.4638,0.5687,245,1
Residential College,SALES AND RELATED ASSOCIATE PROFESSIONALS,0.4742,0.6918,245,1121
Residential College,"SALES, MARKETING, DEVELOPMENT AND CUSTOMER SERVICE MANAGERS",0.492,0.7147,245,1204
Residential College,SECONDARY EDUCATION TEACHERS,0.4974,0.6444,245,24
Residential College,SECRETARIES AND VERBATIM REPORTERS,0.4539,0.6236,245,40
Residential College,"SHEET AND STRUCTURAL METAL WORKERS, MOULDERS AND WELDERS AND RELATED TRADES WORKERS",0.4391,0.6049,245,13
Residential College,SHIP AND AIRCRAFT CONTROLLERS AND TECHNICIANS,0.446,0.5902,245,28
Residential College,SHIP AND AIRCRAFT RELATED PROFESSIONALS,0.4512,0.6247,245,22
Residential College,SHIPS’ DECK CREW AND RELATED WORKERS,0.4553,0.6165,245,5
Residential College,SHOP SALESPERSONS,0.4601,0.668,245,232
Residential College,SOCIAL SCIENCE RESEARCHERS AND PROFESSIONALS; RELIGIOUS PROFESSIONALS,0.4974,0.6967,245,68
Residential College,SOFTWARE AND APPLICATIONS DEVELOPERS AND ANALYSTS,0.479,0.6915,245,220
Residential College,SPORTS AND FITNESS WORKERS,0.4814,0.6719,245,65
Residential College,STATIONARY PLANT AND MACHINE SUPERVISORS AND GENERAL FOREMEN,0.4545,0.5379,245,1
Residential College,SUPERVISORS AND GENERAL FOREMEN (BUILDING AND RELATED TRADES),0.4382,0.6125,245,42
Residential College,SUPERVISORS AND GENERAL FOREMEN (ELECTRICAL AND ELECTRONIC TRADES),0.4462,0.595,245,4
Residential College,"SUPERVISORS AND GENERAL FOREMEN (FOOD PROCESSING, WOODWORKING, GARMENT, LEATHER AND RELATED TRADES)",0.45,0.6582,245,141
Residential College,SUPERVISORS AND GENERAL FOREMEN OF ASSEMBLERS AND QUALITY CHECKERS,0.4604,0.5605,245,1
Residential College,TEACHING ASSOCIATE PROFESSIONALS NOT ELSEWHERE CLASSIFIED,0.5063,0.678,245,58
Residential College,TELECOMMUNICATIONS AND BROADCASTING TECHNICIANS AND AUDIO-VISUAL OPERATORS,0.4564,0.6101,245,68
Residential College,"TELLERS, MONEY COLLECTORS AND RELATED CLERKS",0.4593,0.6609,245,14
Residential College,"TEXTILE, FUR AND LEATHER PRODUCTS MACHINE OPERATORS",0.4579,0.5495,245,10
Residential College,TRADITIONAL AND COMPLEMENTARY MEDICINE PROFESSIONALS,0.4571,0.5917,245,4
Residential College,TRANSPORT AND STORAGE LABOURERS,0.4398,0.6252,245,180
Residential College,TRANSPORT OPERATIONS PLANNERS AND EXECUTIVES,0.465,0.5646,245,6
Residential College,"TRAVEL ATTENDANTS, CONDUCTORS AND GUIDES",0.5119,0.6792,245,5
Residential College,"UNIVERSITY, POLYTECHNIC AND HIGHER EDUCATION TEACHERS",0.5254,0.7006,245,32
Residential College,"VEHICLE, WINDOW, LAUNDRY AND OTHER HAND CLEANING WORKERS",0.4497,0.5958,245,11
Residential College,VETERINARIANS,0.4648,0.6027,245,8
Residential College,VETERINARY TECHNICIANS AND ASSISTANTS,0.4612,0.6229,245,13
Residential College,VOCATIONAL EDUCATION TEACHERS AND TRAINERS,0.482,0.6365,245,2
Residential College,WAITERS AND BARTENDERS,0.4561,0.6678,245,338
Residential College,"WASTE COLLECTION, RECYCLING AND MATERIAL RECOVERY WORKERS",0.4698,0.6504,245,2
Residential College,"WOOD TREATERS, CABINET MAKERS AND RELATED TRADES WORKERS",0.4618,0.5479,245,1
Risk Management Institute,ADMINISTRATION PROFESSIONALS,0.4804,0.6661,25,703
Risk Management Institute,ADMINISTRATIVE ASSOCIATE PROFESSIONALS,0.474,0.7019,25,713
Risk Management Institute,"AGRICULTURAL, FISHERY AND RELATED LABOURERS",0.4367,0.5039,25,11
Risk Management Institute,"ARCHITECTS, PLANNERS, SURVEYORS AND DESIGNERS",0.472,0.5873,25,80
Risk Management Institute,ARTISTIC AND CULTURAL ASSOCIATE PROFESSIONALS,0.4379,0.6018,25,173
Risk Management Institute,"ASSEMBLERS, QUALITY CHECKERS AND TESTERS",0.4578,0.5509,25,7
Risk Management Institute,ASSISTANT ENGINEERS,0.4902,0.5907,25,46
Risk Management Institute,"AUTHORS, JOURNALISTS AND EDITORS",0.4727,0.6145,25,19
Risk Management Institute,"BLACKSMITHS, TOOLMAKERS AND RELATED TRADES WORKERS",0.4692,0.519,25,1
Risk Management Institute,"BOOKMAKERS, CROUPIERS AND RELATED GAMING WORKERS",0.4641,0.5306,25,3
Risk Management Institute,BUILDING FINISHERS AND RELATED TRADES WORKERS,0.4192,0.5702,25,24
Risk Management Institute,BUILDING FRAME AND RELATED TRADES WORKERS,0.4307,0.5372,25,29
Risk Management Institute,"BUILDING, QUALITY AND SAFETY INSPECTORS",0.4579,0.6521,25,25
Risk Management Institute,BUSINESS SERVICES AGENTS,0.4662,0.5899,25,108
Risk Management Institute,BUSINESS SERVICES AND ADMINISTRATION MANAGERS,0.4689,0.6521,25,148
Risk Management Institute,CAR AND LIGHT GOODS VEHICLE DRIVERS,0.4458,0.5411,25,93
Risk Management Institute,CASHIERS AND TICKET CLERKS,0.4481,0.5776,25,40
Risk Management Institute,CHILD CARE WORKERS AND TEACHER AIDES,0.4535,0.6021,25,111
Risk Management Institute,"CLEANERS AND HELPERS IN HOTELS, OFFICES AND OTHER ESTABLISHMENTS",0.4228,0.5336,25,119
Risk Management Institute,CLEANING SUPERVISORS,0.4288,0.5379,25,13
Risk Management Institute,CLERICAL SUPERVISORS,0.4579,0.5749,25,9
Risk Management Institute,CLIENT INFORMATION CLERKS,0.4595,0.6106,25,552
Risk Management Institute,CONSTRUCTION LABOURERS AND RELATED WORKERS,0.4778,0.5267,25,1
Risk Management Institute,COOKS,0.43,0.5465,25,81
Risk Management Institute,CREATIVE AND PERFORMING ARTISTS,0.4422,0.5893,25,25
Risk Management Institute,"DATABASE, NETWORK, INFRASTRUCTURE AND CYBERSECURITY PROFESSIONALS",0.4843,0.6157,25,105
Risk Management Institute,DOMESTIC HELPERS AND CLEANERS,0.4341,0.4861,25,2
Risk Management Institute,ELECTRICAL EQUIPMENT RELATED TRADES WORKERS,0.4493,0.5618,25,18
Risk Management Institute,ENGINEERING PROFESSIONALS I,0.5017,0.7053,25,861
Risk Management Institute,ENGINEERING PROFESSIONALS II (Cont’d),0.4931,0.6599,25,248
Risk Management Institute,EXTRACURRICULUM INSTRUCTORS,0.4707,0.585,25,91
Risk Management Institute,FINANCE PROFESSIONALS,0.5181,0.696,25,269
Risk Management Institute,FINANCIAL AND MATHEMATICAL ASSOCIATE PROFESSIONALS,0.4855,0.6232,25,130
Risk Management Institute,FOOD AND RELATED PRODUCTS MACHINE OPERATORS,0.4344,0.4871,25,3
Risk Management Institute,FOOD PREPARATION AND KITCHEN ASSISTANTS,0.4284,0.5438,25,87
Risk Management Institute,FOOD PROCESSING AND RELATED TRADES WORKERS,0.4343,0.5246,25,28
Risk Management Institute,"GARMENT, LEATHER AND RELATED TRADES WORKERS",0.4518,0.542,25,4
Risk Management Institute,GENERAL OFFICE CLERKS,0.4631,0.6307,25,532
Risk Management Institute,GOVERNMENT ASSOCIATE PROFESSIONALS,0.46,0.5591,25,6
Risk Management Institute,"HAIRDRESSERS, BEAUTICIANS AND RELATED WORKERS",0.432,0.5297,25,86
Risk Management Institute,HANDICRAFT AND PRECISION WORKERS,0.4456,0.5415,25,10
Risk Management Institute,HEALTHCARE ASSISTANTS AND RELATED PERSONAL CARE WORKERS,0.4374,0.5388,25,125
Risk Management Institute,HEAVY TRUCK AND BUS DRIVERS,0.4452,0.5323,25,146
Risk Management Institute,HOTEL AND FOOD AND BEVERAGES SERVICES MANAGERS,0.4473,0.551,25,53
Risk Management Institute,HOUSEKEEPERS AND RELATED WORKERS,0.422,0.5443,25,31
Risk Management Institute,INFORMATION AND COMMUNICATIONS TECHNOLOGY OPERATORS AND TECHNICIANS,0.4672,0.6024,25,90
Risk Management Institute,INFORMATION AND COMMUNICATIONS TECHNOLOGY SERVICE MANAGERS,0.4836,0.6421,25,47
Risk Management Institute,JUNIOR COLLEGE AND PRE-UNIVERSITY EDUCATION TEACHERS,0.4841,0.5679,25,2
Risk Management Institute,KEYBOARD OPERATORS,0.4575,0.6118,25,15
Risk Management Institute,LEGAL AND SOCIAL ASSOCIATE PROFESSIONALS,0.4529,0.5734,25,37
Risk Management Institute,LEGAL PROFESSIONALS,0.4984,0.6081,25,35
Risk Management Institute,LEGISLATORS AND SENIOR OFFICIALS,0.4643,0.5803,25,42
Risk Management Institute,"LIBRARIANS, ARCHIVISTS AND CURATORS",0.4712,0.592,25,5
Risk Management Institute,LIFE SCIENCE PROFESSIONALS,0.4816,0.5784,25,36
Risk Management Institute,LIFE SCIENCE TECHNICIANS AND RELATED ASSOCIATE PROFESSIONALS,0.4671,0.6021,25,15
Risk Management Institute,"MACHINERY MECHANICS, FITTERS AND REPAIRERS",0.4571,0.5693,25,20
Risk Management Institute,"MANAGING DIRECTORS, CHIEF EXECUTIVES AND GENERAL MANAGERS",0.456,0.5896,25,45
Risk Management Institute,MANUFACTURING LABOURERS AND RELATED WORKERS,0.4357,0.5302,25,20
Risk Management Institute,"MANUFACTURING, CONSTRUCTION, TRANSPORT, DISTRIBUTION AND RELATED PRODUCTION AND OPERATIONS MANAGERS",0.4717,0.6389,25,66
Risk Management Institute,MARKET GARDENERS AND CROP GROWERS,0.4552,0.5251,25,12
Risk Management Institute,MARKETING AND PUBLIC RELATIONS PROFESSIONALS,0.4837,0.6384,25,399
Risk Management Institute,MATERIAL-RECORDING AND TRANSPORT CLERKS,0.4621,0.6093,25,122
Risk Management Institute,"MATHEMATICIANS, ACTUARIES, STATISTICIANS AND RELATED PROFESSIONALS",0.5174,0.6946,25,67
Risk Management Institute,MEDICAL AND PHARMACEUTICAL TECHNICIANS,0.4469,0.5572,25,55
Risk Management Institute,MEDICAL DOCTORS,0.4526,0.541,25,28
Risk Management Institute,"METAL PROCESSING, FINISHING AND PRODUCTS PLANT OPERATORS",0.4663,0.581,25,19
Risk Management Institute,MOBILE MACHINERY OPERATORS,0.4522,0.5376,25,39
Risk Management Institute,"MODELS, SALES DEMONSTRATORS AND RELATED SALES WORKERS",0.4573,0.591,25,370
Risk Management Institute,NUMERICAL CLERKS,0.4805,0.6337,25,346
Risk Management Institute,NURSING ASSOCIATE PROFESSIONALS,0.4476,0.5209,25,36
Risk Management Institute,NURSING PROFESSIONALS,0.4441,0.5663,25,227
Risk Management Institute,OTHER CLERICAL SUPPORT WORKERS,0.4659,0.5702,25,16
Risk Management Institute,OTHER CRAFT AND RELATED WORKERS,0.4386,0.5201,25,18
Risk Management Institute,OTHER HEALTH ASSOCIATE PROFESSIONALS,0.4415,0.5819,25,69
Risk Management Institute,OTHER HEALTH PROFESSIONALS,0.4515,0.5652,25,127
Risk Management Institute,OTHER SERVICES MANAGERS,0.4736,0.5841,25,216
Risk Management Institute,OTHER STATIONARY PLANT AND MACHINE OPERATORS,0.448,0.5191,25,12
Risk Management Institute,OTHER TEACHING PROFESSIONALS,0.4704,0.6013,25,35
Risk Management Institute,"PAINTERS, BUILDING STRUCTURE CLEANERS AND RELATED WORKERS",0.4342,0.5275,25,7
Risk Management Institute,PERSONAL SERVICES WORKERS NOT ELSEWHERE CLASSIFIED,0.4446,0.5654,25,24
Risk Management Institute,PHYSICAL AND EARTH SCIENCE PROFESSIONALS,0.4868,0.5519,25,7
Risk Management Institute,PHYSICAL AND ENGINEERING SCIENCE TECHNICIANS I,0.4778,0.6384,25,364
Risk Management Institute,PHYSICAL AND ENGINEERING SCIENCE TECHNICIANS II (Cont’d),0.4697,0.5756,25,32
Risk Management Institute,"PORTERS, ATTENDANTS AND RELATED WORKERS",0.4386,0.5956,25,70
Risk Management Institute,PREMISES AND PARKS OFFICERS,0.4666,0.5689,25,71
Risk Management Institute,PRESCHOOL EDUCATION TEACHERS,0.4611,0.5836,25,267
Risk Management Institute,PRIMARY EDUCATION TEACHERS,0.4758,0.5646,25,20
Risk Management Institute,PRINTING TRADES WORKERS,0.4333,0.5058,25,1
Risk Management Institute,PROCESS CONTROL TECHNICIANS,0.4583,0.5168,25,3
Risk Management Institute,"PROFESSIONAL, FINANCIAL, COMMUNITY AND SOCIAL SERVICES MANAGERS",0.4903,0.6629,25,61
Risk Management Institute,PROTECTIVE SERVICES WORKERS,0.4374,0.5455,25,68
Risk Management Institute,RETAIL AND WHOLESALE TRADE MANAGERS,0.47,0.5518,25,27
Risk Management Institute,"RUBBER, PLASTIC AND PAPER PRODUCTS MACHINE OPERATORS",0.4714,0.507,25,1
Risk Management Institute,SALES AND RELATED ASSOCIATE PROFESSIONALS,0.4681,0.665,25,1121
Risk Management Institute,"SALES, MARKETING, DEVELOPMENT AND CUSTOMER SERVICE MANAGERS",0.4724,0.6473,25,1204
Risk Management Institute,SECONDARY EDUCATION TEACHERS,0.4769,0.5861,25,24
Risk Management Institute,SECRETARIES AND VERBATIM REPORTERS,0.466,0.6103,25,40
Risk Management Institute,"SHEET AND STRUCTURAL METAL WORKERS, MOULDERS AND WELDERS AND RELATED TRADES WORKERS",0.4556,0.5616,25,13
Risk Management Institute,SHIP AND AIRCRAFT CONTROLLERS AND TECHNICIANS,0.4665,0.6315,25,28
Risk Management Institute,SHIP AND AIRCRAFT RELATED PROFESSIONALS,0.4741,0.5974,25,22
Risk Management Institute,SHIPS’ DECK CREW AND RELATED WORKERS,0.4582,0.5278,25,5
Risk Management Institute,SHOP SALESPERSONS,0.4511,0.596,25,232
Risk Management Institute,SOCIAL SCIENCE RESEARCHERS AND PROFESSIONALS; RELIGIOUS PROFESSIONALS,0.4455,0.5838,25,68
Risk Management Institute,SOFTWARE AND APPLICATIONS DEVELOPERS AND ANALYSTS,0.5045,0.6821,25,220
Risk Management Institute,SPORTS AND FITNESS WORKERS,0.4584,0.5603,25,65
Risk Management Institute,STATIONARY PLANT AND MACHINE SUPERVISORS AND GENERAL FOREMEN,0.4621,0.5312,25,1
Risk Management Institute,SUPERVISORS AND GENERAL FOREMEN (BUILDING AND RELATED TRADES),0.4465,0.6272,25,42
Risk Management Institute,SUPERVISORS AND GENERAL FOREMEN (ELECTRICAL AND ELECTRONIC TRADES),0.4526,0.5157,25,4
Risk Management Institute,"SUPERVISORS AND GENERAL FOREMEN (FOOD PROCESSING, WOODWORKING, GARMENT, LEATHER AND RELATED TRADES)",0.4496,0.5845,25,141
Risk Management Institute,SUPERVISORS AND GENERAL FOREMEN OF ASSEMBLERS AND QUALITY CHECKERS,0.4601,0.522,25,1
Risk Management Institute,TEACHING ASSOCIATE PROFESSIONALS NOT ELSEWHERE CLASSIFIED,0.4827,0.5914,25,58
Risk Management Institute,TELECOMMUNICATIONS AND BROADCASTING TECHNICIANS AND AUDIO-VISUAL OPERATORS,0.45,0.5476,25,68
Risk Management Institute,"TELLERS, MONEY COLLECTORS AND RELATED CLERKS",0.4834,0.5858,25,14
Risk Management Institute,"TEXTILE, FUR AND LEATHER PRODUCTS MACHINE OPERATORS",0.4677,0.5176,25,10
Risk Management Institute,TRADITIONAL AND COMPLEMENTARY MEDICINE PROFESSIONALS,0.4411,0.4958,25,4
Risk Management Institute,TRANSPORT AND STORAGE LABOURERS,0.4452,0.5547,25,180
Risk Management Institute,TRANSPORT OPERATIONS PLANNERS AND EXECUTIVES,0.4902,0.5767,25,6
Risk Management Institute,"TRAVEL ATTENDANTS, CONDUCTORS AND GUIDES",0.4543,0.5273,25,5
Risk Management Institute,"UNIVERSITY, POLYTECHNIC AND HIGHER EDUCATION TEACHERS",0.5174,0.6402,25,32
Risk Management Institute,"VEHICLE, WINDOW, LAUNDRY AND OTHER HAND CLEANING WORKERS",0.4227,0.497,25,11
Risk Management Institute,VETERINARIANS,0.4514,0.5398,25,8
Risk Management Institute,VETERINARY TECHNICIANS AND ASSISTANTS,0.4456,0.5054,25,13
Risk Management Institute,VOCATIONAL EDUCATION TEACHERS AND TRAINERS,0.4737,0.5472,25,2
Risk Management Institute,WAITERS AND BARTENDERS,0.4428,0.5539,25,338
Risk Management Institute,"WASTE COLLECTION, RECYCLING AND MATERIAL RECOVERY WORKERS",0.4158,0.4755,25,2
Risk Management Institute,"WOOD TREATERS, CABINET MAKERS AND RELATED TRADES WORKERS",0.4636,0.5058,25,1
SSH School of Public Health,ADMINISTRATION PROFESSIONALS,0.471,0.7194,128,703
SSH School of Public Health,ADMINISTRATIVE ASSOCIATE PROFESSIONALS,0.4531,0.7924,128,713
SSH School of Public Health,"AGRICULTURAL, FISHERY AND RELATED LABOURERS",0.4687,0.6197,128,11
SSH School of Public Health,"ARCHITECTS, PLANNERS, SURVEYORS AND DESIGNERS",0.4624,0.6452,128,80
SSH School of Public Health,ARTISTIC AND CULTURAL ASSOCIATE PROFESSIONALS,0.4505,0.6382,128,173
SSH School of Public Health,"ASSEMBLERS, QUALITY CHECKERS AND TESTERS",0.4438,0.5635,128,7
SSH School of Public Health,ASSISTANT ENGINEERS,0.4563,0.6379,128,46
SSH School of Public Health,"AUTHORS, JOURNALISTS AND EDITORS",0.4666,0.6313,128,19
SSH School of Public Health,"BLACKSMITHS, TOOLMAKERS AND RELATED TRADES WORKERS",0.4383,0.5684,128,1
SSH School of Public Health,"BOOKMAKERS, CROUPIERS AND RELATED GAMING WORKERS",0.4394,0.552,128,3
SSH School of Public Health,BUILDING FINISHERS AND RELATED TRADES WORKERS,0.4159,0.5834,128,24
SSH School of Public Health,BUILDING FRAME AND RELATED TRADES WORKERS,0.4281,0.5998,128,29
SSH School of Public Health,"BUILDING, QUALITY AND SAFETY INSPECTORS",0.4893,0.8138,128,25
SSH School of Public Health,BUSINESS SERVICES AGENTS,0.4541,0.6229,128,108
SSH School of Public Health,BUSINESS SERVICES AND ADMINISTRATION MANAGERS,0.4545,0.6861,128,148
SSH School of Public Health,CAR AND LIGHT GOODS VEHICLE DRIVERS,0.4548,0.6561,128,93
SSH School of Public Health,CASHIERS AND TICKET CLERKS,0.4251,0.5911,128,40
SSH School of Public Health,CHILD CARE WORKERS AND TEACHER AIDES,0.4864,0.6801,128,111
SSH School of Public Health,"CLEANERS AND HELPERS IN HOTELS, OFFICES AND OTHER ESTABLISHMENTS",0.4521,0.627,128,119
SSH School of Public Health,CLEANING SUPERVISORS,0.4578,0.6315,128,13
SSH School of Public Health,CLERICAL SUPERVISORS,0.4332,0.5984,128,9
SSH School of Public Health,CLIENT INFORMATION CLERKS,0.46,0.6634,128,552
SSH School of Public Health,CONSTRUCTION LABOURERS AND RELATED WORKERS,0.4647,0.5469,128,1
SSH School of Public Health,COOKS,0.4577,0.6245,128,81
SSH School of Public Health,CREATIVE AND PERFORMING ARTISTS,0.4395,0.5879,128,25
SSH School of Public Health,"DATABASE, NETWORK, INFRASTRUCTURE AND CYBERSECURITY PROFESSIONALS",0.451,0.6386,128,105
SSH School of Public Health,DOMESTIC HELPERS AND CLEANERS,0.4526,0.6221,128,2
SSH School of Public Health,ELECTRICAL EQUIPMENT RELATED TRADES WORKERS,0.4367,0.5909,128,18
SSH School of Public Health,ENGINEERING PROFESSIONALS I,0.4635,0.7766,128,861
SSH School of Public Health,ENGINEERING PROFESSIONALS II (Cont’d),0.4588,0.7342,128,248
SSH School of Public Health,EXTRACURRICULUM INSTRUCTORS,0.4705,0.6426,128,91
SSH School of Public Health,FINANCE PROFESSIONALS,0.4494,0.6787,128,269
SSH School of Public Health,FINANCIAL AND MATHEMATICAL ASSOCIATE PROFESSIONALS,0.4289,0.6318,128,130
SSH School of Public Health,FOOD AND RELATED PRODUCTS MACHINE OPERATORS,0.4569,0.5759,128,3
SSH School of Public Health,FOOD PREPARATION AND KITCHEN ASSISTANTS,0.447,0.6271,128,87
SSH School of Public Health,FOOD PROCESSING AND RELATED TRADES WORKERS,0.4556,0.6205,128,28
SSH School of Public Health,"GARMENT, LEATHER AND RELATED TRADES WORKERS",0.4354,0.5655,128,4
SSH School of Public Health,GENERAL OFFICE CLERKS,0.4551,0.6842,128,532
SSH School of Public Health,GOVERNMENT ASSOCIATE PROFESSIONALS,0.4456,0.5698,128,6
SSH School of Public Health,"HAIRDRESSERS, BEAUTICIANS AND RELATED WORKERS",0.4531,0.5999,128,86
SSH School of Public Health,HANDICRAFT AND PRECISION WORKERS,0.4318,0.5823,128,10
SSH School of Public Health,HEALTHCARE ASSISTANTS AND RELATED PERSONAL CARE WORKERS,0.4972,0.6969,128,125
SSH School of Public Health,HEAVY TRUCK AND BUS DRIVERS,0.4501,0.6328,128,146
SSH School of Public Health,HOTEL AND FOOD AND BEVERAGES SERVICES MANAGERS,0.4368,0.6855,128,53
SSH School of Public Health,HOUSEKEEPERS AND RELATED WORKERS,0.4378,0.6188,128,31
SSH School of Public Health,INFORMATION AND COMMUNICATIONS TECHNOLOGY OPERATORS AND TECHNICIANS,0.4434,0.6265,128,90
SSH School of Public Health,INFORMATION AND COMMUNICATIONS TECHNOLOGY SERVICE MANAGERS,0.4547,0.6343,128,47
SSH School of Public Health,JUNIOR COLLEGE AND PRE-UNIVERSITY EDUCATION TEACHERS,0.4926,0.6083,128,2
SSH School of Public Health,KEYBOARD OPERATORS,0.4832,0.5952,128,15
SSH School of Public Health,LEGAL AND SOCIAL ASSOCIATE PROFESSIONALS,0.4761,0.6494,128,37
SSH School of Public Health,LEGAL PROFESSIONALS,0.4504,0.5983,128,35
SSH School of Public Health,LEGISLATORS AND SENIOR OFFICIALS,0.4456,0.6404,128,42
SSH School of Public Health,"LIBRARIANS, ARCHIVISTS AND CURATORS",0.4614,0.5854,128,5
SSH School of Public Health,LIFE SCIENCE PROFESSIONALS,0.4993,0.6414,128,36
SSH School of Public Health,LIFE SCIENCE TECHNICIANS AND RELATED ASSOCIATE PROFESSIONALS,0.5094,0.6573,128,15
SSH School of Public Health,"MACHINERY MECHANICS, FITTERS AND REPAIRERS",0.438,0.5914,128,20
SSH School of Public Health,"MANAGING DIRECTORS, CHIEF EXECUTIVES AND GENERAL MANAGERS",0.4463,0.698,128,45
SSH School of Public Health,MANUFACTURING LABOURERS AND RELATED WORKERS,0.4368,0.6056,128,20
SSH School of Public Health,"MANUFACTURING, CONSTRUCTION, TRANSPORT, DISTRIBUTION AND RELATED PRODUCTION AND OPERATIONS MANAGERS",0.4568,0.6725,128,66
SSH School of Public Health,MARKET GARDENERS AND CROP GROWERS,0.4732,0.6142,128,12
SSH School of Public Health,MARKETING AND PUBLIC RELATIONS PROFESSIONALS,0.4614,0.6495,128,399
SSH School of Public Health,MATERIAL-RECORDING AND TRANSPORT CLERKS,0.4427,0.6768,128,122
SSH School of Public Health,"MATHEMATICIANS, ACTUARIES, STATISTICIANS AND RELATED PROFESSIONALS",0.4816,0.7515,128,67
SSH School of Public Health,MEDICAL AND PHARMACEUTICAL TECHNICIANS,0.4893,0.6824,128,55
SSH School of Public Health,MEDICAL DOCTORS,0.5106,0.6666,128,28
SSH School of Public Health,"METAL PROCESSING, FINISHING AND PRODUCTS PLANT OPERATORS",0.4385,0.5778,128,19
SSH School of Public Health,MOBILE MACHINERY OPERATORS,0.4304,0.6174,128,39
SSH School of Public Health,"MODELS, SALES DEMONSTRATORS AND RELATED SALES WORKERS",0.449,0.6532,128,370
SSH School of Public Health,NUMERICAL CLERKS,0.4338,0.6823,128,346
SSH School of Public Health,NURSING ASSOCIATE PROFESSIONALS,0.5185,0.6317,128,36
SSH School of Public Health,NURSING PROFESSIONALS,0.5045,0.6848,128,227
SSH School of Public Health,OTHER CLERICAL SUPPORT WORKERS,0.4458,0.608,128,16
SSH School of Public Health,OTHER CRAFT AND RELATED WORKERS,0.4442,0.6138,128,18
SSH School of Public Health,OTHER HEALTH ASSOCIATE PROFESSIONALS,0.4775,0.7517,128,69
SSH School of Public Health,OTHER HEALTH PROFESSIONALS,0.5123,0.7205,128,127
SSH School of Public Health,OTHER SERVICES MANAGERS,0.4735,0.6594,128,216
SSH School of Public Health,OTHER STATIONARY PLANT AND MACHINE OPERATORS,0.4443,0.618,128,12
SSH School of Public Health,OTHER TEACHING PROFESSIONALS,0.4864,0.6492,128,35
SSH School of Public Health,"PAINTERS, BUILDING STRUCTURE CLEANERS AND RELATED WORKERS",0.4376,0.5746,128,7
SSH School of Public Health,PERSONAL SERVICES WORKERS NOT ELSEWHERE CLASSIFIED,0.4405,0.586,128,24
SSH School of Public Health,PHYSICAL AND EARTH SCIENCE PROFESSIONALS,0.4718,0.5971,128,7
SSH School of Public Health,PHYSICAL AND ENGINEERING SCIENCE TECHNICIANS I,0.462,0.6733,128,364
SSH School of Public Health,PHYSICAL AND ENGINEERING SCIENCE TECHNICIANS II (Cont’d),0.4504,0.5842,128,32
SSH School of Public Health,"PORTERS, ATTENDANTS AND RELATED WORKERS",0.4675,0.6547,128,70
SSH School of Public Health,PREMISES AND PARKS OFFICERS,0.4586,0.7042,128,71
SSH School of Public Health,PRESCHOOL EDUCATION TEACHERS,0.4816,0.6194,128,267
SSH School of Public Health,PRIMARY EDUCATION TEACHERS,0.4795,0.6163,128,20
SSH School of Public Health,PRINTING TRADES WORKERS,0.3884,0.5,128,1
SSH School of Public Health,PROCESS CONTROL TECHNICIANS,0.4443,0.5807,128,3
SSH School of Public Health,"PROFESSIONAL, FINANCIAL, COMMUNITY AND SOCIAL SERVICES MANAGERS",0.4721,0.7454,128,61
SSH School of Public Health,PROTECTIVE SERVICES WORKERS,0.435,0.7769,128,68
SSH School of Public Health,RETAIL AND WHOLESALE TRADE MANAGERS,0.4616,0.6013,128,27
SSH School of Public Health,"RUBBER, PLASTIC AND PAPER PRODUCTS MACHINE OPERATORS",0.44,0.5294,128,1
SSH School of Public Health,SALES AND RELATED ASSOCIATE PROFESSIONALS,0.4559,0.6832,128,1121
SSH School of Public Health,"SALES, MARKETING, DEVELOPMENT AND CUSTOMER SERVICE MANAGERS",0.4674,0.6444,128,1204
SSH School of Public Health,SECONDARY EDUCATION TEACHERS,0.475,0.5905,128,24
SSH School of Public Health,SECRETARIES AND VERBATIM REPORTERS,0.444,0.6076,128,40
SSH School of Public Health,"SHEET AND STRUCTURAL METAL WORKERS, MOULDERS AND WELDERS AND RELATED TRADES WORKERS",0.44,0.5652,128,13
SSH School of Public Health,SHIP AND AIRCRAFT CONTROLLERS AND TECHNICIANS,0.4394,0.6057,128,28
SSH School of Public Health,SHIP AND AIRCRAFT RELATED PROFESSIONALS,0.4458,0.5842,128,22
SSH School of Public Health,SHIPS’ DECK CREW AND RELATED WORKERS,0.4463,0.6,128,5
SSH School of Public Health,SHOP SALESPERSONS,0.4437,0.6905,128,232
SSH School of Public Health,SOCIAL SCIENCE RESEARCHERS AND PROFESSIONALS; RELIGIOUS PROFESSIONALS,0.4954,0.6846,128,68
SSH School of Public Health,SOFTWARE AND APPLICATIONS DEVELOPERS AND ANALYSTS,0.4646,0.6967,128,220
SSH School of Public Health,SPORTS AND FITNESS WORKERS,0.4769,0.6382,128,65
SSH School of Public Health,STATIONARY PLANT AND MACHINE SUPERVISORS AND GENERAL FOREMEN,0.4456,0.5328,128,1
SSH School of Public Health,SUPERVISORS AND GENERAL FOREMEN (BUILDING AND RELATED TRADES),0.4415,0.6945,128,42
SSH School of Public Health,SUPERVISORS AND GENERAL FOREMEN (ELECTRICAL AND ELECTRONIC TRADES),0.4448,0.604,128,4
SSH School of Public Health,"SUPERVISORS AND GENERAL FOREMEN (FOOD PROCESSING, WOODWORKING, GARMENT, LEATHER AND RELATED TRADES)",0.4546,0.6723,128,141
SSH School of Public Health,SUPERVISORS AND GENERAL FOREMEN OF ASSEMBLERS AND QUALITY CHECKERS,0.4632,0.5634,128,1
SSH School of Public Health,TEACHING ASSOCIATE PROFESSIONALS NOT ELSEWHERE CLASSIFIED,0.4864,0.6316,128,58
SSH School of Public Health,TELECOMMUNICATIONS AND BROADCASTING TECHNICIANS AND AUDIO-VISUAL OPERATORS,0.4465,0.6258,128,68
SSH School of Public Health,"TELLERS, MONEY COLLECTORS AND RELATED CLERKS",0.4368,0.5868,128,14
SSH School of Public Health,"TEXTILE, FUR AND LEATHER PRODUCTS MACHINE OPERATORS",0.4431,0.5561,128,10
SSH School of Public Health,TRADITIONAL AND COMPLEMENTARY MEDICINE PROFESSIONALS,0.4862,0.5878,128,4
SSH School of Public Health,TRANSPORT AND STORAGE LABOURERS,0.4332,0.6281,128,180
SSH School of Public Health,TRANSPORT OPERATIONS PLANNERS AND EXECUTIVES,0.4397,0.5774,128,6
SSH School of Public Health,"TRAVEL ATTENDANTS, CONDUCTORS AND GUIDES",0.4725,0.615,128,5
SSH School of Public Health,"UNIVERSITY, POLYTECHNIC AND HIGHER EDUCATION TEACHERS",0.5025,0.6134,128,32
SSH School of Public Health,"VEHICLE, WINDOW, LAUNDRY AND OTHER HAND CLEANING WORKERS",0.4452,0.6076,128,11
SSH School of Public Health,VETERINARIANS,0.4864,0.6301,128,8
SSH School of Public Health,VETERINARY TECHNICIANS AND ASSISTANTS,0.4934,0.5942,128,13
SSH School of Public Health,VOCATIONAL EDUCATION TEACHERS AND TRAINERS,0.4782,0.6126,128,2
SSH School of Public Health,WAITERS AND BARTENDERS,0.4443,0.6157,128,338
SSH School of Public Health,"WASTE COLLECTION, RECYCLING AND MATERIAL RECOVERY WORKERS",0.446,0.5718,128,2
SSH School of Public Health,"WOOD TREATERS, CABINET MAKERS AND RELATED TRADES WORKERS",0.4542,0.5417,128,1
Science,ADMINISTRATION PROFESSIONALS,0.4534,0.7333,1228,703
Science,ADMINISTRATIVE ASSOCIATE PROFESSIONALS,0.4506,0.7271,1228,713
Science,"AGRICULTURAL, FISHERY AND RELATED LABOURERS",0.4316,0.6942,1228,11
Science,"ARCHITECTS, PLANNERS, SURVEYORS AND DESIGNERS",0.4566,0.6648,1228,80
Science,ARTISTIC AND CULTURAL ASSOCIATE PROFESSIONALS,0.44,0.6663,1228,173
Science,"ASSEMBLERS, QUALITY CHECKERS AND TESTERS",0.4462,0.6776,1228,7
Science,ASSISTANT ENGINEERS,0.4606,0.6885,1228,46
Science,"AUTHORS, JOURNALISTS AND EDITORS",0.4553,0.6745,1228,19
Science,"BLACKSMITHS, TOOLMAKERS AND RELATED TRADES WORKERS",0.4527,0.5751,1228,1
Science,"BOOKMAKERS, CROUPIERS AND RELATED GAMING WORKERS",0.4295,0.6212,1228,3
Science,BUILDING FINISHERS AND RELATED TRADES WORKERS,0.4206,0.6001,1228,24
Science,BUILDING FRAME AND RELATED TRADES WORKERS,0.4356,0.6054,1228,29
Science,"BUILDING, QUALITY AND SAFETY INSPECTORS",0.4473,0.7545,1228,25
Science,BUSINESS SERVICES AGENTS,0.4485,0.6993,1228,108
Science,BUSINESS SERVICES AND ADMINISTRATION MANAGERS,0.4401,0.7141,1228,148
Science,CAR AND LIGHT GOODS VEHICLE DRIVERS,0.433,0.6167,1228,93
Science,CASHIERS AND TICKET CLERKS,0.4256,0.6443,1228,40
Science,CHILD CARE WORKERS AND TEACHER AIDES,0.4577,0.6643,1228,111
Science,"CLEANERS AND HELPERS IN HOTELS, OFFICES AND OTHER ESTABLISHMENTS",0.433,0.6966,1228,119
Science,CLEANING SUPERVISORS,0.4311,0.6516,1228,13
Science,CLERICAL SUPERVISORS,0.4349,0.5926,1228,9
Science,CLIENT INFORMATION CLERKS,0.4445,0.7009,1228,552
Science,CONSTRUCTION LABOURERS AND RELATED WORKERS,0.4465,0.5762,1228,1
Science,COOKS,0.4365,0.6897,1228,81
Science,CREATIVE AND PERFORMING ARTISTS,0.4348,0.6661,1228,25
Science,"DATABASE, NETWORK, INFRASTRUCTURE AND CYBERSECURITY PROFESSIONALS",0.4513,0.6684,1228,105
Science,DOMESTIC HELPERS AND CLEANERS,0.4347,0.5817,1228,2
Science,ELECTRICAL EQUIPMENT RELATED TRADES WORKERS,0.4302,0.6086,1228,18
Science,ENGINEERING PROFESSIONALS I,0.4633,0.7982,1228,861
Science,ENGINEERING PROFESSIONALS II (Cont’d),0.4624,0.7128,1228,248
Science,EXTRACURRICULUM INSTRUCTORS,0.4626,0.6808,1228,91
Science,FINANCE PROFESSIONALS,0.4479,0.7138,1228,269
Science,FINANCIAL AND MATHEMATICAL ASSOCIATE PROFESSIONALS,0.4316,0.6244,1228,130
Science,FOOD AND RELATED PRODUCTS MACHINE OPERATORS,0.4422,0.7126,1228,3
Science,FOOD PREPARATION AND KITCHEN ASSISTANTS,0.4336,0.6834,1228,87
Science,FOOD PROCESSING AND RELATED TRADES WORKERS,0.4339,0.6695,1228,28
Science,"GARMENT, LEATHER AND RELATED TRADES WORKERS",0.4363,0.5706,1228,4
Science,GENERAL OFFICE CLERKS,0.4433,0.6949,1228,532
Science,GOVERNMENT ASSOCIATE PROFESSIONALS,0.4393,0.6003,1228,6
Science,"HAIRDRESSERS, BEAUTICIANS AND RELATED WORKERS",0.4375,0.6526,1228,86
Science,HANDICRAFT AND PRECISION WORKERS,0.4389,0.6092,1228,10
Science,HEALTHCARE ASSISTANTS AND RELATED PERSONAL CARE WORKERS,0.4416,0.6854,1228,125
Science,HEAVY TRUCK AND BUS DRIVERS,0.4321,0.6187,1228,146
Science,HOTEL AND FOOD AND BEVERAGES SERVICES MANAGERS,0.4233,0.6394,1228,53
Science,HOUSEKEEPERS AND RELATED WORKERS,0.421,0.6145,1228,31
Science,INFORMATION AND COMMUNICATIONS TECHNOLOGY OPERATORS AND TECHNICIANS,0.4457,0.6641,1228,90
Science,INFORMATION AND COMMUNICATIONS TECHNOLOGY SERVICE MANAGERS,0.4515,0.648,1228,47
Science,JUNIOR COLLEGE AND PRE-UNIVERSITY EDUCATION TEACHERS,0.4907,0.6697,1228,2
Science,KEYBOARD OPERATORS,0.4505,0.6365,1228,15
Science,LEGAL AND SOCIAL ASSOCIATE PROFESSIONALS,0.4443,0.625,1228,37
Science,LEGAL PROFESSIONALS,0.4489,0.7052,1228,35
Science,LEGISLATORS AND SENIOR OFFICIALS,0.4394,0.632,1228,42
Science,"LIBRARIANS, ARCHIVISTS AND CURATORS",0.4619,0.6465,1228,5
Science,LIFE SCIENCE PROFESSIONALS,0.4838,0.7546,1228,36
Science,LIFE SCIENCE TECHNICIANS AND RELATED ASSOCIATE PROFESSIONALS,0.4745,0.7256,1228,15
Science,"MACHINERY MECHANICS, FITTERS AND REPAIRERS",0.4414,0.6052,1228,20
Science,"MANAGING DIRECTORS, CHIEF EXECUTIVES AND GENERAL MANAGERS",0.4376,0.6611,1228,45
Science,MANUFACTURING LABOURERS AND RELATED WORKERS,0.4352,0.6374,1228,20
Science,"MANUFACTURING, CONSTRUCTION, TRANSPORT, DISTRIBUTION AND RELATED PRODUCTION AND OPERATIONS MANAGERS",0.4445,0.7466,1228,66
Science,MARKET GARDENERS AND CROP GROWERS,0.4519,0.7067,1228,12
Science,MARKETING AND PUBLIC RELATIONS PROFESSIONALS,0.4568,0.721,1228,399
Science,MATERIAL-RECORDING AND TRANSPORT CLERKS,0.4424,0.6705,1228,122
Science,"MATHEMATICIANS, ACTUARIES, STATISTICIANS AND RELATED PROFESSIONALS",0.4783,0.7438,1228,67
Science,MEDICAL AND PHARMACEUTICAL TECHNICIANS,0.4622,0.6769,1228,55
Science,MEDICAL DOCTORS,0.4623,0.6694,1228,28
Science,"METAL PROCESSING, FINISHING AND PRODUCTS PLANT OPERATORS",0.4429,0.6027,1228,19
Science,MOBILE MACHINERY OPERATORS,0.4259,0.5955,1228,39
Science,"MODELS, SALES DEMONSTRATORS AND RELATED SALES WORKERS",0.4434,0.689,1228,370
Science,NUMERICAL CLERKS,0.4351,0.6802,1228,346
Science,NURSING ASSOCIATE PROFESSIONALS,0.4566,0.6646,1228,36
Science,NURSING PROFESSIONALS,0.4449,0.681,1228,227
Science,OTHER CLERICAL SUPPORT WORKERS,0.441,0.655,1228,16
Science,OTHER CRAFT AND RELATED WORKERS,0.4352,0.617,1228,18
Science,OTHER HEALTH ASSOCIATE PROFESSIONALS,0.4459,0.6537,1228,69
Science,OTHER HEALTH PROFESSIONALS,0.4597,0.7738,1228,127
Science,OTHER SERVICES MANAGERS,0.4596,0.6636,1228,216
Science,OTHER STATIONARY PLANT AND MACHINE OPERATORS,0.4421,0.6599,1228,12
Science,OTHER TEACHING PROFESSIONALS,0.4653,0.6724,1228,35
Science,"PAINTERS, BUILDING STRUCTURE CLEANERS AND RELATED WORKERS",0.4341,0.5895,1228,7
Science,PERSONAL SERVICES WORKERS NOT ELSEWHERE CLASSIFIED,0.4349,0.5808,1228,24
Science,PHYSICAL AND EARTH SCIENCE PROFESSIONALS,0.4722,0.7101,1228,7
Science,PHYSICAL AND ENGINEERING SCIENCE TECHNICIANS I,0.4633,0.7405,1228,364
Science,PHYSICAL AND ENGINEERING SCIENCE TECHNICIANS II (Cont’d),0.4523,0.6208,1228,32
Science,"PORTERS, ATTENDANTS AND RELATED WORKERS",0.4385,0.7249,1228,70
Science,PREMISES AND PARKS OFFICERS,0.442,0.6462,1228,71
Science,PRESCHOOL EDUCATION TEACHERS,0.4597,0.6847,1228,267
Science,PRIMARY EDUCATION TEACHERS,0.4686,0.6544,1228,20
Science,PRINTING TRADES WORKERS,0.419,0.5408,1228,1
Science,PROCESS CONTROL TECHNICIANS,0.4463,0.5949,1228,3
Science,"PROFESSIONAL, FINANCIAL, COMMUNITY AND SOCIAL SERVICES MANAGERS",0.4497,0.6677,1228,61
Science,PROTECTIVE SERVICES WORKERS,0.4155,0.6302,1228,68
Science,RETAIL AND WHOLESALE TRADE MANAGERS,0.4543,0.6406,1228,27
Science,"RUBBER, PLASTIC AND PAPER PRODUCTS MACHINE OPERATORS",0.4582,0.5926,1228,1
Science,SALES AND RELATED ASSOCIATE PROFESSIONALS,0.4502,0.6993,1228,1121
Science,"SALES, MARKETING, DEVELOPMENT AND CUSTOMER SERVICE MANAGERS",0.4586,0.7685,1228,1204
Science,SECONDARY EDUCATION TEACHERS,0.4748,0.6685,1228,24
Science,SECRETARIES AND VERBATIM REPORTERS,0.4361,0.6145,1228,40
Science,"SHEET AND STRUCTURAL METAL WORKERS, MOULDERS AND WELDERS AND RELATED TRADES WORKERS",0.4404,0.6171,1228,13
Science,SHIP AND AIRCRAFT CONTROLLERS AND TECHNICIANS,0.4385,0.6109,1228,28
Science,SHIP AND AIRCRAFT RELATED PROFESSIONALS,0.452,0.6883,1228,22
Science,SHIPS’ DECK CREW AND RELATED WORKERS,0.4368,0.6905,1228,5
Science,SHOP SALESPERSONS,0.4408,0.6837,1228,232
Science,SOCIAL SCIENCE RESEARCHERS AND PROFESSIONALS; RELIGIOUS PROFESSIONALS,0.4444,0.6887,1228,68
Science,SOFTWARE AND APPLICATIONS DEVELOPERS AND ANALYSTS,0.4736,0.711,1228,220
Science,SPORTS AND FITNESS WORKERS,0.4512,0.6476,1228,65
Science,STATIONARY PLANT AND MACHINE SUPERVISORS AND GENERAL FOREMEN,0.4411,0.6018,1228,1
Science,SUPERVISORS AND GENERAL FOREMEN (BUILDING AND RELATED TRADES),0.4267,0.6005,1228,42
Science,SUPERVISORS AND GENERAL FOREMEN (ELECTRICAL AND ELECTRONIC TRADES),0.4406,0.5987,1228,4
Science,"SUPERVISORS AND GENERAL FOREMEN (FOOD PROCESSING, WOODWORKING, GARMENT, LEATHER AND RELATED TRADES)",0.4393,0.6819,1228,141
Science,SUPERVISORS AND GENERAL FOREMEN OF ASSEMBLERS AND QUALITY CHECKERS,0.4721,0.6359,1228,1
Science,TEACHING ASSOCIATE PROFESSIONALS NOT ELSEWHERE CLASSIFIED,0.4848,0.6825,1228,58
Science,TELECOMMUNICATIONS AND BROADCASTING TECHNICIANS AND AUDIO-VISUAL OPERATORS,0.4391,0.692,1228,68
Science,"TELLERS, MONEY COLLECTORS AND RELATED CLERKS",0.4389,0.5942,1228,14
Science,"TEXTILE, FUR AND LEATHER PRODUCTS MACHINE OPERATORS",0.4447,0.5765,1228,10
Science,TRADITIONAL AND COMPLEMENTARY MEDICINE PROFESSIONALS,0.4496,0.6616,1228,4
Science,TRANSPORT AND STORAGE LABOURERS,0.432,0.6454,1228,180
Science,TRANSPORT OPERATIONS PLANNERS AND EXECUTIVES,0.4359,0.5901,1228,6
Science,"TRAVEL ATTENDANTS, CONDUCTORS AND GUIDES",0.4602,0.6416,1228,5
Science,"UNIVERSITY, POLYTECHNIC AND HIGHER EDUCATION TEACHERS",0.505,0.6855,1228,32
Science,"VEHICLE, WINDOW, LAUNDRY AND OTHER HAND CLEANING WORKERS",0.4285,0.5889,1228,11
Science,VETERINARIANS,0.458,0.6353,1228,8
Science,VETERINARY TECHNICIANS AND ASSISTANTS,0.4601,0.6233,1228,13
Science,VOCATIONAL EDUCATION TEACHERS AND TRAINERS,0.4804,0.6253,1228,2
Science,WAITERS AND BARTENDERS,0.4341,0.6904,1228,338
Science,"WASTE COLLECTION, RECYCLING AND MATERIAL RECOVERY WORKERS",0.4284,0.6305,1228,2
Science,"WOOD TREATERS, CABINET MAKERS AND RELATED TRADES WORKERS",0.4634,0.5814,1228,1
Temasek Defence Sys. Institute,ADMINISTRATION PROFESSIONALS,0.4726,0.6885,15,703
Temasek Defence Sys. Institute,ADMINISTRATIVE ASSOCIATE PROFESSIONALS,0.4785,0.7098,15,713
Temasek Defence Sys. Institute,"AGRICULTURAL, FISHERY AND RELATED LABOURERS",0.4269,0.5537,15,11
Temasek Defence Sys. Institute,"ARCHITECTS, PLANNERS, SURVEYORS AND DESIGNERS",0.4779,0.6088,15,80
Temasek Defence Sys. Institute,ARTISTIC AND CULTURAL ASSOCIATE PROFESSIONALS,0.4431,0.5879,15,173
Temasek Defence Sys. Institute,"ASSEMBLERS, QUALITY CHECKERS AND TESTERS",0.4703,0.6328,15,7
Temasek Defence Sys. Institute,ASSISTANT ENGINEERS,0.5024,0.6396,15,46
Temasek Defence Sys. Institute,"AUTHORS, JOURNALISTS AND EDITORS",0.4611,0.5899,15,19
Temasek Defence Sys. Institute,"BLACKSMITHS, TOOLMAKERS AND RELATED TRADES WORKERS",0.4438,0.5133,15,1
Temasek Defence Sys. Institute,"BOOKMAKERS, CROUPIERS AND RELATED GAMING WORKERS",0.4503,0.6126,15,3
Temasek Defence Sys. Institute,BUILDING FINISHERS AND RELATED TRADES WORKERS,0.4407,0.6044,15,24
Temasek Defence Sys. Institute,BUILDING FRAME AND RELATED TRADES WORKERS,0.4537,0.6164,15,29
Temasek Defence Sys. Institute,"BUILDING, QUALITY AND SAFETY INSPECTORS",0.4687,0.6584,15,25
Temasek Defence Sys. Institute,BUSINESS SERVICES AGENTS,0.461,0.6209,15,108
Temasek Defence Sys. Institute,BUSINESS SERVICES AND ADMINISTRATION MANAGERS,0.4627,0.6638,15,148
Temasek Defence Sys. Institute,CAR AND LIGHT GOODS VEHICLE DRIVERS,0.444,0.6602,15,93
Temasek Defence Sys. Institute,CASHIERS AND TICKET CLERKS,0.4239,0.5911,15,40
Temasek Defence Sys. Institute,CHILD CARE WORKERS AND TEACHER AIDES,0.4591,0.6407,15,111
Temasek Defence Sys. Institute,"CLEANERS AND HELPERS IN HOTELS, OFFICES AND OTHER ESTABLISHMENTS",0.4295,0.5912,15,119
Temasek Defence Sys. Institute,CLEANING SUPERVISORS,0.4541,0.5906,15,13
Temasek Defence Sys. Institute,CLERICAL SUPERVISORS,0.4579,0.6332,15,9
Temasek Defence Sys. Institute,CLIENT INFORMATION CLERKS,0.4505,0.6767,15,552
Temasek Defence Sys. Institute,CONSTRUCTION LABOURERS AND RELATED WORKERS,0.4844,0.5597,15,1
Temasek Defence Sys. Institute,COOKS,0.4321,0.5575,15,81
Temasek Defence Sys. Institute,CREATIVE AND PERFORMING ARTISTS,0.4423,0.6007,15,25
Temasek Defence Sys. Institute,"DATABASE, NETWORK, INFRASTRUCTURE AND CYBERSECURITY PROFESSIONALS",0.5197,0.6961,15,105
Temasek Defence Sys. Institute,DOMESTIC HELPERS AND CLEANERS,0.4182,0.5472,15,2
Temasek Defence Sys. Institute,ELECTRICAL EQUIPMENT RELATED TRADES WORKERS,0.4685,0.6194,15,18
Temasek Defence Sys. Institute,ENGINEERING PROFESSIONALS I,0.5025,0.7048,15,861
Temasek Defence Sys. Institute,ENGINEERING PROFESSIONALS II (Cont’d),0.5124,0.6815,15,248
Temasek Defence Sys. Institute,EXTRACURRICULUM INSTRUCTORS,0.4554,0.6239,15,91
Temasek Defence Sys. Institute,FINANCE PROFESSIONALS,0.4545,0.6042,15,269
Temasek Defence Sys. Institute,FINANCIAL AND MATHEMATICAL ASSOCIATE PROFESSIONALS,0.4396,0.6211,15,130
Temasek Defence Sys. Institute,FOOD AND RELATED PRODUCTS MACHINE OPERATORS,0.4477,0.563,15,3
Temasek Defence Sys. Institute,FOOD PREPARATION AND KITCHEN ASSISTANTS,0.4289,0.6044,15,87
Temasek Defence Sys. Institute,FOOD PROCESSING AND RELATED TRADES WORKERS,0.4262,0.5379,15,28
Temasek Defence Sys. Institute,"GARMENT, LEATHER AND RELATED TRADES WORKERS",0.4403,0.5722,15,4
Temasek Defence Sys. Institute,GENERAL OFFICE CLERKS,0.46,0.6765,15,532
Temasek Defence Sys. Institute,GOVERNMENT ASSOCIATE PROFESSIONALS,0.443,0.5903,15,6
Temasek Defence Sys. Institute,"HAIRDRESSERS, BEAUTICIANS AND RELATED WORKERS",0.4213,0.5946,15,86
Temasek Defence Sys. Institute,HANDICRAFT AND PRECISION WORKERS,0.439,0.619,15,10
Temasek Defence Sys. Institute,HEALTHCARE ASSISTANTS AND RELATED PERSONAL CARE WORKERS,0.4383,0.5853,15,125
Temasek Defence Sys. Institute,HEAVY TRUCK AND BUS DRIVERS,0.4502,0.6736,15,146
Temasek Defence Sys. Institute,HOTEL AND FOOD AND BEVERAGES SERVICES MANAGERS,0.4415,0.6103,15,53
Temasek Defence Sys. Institute,HOUSEKEEPERS AND RELATED WORKERS,0.4255,0.6591,15,31
Temasek Defence Sys. Institute,INFORMATION AND COMMUNICATIONS TECHNOLOGY OPERATORS AND TECHNICIANS,0.4979,0.6599,15,90
Temasek Defence Sys. Institute,INFORMATION AND COMMUNICATIONS TECHNOLOGY SERVICE MANAGERS,0.4856,0.6536,15,47
Temasek Defence Sys. Institute,JUNIOR COLLEGE AND PRE-UNIVERSITY EDUCATION TEACHERS,0.4804,0.5878,15,2
Temasek Defence Sys. Institute,KEYBOARD OPERATORS,0.4476,0.6697,15,15
Temasek Defence Sys. Institute,LEGAL AND SOCIAL ASSOCIATE PROFESSIONALS,0.4431,0.6142,15,37
Temasek Defence Sys. Institute,LEGAL PROFESSIONALS,0.4472,0.5939,15,35
Temasek Defence Sys. Institute,LEGISLATORS AND SENIOR OFFICIALS,0.4556,0.6501,15,42
Temasek Defence Sys. Institute,"LIBRARIANS, ARCHIVISTS AND CURATORS",0.4608,0.6145,15,5
Temasek Defence Sys. Institute,LIFE SCIENCE PROFESSIONALS,0.4704,0.6177,15,36
Temasek Defence Sys. Institute,LIFE SCIENCE TECHNICIANS AND RELATED ASSOCIATE PROFESSIONALS,0.4665,0.5882,15,15
Temasek Defence Sys. Institute,"MACHINERY MECHANICS, FITTERS AND REPAIRERS",0.462,0.6228,15,20
Temasek Defence Sys. Institute,"MANAGING DIRECTORS, CHIEF EXECUTIVES AND GENERAL MANAGERS",0.4514,0.6422,15,45
Temasek Defence Sys. Institute,MANUFACTURING LABOURERS AND RELATED WORKERS,0.4381,0.64,15,20
Temasek Defence Sys. Institute,"MANUFACTURING, CONSTRUCTION, TRANSPORT, DISTRIBUTION AND RELATED PRODUCTION AND OPERATIONS MANAGERS",0.4765,0.6735,15,66
Temasek Defence Sys. Institute,MARKET GARDENERS AND CROP GROWERS,0.4542,0.5476,15,12
Temasek Defence Sys. Institute,MARKETING AND PUBLIC RELATIONS PROFESSIONALS,0.4748,0.647,15,399
Temasek Defence Sys. Institute,MATERIAL-RECORDING AND TRANSPORT CLERKS,0.4674,0.6827,15,122
Temasek Defence Sys. Institute,"MATHEMATICIANS, ACTUARIES, STATISTICIANS AND RELATED PROFESSIONALS",0.4972,0.6342,15,67
Temasek Defence Sys. Institute,MEDICAL AND PHARMACEUTICAL TECHNICIANS,0.4569,0.637,15,55
Temasek Defence Sys. Institute,MEDICAL DOCTORS,0.4428,0.5498,15,28
Temasek Defence Sys. Institute,"METAL PROCESSING, FINISHING AND PRODUCTS PLANT OPERATORS",0.4632,0.5881,15,19
Temasek Defence Sys. Institute,MOBILE MACHINERY OPERATORS,0.4472,0.6348,15,39
Temasek Defence Sys. Institute,"MODELS, SALES DEMONSTRATORS AND RELATED SALES WORKERS",0.4494,0.6632,15,370
Temasek Defence Sys. Institute,NUMERICAL CLERKS,0.4458,0.6614,15,346
Temasek Defence Sys. Institute,NURSING ASSOCIATE PROFESSIONALS,0.4577,0.5938,15,36
Temasek Defence Sys. Institute,NURSING PROFESSIONALS,0.4447,0.5782,15,227
Temasek Defence Sys. Institute,OTHER CLERICAL SUPPORT WORKERS,0.4474,0.5893,15,16
Temasek Defence Sys. Institute,OTHER CRAFT AND RELATED WORKERS,0.4387,0.6139,15,18
Temasek Defence Sys. Institute,OTHER HEALTH ASSOCIATE PROFESSIONALS,0.4486,0.6104,15,69
Temasek Defence Sys. Institute,OTHER HEALTH PROFESSIONALS,0.4536,0.5993,15,127
Temasek Defence Sys. Institute,OTHER SERVICES MANAGERS,0.4715,0.6232,15,216
Temasek Defence Sys. Institute,OTHER STATIONARY PLANT AND MACHINE OPERATORS,0.4594,0.5961,15,12
Temasek Defence Sys. Institute,OTHER TEACHING PROFESSIONALS,0.4767,0.6476,15,35
Temasek Defence Sys. Institute,"PAINTERS, BUILDING STRUCTURE CLEANERS AND RELATED WORKERS",0.4499,0.5488,15,7
Temasek Defence Sys. Institute,PERSONAL SERVICES WORKERS NOT ELSEWHERE CLASSIFIED,0.4458,0.5892,15,24
Temasek Defence Sys. Institute,PHYSICAL AND EARTH SCIENCE PROFESSIONALS,0.4703,0.5774,15,7
Temasek Defence Sys. Institute,PHYSICAL AND ENGINEERING SCIENCE TECHNICIANS I,0.4878,0.6567,15,364
Temasek Defence Sys. Institute,PHYSICAL AND ENGINEERING SCIENCE TECHNICIANS II (Cont’d),0.4845,0.6302,15,32
Temasek Defence Sys. Institute,"PORTERS, ATTENDANTS AND RELATED WORKERS",0.4361,0.6195,15,70
Temasek Defence Sys. Institute,PREMISES AND PARKS OFFICERS,0.467,0.6215,15,71
Temasek Defence Sys. Institute,PRESCHOOL EDUCATION TEACHERS,0.4595,0.6209,15,267
Temasek Defence Sys. Institute,PRIMARY EDUCATION TEACHERS,0.4578,0.6302,15,20
Temasek Defence Sys. Institute,PRINTING TRADES WORKERS,0.4177,0.4718,15,1
Temasek Defence Sys. Institute,PROCESS CONTROL TECHNICIANS,0.4651,0.6065,15,3
Temasek Defence Sys. Institute,"PROFESSIONAL, FINANCIAL, COMMUNITY AND SOCIAL SERVICES MANAGERS",0.4529,0.6299,15,61
Temasek Defence Sys. Institute,PROTECTIVE SERVICES WORKERS,0.4493,0.5886,15,68
Temasek Defence Sys. Institute,RETAIL AND WHOLESALE TRADE MANAGERS,0.4692,0.6195,15,27
Temasek Defence Sys. Institute,"RUBBER, PLASTIC AND PAPER PRODUCTS MACHINE OPERATORS",0.4596,0.5105,15,1
Temasek Defence Sys. Institute,SALES AND RELATED ASSOCIATE PROFESSIONALS,0.4599,0.6678,15,1121
Temasek Defence Sys. Institute,"SALES, MARKETING, DEVELOPMENT AND CUSTOMER SERVICE MANAGERS",0.4676,0.6818,15,1204
Temasek Defence Sys. Institute,SECONDARY EDUCATION TEACHERS,0.471,0.6872,15,24
Temasek Defence Sys. Institute,SECRETARIES AND VERBATIM REPORTERS,0.4483,0.6184,15,40
Temasek Defence Sys. Institute,"SHEET AND STRUCTURAL METAL WORKERS, MOULDERS AND WELDERS AND RELATED TRADES WORKERS",0.4709,0.5703,15,13
Temasek Defence Sys. Institute,SHIP AND AIRCRAFT CONTROLLERS AND TECHNICIANS,0.4745,0.6189,15,28
Temasek Defence Sys. Institute,SHIP AND AIRCRAFT RELATED PROFESSIONALS,0.5014,0.6109,15,22
Temasek Defence Sys. Institute,SHIPS’ DECK CREW AND RELATED WORKERS,0.452,0.5475,15,5
Temasek Defence Sys. Institute,SHOP SALESPERSONS,0.4416,0.6609,15,232
Temasek Defence Sys. Institute,SOCIAL SCIENCE RESEARCHERS AND PROFESSIONALS; RELIGIOUS PROFESSIONALS,0.442,0.6463,15,68
Temasek Defence Sys. Institute,SOFTWARE AND APPLICATIONS DEVELOPERS AND ANALYSTS,0.516,0.701,15,220
Temasek Defence Sys. Institute,SPORTS AND FITNESS WORKERS,0.4478,0.5964,15,65
Temasek Defence Sys. Institute,STATIONARY PLANT AND MACHINE SUPERVISORS AND GENERAL FOREMEN,0.4429,0.5229,15,1
Temasek Defence Sys. Institute,SUPERVISORS AND GENERAL FOREMEN (BUILDING AND RELATED TRADES),0.4644,0.6418,15,42
Temasek Defence Sys. Institute,SUPERVISORS AND GENERAL FOREMEN (ELECTRICAL AND ELECTRONIC TRADES),0.4709,0.5964,15,4
Temasek Defence Sys. Institute,"SUPERVISORS AND GENERAL FOREMEN (FOOD PROCESSING, WOODWORKING, GARMENT, LEATHER AND RELATED TRADES)",0.4641,0.6479,15,141
Temasek Defence Sys. Institute,SUPERVISORS AND GENERAL FOREMEN OF ASSEMBLERS AND QUALITY CHECKERS,0.4938,0.5881,15,1
Temasek Defence Sys. Institute,TEACHING ASSOCIATE PROFESSIONALS NOT ELSEWHERE CLASSIFIED,0.4663,0.6444,15,58
Temasek Defence Sys. Institute,TELECOMMUNICATIONS AND BROADCASTING TECHNICIANS AND AUDIO-VISUAL OPERATORS,0.4524,0.6448,15,68
Temasek Defence Sys. Institute,"TELLERS, MONEY COLLECTORS AND RELATED CLERKS",0.4466,0.5733,15,14
Temasek Defence Sys. Institute,"TEXTILE, FUR AND LEATHER PRODUCTS MACHINE OPERATORS",0.4675,0.5451,15,10
Temasek Defence Sys. Institute,TRADITIONAL AND COMPLEMENTARY MEDICINE PROFESSIONALS,0.4296,0.5973,15,4
Temasek Defence Sys. Institute,TRANSPORT AND STORAGE LABOURERS,0.4503,0.6866,15,180
Temasek Defence Sys. Institute,TRANSPORT OPERATIONS PLANNERS AND EXECUTIVES,0.4773,0.5995,15,6
Temasek Defence Sys. Institute,"TRAVEL ATTENDANTS, CONDUCTORS AND GUIDES",0.4702,0.6091,15,5
Temasek Defence Sys. Institute,"UNIVERSITY, POLYTECHNIC AND HIGHER EDUCATION TEACHERS",0.4922,0.6731,15,32
Temasek Defence Sys. Institute,"VEHICLE, WINDOW, LAUNDRY AND OTHER HAND CLEANING WORKERS",0.4325,0.5826,15,11
Temasek Defence Sys. Institute,VETERINARIANS,0.4457,0.5874,15,8
Temasek Defence Sys. Institute,VETERINARY TECHNICIANS AND ASSISTANTS,0.4596,0.5662,15,13
Temasek Defence Sys. Institute,VOCATIONAL EDUCATION TEACHERS AND TRAINERS,0.5073,0.5858,15,2
Temasek Defence Sys. Institute,WAITERS AND BARTENDERS,0.4367,0.6251,15,338
Temasek Defence Sys. Institute,"WASTE COLLECTION, RECYCLING AND MATERIAL RECOVERY WORKERS",0.4485,0.5508,15,2
Temasek Defence Sys. Institute,"WOOD TREATERS, CABINET MAKERS AND RELATED TRADES WORKERS",0.4426,0.5361,15,1
YST Conservatory of Music,ADMINISTRATION PROFESSIONALS,0.463,0.6503,223,703
YST Conservatory of Music,ADMINISTRATIVE ASSOCIATE PROFESSIONALS,0.4501,0.6647,223,713
YST Conservatory of Music,"AGRICULTURAL, FISHERY AND RELATED LABOURERS",0.4254,0.5656,223,11
YST Conservatory of Music,"ARCHITECTS, PLANNERS, SURVEYORS AND DESIGNERS",0.479,0.6846,223,80
YST Conservatory of Music,ARTISTIC AND CULTURAL ASSOCIATE PROFESSIONALS,0.4547,0.6404,223,173
YST Conservatory of Music,"ASSEMBLERS, QUALITY CHECKERS AND TESTERS",0.4477,0.5717,223,7
YST Conservatory of Music,ASSISTANT ENGINEERS,0.4583,0.6267,223,46
YST Conservatory of Music,"AUTHORS, JOURNALISTS AND EDITORS",0.4797,0.6718,223,19
YST Conservatory of Music,"BLACKSMITHS, TOOLMAKERS AND RELATED TRADES WORKERS",0.4423,0.5732,223,1
YST Conservatory of Music,"BOOKMAKERS, CROUPIERS AND RELATED GAMING WORKERS",0.4204,0.5443,223,3
YST Conservatory of Music,BUILDING FINISHERS AND RELATED TRADES WORKERS,0.4312,0.5769,223,24
YST Conservatory of Music,BUILDING FRAME AND RELATED TRADES WORKERS,0.4428,0.6061,223,29
YST Conservatory of Music,"BUILDING, QUALITY AND SAFETY INSPECTORS",0.4444,0.6174,223,25
YST Conservatory of Music,BUSINESS SERVICES AGENTS,0.4664,0.6668,223,108
YST Conservatory of Music,BUSINESS SERVICES AND ADMINISTRATION MANAGERS,0.4523,0.6436,223,148
YST Conservatory of Music,CAR AND LIGHT GOODS VEHICLE DRIVERS,0.4296,0.5816,223,93
YST Conservatory of Music,CASHIERS AND TICKET CLERKS,0.4248,0.575,223,40
YST Conservatory of Music,CHILD CARE WORKERS AND TEACHER AIDES,0.4762,0.6441,223,111
YST Conservatory of Music,"CLEANERS AND HELPERS IN HOTELS, OFFICES AND OTHER ESTABLISHMENTS",0.4351,0.6092,223,119
YST Conservatory of Music,CLEANING SUPERVISORS,0.4408,0.5778,223,13
YST Conservatory of Music,CLERICAL SUPERVISORS,0.4447,0.5724,223,9
YST Conservatory of Music,CLIENT INFORMATION CLERKS,0.45,0.652,223,552
YST Conservatory of Music,CONSTRUCTION LABOURERS AND RELATED WORKERS,0.4594,0.5771,223,1
YST Conservatory of Music,COOKS,0.4439,0.6172,223,81
YST Conservatory of Music,CREATIVE AND PERFORMING ARTISTS,0.4913,0.6734,223,25
YST Conservatory of Music,"DATABASE, NETWORK, INFRASTRUCTURE AND CYBERSECURITY PROFESSIONALS",0.4487,0.6418,223,105
YST Conservatory of Music,DOMESTIC HELPERS AND CLEANERS,0.442,0.5563,223,2
YST Conservatory of Music,ELECTRICAL EQUIPMENT RELATED TRADES WORKERS,0.4283,0.6227,223,18
YST Conservatory of Music,ENGINEERING PROFESSIONALS I,0.4612,0.6819,223,861
YST Conservatory of Music,ENGINEERING PROFESSIONALS II (Cont’d),0.46,0.7142,223,248
YST Conservatory of Music,EXTRACURRICULUM INSTRUCTORS,0.5066,0.7252,223,91
YST Conservatory of Music,FINANCE PROFESSIONALS,0.4531,0.6509,223,269
YST Conservatory of Music,FINANCIAL AND MATHEMATICAL ASSOCIATE PROFESSIONALS,0.4477,0.6134,223,130
YST Conservatory of Music,FOOD AND RELATED PRODUCTS MACHINE OPERATORS,0.4356,0.547,223,3
YST Conservatory of Music,FOOD PREPARATION AND KITCHEN ASSISTANTS,0.4365,0.5954,223,87
YST Conservatory of Music,FOOD PROCESSING AND RELATED TRADES WORKERS,0.4421,0.5829,223,28
YST Conservatory of Music,"GARMENT, LEATHER AND RELATED TRADES WORKERS",0.4521,0.5633,223,4
YST Conservatory of Music,GENERAL OFFICE CLERKS,0.4541,0.6434,223,532
YST Conservatory of Music,GOVERNMENT ASSOCIATE PROFESSIONALS,0.4428,0.562,223,6
YST Conservatory of Music,"HAIRDRESSERS, BEAUTICIANS AND RELATED WORKERS",0.4475,0.6052,223,86
YST Conservatory of Music,HANDICRAFT AND PRECISION WORKERS,0.4397,0.576,223,10
YST Conservatory of Music,HEALTHCARE ASSISTANTS AND RELATED PERSONAL CARE WORKERS,0.4487,0.6117,223,125
YST Conservatory of Music,HEAVY TRUCK AND BUS DRIVERS,0.4297,0.6027,223,146
YST Conservatory of Music,HOTEL AND FOOD AND BEVERAGES SERVICES MANAGERS,0.4353,0.6289,223,53
YST Conservatory of Music,HOUSEKEEPERS AND RELATED WORKERS,0.4308,0.5668,223,31
YST Conservatory of Music,INFORMATION AND COMMUNICATIONS TECHNOLOGY OPERATORS AND TECHNICIANS,0.4496,0.6628,223,90
YST Conservatory of Music,INFORMATION AND COMMUNICATIONS TECHNOLOGY SERVICE MANAGERS,0.4587,0.6285,223,47
YST Conservatory of Music,JUNIOR COLLEGE AND PRE-UNIVERSITY EDUCATION TEACHERS,0.4951,0.6118,223,2
YST Conservatory of Music,KEYBOARD OPERATORS,0.4729,0.6042,223,15
YST Conservatory of Music,LEGAL AND SOCIAL ASSOCIATE PROFESSIONALS,0.4637,0.6534,223,37
YST Conservatory of Music,LEGAL PROFESSIONALS,0.4571,0.597,223,35
YST Conservatory of Music,LEGISLATORS AND SENIOR OFFICIALS,0.4473,0.617,223,42
YST Conservatory of Music,"LIBRARIANS, ARCHIVISTS AND CURATORS",0.4913,0.6368,223,5
YST Conservatory of Music,LIFE SCIENCE PROFESSIONALS,0.4615,0.6126,223,36
YST Conservatory of Music,LIFE SCIENCE TECHNICIANS AND RELATED ASSOCIATE PROFESSIONALS,0.4624,0.586,223,15
YST Conservatory of Music,"MACHINERY MECHANICS, FITTERS AND REPAIRERS",0.4359,0.6546,223,20
YST Conservatory of Music,"MANAGING DIRECTORS, CHIEF EXECUTIVES AND GENERAL MANAGERS",0.4441,0.6407,223,45
YST Conservatory of Music,MANUFACTURING LABOURERS AND RELATED WORKERS,0.4259,0.5615,223,20
YST Conservatory of Music,"MANUFACTURING, CONSTRUCTION, TRANSPORT, DISTRIBUTION AND RELATED PRODUCTION AND OPERATIONS MANAGERS",0.4462,0.6309,223,66
YST Conservatory of Music,MARKET GARDENERS AND CROP GROWERS,0.4439,0.5641,223,12
YST Conservatory of Music,MARKETING AND PUBLIC RELATIONS PROFESSIONALS,0.4625,0.7071,223,399
YST Conservatory of Music,MATERIAL-RECORDING AND TRANSPORT CLERKS,0.4415,0.6156,223,122
YST Conservatory of Music,"MATHEMATICIANS, ACTUARIES, STATISTICIANS AND RELATED PROFESSIONALS",0.4666,0.6441,223,67
YST Conservatory of Music,MEDICAL AND PHARMACEUTICAL TECHNICIANS,0.4399,0.6092,223,55
YST Conservatory of Music,MEDICAL DOCTORS,0.4622,0.6147,223,28
YST Conservatory of Music,"METAL PROCESSING, FINISHING AND PRODUCTS PLANT OPERATORS",0.4407,0.5608,223,19
YST Conservatory of Music,MOBILE MACHINERY OPERATORS,0.421,0.5609,223,39
YST Conservatory of Music,"MODELS, SALES DEMONSTRATORS AND RELATED SALES WORKERS",0.4488,0.6474,223,370
YST Conservatory of Music,NUMERICAL CLERKS,0.4481,0.6274,223,346
YST Conservatory of Music,NURSING ASSOCIATE PROFESSIONALS,0.4599,0.5938,223,36
YST Conservatory of Music,NURSING PROFESSIONALS,0.4465,0.5947,223,227
YST Conservatory of Music,OTHER CLERICAL SUPPORT WORKERS,0.4514,0.5908,223,16
YST Conservatory of Music,OTHER CRAFT AND RELATED WORKERS,0.4301,0.5601,223,18
YST Conservatory of Music,OTHER HEALTH ASSOCIATE PROFESSIONALS,0.4443,0.6128,223,69
YST Conservatory of Music,OTHER HEALTH PROFESSIONALS,0.461,0.6375,223,127
YST Conservatory of Music,OTHER SERVICES MANAGERS,0.4819,0.6614,223,216
YST Conservatory of Music,OTHER STATIONARY PLANT AND MACHINE OPERATORS,0.4333,0.5682,223,12
YST Conservatory of Music,OTHER TEACHING PROFESSIONALS,0.4816,0.6429,223,35
YST Conservatory of Music,"PAINTERS, BUILDING STRUCTURE CLEANERS AND RELATED WORKERS",0.4408,0.5557,223,7
YST Conservatory of Music,PERSONAL SERVICES WORKERS NOT ELSEWHERE CLASSIFIED,0.4361,0.5799,223,24
YST Conservatory of Music,PHYSICAL AND EARTH SCIENCE PROFESSIONALS,0.4569,0.5765,223,7
YST Conservatory of Music,PHYSICAL AND ENGINEERING SCIENCE TECHNICIANS I,0.458,0.6401,223,364
YST Conservatory of Music,PHYSICAL AND ENGINEERING SCIENCE TECHNICIANS II (Cont’d),0.4475,0.605,223,32
YST Conservatory of Music,"PORTERS, ATTENDANTS AND RELATED WORKERS",0.4392,0.6106,223,70
YST Conservatory of Music,PREMISES AND PARKS OFFICERS,0.4438,0.6059,223,71
YST Conservatory of Music,PRESCHOOL EDUCATION TEACHERS,0.479,0.6414,223,267
YST Conservatory of Music,PRIMARY EDUCATION TEACHERS,0.4838,0.6275,223,20
YST Conservatory of Music,PRINTING TRADES WORKERS,0.4346,0.5877,223,1
YST Conservatory of Music,PROCESS CONTROL TECHNICIANS,0.4352,0.5929,223,3
YST Conservatory of Music,"PROFESSIONAL, FINANCIAL, COMMUNITY AND SOCIAL SERVICES MANAGERS",0.4602,0.6595,223,61
YST Conservatory of Music,PROTECTIVE SERVICES WORKERS,0.4183,0.5643,223,68
YST Conservatory of Music,RETAIL AND WHOLESALE TRADE MANAGERS,0.4626,0.6046,223,27
YST Conservatory of Music,"RUBBER, PLASTIC AND PAPER PRODUCTS MACHINE OPERATORS",0.4472,0.5689,223,1
YST Conservatory of Music,SALES AND RELATED ASSOCIATE PROFESSIONALS,0.4607,0.6594,223,1121
YST Conservatory of Music,"SALES, MARKETING, DEVELOPMENT AND CUSTOMER SERVICE MANAGERS",0.4682,0.6614,223,1204
YST Conservatory of Music,SECONDARY EDUCATION TEACHERS,0.489,0.6469,223,24
YST Conservatory of Music,SECRETARIES AND VERBATIM REPORTERS,0.4511,0.6143,223,40
YST Conservatory of Music,"SHEET AND STRUCTURAL METAL WORKERS, MOULDERS AND WELDERS AND RELATED TRADES WORKERS",0.4389,0.579,223,13
YST Conservatory of Music,SHIP AND AIRCRAFT CONTROLLERS AND TECHNICIANS,0.4359,0.6123,223,28
YST Conservatory of Music,SHIP AND AIRCRAFT RELATED PROFESSIONALS,0.4468,0.6175,223,22
YST Conservatory of Music,SHIPS’ DECK CREW AND RELATED WORKERS,0.4406,0.5683,223,5
YST Conservatory of Music,SHOP SALESPERSONS,0.4451,0.6356,223,232
YST Conservatory of Music,SOCIAL SCIENCE RESEARCHERS AND PROFESSIONALS; RELIGIOUS PROFESSIONALS,0.4629,0.6723,223,68
YST Conservatory of Music,SOFTWARE AND APPLICATIONS DEVELOPERS AND ANALYSTS,0.469,0.7048,223,220
YST Conservatory of Music,SPORTS AND FITNESS WORKERS,0.4647,0.6507,223,65
YST Conservatory of Music,STATIONARY PLANT AND MACHINE SUPERVISORS AND GENERAL FOREMEN,0.4438,0.571,223,1
YST Conservatory of Music,SUPERVISORS AND GENERAL FOREMEN (BUILDING AND RELATED TRADES),0.4375,0.596,223,42
YST Conservatory of Music,SUPERVISORS AND GENERAL FOREMEN (ELECTRICAL AND ELECTRONIC TRADES),0.4444,0.585,223,4
YST Conservatory of Music,"SUPERVISORS AND GENERAL FOREMEN (FOOD PROCESSING, WOODWORKING, GARMENT, LEATHER AND RELATED TRADES)",0.4495,0.6293,223,141
YST Conservatory of Music,SUPERVISORS AND GENERAL FOREMEN OF ASSEMBLERS AND QUALITY CHECKERS,0.4759,0.6161,223,1
YST Conservatory of Music,TEACHING ASSOCIATE PROFESSIONALS NOT ELSEWHERE CLASSIFIED,0.4927,0.6753,223,58
YST Conservatory of Music,TELECOMMUNICATIONS AND BROADCASTING TECHNICIANS AND AUDIO-VISUAL OPERATORS,0.4493,0.7105,223,68
YST Conservatory of Music,"TELLERS, MONEY COLLECTORS AND RELATED CLERKS",0.442,0.5658,223,14
YST Conservatory of Music,"TEXTILE, FUR AND LEATHER PRODUCTS MACHINE OPERATORS",0.4426,0.5608,223,10
YST Conservatory of Music,TRADITIONAL AND COMPLEMENTARY MEDICINE PROFESSIONALS,0.451,0.5567,223,4
YST Conservatory of Music,TRANSPORT AND STORAGE LABOURERS,0.4289,0.5938,223,180
YST Conservatory of Music,TRANSPORT OPERATIONS PLANNERS AND EXECUTIVES,0.4463,0.6085,223,6
YST Conservatory of Music,"TRAVEL ATTENDANTS, CONDUCTORS AND GUIDES",0.4792,0.6294,223,5
YST Conservatory of Music,"UNIVERSITY, POLYTECHNIC AND HIGHER EDUCATION TEACHERS",0.5108,0.7145,223,32
YST Conservatory of Music,"VEHICLE, WINDOW, LAUNDRY AND OTHER HAND CLEANING WORKERS",0.4306,0.5671,223,11
YST Conservatory of Music,VETERINARIANS,0.4502,0.5735,223,8
YST Conservatory of Music,VETERINARY TECHNICIANS AND ASSISTANTS,0.4459,0.5625,223,13
YST Conservatory of Music,VOCATIONAL EDUCATION TEACHERS AND TRAINERS,0.4916,0.5994,223,2
YST Conservatory of Music,WAITERS AND BARTENDERS,0.4466,0.6096,223,338
YST Conservatory of Music,"WASTE COLLECTION, RECYCLING AND MATERIAL RECOVERY WORKERS",0.423,0.5573,223,2
YST Conservatory of Music,"WOOD TREATERS, CABINET MAKERS AND RELATED TRADES WORKERS",0.4687,0.5596,223,1
Yale-NUS College,ADMINISTRATION PROFESSIONALS,0.4273,0.6902,841,703
Yale-NUS College,ADMINISTRATIVE ASSOCIATE PROFESSIONALS,0.415,0.7118,841,713
Yale-NUS College,"AGRICULTURAL, FISHERY AND RELATED LABOURERS",0.4132,0.5874,841,11
Yale-NUS College,"ARCHITECTS, PLANNERS, SURVEYORS AND DESIGNERS",0.4347,0.6719,841,80
Yale-NUS College,ARTISTIC AND CULTURAL ASSOCIATE PROFESSIONALS,0.4163,0.6805,841,173
Yale-NUS College,"ASSEMBLERS, QUALITY CHECKERS AND TESTERS",0.4107,0.6265,841,7
Yale-NUS College,ASSISTANT ENGINEERS,0.4217,0.5858,841,46
Yale-NUS College,"AUTHORS, JOURNALISTS AND EDITORS",0.4447,0.6874,841,19
Yale-NUS College,"BLACKSMITHS, TOOLMAKERS AND RELATED TRADES WORKERS",0.4146,0.5307,841,1
Yale-NUS College,"BOOKMAKERS, CROUPIERS AND RELATED GAMING WORKERS",0.3984,0.6137,841,3
Yale-NUS College,BUILDING FINISHERS AND RELATED TRADES WORKERS,0.3967,0.5957,841,24
Yale-NUS College,BUILDING FRAME AND RELATED TRADES WORKERS,0.4072,0.5931,841,29
Yale-NUS College,"BUILDING, QUALITY AND SAFETY INSPECTORS",0.4162,0.6024,841,25
Yale-NUS College,BUSINESS SERVICES AGENTS,0.4285,0.6461,841,108
Yale-NUS College,BUSINESS SERVICES AND ADMINISTRATION MANAGERS,0.4141,0.7184,841,148
Yale-NUS College,CAR AND LIGHT GOODS VEHICLE DRIVERS,0.4077,0.5953,841,93
Yale-NUS College,CASHIERS AND TICKET CLERKS,0.4003,0.6476,841,40
Yale-NUS College,CHILD CARE WORKERS AND TEACHER AIDES,0.4444,0.6398,841,111
Yale-NUS College,"CLEANERS AND HELPERS IN HOTELS, OFFICES AND OTHER ESTABLISHMENTS",0.4103,0.6373,841,119
Yale-NUS College,CLEANING SUPERVISORS,0.3991,0.5906,841,13
Yale-NUS College,CLERICAL SUPERVISORS,0.4025,0.5542,841,9
Yale-NUS College,CLIENT INFORMATION CLERKS,0.4171,0.6225,841,552
Yale-NUS College,CONSTRUCTION LABOURERS AND RELATED WORKERS,0.4219,0.5658,841,1
Yale-NUS College,COOKS,0.4125,0.6098,841,81
Yale-NUS College,CREATIVE AND PERFORMING ARTISTS,0.4194,0.6598,841,25
Yale-NUS College,"DATABASE, NETWORK, INFRASTRUCTURE AND CYBERSECURITY PROFESSIONALS",0.4169,0.6022,841,105
Yale-NUS College,DOMESTIC HELPERS AND CLEANERS,0.4138,0.6176,841,2
Yale-NUS College,ELECTRICAL EQUIPMENT RELATED TRADES WORKERS,0.4003,0.6053,841,18
Yale-NUS College,ENGINEERING PROFESSIONALS I,0.425,0.7194,841,861
Yale-NUS College,ENGINEERING PROFESSIONALS II (Cont’d),0.424,0.7095,841,248
Yale-NUS College,EXTRACURRICULUM INSTRUCTORS,0.457,0.7242,841,91
Yale-NUS College,FINANCE PROFESSIONALS,0.4204,0.7031,841,269
Yale-NUS College,FINANCIAL AND MATHEMATICAL ASSOCIATE PROFESSIONALS,0.4067,0.6076,841,130
Yale-NUS College,FOOD AND RELATED PRODUCTS MACHINE OPERATORS,0.406,0.5597,841,3
Yale-NUS College,FOOD PREPARATION AND KITCHEN ASSISTANTS,0.4067,0.6024,841,87
Yale-NUS College,FOOD PROCESSING AND RELATED TRADES WORKERS,0.4091,0.6048,841,28
Yale-NUS College,"GARMENT, LEATHER AND RELATED TRADES WORKERS",0.4149,0.5448,841,4
Yale-NUS College,GENERAL OFFICE CLERKS,0.4183,0.6301,841,532
Yale-NUS College,GOVERNMENT ASSOCIATE PROFESSIONALS,0.4103,0.5855,841,6
Yale-NUS College,"HAIRDRESSERS, BEAUTICIANS AND RELATED WORKERS",0.4117,0.574,841,86
Yale-NUS College,HANDICRAFT AND PRECISION WORKERS,0.4074,0.5693,841,10
Yale-NUS College,HEALTHCARE ASSISTANTS AND RELATED PERSONAL CARE WORKERS,0.4157,0.6039,841,125
Yale-NUS College,HEAVY TRUCK AND BUS DRIVERS,0.406,0.6061,841,146
Yale-NUS College,HOTEL AND FOOD AND BEVERAGES SERVICES MANAGERS,0.397,0.5663,841,53
Yale-NUS College,HOUSEKEEPERS AND RELATED WORKERS,0.4009,0.5747,841,31
Yale-NUS College,INFORMATION AND COMMUNICATIONS TECHNOLOGY OPERATORS AND TECHNICIANS,0.4123,0.6184,841,90
Yale-NUS College,INFORMATION AND COMMUNICATIONS TECHNOLOGY SERVICE MANAGERS,0.4203,0.6215,841,47
Yale-NUS College,JUNIOR COLLEGE AND PRE-UNIVERSITY EDUCATION TEACHERS,0.4666,0.6043,841,2
Yale-NUS College,KEYBOARD OPERATORS,0.417,0.5727,841,15
Yale-NUS College,LEGAL AND SOCIAL ASSOCIATE PROFESSIONALS,0.432,0.6359,841,37
Yale-NUS College,LEGAL PROFESSIONALS,0.4322,0.6635,841,35
Yale-NUS College,LEGISLATORS AND SENIOR OFFICIALS,0.4134,0.6002,841,42
Yale-NUS College,"LIBRARIANS, ARCHIVISTS AND CURATORS",0.4516,0.6838,841,5
Yale-NUS College,LIFE SCIENCE PROFESSIONALS,0.4393,0.6705,841,36
Yale-NUS College,LIFE SCIENCE TECHNICIANS AND RELATED ASSOCIATE PROFESSIONALS,0.4299,0.6546,841,15
Yale-NUS College,"MACHINERY MECHANICS, FITTERS AND REPAIRERS",0.409,0.5812,841,20
Yale-NUS College,"MANAGING DIRECTORS, CHIEF EXECUTIVES AND GENERAL MANAGERS",0.4081,0.603,841,45
Yale-NUS College,MANUFACTURING LABOURERS AND RELATED WORKERS,0.4016,0.5649,841,20
Yale-NUS College,"MANUFACTURING, CONSTRUCTION, TRANSPORT, DISTRIBUTION AND RELATED PRODUCTION AND OPERATIONS MANAGERS",0.4099,0.6404,841,66
Yale-NUS College,MARKET GARDENERS AND CROP GROWERS,0.4299,0.6106,841,12
Yale-NUS College,MARKETING AND PUBLIC RELATIONS PROFESSIONALS,0.4279,0.675,841,399
Yale-NUS College,MATERIAL-RECORDING AND TRANSPORT CLERKS,0.4085,0.6175,841,122
Yale-NUS College,"MATHEMATICIANS, ACTUARIES, STATISTICIANS AND RELATED PROFESSIONALS",0.4392,0.7026,841,67
Yale-NUS College,MEDICAL AND PHARMACEUTICAL TECHNICIANS,0.4108,0.6011,841,55
Yale-NUS College,MEDICAL DOCTORS,0.4307,0.6122,841,28
Yale-NUS College,"METAL PROCESSING, FINISHING AND PRODUCTS PLANT OPERATORS",0.4058,0.5868,841,19
Yale-NUS College,MOBILE MACHINERY OPERATORS,0.3927,0.5694,841,39
Yale-NUS College,"MODELS, SALES DEMONSTRATORS AND RELATED SALES WORKERS",0.4183,0.6312,841,370
Yale-NUS College,NUMERICAL CLERKS,0.4087,0.6272,841,346
Yale-NUS College,NURSING ASSOCIATE PROFESSIONALS,0.4224,0.5973,841,36
Yale-NUS College,NURSING PROFESSIONALS,0.414,0.6179,841,227
Yale-NUS College,OTHER CLERICAL SUPPORT WORKERS,0.421,0.6317,841,16
Yale-NUS College,OTHER CRAFT AND RELATED WORKERS,0.4033,0.563,841,18
Yale-NUS College,OTHER HEALTH ASSOCIATE PROFESSIONALS,0.4158,0.6409,841,69
Yale-NUS College,OTHER HEALTH PROFESSIONALS,0.427,0.6266,841,127
Yale-NUS College,OTHER SERVICES MANAGERS,0.4449,0.6439,841,216
Yale-NUS College,OTHER STATIONARY PLANT AND MACHINE OPERATORS,0.405,0.5899,841,12
Yale-NUS College,OTHER TEACHING PROFESSIONALS,0.446,0.6525,841,35
Yale-NUS College,"PAINTERS, BUILDING STRUCTURE CLEANERS AND RELATED WORKERS",0.4037,0.5399,841,7
Yale-NUS College,PERSONAL SERVICES WORKERS NOT ELSEWHERE CLASSIFIED,0.4095,0.588,841,24
Yale-NUS College,PHYSICAL AND EARTH SCIENCE PROFESSIONALS,0.4226,0.6101,841,7
Yale-NUS College,PHYSICAL AND ENGINEERING SCIENCE TECHNICIANS I,0.4227,0.653,841,364
Yale-NUS College,PHYSICAL AND ENGINEERING SCIENCE TECHNICIANS II (Cont’d),0.4129,0.6016,841,32
Yale-NUS College,"PORTERS, ATTENDANTS AND RELATED WORKERS",0.4096,0.6412,841,70
Yale-NUS College,PREMISES AND PARKS OFFICERS,0.4084,0.6181,841,71
Yale-NUS College,PRESCHOOL EDUCATION TEACHERS,0.4503,0.7013,841,267
Yale-NUS College,PRIMARY EDUCATION TEACHERS,0.4541,0.6353,841,20
Yale-NUS College,PRINTING TRADES WORKERS,0.3891,0.5008,841,1
Yale-NUS College,PROCESS CONTROL TECHNICIANS,0.4079,0.5948,841,3
Yale-NUS College,"PROFESSIONAL, FINANCIAL, COMMUNITY AND SOCIAL SERVICES MANAGERS",0.4268,0.6543,841,61
Yale-NUS College,PROTECTIVE SERVICES WORKERS,0.3946,0.5869,841,68
Yale-NUS College,RETAIL AND WHOLESALE TRADE MANAGERS,0.4273,0.5976,841,27
Yale-NUS College,"RUBBER, PLASTIC AND PAPER PRODUCTS MACHINE OPERATORS",0.4243,0.5579,841,1
Yale-NUS College,SALES AND RELATED ASSOCIATE PROFESSIONALS,0.4278,0.674,841,1121
Yale-NUS College,"SALES, MARKETING, DEVELOPMENT AND CUSTOMER SERVICE MANAGERS",0.4391,0.7248,841,1204
Yale-NUS College,SECONDARY EDUCATION TEACHERS,0.4598,0.7085,841,24
Yale-NUS College,SECRETARIES AND VERBATIM REPORTERS,0.4171,0.6117,841,40
Yale-NUS College,"SHEET AND STRUCTURAL METAL WORKERS, MOULDERS AND WELDERS AND RELATED TRADES WORKERS",0.4099,0.5856,841,13
Yale-NUS College,SHIP AND AIRCRAFT CONTROLLERS AND TECHNICIANS,0.4037,0.6097,841,28
Yale-NUS College,SHIP AND AIRCRAFT RELATED PROFESSIONALS,0.4127,0.6191,841,22
Yale-NUS College,SHIPS’ DECK CREW AND RELATED WORKERS,0.4094,0.6016,841,5
Yale-NUS College,SHOP SALESPERSONS,0.414,0.6357,841,232
Yale-NUS College,SOCIAL SCIENCE RESEARCHERS AND PROFESSIONALS; RELIGIOUS PROFESSIONALS,0.4357,0.6612,841,68
Yale-NUS College,SOFTWARE AND APPLICATIONS DEVELOPERS AND ANALYSTS,0.4356,0.7418,841,220
Yale-NUS College,SPORTS AND FITNESS WORKERS,0.4321,0.6598,841,65
Yale-NUS College,STATIONARY PLANT AND MACHINE SUPERVISORS AND GENERAL FOREMEN,0.4029,0.5745,841,1
Yale-NUS College,SUPERVISORS AND GENERAL FOREMEN (BUILDING AND RELATED TRADES),0.4031,0.5897,841,42
Yale-NUS College,SUPERVISORS AND GENERAL FOREMEN (ELECTRICAL AND ELECTRONIC TRADES),0.4134,0.5626,841,4
Yale-NUS College,"SUPERVISORS AND GENERAL FOREMEN (FOOD PROCESSING, WOODWORKING, GARMENT, LEATHER AND RELATED TRADES)",0.4113,0.6283,841,141
Yale-NUS College,SUPERVISORS AND GENERAL FOREMEN OF ASSEMBLERS AND QUALITY CHECKERS,0.4168,0.5622,841,1
Yale-NUS College,TEACHING ASSOCIATE PROFESSIONALS NOT ELSEWHERE CLASSIFIED,0.465,0.6597,841,58
Yale-NUS College,TELECOMMUNICATIONS AND BROADCASTING TECHNICIANS AND AUDIO-VISUAL OPERATORS,0.4083,0.6891,841,68
Yale-NUS College,"TELLERS, MONEY COLLECTORS AND RELATED CLERKS",0.4143,0.5956,841,14
Yale-NUS College,"TEXTILE, FUR AND LEATHER PRODUCTS MACHINE OPERATORS",0.4072,0.5868,841,10
Yale-NUS College,TRADITIONAL AND COMPLEMENTARY MEDICINE PROFESSIONALS,0.4277,0.6087,841,4
Yale-NUS College,TRANSPORT AND STORAGE LABOURERS,0.3984,0.5909,841,180
Yale-NUS College,TRANSPORT OPERATIONS PLANNERS AND EXECUTIVES,0.4112,0.5691,841,6
Yale-NUS College,"TRAVEL ATTENDANTS, CONDUCTORS AND GUIDES",0.4474,0.6653,841,5
Yale-NUS College,"UNIVERSITY, POLYTECHNIC AND HIGHER EDUCATION TEACHERS",0.4747,0.6727,841,32
Yale-NUS College,"VEHICLE, WINDOW, LAUNDRY AND OTHER HAND CLEANING WORKERS",0.4037,0.5764,841,11
Yale-NUS College,VETERINARIANS,0.4229,0.6123,841,8
Yale-NUS College,VETERINARY TECHNICIANS AND ASSISTANTS,0.4221,0.5995,841,13
Yale-NUS College,VOCATIONAL EDUCATION TEACHERS AND TRAINERS,0.445,0.6047,841,2
Yale-NUS College,WAITERS AND BARTENDERS,0.4128,0.6409,841,338
Yale-NUS College,"WASTE COLLECTION, RECYCLING AND MATERIAL RECOVERY WORKERS",0.4044,0.5768,841,2
Yale-NUS College,"WOOD TREATERS, CABINET MAKERS AND RELATED TRADES WORKERS",0.4312,0.547,841,1
Yong Loo Lin Sch of Medicine,ADMINISTRATION PROFESSIONALS,0.4682,0.7067,385,703
Yong Loo Lin Sch of Medicine,ADMINISTRATIVE ASSOCIATE PROFESSIONALS,0.4519,0.7144,385,713
Yong Loo Lin Sch of Medicine,"AGRICULTURAL, FISHERY AND RELATED LABOURERS",0.4547,0.5843,385,11
Yong Loo Lin Sch of Medicine,"ARCHITECTS, PLANNERS, SURVEYORS AND DESIGNERS",0.4637,0.6637,385,80
Yong Loo Lin Sch of Medicine,ARTISTIC AND CULTURAL ASSOCIATE PROFESSIONALS,0.4444,0.6302,385,173
Yong Loo Lin Sch of Medicine,"ASSEMBLERS, QUALITY CHECKERS AND TESTERS",0.4441,0.6011,385,7
Yong Loo Lin Sch of Medicine,ASSISTANT ENGINEERS,0.4543,0.6518,385,46
Yong Loo Lin Sch of Medicine,"AUTHORS, JOURNALISTS AND EDITORS",0.4634,0.6654,385,19
Yong Loo Lin Sch of Medicine,"BLACKSMITHS, TOOLMAKERS AND RELATED TRADES WORKERS",0.4374,0.54,385,1
Yong Loo Lin Sch of Medicine,"BOOKMAKERS, CROUPIERS AND RELATED GAMING WORKERS",0.4354,0.5916,385,3
Yong Loo Lin Sch of Medicine,BUILDING FINISHERS AND RELATED TRADES WORKERS,0.4187,0.5762,385,24
Yong Loo Lin Sch of Medicine,BUILDING FRAME AND RELATED TRADES WORKERS,0.4252,0.573,385,29
Yong Loo Lin Sch of Medicine,"BUILDING, QUALITY AND SAFETY INSPECTORS",0.46,0.6363,385,25
Yong Loo Lin Sch of Medicine,BUSINESS SERVICES AGENTS,0.4553,0.6314,385,108
Yong Loo Lin Sch of Medicine,BUSINESS SERVICES AND ADMINISTRATION MANAGERS,0.4553,0.6762,385,148
Yong Loo Lin Sch of Medicine,CAR AND LIGHT GOODS VEHICLE DRIVERS,0.4408,0.6324,385,93
Yong Loo Lin Sch of Medicine,CASHIERS AND TICKET CLERKS,0.4214,0.566,385,40
Yong Loo Lin Sch of Medicine,CHILD CARE WORKERS AND TEACHER AIDES,0.483,0.6684,385,111
Yong Loo Lin Sch of Medicine,"CLEANERS AND HELPERS IN HOTELS, OFFICES AND OTHER ESTABLISHMENTS",0.4399,0.6179,385,119
Yong Loo Lin Sch of Medicine,CLEANING SUPERVISORS,0.4462,0.5966,385,13
Yong Loo Lin Sch of Medicine,CLERICAL SUPERVISORS,0.4392,0.594,385,9
Yong Loo Lin Sch of Medicine,CLIENT INFORMATION CLERKS,0.4623,0.6746,385,552
Yong Loo Lin Sch of Medicine,CONSTRUCTION LABOURERS AND RELATED WORKERS,0.4465,0.5565,385,1
Yong Loo Lin Sch of Medicine,COOKS,0.4441,0.6192,385,81
Yong Loo Lin Sch of Medicine,CREATIVE AND PERFORMING ARTISTS,0.4449,0.6331,385,25
Yong Loo Lin Sch of Medicine,"DATABASE, NETWORK, INFRASTRUCTURE AND CYBERSECURITY PROFESSIONALS",0.4524,0.6241,385,105
Yong Loo Lin Sch of Medicine,DOMESTIC HELPERS AND CLEANERS,0.4363,0.574,385,2
Yong Loo Lin Sch of Medicine,ELECTRICAL EQUIPMENT RELATED TRADES WORKERS,0.4307,0.572,385,18
Yong Loo Lin Sch of Medicine,ENGINEERING PROFESSIONALS I,0.4616,0.6942,385,861
Yong Loo Lin Sch of Medicine,ENGINEERING PROFESSIONALS II (Cont’d),0.4613,0.6569,385,248
Yong Loo Lin Sch of Medicine,EXTRACURRICULUM INSTRUCTORS,0.4703,0.6403,385,91
Yong Loo Lin Sch of Medicine,FINANCE PROFESSIONALS,0.4495,0.6838,385,269
Yong Loo Lin Sch of Medicine,FINANCIAL AND MATHEMATICAL ASSOCIATE PROFESSIONALS,0.4345,0.6512,385,130
Yong Loo Lin Sch of Medicine,FOOD AND RELATED PRODUCTS MACHINE OPERATORS,0.4408,0.5878,385,3
Yong Loo Lin Sch of Medicine,FOOD PREPARATION AND KITCHEN ASSISTANTS,0.4341,0.6338,385,87
Yong Loo Lin Sch of Medicine,FOOD PROCESSING AND RELATED TRADES WORKERS,0.4447,0.5919,385,28
Yong Loo Lin Sch of Medicine,"GARMENT, LEATHER AND RELATED TRADES WORKERS",0.4297,0.5556,385,4
Yong Loo Lin Sch of Medicine,GENERAL OFFICE CLERKS,0.4556,0.6744,385,532
Yong Loo Lin Sch of Medicine,GOVERNMENT ASSOCIATE PROFESSIONALS,0.438,0.5842,385,6
Yong Loo Lin Sch of Medicine,"HAIRDRESSERS, BEAUTICIANS AND RELATED WORKERS",0.4584,0.6119,385,86
Yong Loo Lin Sch of Medicine,HANDICRAFT AND PRECISION WORKERS,0.4316,0.6314,385,10
Yong Loo Lin Sch of Medicine,HEALTHCARE ASSISTANTS AND RELATED PERSONAL CARE WORKERS,0.4899,0.7157,385,125
Yong Loo Lin Sch of Medicine,HEAVY TRUCK AND BUS DRIVERS,0.4365,0.6239,385,146
Yong Loo Lin Sch of Medicine,HOTEL AND FOOD AND BEVERAGES SERVICES MANAGERS,0.4356,0.5992,385,53
Yong Loo Lin Sch of Medicine,HOUSEKEEPERS AND RELATED WORKERS,0.4331,0.6274,385,31
Yong Loo Lin Sch of Medicine,INFORMATION AND COMMUNICATIONS TECHNOLOGY OPERATORS AND TECHNICIANS,0.4503,0.6373,385,90
Yong Loo Lin Sch of Medicine,INFORMATION AND COMMUNICATIONS TECHNOLOGY SERVICE MANAGERS,0.4563,0.6705,385,47
Yong Loo Lin Sch of Medicine,JUNIOR COLLEGE AND PRE-UNIVERSITY EDUCATION TEACHERS,0.4897,0.6118,385,2
Yong Loo Lin Sch of Medicine,KEYBOARD OPERATORS,0.491,0.6432,385,15
Yong Loo Lin Sch of Medicine,LEGAL AND SOCIAL ASSOCIATE PROFESSIONALS,0.4725,0.6784,385,37
Yong Loo Lin Sch of Medicine,LEGAL PROFESSIONALS,0.4517,0.6328,385,35
Yong Loo Lin Sch of Medicine,LEGISLATORS AND SENIOR OFFICIALS,0.4446,0.6502,385,42
Yong Loo Lin Sch of Medicine,"LIBRARIANS, ARCHIVISTS AND CURATORS",0.464,0.6265,385,5
Yong Loo Lin Sch of Medicine,LIFE SCIENCE PROFESSIONALS,0.4961,0.7331,385,36
Yong Loo Lin Sch of Medicine,LIFE SCIENCE TECHNICIANS AND RELATED ASSOCIATE PROFESSIONALS,0.5113,0.6925,385,15
Yong Loo Lin Sch of Medicine,"MACHINERY MECHANICS, FITTERS AND REPAIRERS",0.4345,0.5742,385,20
Yong Loo Lin Sch of Medicine,"MANAGING DIRECTORS, CHIEF EXECUTIVES AND GENERAL MANAGERS",0.4401,0.6278,385,45
Yong Loo Lin Sch of Medicine,MANUFACTURING LABOURERS AND RELATED WORKERS,0.4295,0.5871,385,20
Yong Loo Lin Sch of Medicine,"MANUFACTURING, CONSTRUCTION, TRANSPORT, DISTRIBUTION AND RELATED PRODUCTION AND OPERATIONS MANAGERS",0.4493,0.6648,385,66
Yong Loo Lin Sch of Medicine,MARKET GARDENERS AND CROP GROWERS,0.4613,0.5798,385,12
Yong Loo Lin Sch of Medicine,MARKETING AND PUBLIC RELATIONS PROFESSIONALS,0.4606,0.7069,385,399
Yong Loo Lin Sch of Medicine,MATERIAL-RECORDING AND TRANSPORT CLERKS,0.4388,0.6398,385,122
Yong Loo Lin Sch of Medicine,"MATHEMATICIANS, ACTUARIES, STATISTICIANS AND RELATED PROFESSIONALS",0.4744,0.6762,385,67
Yong Loo Lin Sch of Medicine,MEDICAL AND PHARMACEUTICAL TECHNICIANS,0.4878,0.6715,385,55
Yong Loo Lin Sch of Medicine,MEDICAL DOCTORS,0.5099,0.7004,385,28
Yong Loo Lin Sch of Medicine,"METAL PROCESSING, FINISHING AND PRODUCTS PLANT OPERATORS",0.4342,0.5548,385,19
Yong Loo Lin Sch of Medicine,MOBILE MACHINERY OPERATORS,0.4197,0.563,385,39
Yong Loo Lin Sch of Medicine,"MODELS, SALES DEMONSTRATORS AND RELATED SALES WORKERS",0.4496,0.6382,385,370
Yong Loo Lin Sch of Medicine,NUMERICAL CLERKS,0.4372,0.6647,385,346
Yong Loo Lin Sch of Medicine,NURSING ASSOCIATE PROFESSIONALS,0.52,0.6846,385,36
Yong Loo Lin Sch of Medicine,NURSING PROFESSIONALS,0.5036,0.714,385,227
Yong Loo Lin Sch of Medicine,OTHER CLERICAL SUPPORT WORKERS,0.4482,0.61,385,16
Yong Loo Lin Sch of Medicine,OTHER CRAFT AND RELATED WORKERS,0.4314,0.6016,385,18
Yong Loo Lin Sch of Medicine,OTHER HEALTH ASSOCIATE PROFESSIONALS,0.4758,0.6448,385,69
Yong Loo Lin Sch of Medicine,OTHER HEALTH PROFESSIONALS,0.5081,0.798,385,127
Yong Loo Lin Sch of Medicine,OTHER SERVICES MANAGERS,0.4763,0.6619,385,216
Yong Loo Lin Sch of Medicine,OTHER STATIONARY PLANT AND MACHINE OPERATORS,0.4353,0.5745,385,12
Yong Loo Lin Sch of Medicine,OTHER TEACHING PROFESSIONALS,0.4867,0.686,385,35
Yong Loo Lin Sch of Medicine,"PAINTERS, BUILDING STRUCTURE CLEANERS AND RELATED WORKERS",0.4338,0.5863,385,7
Yong Loo Lin Sch of Medicine,PERSONAL SERVICES WORKERS NOT ELSEWHERE CLASSIFIED,0.4439,0.5794,385,24
Yong Loo Lin Sch of Medicine,PHYSICAL AND EARTH SCIENCE PROFESSIONALS,0.4638,0.6035,385,7
Yong Loo Lin Sch of Medicine,PHYSICAL AND ENGINEERING SCIENCE TECHNICIANS I,0.4638,0.6727,385,364
Yong Loo Lin Sch of Medicine,PHYSICAL AND ENGINEERING SCIENCE TECHNICIANS II (Cont’d),0.449,0.6014,385,32
Yong Loo Lin Sch of Medicine,"PORTERS, ATTENDANTS AND RELATED WORKERS",0.4639,0.6386,385,70
Yong Loo Lin Sch of Medicine,PREMISES AND PARKS OFFICERS,0.4531,0.6238,385,71
Yong Loo Lin Sch of Medicine,PRESCHOOL EDUCATION TEACHERS,0.4798,0.6728,385,267
Yong Loo Lin Sch of Medicine,PRIMARY EDUCATION TEACHERS,0.4766,0.6519,385,20
Yong Loo Lin Sch of Medicine,PRINTING TRADES WORKERS,0.3957,0.4837,385,1
Yong Loo Lin Sch of Medicine,PROCESS CONTROL TECHNICIANS,0.4335,0.5602,385,3
Yong Loo Lin Sch of Medicine,"PROFESSIONAL, FINANCIAL, COMMUNITY AND SOCIAL SERVICES MANAGERS",0.4687,0.6691,385,61
Yong Loo Lin Sch of Medicine,PROTECTIVE SERVICES WORKERS,0.4171,0.608,385,68
Yong Loo Lin Sch of Medicine,RETAIL AND WHOLESALE TRADE MANAGERS,0.4663,0.6053,385,27
Yong Loo Lin Sch of Medicine,"RUBBER, PLASTIC AND PAPER PRODUCTS MACHINE OPERATORS",0.4393,0.5576,385,1
Yong Loo Lin Sch of Medicine,SALES AND RELATED ASSOCIATE PROFESSIONALS,0.4582,0.6755,385,1121
Yong Loo Lin Sch of Medicine,"SALES, MARKETING, DEVELOPMENT AND CUSTOMER SERVICE MANAGERS",0.4696,0.7145,385,1204
Yong Loo Lin Sch of Medicine,SECONDARY EDUCATION TEACHERS,0.4749,0.6217,385,24
Yong Loo Lin Sch of Medicine,SECRETARIES AND VERBATIM REPORTERS,0.448,0.6371,385,40
Yong Loo Lin Sch of Medicine,"SHEET AND STRUCTURAL METAL WORKERS, MOULDERS AND WELDERS AND RELATED TRADES WORKERS",0.4347,0.5753,385,13
Yong Loo Lin Sch of Medicine,SHIP AND AIRCRAFT CONTROLLERS AND TECHNICIANS,0.4336,0.5907,385,28
Yong Loo Lin Sch of Medicine,SHIP AND AIRCRAFT RELATED PROFESSIONALS,0.4472,0.646,385,22
Yong Loo Lin Sch of Medicine,SHIPS’ DECK CREW AND RELATED WORKERS,0.4342,0.5784,385,5
Yong Loo Lin Sch of Medicine,SHOP SALESPERSONS,0.4422,0.6355,385,232
Yong Loo Lin Sch of Medicine,SOCIAL SCIENCE RESEARCHERS AND PROFESSIONALS; RELIGIOUS PROFESSIONALS,0.4849,0.6827,385,68
Yong Loo Lin Sch of Medicine,SOFTWARE AND APPLICATIONS DEVELOPERS AND ANALYSTS,0.4716,0.7082,385,220
Yong Loo Lin Sch of Medicine,SPORTS AND FITNESS WORKERS,0.4718,0.7501,385,65
Yong Loo Lin Sch of Medicine,STATIONARY PLANT AND MACHINE SUPERVISORS AND GENERAL FOREMEN,0.4411,0.5555,385,1
Yong Loo Lin Sch of Medicine,SUPERVISORS AND GENERAL FOREMEN (BUILDING AND RELATED TRADES),0.4355,0.6051,385,42
Yong Loo Lin Sch of Medicine,SUPERVISORS AND GENERAL FOREMEN (ELECTRICAL AND ELECTRONIC TRADES),0.4441,0.5693,385,4
Yong Loo Lin Sch of Medicine,"SUPERVISORS AND GENERAL FOREMEN (FOOD PROCESSING, WOODWORKING, GARMENT, LEATHER AND RELATED TRADES)",0.451,0.6588,385,141
Yong Loo Lin Sch of Medicine,SUPERVISORS AND GENERAL FOREMEN OF ASSEMBLERS AND QUALITY CHECKERS,0.4661,0.5889,385,1
Yong Loo Lin Sch of Medicine,TEACHING ASSOCIATE PROFESSIONALS NOT ELSEWHERE CLASSIFIED,0.4861,0.661,385,58
Yong Loo Lin Sch of Medicine,TELECOMMUNICATIONS AND BROADCASTING TECHNICIANS AND AUDIO-VISUAL OPERATORS,0.438,0.6016,385,68
Yong Loo Lin Sch of Medicine,"TELLERS, MONEY COLLECTORS AND RELATED CLERKS",0.4426,0.5855,385,14
Yong Loo Lin Sch of Medicine,"TEXTILE, FUR AND LEATHER PRODUCTS MACHINE OPERATORS",0.4359,0.5445,385,10
Yong Loo Lin Sch of Medicine,TRADITIONAL AND COMPLEMENTARY MEDICINE PROFESSIONALS,0.4957,0.6113,385,4
Yong Loo Lin Sch of Medicine,TRANSPORT AND STORAGE LABOURERS,0.4286,0.6287,385,180
Yong Loo Lin Sch of Medicine,TRANSPORT OPERATIONS PLANNERS AND EXECUTIVES,0.4359,0.557,385,6
Yong Loo Lin Sch of Medicine,"TRAVEL ATTENDANTS, CONDUCTORS AND GUIDES",0.466,0.6691,385,5
Yong Loo Lin Sch of Medicine,"UNIVERSITY, POLYTECHNIC AND HIGHER EDUCATION TEACHERS",0.5027,0.6501,385,32
Yong Loo Lin Sch of Medicine,"VEHICLE, WINDOW, LAUNDRY AND OTHER HAND CLEANING WORKERS",0.4349,0.5949,385,11
Yong Loo Lin Sch of Medicine,VETERINARIANS,0.4989,0.6328,385,8
Yong Loo Lin Sch of Medicine,VETERINARY TECHNICIANS AND ASSISTANTS,0.5032,0.6419,385,13
Yong Loo Lin Sch of Medicine,VOCATIONAL EDUCATION TEACHERS AND TRAINERS,0.4861,0.6204,385,2
Yong Loo Lin Sch of Medicine,WAITERS AND BARTENDERS,0.4408,0.6331,385,338
Yong Loo Lin Sch of Medicine,"WASTE COLLECTION, RECYCLING AND MATERIAL RECOVERY WORKERS",0.4256,0.5309,385,2
Yong Loo Lin Sch of Medicine,"WOOD TREATERS, CABINET MAKERS AND RELATED TRADES WORKERS",0.4432,0.5394,385,1
