module_title,module_code,module_faculty,module_department,top_k_mean_sim,rank_top_k_sim,top_k_max_sim,top_k_min_sim,breadth_n_ssoc_groups,rank_breadth,coverage_n_jobs,coverage_pct,rank_coverage,n_variants,variant_codes
Investment Analysis and Portfolio Management,FIN3102,NUS Business School,Finance,0.7587890625,1,0.78271484375,0.74365234375,2,9,3978,56.02,201,10,FIN3102; FIN3102A; FIN3102B; FIN3102C; FIN3102D; FIN3702; FIN3702A; FIN3702B; FIN3702C; FIN3702D
Building Information Modeling for Project Management,CE4282,College of Design and Engineering,Civil and Environmental Engineering,0.757519543170929,2,0.779296875,0.74169921875,4,7,1389,19.56,1243,2,CE4282; TCE4282
Advanced Portfolio Management: Securities Analysis & Valuation,FIN4713,NUS Business School,Finance,0.7427734136581421,3,0.76220703125,0.72607421875,3,8,5961,83.95,11,1,FIN4713
Analytical Tools for Consulting,DSC4213,NUS Business School,Analytics and Operations,0.7381347417831421,4,0.763671875,0.71923828125,2,9,5372,75.65,34,1,DSC4213
Processing of Microelectronic Materials,CN4217E,Cont and Lifelong Education,SCALE Dean's Office,0.73388671875,5,0.748046875,0.7197265625,3,8,2567,36.15,611,3,CN4217E; CN4217R; TCN4217
Consumer Banking Wealth Management,FIN3135,NUS Business School,Finance,0.7327636480331421,6,0.7978515625,0.71826171875,2,9,3181,44.8,394,2,FIN3135; FIN3721
Integrated Circuit And System Design,EE4410,College of Design and Engineering,Electrical and Computer Engineering,0.731884777545929,7,0.75830078125,0.701171875,3,8,937,13.2,1586,1,EE4410
Personal Selling & Sales Management,MKT4722,NUS Business School,Marketing,0.72998046875,8,0.74560546875,0.71826171875,5,6,4488,63.2,126,1,MKT4722
Project Leadership,PF3208,College of Design and Engineering,Built Environment,0.729736328125,9,0.8154296875,0.67822265625,3,8,2289,32.23,732,1,PF3208
Steel Design for Urban Infrastructure,CE3166,College of Design and Engineering,Civil and Environmental Engineering,0.729052722454071,10,0.759765625,0.71240234375,2,9,3066,43.18,428,1,CE3166
Civil Engineering Design Project,CE4103,College of Design and Engineering,Civil and Environmental Engineering,0.7274414300918579,11,0.74609375,0.71533203125,2,9,1627,22.91,1087,1,CE4103
Integrated Circuit Design,EE4410A,College of Design and Engineering,Electrical and Computer Engineering,0.726367175579071,12,0.75439453125,0.69580078125,3,8,864,12.17,1650,1,EE4410A
Retail Marketing,MKT3425,NUS Business School,Marketing,0.7254883050918579,13,0.73046875,0.7197265625,3,8,6179,87.02,7,2,MKT3425; MKT3720
Law and Practice of Investment Management,LL4475,Law,FoL Dean's Office,0.7252441644668579,14,0.75439453125,0.70849609375,4,7,5343,75.24,36,2,LL4475; LL4475V
Software Product Engineering for Digital Markets,CS3216,Computing,Computer Science,0.7251952886581421,15,0.7578125,0.7119140625,5,6,4254,59.91,164,1,CS3216
Positive Youth Development in Singapore,UTC2416,Residential College,College of Alice and Peter Tan,0.72412109375,16,0.736328125,0.71044921875,3,8,4372,61.57,144,2,UTC2416; UTS2411
Full-stack Software Engineering for AI Solutions II,IS3108,Computing,Information Systems and Analytics,0.7220214605331421,17,0.76953125,0.69921875,1,10,2410,33.94,679,1,IS3108
Structural Concrete Design,TCE3165,Cont and Lifelong Education,SCALE Dean's Office,0.721435546875,18,0.74853515625,0.7138671875,2,9,1664,23.43,1065,1,TCE3165
Digital Product Management,IS4262,Computing,Information Systems and Analytics,0.72021484375,19,0.76318359375,0.7060546875,6,5,3376,47.54,340,2,IS4262; SA4104
Full-stack Software Engineering for AI Solutions I,IS2108,Computing,Information Systems and Analytics,0.7196289300918579,20,0.796875,0.6923828125,3,8,1224,17.24,1359,1,IS2108
Design For Manufacturing And Assembly,ME3263,College of Design and Engineering,Mechanical Engineering,0.7195800542831421,21,0.7265625,0.70556640625,2,9,2002,28.19,871,1,ME3263
Design for Manufacturing and Assembly,ME3263E,Cont and Lifelong Education,SCALE Dean's Office,0.71923828125,22,0.72265625,0.7158203125,3,8,1990,28.02,879,2,ME3263E; TME3263
Wealth Management Marketing,MKT3428,NUS Business School,Marketing,0.7191406488418579,23,0.76025390625,0.70361328125,2,9,4457,62.77,131,2,MKT3428; MKT3723
Community Activities for Seniors,GEN2062Y,NUS,Office of the Provost,0.718310534954071,24,0.76611328125,0.70361328125,6,5,3841,54.09,226,1,GEN2062Y
Structural Steel Design and System,TCE3166,Cont and Lifelong Education,SCALE Dean's Office,0.7178710699081421,25,0.76708984375,0.6962890625,2,9,3114,43.85,415,1,TCE3166
Talent Acquisition,MNO4717,NUS Business School,Management and Organisation,0.7157226800918579,26,0.75390625,0.68310546875,1,10,4835,68.09,81,1,MNO4717
New Product Development,TR3001,Non-Faculty-based Departments,NUS Enterprise Academy,0.714404284954071,27,0.72119140625,0.70458984375,3,8,4283,60.32,159,1,TR3001
Innovation & Product Development for Material Engineers,MLE4213,College of Design and Engineering,Materials Science and Engineering,0.712890625,28,0.74658203125,0.70166015625,3,8,4197,59.1,175,1,MLE4213
Discovering Resilience and Purpose,ETP2271,NUS,NUS Enterprise Academy,0.712890625,28,0.71630859375,0.70947265625,1,10,4384,61.74,143,1,ETP2271
Leadership At the Fringe,UTC2725,Residential College,Residential College 4,0.712158203125,29,0.71484375,0.70947265625,1,10,4527,63.75,117,2,UTC2725; UTS2712
Wealth Management Law,LL4191,Law,FoL Dean's Office,0.7113281488418579,30,0.73095703125,0.69482421875,2,9,1914,26.95,920,1,LL4191
SIM: Personal Selling & Sales Management,MKT4415J,NUS Business School,Marketing,0.7107909917831421,31,0.73046875,0.70556640625,3,8,4772,67.2,89,1,MKT4415J
Marketing the Arts and Leisure Services,TS2235,Arts and Social Science,"English,Ling.andTheatre Studies",0.7105957269668579,32,0.71142578125,0.70947265625,2,9,5336,75.14,37,1,TS2235
Materials for Optics: from Quantum Light to Nanodevices,MLE4219,College of Design and Engineering,Materials Science and Engineering,0.7105468511581421,33,0.7666015625,0.68603515625,2,9,1187,16.72,1387,1,MLE4219
Integrated Digital Design,EE4415,College of Design and Engineering,Electrical and Computer Engineering,0.7093261480331421,34,0.72412109375,0.68017578125,3,8,702,9.89,1796,3,EE4415; EE4415E; TEE4415
Software Engineering Project,CS3203,Computing,Computer Science,0.709179699420929,35,0.7802734375,0.68994140625,2,9,1775,25.0,1002,1,CS3203
SIM: Product Experience Management,MKT4415M,NUS Business School,Marketing,0.708984375,36,0.72705078125,0.70556640625,3,8,3962,55.79,204,1,MKT4415M
Requirements Analysis for Business IT Systems,IS2102,Computing,Information Systems and Analytics,0.708935558795929,37,0.7529296875,0.67431640625,2,9,2781,39.16,522,1,IS2102
Securities and Capital Markets Regulation,LL4412,Law,FoL Dean's Office,0.708740234375,38,0.7392578125,0.68505859375,3,8,4694,66.1,96,1,LL4412
Building Information Modelling,PF3209,College of Design and Engineering,Built Environment,0.708544909954071,39,0.73583984375,0.69775390625,4,7,866,12.2,1648,1,PF3209
Mechanical Systems Design I,ME3101,College of Design and Engineering,Mechanical Engineering,0.708300769329071,40,0.73876953125,0.6953125,1,10,2908,40.95,482,1,ME3101
Process Control and Safety,CN4101,College of Design and Engineering,Chemical and Biomolecular Engineering,0.708203136920929,41,0.7353515625,0.68408203125,2,9,1960,27.6,896,1,CN4101
Mechanical and Electrical Systems,IPM2106,College of Design and Engineering,Built Environment,0.707763671875,42,0.72021484375,0.70361328125,3,8,1730,24.36,1024,1,IPM2106
Product & Brand Management,MKT3717,NUS Business School,Marketing,0.7076660394668579,43,0.72265625,0.6962890625,5,6,4481,63.1,128,3,MKT3717; MKT3717A; MKT3717B
Construction Project Management,CE2183,College of Design and Engineering,Civil and Environmental Engineering,0.707470715045929,44,0.7314453125,0.689453125,5,6,2050,28.87,852,2,CE2183; TCE2183
Software Engineering & Object-Oriented Programming,CS2113,Computing,Computer Science,0.707080066204071,45,0.74951171875,0.6845703125,2,9,2139,30.12,805,2,CS2113; CS2113T
Product And Brand Management,MKT3418,NUS Business School,Marketing,0.706250011920929,46,0.71875,0.6962890625,5,6,4516,63.6,122,1,MKT3418
Product and Brand Management,MKT3418A,NUS Business School,Marketing,0.706250011920929,46,0.71875,0.6962890625,5,6,4516,63.6,122,2,MKT3418A; MKT3418B
Consulting to Management,MNO4314,NUS Business School,Management and Organisation,0.7062011957168579,47,0.74951171875,0.69189453125,3,8,6852,96.49,1,2,MNO4314; MNO4711
Software Analysis and Design,SA4101,NUS-ISS,NUS-ISS,0.705859363079071,48,0.72900390625,0.69091796875,4,7,5215,73.44,44,2,SA4101; SA4101C
The Effective Non-Profit in Singapore,UTC2415,Residential College,College of Alice and Peter Tan,0.705810546875,49,0.71435546875,0.69140625,6,5,6182,87.06,6,2,UTC2415; UTS2415
Teach SG,GEN2050,NUS,Office of the Provost,0.7054198980331421,50,0.73046875,0.693359375,4,7,3426,48.25,327,3,GEN2050; GEN2050X; GEN2050Y
SIF: Applied Portfolio Management Techniques,FIN4112K,NUS Business School,Finance,0.704638659954071,51,0.7294921875,0.69287109375,2,9,3573,50.32,282,2,FIN4112K; FIN4761C
Data Engineering,IS3107,Computing,Information Systems and Analytics,0.70458984375,52,0.7568359375,0.66552734375,2,9,1119,15.76,1442,1,IS3107
NUS Young Leaders Programme (NYLP),MNO2711,NUS Business School,Management and Organisation,0.70458984375,52,0.71142578125,0.69775390625,1,10,5067,71.36,59,3,MNO2711; MNO2711X; MNO2711Y
Tool Engineering,ME4261,College of Design and Engineering,Mechanical Engineering,0.704345703125,53,0.70703125,0.69384765625,1,10,1174,16.53,1398,3,ME4261; ME4261E; TME4261
Microelectronic Thin Films,CN4223R,College of Design and Engineering,Chemical and Biomolecular Engineering,0.703906238079071,54,0.77392578125,0.6865234375,3,8,1690,23.8,1048,1,CN4223R
Pharmacy Law in Singapore,PR3146,Science,PharmacyandPharmaceuticalScience,0.703173816204071,55,0.77197265625,0.6650390625,3,8,2253,31.73,752,1,PR3146
Food Quality Assurance and Control,FST3112,Science,Food Science and Technology,0.7027832269668579,56,0.73583984375,0.669921875,6,5,3249,45.75,375,1,FST3112
BIM Technologies,CE4283A,College of Design and Engineering,Civil and Environmental Engineering,0.7027343511581421,57,0.7080078125,0.7001953125,3,8,1885,26.55,934,1,CE4283A
AI Solutioning Capstone Project,IS4108,Computing,Information Systems and Analytics,0.7022949457168579,58,0.7255859375,0.68994140625,2,9,3399,47.87,334,1,IS4108
M&E Systems,PF2505,College of Design and Engineering,Built Environment,0.701611340045929,59,0.71826171875,0.69287109375,4,7,1521,21.42,1160,1,PF2505
Product Design and Innovation,CDE2300,College of Design and Engineering,CDE Dean's Office,0.7010742425918579,60,0.72412109375,0.68408203125,2,9,4155,58.51,179,1,CDE2300
Taxation,ACC3703,NUS Business School,Accounting,0.7007812261581421,61,0.71923828125,0.67626953125,2,9,4788,67.43,87,1,ACC3703
Real Estate Development & Investment Law,GES1024,NUS Business School,Real Estate,0.7005370855331421,62,0.73779296875,0.68408203125,1,10,2070,29.15,842,2,GES1024; GESS1018
Concrete Design for Urban Infrastructure,CE3165,College of Design and Engineering,Civil and Environmental Engineering,0.700439453125,63,0.7216796875,0.68896484375,2,9,1857,26.15,952,1,CE3165
Process Design & Safety,CN4111E,Cont and Lifelong Education,SCALE Dean's Office,0.7003418207168579,64,0.71484375,0.68408203125,2,9,1770,24.93,1004,1,CN4111E
Sustainability Marketing,MKT3724,NUS Business School,Marketing,0.7002929449081421,65,0.73828125,0.68994140625,4,7,3565,50.2,285,1,MKT3724
AI Projects and Case Studies,NST2034,NUS College,NUS College Dean's Office,0.699951171875,66,0.71728515625,0.685546875,3,8,2302,32.42,726,2,NST2034; YSC2257
Integrated Analog Design,EE3408C,College of Design and Engineering,Electrical and Computer Engineering,0.6998046636581421,67,0.732421875,0.66162109375,3,8,482,6.79,2001,3,EE3408C; EE3408E; TEE3408
Securities Regulation,LL4055,Law,FoL Dean's Office,0.699755847454071,68,0.71240234375,0.68603515625,3,8,5122,72.13,54,1,LL4055
Real Estate Finance and Accounting,RE1705,NUS Business School,Real Estate,0.6995605230331421,69,0.72900390625,0.67919921875,5,6,2808,39.54,515,1,RE1705
Digital Creation and Production,ID3132,College of Design and Engineering,Industrial Design,0.699462890625,70,0.72314453125,0.6845703125,5,6,2165,30.49,789,1,ID3132
Business Communication for Leaders (ACC),MNO2706,NUS Business School,Management and Organisation,0.69921875,71,0.701171875,0.697265625,1,10,4967,69.95,65,1,MNO2706
Materials Characterization,MLE3101A,College of Design and Engineering,Materials Science and Engineering,0.6990722417831421,72,0.7509765625,0.67919921875,4,7,2325,32.74,717,1,MLE3101A
Systems Engineering Project,IE3102,College of Design and Engineering,Industrial Systems Engineering and Management,0.6983886957168579,73,0.73486328125,0.677734375,3,8,2932,41.29,471,2,IE3102; IE3102A
Honours Project in Food Science and Technology,FST4288,Science,Food Science and Technology,0.6983886957168579,73,0.7646484375,0.64111328125,3,8,3386,47.68,339,1,FST4288
Project Management,DOS3713,NUS Business School,Analytics and Operations,0.6981445550918579,74,0.7314453125,0.67822265625,5,6,3233,45.53,378,4,DOS3713; DSC3225; IE4240; TIE4240
Promotional Management,MKT3420B,NUS Business School,Marketing,0.6980956792831421,75,0.72509765625,0.6875,6,5,4393,61.86,140,1,MKT3420B
Software Engineering on Modern Application Platforms,CS3217,Computing,Computer Science,0.6976562738418579,76,0.73193359375,0.6826171875,1,10,2377,33.47,691,1,CS3217
Design Project,CE4103R,College of Design and Engineering,Civil and Environmental Engineering,0.6976562738418579,76,0.72900390625,0.68994140625,3,8,3274,46.11,370,9,CE4103R; CN4123; CN4123E; ESE4501; ESE4501R; ESP2110; MLE4102; MLE4102A; TCE4103
Professional Practice,LAD3003,College of Design and Engineering,Architecture,0.6971679925918579,77,0.81298828125,0.67626953125,7,4,4535,63.86,114,1,LAD3003
Protection of Vulnerable Clients,SW3221,Arts and Social Science,Social Work,0.6971679925918579,77,0.7216796875,0.689453125,1,10,4874,68.64,74,1,SW3221
Visual Communication Design,ID2113,College of Design and Engineering,Industrial Design,0.697021484375,78,0.7197265625,0.67431640625,5,6,1521,21.42,1160,1,ID2113
Family Business,BSN3717,NUS Business School,Strategy and Policy,0.697021484375,78,0.7099609375,0.6875,6,5,6070,85.48,9,3,BSN3717; BSP3011; BSP3513
Digital Media Marketing,IS3150,Computing,Information Systems and Analytics,0.6968749761581421,79,0.71240234375,0.685546875,4,7,3258,45.88,372,1,IS3150
Finance,FIN2704,NUS Business School,Finance,0.696826159954071,80,0.7138671875,0.68310546875,4,7,1863,26.24,948,2,FIN2704; FIN2704X
Data Management for Civil Engineers,CE3204,College of Design and Engineering,Civil and Environmental Engineering,0.69677734375,81,0.71826171875,0.6806640625,3,8,2443,34.4,663,1,CE3204
Global Entrepreneurial Leadership,ETP3224,Non-Faculty-based Departments,NUS Enterprise Academy,0.696533203125,82,0.69921875,0.69384765625,1,10,4517,63.61,121,2,ETP3224; TR4001
Engineering Innovation and Modelling,ME2102,College of Design and Engineering,Mechanical Engineering,0.696337878704071,83,0.70703125,0.685546875,2,9,2330,32.81,714,1,ME2102
Downstream Processing of Biochemical and Pharmaceutical Products,CN4231E,Cont and Lifelong Education,SCALE Dean's Office,0.696337878704071,83,0.744140625,0.68359375,4,7,2514,35.4,629,2,CN4231E; TCN4231
Principles of Law for Real Estate,RE1703,NUS Business School,Real Estate,0.696093738079071,84,0.71826171875,0.681640625,1,10,1821,25.64,970,1,RE1703
Chinese 3,LAC3201,Arts and Social Science,Centre for Language Studies,0.696044921875,85,0.72509765625,0.6748046875,3,8,2121,29.87,813,1,LAC3201
Software Engineering,CS2103,Computing,Computer Science,0.6959472894668579,86,0.7158203125,0.67822265625,3,8,1779,25.05,998,8,CS2103; CS2103DE; CS2103R; CS2103T; TCX3221; TE3201; TEE3201; YSC3232
Good Manufacturing Practices in Pharmaceutical Industry,CN4233E,Cont and Lifelong Education,SCALE Dean's Office,0.6956542730331421,87,0.73046875,0.673828125,4,7,1625,22.88,1088,3,CN4233E; CN4233R; TCN4233
Advertising & Promotion Management,MKT3420,NUS Business School,Marketing,0.6954590082168579,88,0.71630859375,0.68505859375,6,5,4526,63.74,118,2,MKT3420; MKT3718
Sem. in Acctg: Accounting & Business Analysis for Banks,ACC4612K,NUS Business School,Accounting,0.6954101324081421,89,0.70068359375,0.6884765625,2,9,4301,60.57,154,2,ACC4612K; ACC4761H
Service Operations Management,DOS3703,NUS Business School,Analytics and Operations,0.6953125,90,0.7294921875,0.68310546875,4,7,4334,61.03,149,2,DOS3703; DSC3203
Innovation & Enterprise II,EE3032,College of Design and Engineering,Electrical and Computer Engineering,0.695117175579071,91,0.70849609375,0.6796875,2,9,1785,25.14,994,1,EE3032
Chemical Engineering Process Laboratory I,CN2108,College of Design and Engineering,Chemical and Biomolecular Engineering,0.695068359375,92,0.71728515625,0.68359375,2,9,1254,17.66,1337,1,CN2108
Writing for Communication Management,NM3219,Arts and Social Science,Communications and New Media,0.695019543170929,93,0.70361328125,0.6865234375,1,10,5130,72.24,52,1,NM3219
Financial Accounting,ACC2712,NUS Business School,Accounting,0.6947265863418579,94,0.720703125,0.68115234375,5,6,3556,50.08,289,1,ACC2712
Machine Learning Systems,CS4262,Computing,Computer Science,0.694384753704071,95,0.7529296875,0.67333984375,4,7,887,12.49,1629,1,CS4262
Unit Operations and Processes for Effluent Treatment,CN4240E,Cont and Lifelong Education,SCALE Dean's Office,0.694091796875,96,0.7158203125,0.67822265625,3,8,1603,22.57,1104,3,CN4240E; CN4240R; TCN4240
Strategic Communication,NM3232,Arts and Social Science,Communications and New Media,0.694042980670929,97,0.72607421875,0.685546875,3,8,4225,59.5,168,1,NM3232
Product Experience Management,MKT4720,NUS Business School,Marketing,0.6939941644668579,98,0.7138671875,0.685546875,4,7,3548,49.96,292,1,MKT4720
Troubleshooting with Case Studies for Process Engineers,CN4251,College of Design and Engineering,Chemical and Biomolecular Engineering,0.693896472454071,99,0.72314453125,0.67333984375,1,10,2079,29.28,836,1,CN4251
Digital Marketing,MKT3415,NUS Business School,Marketing,0.69384765625,100,0.7373046875,0.68017578125,2,9,4266,60.08,162,4,MKT3415; MKT3714; MKT3714A; MKT3714B
Chinese 2,LAC2201,Arts and Social Science,Centre for Language Studies,0.6937500238418579,101,0.7021484375,0.68017578125,3,8,1627,22.91,1087,1,LAC2201
Fundamentals of Mechanical Design,ME2101E,Cont and Lifelong Education,SCALE Dean's Office,0.6937500238418579,101,0.71240234375,0.67919921875,1,10,1740,24.5,1018,2,ME2101E; TME2101
Chemical Engineering Process Lab II,CN3102,College of Design and Engineering,Chemical and Biomolecular Engineering,0.6937011480331421,102,0.716796875,0.68310546875,3,8,2596,36.56,595,1,CN3102
Electronic Media and Production for Design,ID3128,College of Design and Engineering,Industrial Design,0.6935058832168579,103,0.72265625,0.67529296875,7,4,1779,25.05,998,1,ID3128
Fundamentals Of Mechanical Design,ME2101,College of Design and Engineering,Mechanical Engineering,0.693164050579071,104,0.7138671875,0.67919921875,1,10,1719,24.21,1032,1,ME2101
Sustainable Environmental System,AR3722,College of Design and Engineering,Architecture,0.693115234375,105,0.72021484375,0.65966796875,3,8,2311,32.54,723,1,AR3722
The Corporate Law Clinic,LL4094AV,Law,FoL Dean's Office,0.693066418170929,106,0.69775390625,0.6875,1,10,4644,65.4,101,1,LL4094AV
Real Estate Internship Programme,RE4801,NUS Business School,Real Estate,0.6927245855331421,107,0.72607421875,0.68017578125,7,4,6343,89.33,4,1,RE4801
Generative AI and FinTech Technologies,IE4280,College of Design and Engineering,Industrial Systems Engineering and Management,0.69189453125,108,0.71533203125,0.67529296875,1,10,1600,22.53,1106,1,IE4280
Community Activities for Seniors with SG Cares,GEN2062X,NUS,Office of the Provost,0.691601574420929,109,0.740234375,0.67431640625,7,4,2967,41.78,455,1,GEN2062X
Business Japanese 2,LAJ3204,Arts and Social Science,Centre for Language Studies,0.6915038824081421,110,0.71435546875,0.66650390625,8,3,5061,71.27,60,1,LAJ3204
Equity Research Seminar,FIN4118,NUS Business School,Finance,0.6915038824081421,110,0.708984375,0.68310546875,3,8,4429,62.37,135,2,FIN4118; FIN4716
Chemical Engineering Process Lab I,CN3101,College of Design and Engineering,Chemical and Biomolecular Engineering,0.6912597417831421,111,0.70458984375,0.669921875,2,9,1099,15.48,1460,1,CN3101
Real Estate Development and Finance Law,RE3809,NUS Business School,Real Estate,0.691162109375,112,0.7109375,0.6796875,1,10,2646,37.26,579,1,RE3809
Principles of Structural and Geotechnical Engineering,CE1103,College of Design and Engineering,Civil and Environmental Engineering,0.690966784954071,113,0.7119140625,0.68017578125,2,9,1727,24.32,1027,1,CE1103
Final Year Design Project,CN4119,College of Design and Engineering,Chemical and Biomolecular Engineering,0.690869152545929,114,0.7080078125,0.666015625,2,9,2365,33.31,697,4,CN4119; CN4123R; CN4124E; TCN4124
Quality Engineering I,IE2130,College of Design and Engineering,Industrial Systems Engineering and Management,0.6908203363418579,115,0.69873046875,0.67822265625,1,10,1448,20.39,1209,3,IE2130; IE2130E; TIE2130
Engineering Product Development,MT4003,College of Design and Engineering,Industrial Systems Engineering and Management,0.690722644329071,116,0.697265625,0.685546875,3,8,3860,54.36,222,1,MT4003
Procurement Management,DOS3702,NUS Business School,Analytics and Operations,0.690673828125,117,0.7158203125,0.673828125,3,8,3664,51.6,264,2,DOS3702; DSC3202
Machine Learning in Engineering Science,ESP3201A,College of Design and Engineering,Engineering Science Programme,0.6905761957168579,118,0.72607421875,0.6630859375,4,7,664,9.35,1832,1,ESP3201A
TIM: Sustainability Marketing,MKT3422D,NUS Business School,Marketing,0.690185546875,119,0.7373046875,0.6806640625,4,7,3523,49.61,298,2,MKT3422D; MKT3761D
Singapore Employment Law,GES1000T,Cont and Lifelong Education,SCALE Dean's Office,0.689990222454071,120,0.7001953125,0.67822265625,1,10,4524,63.71,119,2,GES1000T; SSB1204
Structural Modelling,CE3155B,College of Design and Engineering,Civil and Environmental Engineering,0.6898437738418579,121,0.7255859375,0.6806640625,2,9,1315,18.52,1290,1,CE3155B
Petrochemicals & Processing Technology,CN4211E,Cont and Lifelong Education,SCALE Dean's Office,0.689746081829071,122,0.7080078125,0.67431640625,3,8,3225,45.42,381,2,CN4211E; TCN4211
Principles & Practice in Environmental Monitoring,ESE2102,College of Design and Engineering,Civil and Environmental Engineering,0.689746081829071,122,0.74658203125,0.671875,4,7,4386,61.77,142,1,ESE2102
Architectural Construction,AR1326,College of Design and Engineering,Architecture,0.6895507574081421,123,0.7041015625,0.67626953125,4,7,1953,27.5,899,1,AR1326
Computational Thinking: Building Information Modelling,AR2523,College of Design and Engineering,Architecture,0.6893554925918579,124,0.7197265625,0.68017578125,4,7,838,11.8,1674,1,AR2523
Charterparties,LL4008B,Law,FoL Dean's Office,0.689257800579071,125,0.7607421875,0.66552734375,3,8,3504,49.35,304,2,LL4008B; LL4008BV
Machine Learning in Robotics and Engineering,ESP3201,College of Design and Engineering,Engineering Science Programme,0.689013659954071,126,0.73583984375,0.66650390625,4,7,504,7.1,1980,1,ESP3201
Global AI Innovations and Singapore Entrepreneurial Landscape,UTS2831,Residential College,Acacia College,0.688720703125,127,0.71142578125,0.66796875,4,7,3386,47.68,339,1,UTS2831
Quality Engineering II,IE4230,College of Design and Engineering,Industrial Systems Engineering and Management,0.688671886920929,128,0.69921875,0.68212890625,1,10,1819,25.62,972,2,IE4230; TIE4230
Sustainable Energy Management,PF3504,College of Design and Engineering,Built Environment,0.688671886920929,128,0.75341796875,0.6376953125,3,8,2739,38.57,542,1,PF3504
Chemical Engineering Process Laboratory III,CN3109,College of Design and Engineering,Chemical and Biomolecular Engineering,0.6883789300918579,129,0.70703125,0.6748046875,2,9,2256,31.77,750,1,CN3109
Infrastructure and Facilities Management,IPM3102,College of Design and Engineering,Built Environment,0.688037097454071,130,0.7353515625,0.662109375,4,7,3992,56.22,198,2,IPM3102; PF2110
Drug Product Development and Lifecycle Management,PHS2120,Science,PharmacyandPharmaceuticalScience,0.687939465045929,131,0.7099609375,0.6796875,8,3,5109,71.95,56,1,PHS2120
Materials Characterisation Laboratory,MLE3101,College of Design and Engineering,Materials Science and Engineering,0.6878906488418579,132,0.73974609375,0.66552734375,2,9,2147,30.24,801,1,MLE3101
B.Eng Dissertation,CE4106,College of Design and Engineering,Civil and Environmental Engineering,0.6878906488418579,132,0.703125,0.6787109375,2,9,1916,26.98,918,2,CE4106; MLE4101N
Radio Frequency Design and Systems,EE4112,College of Design and Engineering,Electrical and Computer Engineering,0.687744140625,133,0.76611328125,0.6552734375,2,9,1476,20.79,1191,3,EE4112; EE4112E; TEE4112
Entrepreneurial Boot Camp,BSN3713,NUS Business School,Strategy and Policy,0.6875,134,0.6875,0.6875,2,9,3729,52.51,252,1,BSN3713
Chemical Engineering Process Laboratory II,CN3108,College of Design and Engineering,Chemical and Biomolecular Engineering,0.6875,134,0.7216796875,0.66943359375,3,8,1647,23.19,1076,1,CN3108
Business & Finance For Lawyers,LL4063,Law,FoL Dean's Office,0.6871582269668579,135,0.70751953125,0.67138671875,6,5,2766,38.95,527,2,LL4063; LL4063V
Global Entrepreneurial Marketing,ETP3251,Non-Faculty-based Departments,NUS Enterprise Academy,0.6871093511581421,136,0.71533203125,0.67236328125,3,8,5093,71.72,58,2,ETP3251; TR3003
Financial Capability and Asset Building,SW4224,Arts and Social Science,Social Work,0.687060534954071,137,0.71826171875,0.66943359375,4,7,4025,56.68,196,2,SW4224; SW4224HM
Mechanical Systems Design II,ME3102,College of Design and Engineering,Mechanical Engineering,0.686962902545929,138,0.71728515625,0.67431640625,1,10,1541,21.7,1145,1,ME3102
Bank Management,FIN3117,NUS Business School,Finance,0.6866210699081421,139,0.71142578125,0.66748046875,1,10,1436,20.22,1214,2,FIN3117; FIN3713
Optimization and Algorithms for Civil Engineers,CE3203,College of Design and Engineering,Civil and Environmental Engineering,0.6866210699081421,139,0.70068359375,0.6640625,2,9,1506,21.21,1170,1,CE3203
International Financial Management,FIN3115,NUS Business School,Finance,0.686474621295929,140,0.71337890625,0.6748046875,3,8,3085,43.44,421,2,FIN3115; FIN3711
Fundamentals of Product Development,ME4263,College of Design and Engineering,Mechanical Engineering,0.6863769292831421,141,0.71142578125,0.6806640625,3,8,4226,59.51,167,1,ME4263
Asset and Property Management,RE2707,NUS Business School,Real Estate,0.6861816644668579,142,0.716796875,0.666015625,5,6,4702,66.22,95,1,RE2707
"Process Safety, Health and Environment",CN3135,College of Design and Engineering,Chemical and Biomolecular Engineering,0.6861327886581421,143,0.7119140625,0.6669921875,2,9,1683,23.7,1054,3,CN3135; CN3135E; TCN3135
Child-centric Social Work,SW3219,Arts and Social Science,Social Work,0.6859375238418579,144,0.70556640625,0.66943359375,4,7,3210,45.2,387,1,SW3219
Law & Social Work Practice,SW4209,Arts and Social Science,Social Work,0.685839831829071,145,0.72998046875,0.6689453125,2,9,1607,22.63,1101,2,SW4209; SW4209HM
Introduction to Decision-Making in Business,CFG2100,NUS,Centre for Future-ready Grads,0.685791015625,146,0.68994140625,0.681640625,1,10,5571,78.45,24,1,CFG2100
Final Year Project,CE4104N,College of Design and Engineering,Civil and Environmental Engineering,0.685742199420929,147,0.720703125,0.66943359375,3,8,3573,50.32,282,2,CE4104N; ESE4502N
Sustainable Operations Management,DOS3714,NUS Business School,Analytics and Operations,0.6856933832168579,148,0.712890625,0.6416015625,5,6,2517,35.45,627,2,DOS3714; DSC3226
Computer Applications in Civil Engineering,CE2409,College of Design and Engineering,Civil and Environmental Engineering,0.685498058795929,149,0.6962890625,0.6689453125,2,9,1429,20.12,1218,1,CE2409
"Business Processes, Systems and Assurance - Advanced",ACC3727,NUS Business School,Accounting,0.685498058795929,149,0.701171875,0.6640625,4,7,5119,72.09,55,1,ACC3727
Computing for Quantitative Finance,QF2103,Science,Mathematics,0.685302734375,150,0.73193359375,0.66650390625,4,7,987,13.9,1546,1,QF2103
Data-Driven Marketing,BT4211,Computing,Information Systems and Analytics,0.685009777545929,151,0.71923828125,0.6728515625,5,6,4210,59.29,171,1,BT4211
Clinical Data System Design Testing and Governance,BMI3201,Yong Loo Lin Sch of Medicine,NUS Medicine Dean's Office,0.685009777545929,151,0.6943359375,0.67236328125,3,8,4415,62.17,136,2,BMI3201; BMI3201C
Petrochemicals and Processing Technology,CN4211R,College of Design and Engineering,Chemical and Biomolecular Engineering,0.684863269329071,152,0.70166015625,0.66845703125,4,7,2568,36.16,610,1,CN4211R
Deep Learning and Generative AI in Business,DBA4714,NUS Business School,Analytics and Operations,0.684814453125,153,0.7412109375,0.66357421875,4,7,2995,42.18,450,1,DBA4714
Optoelectronics,EE4401,College of Design and Engineering,Electrical and Computer Engineering,0.6844238042831421,154,0.705078125,0.64306640625,3,8,805,11.34,1703,1,EE4401
Advanced Corporate Accounting and Reporting,ACC3704,NUS Business School,Accounting,0.6841796636581421,155,0.703125,0.67578125,3,8,4834,68.07,82,2,ACC3704; ACC4702
Socio-Cultural Theories in Social Work,SW3215,Arts and Social Science,Social Work,0.684130847454071,156,0.7275390625,0.66357421875,1,10,2497,35.16,636,1,SW3215
Customer Relationship Management,MKT3417,NUS Business School,Marketing,0.684130847454071,156,0.69287109375,0.6728515625,2,9,3359,47.3,344,2,MKT3417; MKT3716
Landscape Construction II,LAD4003,College of Design and Engineering,Architecture,0.6837402582168579,157,0.73388671875,0.6650390625,6,5,3018,42.5,442,1,LAD4003
"Integrated Circuit Technology, Design and Testing",EE4434,College of Design and Engineering,Electrical and Computer Engineering,0.683642566204071,158,0.708984375,0.66650390625,3,8,808,11.38,1701,1,EE4434
Introduction to Software Engineering,TIC2002,Cont and Lifelong Education,SCALE Dean's Office,0.683349609375,159,0.69482421875,0.66943359375,3,8,1784,25.12,995,1,TIC2002
Business Analytics Solutions Development and Deployment,BT4301,Computing,Information Systems and Analytics,0.683056652545929,160,0.701171875,0.6689453125,2,9,3015,42.46,443,1,BT4301
User Experience Design,NM3243,Arts and Social Science,Communications and New Media,0.6830078363418579,161,0.76220703125,0.6328125,4,7,1984,27.94,882,1,NM3243
Managing Software Projects,TCX3224,Cont and Lifelong Education,SCALE Dean's Office,0.682910144329071,162,0.70947265625,0.6630859375,4,7,2284,32.16,735,1,TCX3224
Domestic and International Sale of Goods,LL4054V,Law,FoL Dean's Office,0.682812511920929,163,0.697265625,0.6767578125,5,6,5131,72.26,51,1,LL4054V
Electronic Materials Science,CN4216E,Cont and Lifelong Education,SCALE Dean's Office,0.6827636957168579,164,0.72509765625,0.6591796875,3,8,1650,23.24,1074,3,CN4216E; CN4216R; TCN4216
Independent Study in Civil Engineering Infrastructure,TCE3100,Cont and Lifelong Education,SCALE Dean's Office,0.682666003704071,165,0.7236328125,0.669921875,3,8,2256,31.77,750,1,TCE3100
Chinese 4,LAC3202,Arts and Social Science,Centre for Language Studies,0.6825195550918579,166,0.72412109375,0.6640625,3,8,3066,43.18,428,1,LAC3202
Major Design Project 2,ESP3903,College of Design and Engineering,Engineering Science Programme,0.6824706792831421,167,0.6953125,0.6767578125,4,7,3770,53.09,241,1,ESP3903
Labview for Electrical Engineers,EE3013C,College of Design and Engineering,Electrical and Computer Engineering,0.682324230670929,168,0.6962890625,0.67529296875,3,8,1646,23.18,1077,3,EE3013C; EE3013E; TEE3013
Engineering Visualization & Modeling,ME2103,College of Design and Engineering,Mechanical Engineering,0.6822265386581421,169,0.70166015625,0.66943359375,2,9,1937,27.28,907,1,ME2103
Cybersecurity Capstone Project,TIC4902C,Cont and Lifelong Education,SCALE Dean's Office,0.682177722454071,170,0.7177734375,0.66748046875,4,7,1271,17.9,1323,1,TIC4902C
Investment Analysis and Economics,YSS2233,Yale-NUS College,Yale-NUS College,0.681933581829071,171,0.7001953125,0.669921875,3,8,1106,15.58,1454,1,YSS2233
Corporate Deals,LC2013,Law,FoL Dean's Office,0.681933581829071,171,0.693359375,0.67724609375,2,9,5095,71.75,57,1,LC2013
Food Technology and Engineering,CN4215R,College of Design and Engineering,Chemical and Biomolecular Engineering,0.681884765625,172,0.72265625,0.65771484375,4,7,1946,27.4,904,2,CN4215R; TCN4215
Materials and Production,ID2322,College of Design and Engineering,Industrial Design,0.681835949420929,173,0.71484375,0.67578125,3,8,2765,38.94,528,1,ID2322
IT-enabled Healthcare Solutioning,IS4250,Computing,Information Systems and Analytics,0.681835949420929,173,0.7021484375,0.62841796875,3,8,1404,19.77,1232,1,IS4250
Automation,ME3242,College of Design and Engineering,Mechanical Engineering,0.6817871332168579,174,0.70751953125,0.6689453125,2,9,1537,21.64,1148,3,ME3242; ME3242E; TME3242
Software Engineering Project I,CS3201,Computing,Computer Science,0.681591808795929,175,0.7470703125,0.66259765625,2,9,1678,23.63,1057,2,CS3201; CS3201R
Formal Methods for Software Engineering,CS4211,Computing,Computer Science,0.6815429925918579,176,0.697265625,0.66748046875,4,7,2070,29.15,842,1,CS4211
Biochemical Engineering,CN4208E,Cont and Lifelong Education,SCALE Dean's Office,0.6814941167831421,177,0.705078125,0.66064453125,5,6,1759,24.77,1008,2,CN4208E; TCN4208
Application Systems Development for Business Analytics,BT3103,Computing,Information Systems and Analytics,0.681445300579071,178,0.6884765625,0.67431640625,1,10,3548,49.96,292,2,BT3103; TBA3103
Sustainable Process Development,CN4248,College of Design and Engineering,Chemical and Biomolecular Engineering,0.681396484375,179,0.7021484375,0.66552734375,2,9,2349,33.08,704,2,CN4248; TCN4248
Foundation Engineering,CE3116,College of Design and Engineering,Civil and Environmental Engineering,0.681347668170929,180,0.6923828125,0.66357421875,1,10,1907,26.86,922,2,CE3116; TCE3116
Software Security,CS4239,Computing,Computer Science,0.6812499761581421,181,0.70654296875,0.67236328125,3,8,1447,20.38,1210,2,CS4239; TIC4303
Statutory & Advanced Real Estate Valuation,RE4811,NUS Business School,Real Estate,0.681201159954071,182,0.69873046875,0.669921875,1,10,2394,33.71,685,1,RE4811
Effective Leadership in Action,BST3762,NUS Business School,BIZ Dean's Office,0.68115234375,183,0.68603515625,0.67626953125,1,10,4475,63.02,129,1,BST3762
Project Execution,IPM4102,College of Design and Engineering,Built Environment,0.680957019329071,184,0.7001953125,0.6630859375,4,7,1527,21.5,1155,2,IPM4102; PF3104
Understanding Chinese Media and Cultural Industries,CH2276,Arts and Social Science,Chinese Studies,0.680859386920929,185,0.70068359375,0.6630859375,9,2,3709,52.23,257,1,CH2276
Strategic Communication Design,NM4208,Arts and Social Science,Communications and New Media,0.680712878704071,186,0.7158203125,0.6611328125,6,5,2655,37.39,574,2,NM4208; NM4208HM
NUSC Undergraduate Research Opportunity (UROP),NRM3301,NUS College,NUS College Dean's Office,0.680615246295929,187,0.720703125,0.66845703125,4,7,3658,51.51,265,2,NRM3301; NRM3301R
Chemical Process Safety,CN4235,College of Design and Engineering,Chemical and Biomolecular Engineering,0.6805175542831421,188,0.71728515625,0.65478515625,2,9,563,7.93,1924,1,CN4235
Operations Strategy,DOS3704,NUS Business School,Analytics and Operations,0.680419921875,189,0.72021484375,0.66650390625,6,5,3283,46.23,367,2,DOS3704; DSC3223
Business Analytics Capstone Project,BT4103,Computing,Information Systems and Analytics,0.6800292730331421,190,0.6943359375,0.66748046875,3,8,2628,37.01,584,2,BT4103; TIC4902B
Undergraduate Project in Quantitative Finance,QF4288,Science,Mathematics,0.679980456829071,191,0.72705078125,0.65625,4,7,2478,34.9,645,1,QF4288
"Junior Seminar: Leadership: Technology, Configuration, Work",UTC1102F,Residential College,Tembusu College,0.6796875,192,0.68310546875,0.67626953125,1,10,6191,87.18,5,1,UTC1102F
Mergers & Acquisitions,LL4074,Law,FoL Dean's Office,0.6795898675918579,193,0.72705078125,0.6669921875,3,8,4448,62.64,132,2,LL4074; LL4074V
Communicating with Communities in the 21st century,UTC2413,Residential College,College of Alice and Peter Tan,0.679443359375,194,0.68310546875,0.67578125,1,10,4692,66.08,97,2,UTC2413; UTS2416
Career Advancement,CFG3001,Non-Faculty-based Departments,Centre for Future-ready Grads,0.679394543170929,195,0.68603515625,0.67724609375,3,8,5704,80.33,16,1,CFG3001
Business-to-Business Marketing,MKT3416,NUS Business School,Marketing,0.679394543170929,195,0.68603515625,0.67529296875,4,7,4529,63.78,116,6,MKT3416; MKT3416A; MKT3416B; MKT3715; MKT3715A; MKT3715B
Petroleum Refining,CN4201R,College of Design and Engineering,Chemical and Biomolecular Engineering,0.679394543170929,195,0.69921875,0.666015625,2,9,2609,36.74,592,1,CN4201R
Optoelectronics with Organics and Nanocrystals,MLE4231,College of Design and Engineering,Materials Science and Engineering,0.6793457269668579,196,0.7412109375,0.66015625,2,9,1084,15.27,1471,1,MLE4231
Design for Context and Sustainability,ID2105,College of Design and Engineering,Industrial Design,0.6793457269668579,196,0.71875,0.66259765625,6,5,5220,73.51,41,1,ID2105
SIA: Internal Auditing,ACC4612A,NUS Business School,Accounting,0.6792968511581421,197,0.72998046875,0.65185546875,3,8,2618,36.87,589,1,ACC4612A
Analytics for E-Commerce,IE4108,College of Design and Engineering,Industrial Systems Engineering and Management,0.6792968511581421,197,0.71826171875,0.6669921875,8,3,4658,65.6,100,1,IE4108
Customer Experience Management,MKT4723,NUS Business School,Marketing,0.6792968511581421,197,0.7138671875,0.6748046875,4,7,3952,55.65,205,1,MKT4723
Consulting as a Communication & Career Skill,NM3244,Arts and Social Science,Communications and New Media,0.679150402545929,198,0.69189453125,0.6708984375,5,6,5678,79.96,19,1,NM3244
Support Healthy AgeingSG,GEN2061,NUS,Office of the Provost,0.678955078125,199,0.693359375,0.66748046875,7,4,4910,69.15,70,3,GEN2061; GEN2061X; GEN2061Y
Personal Leadership Development,BLD3003,NUS Business School,BIZ Dean's Office,0.678955078125,199,0.689453125,0.66845703125,1,10,2919,41.11,478,2,BLD3003; MNO3326
Pharmaceutical Quality Management,PHS3122,Science,PharmacyandPharmaceuticalScience,0.678955078125,199,0.68603515625,0.67041015625,2,9,1710,24.08,1037,1,PHS3122
Chemical Engineering Process Lab,CN3101A,College of Design and Engineering,Chemical and Biomolecular Engineering,0.6788085699081421,200,0.69775390625,0.67041015625,2,9,1061,14.94,1486,1,CN3101A
Structural Mechanics and Materials,TCE2155,Cont and Lifelong Education,SCALE Dean's Office,0.6788085699081421,200,0.69140625,0.6572265625,3,8,1396,19.66,1237,1,TCE2155
Understanding Health and Social Care in Singapore,UTC2707,Residential College,Residential College 4,0.678759753704071,201,0.697265625,0.66455078125,6,5,2453,34.54,656,2,UTC2707; UTS2701
Web Programming and Applications,CS3226,Computing,Computer Science,0.678759753704071,201,0.7138671875,0.662109375,2,9,990,13.94,1543,1,CS3226
Duke-NUS Health Innovator Programme Part 2,GMS4100B,Duke-NUS Medical School,Duke-NUS Dean's Office,0.6787109375,202,0.69580078125,0.666015625,5,6,2908,40.95,482,1,GMS4100B
"Government Regulations: Law, Policy & Practice",LL4185,Law,FoL Dean's Office,0.6787109375,202,0.70703125,0.65673828125,1,10,3480,49.01,309,2,LL4185; LL4185V
Advanced Taxation,ACC4611,NUS Business School,Accounting,0.6786133050918579,203,0.72021484375,0.654296875,3,8,3900,54.92,217,2,ACC4611; ACC4711
International Corporate Finance,LL4238,Law,FoL Dean's Office,0.678515613079071,204,0.71435546875,0.66357421875,2,9,3029,42.66,439,2,LL4238; LL4238V
Web Application Development,SA4105,NUS-ISS,NUS-ISS,0.678466796875,205,0.69091796875,0.6669921875,2,9,3947,55.58,206,2,SA4105; SA4105C
Leading Across Borders,MNO4713,NUS Business School,Management and Organisation,0.678271472454071,206,0.70361328125,0.67041015625,3,8,5400,76.05,33,1,MNO4713
Innovation & Enterprise I,EE3031,College of Design and Engineering,Electrical and Computer Engineering,0.67822265625,207,0.6875,0.67431640625,3,8,3375,47.53,341,3,EE3031; EE3031E; TEE3031
Training and Development,MNO3321,NUS Business School,Management and Organisation,0.6781250238418579,208,0.74609375,0.658203125,4,7,5202,73.26,45,2,MNO3321; MNO3712
Pathways to Engineering Leadership,EG2101,College of Design and Engineering,CDE Dean's Office,0.6781250238418579,208,0.6806640625,0.67431640625,2,9,3800,53.51,237,1,EG2101
Business Communication for Leaders (BBA),ES2002,Non-Faculty-based Departments,Center for Engl Lang Comms,0.678027331829071,209,0.68408203125,0.67578125,5,6,4679,65.89,99,1,ES2002
Maritime and Shipping Economics,EC3385,Arts and Social Science,Economics,0.677978515625,210,0.7373046875,0.654296875,7,4,2276,32.05,741,1,EC3385
Safety and Health Management,PF4208,College of Design and Engineering,Built Environment,0.677929699420929,211,0.69873046875,0.662109375,7,4,1959,27.59,897,1,PF4208
Consulting Practicum,BCP4002B,NUS Business School,BIZ Dean's Office,0.6778808832168579,212,0.701171875,0.66015625,3,8,6541,92.11,2,1,BCP4002B
Software Engineering Capstone,TIC4902S,Cont and Lifelong Education,SCALE Dean's Office,0.6778320074081421,213,0.7109375,0.6572265625,2,9,1627,22.91,1087,1,TIC4902S
IT Project Management,IS4100,Computing,Information Systems and Analytics,0.677734375,214,0.72900390625,0.65771484375,4,7,1940,27.32,906,1,IS4100
Materials For Engineers,ME3251,College of Design and Engineering,Mechanical Engineering,0.677734375,214,0.70849609375,0.66748046875,2,9,2178,30.67,782,3,ME3251; ME3251E; TME3251
Marketing Analytics,MKT4420,NUS Business School,Marketing,0.677685558795929,215,0.7041015625,0.66845703125,4,7,4298,60.53,156,3,MKT4420; MKT4812; TBA3222
Social Enterprises and Social Innovations,SW4226,Arts and Social Science,Social Work,0.677685558795929,215,0.69287109375,0.67041015625,5,6,4719,66.46,92,2,SW4226; SW4226HM
Mechanical Systems Design,ME3103,College of Design and Engineering,Mechanical Engineering,0.6776367425918579,216,0.71923828125,0.6650390625,1,10,1033,14.55,1508,4,ME3103; ME4101B; TM3101; TME3101
Seminars in Accounting: Internal Audit,ACC4761A,NUS Business School,Accounting,0.677490234375,217,0.7255859375,0.6416015625,3,8,1407,19.81,1231,1,ACC4761A
Virtual Design and Construction: Moving Beyond BIM,CE4283B,College of Design and Engineering,Civil and Environmental Engineering,0.677490234375,217,0.6787109375,0.67626953125,3,8,1929,27.17,912,1,CE4283B
Impact Experience Project (One Year),NEP3001A,NUS College,NUS College Dean's Office,0.6773437261581421,218,0.68359375,0.6748046875,3,8,4615,64.99,106,4,NEP3001A; NEP3001AH; NEP3001AS; NEP3001AZ
Int'l & Comp Law of Sale in Asia,LL4138V,Law,FoL Dean's Office,0.677294909954071,219,0.6845703125,0.6650390625,2,9,4031,56.77,194,1,LL4138V
Digital Design & Fabrication,ID2112,College of Design and Engineering,Industrial Design,0.677197277545929,220,0.68896484375,0.66015625,3,8,2178,30.67,782,1,ID2112
B.Sc. (Business Analytics) Dissertation,BT4101,Computing,Information Systems and Analytics,0.6769043207168579,221,0.69775390625,0.65771484375,2,9,2493,35.11,639,1,BT4101
Solutions Development for Business Analytics,TCX3215,Cont and Lifelong Education,SCALE Dean's Office,0.6769043207168579,221,0.7021484375,0.66015625,4,7,1490,20.98,1180,1,TCX3215
NUS H3 Science Research Programme,SP1230,Science,FoS Dean's Office,0.6769043207168579,221,0.68310546875,0.67041015625,2,9,3318,46.73,355,1,SP1230
Comparative Corporate Governance,LL4065,Law,FoL Dean's Office,0.676806628704071,222,0.68896484375,0.6640625,5,6,5947,83.75,12,1,LL4065
Investment Instruments and Risk Management,QF3101,Science,Mathematics,0.6767578125,223,0.7001953125,0.6611328125,3,8,1844,25.97,958,1,QF3101
Principles of Chemical Processes,CM3201,Science,Chemistry,0.676708996295929,224,0.72021484375,0.6484375,1,10,917,12.91,1602,1,CM3201
Industrial Pharmacy,PR4206,Science,PharmacyandPharmaceuticalScience,0.676708996295929,224,0.70654296875,0.66259765625,3,8,2563,36.09,613,1,PR4206
Advanced Operations and Supply Chain Management,DOS4716,NUS Business School,Analytics and Operations,0.6763671636581421,225,0.701171875,0.6591796875,7,4,4042,56.92,193,1,DOS4716
Marketing Analysis & Decision Making,MKT3421,NUS Business School,Marketing,0.676318347454071,226,0.6806640625,0.67236328125,4,7,4532,63.82,115,2,MKT3421; MKT3811
Facilities Management Law And Contracts,PF3306,College of Design and Engineering,Built Environment,0.67626953125,227,0.6904296875,0.6669921875,4,7,3009,42.37,447,1,PF3306
Software Engineering Project II,CS3202,Computing,Computer Science,0.67626953125,227,0.74365234375,0.6572265625,2,9,1618,22.79,1093,2,CS3202; CS3202R
Business Ethics,GEK2033,Arts and Social Science,Philosophy,0.676220715045929,228,0.681640625,0.6650390625,1,10,2940,41.4,466,6,GEK2033; MNO2707; MNO2707A; MNO2707B; MNO2707C; PH2218
Singapore Corporate Governance,LL4162,Law,FoL Dean's Office,0.6761230230331421,229,0.6796875,0.67041015625,3,8,4102,57.77,188,2,LL4162; LL4162V
Supply Chain Management,DOS3701,NUS Business School,Analytics and Operations,0.675976574420929,230,0.70361328125,0.65966796875,5,6,2373,33.42,694,2,DOS3701; DSC3201
Software Project Management,TIC4003,Cont and Lifelong Education,SCALE Dean's Office,0.6759277582168579,231,0.69580078125,0.66162109375,4,7,1893,26.66,931,1,TIC4003
Infrastructure Operations and Maintenance,PF4309,College of Design and Engineering,Built Environment,0.6759277582168579,231,0.70654296875,0.66845703125,5,6,2146,30.22,802,1,PF4309
Career Catalyst,CFG1002,Non-Faculty-based Departments,Office of the Provost,0.675830066204071,232,0.69482421875,0.6708984375,3,8,5696,80.21,17,1,CFG1002
Business Strategy Simulation for Marketers,MKT4715,NUS Business School,Marketing,0.67578125,233,0.68017578125,0.67333984375,1,10,4199,59.13,174,1,MKT4715
Leadership and Management,NUR3114,Yong Loo Lin Sch of Medicine,Alice Lee Center for Nursing Studies,0.675585925579071,234,0.7060546875,0.6552734375,4,7,3133,44.12,407,1,NUR3114
Standards in Mechanical Engineering,ME4102,College of Design and Engineering,Mechanical Engineering,0.675488293170929,235,0.68359375,0.66552734375,1,10,1839,25.9,961,1,ME4102
Senior Student Seminar,PC3280,Science,Physics,0.6754394769668579,236,0.69921875,0.66552734375,6,5,5570,78.44,25,1,PC3280
Collaborative Piano - Instrumental Accompaniment,MUA2242,YST Conservatory of Music,YSTCM Dean's Office,0.675244152545929,237,0.76123046875,0.65234375,2,9,2192,30.87,776,3,MUA2242; MUA3242; MUA4242
Data Engineering Principles,EE3801,College of Design and Engineering,Electrical and Computer Engineering,0.675000011920929,238,0.72802734375,0.64453125,1,10,1261,17.76,1332,1,EE3801
International Regulation of Shipping,LL4034,Law,FoL Dean's Office,0.6749023199081421,239,0.69287109375,0.66259765625,7,4,2660,37.46,571,2,LL4034; LL4034V
Thermal Environmental Engineering,ME4223,College of Design and Engineering,Mechanical Engineering,0.6749023199081421,239,0.7392578125,0.64990234375,2,9,1243,17.5,1344,3,ME4223; ME4223E; TME4223
Impact Experience Project,NEP3001,NUS College,NUS College Dean's Office,0.674755871295929,240,0.697265625,0.662109375,4,7,3830,53.94,229,8,NEP3001; NEP3001Z; NEP3002; NEP3002A; NEP3002B; NEP3002C; NEP3002D; NEP3002E
Machine Learning Application Development,SA4110,NUS-ISS,NUS-ISS,0.6746581792831421,241,0.70947265625,0.65673828125,4,7,1231,17.34,1352,2,SA4110; SA4110C
Chemical Engineering Principles,CN1111,College of Design and Engineering,Chemical and Biomolecular Engineering,0.674511730670929,242,0.701171875,0.64501953125,1,10,1109,15.62,1451,4,CN1111; CN1111E; CN1111X; TCN1111
Private International Law,LL4382,Law,FoL Dean's Office,0.6744140386581421,243,0.689453125,0.6611328125,1,10,1258,17.72,1334,2,LL4382; LL4382V
Advanced Materials Characterisation,MLE4201,College of Design and Engineering,Materials Science and Engineering,0.6744140386581421,243,0.7333984375,0.6474609375,4,7,1519,21.39,1161,1,MLE4201
Analytics for Consulting,DBA4811,NUS Business School,Analytics and Operations,0.674267590045929,244,0.6826171875,0.666015625,5,6,4849,68.29,79,1,DBA4811
Smart Systems and AI Governance,IS4246,Computing,Information Systems and Analytics,0.6742187738418579,245,0.685546875,0.66455078125,4,7,2084,29.35,832,1,IS4246
Event Management,PF2305,College of Design and Engineering,Built Environment,0.6741698980331421,246,0.6796875,0.6640625,1,10,1398,19.69,1235,1,PF2305
Systematic Trading Strategies and Systems,IS4226,Computing,Information Systems and Analytics,0.674023449420929,247,0.6962890625,0.658203125,6,5,2939,41.39,467,1,IS4226
SIF: Investment Banking,FIN4112H,NUS Business School,Finance,0.6739746332168579,248,0.71728515625,0.658203125,3,8,2496,35.15,637,2,FIN4112H; FIN4761B
Motion Design,ID3126,College of Design and Engineering,Industrial Design,0.6739746332168579,248,0.71435546875,0.654296875,5,6,1684,23.71,1053,1,ID3126
NUSC Undergraduate Research Opportunity (S&T - UROP)),NRM3302,NUS College,NUS College Dean's Office,0.6739257574081421,249,0.71533203125,0.66357421875,4,7,3737,52.63,250,1,NRM3302
Seminar in M&O: Consulting to Management,MNO4314A,NUS Business School,Management and Organisation,0.673876941204071,250,0.71728515625,0.658203125,5,6,5025,70.76,62,2,MNO4314A; MNO4314B
Health of the Working Population,SPH2301,SSH School of Public Health,SSH School of Public Health Dean's Office,0.673828125,251,0.7099609375,0.650390625,5,6,3871,54.51,221,1,SPH2301
Legal Ethics and Professional Conduct,LL4537,Law,FoL Dean's Office,0.6736816167831421,252,0.69580078125,0.65673828125,1,10,3860,54.36,222,2,LL4537; LL4537V
Software Engineering for Reactive Systems,CS3271,Computing,Computer Science,0.6736816167831421,252,0.6943359375,0.66015625,2,9,1563,22.01,1130,1,CS3271
FASS Undergraduate Research Opportunity (UROP),AN3551,Arts and Social Science,Sociology and Anthropology,0.673632800579071,253,0.70654296875,0.6611328125,3,8,3617,50.94,274,33,AN3551; AN3551R; CH3551; CH3551R; CL3551; EC3551; EC3551R; EL3551; EL3551R; EN3551; EN3551R; GE3551; GE3551R; JS3551; MS3551; MS3551R; NM3551; NM3551R; PE3551E; PE3551P; PE3551S; PH3551; PH3551R; PL3551; PL3551R; SC3551; SC3551R; SE3551; SE3551R; SN3551; SW3551; SW3551R; TS3551
FASS Undergraduate Research Opportunity (UROP ),PS3551,Arts and Social Science,Political Science,0.673632800579071,253,0.70654296875,0.6611328125,3,8,3617,50.94,274,2,PS3551; PS3551R
Computer Vision and Deep Learning,YSC4227,Yale-NUS College,Yale-NUS College,0.673583984375,254,0.74072265625,0.62451171875,3,8,128,1.8,2347,1,YSC4227
Materials Properties & Processing Laboratory,MLE3111,College of Design and Engineering,Materials Science and Engineering,0.673535168170929,255,0.69384765625,0.66357421875,4,7,2673,37.64,569,2,MLE3111; MLE3111A
Financial Institution Audit & Compliance,ACC4614,NUS Business School,Accounting,0.673535168170929,255,0.75537109375,0.646484375,3,8,1583,22.29,1118,1,ACC4614
Control of Industrial Processes,CN4221R,College of Design and Engineering,Chemical and Biomolecular Engineering,0.673388659954071,256,0.685546875,0.66455078125,2,9,2487,35.02,642,1,CN4221R
Introduction to Foreign Exchange,EC2880C,Arts and Social Science,Economics,0.6731933355331421,257,0.72900390625,0.6484375,2,9,2547,35.87,620,1,EC2880C
Software Quality Control,TIC4004,Cont and Lifelong Education,SCALE Dean's Office,0.673095703125,258,0.70556640625,0.66064453125,2,9,1038,14.62,1503,1,TIC4004
Photonics,PC3243,Science,Physics,0.6729491949081421,259,0.70849609375,0.62890625,3,8,682,9.6,1815,1,PC3243
Computer-Aided Design And Manufacturing,ME3261,College of Design and Engineering,Mechanical Engineering,0.672900378704071,260,0.71484375,0.65966796875,1,10,1351,19.03,1269,1,ME3261
NUSC Undergraduate Research Opportunity (S&T UROP),NRM3302R,NUS College,NUS College Dean's Office,0.672802746295929,261,0.708984375,0.6630859375,4,7,3330,46.89,351,1,NRM3302R
"Business Processes, Systems and Assurance-Foundation",ACC2727,NUS Business School,Accounting,0.6727050542831421,262,0.693359375,0.6484375,4,7,5159,72.65,47,1,ACC2727
Building a Dynamic Singapore - Role of Engineers,GES1017,College of Design and Engineering,Industrial Systems Engineering and Management,0.672656238079071,263,0.69921875,0.6630859375,3,8,4485,63.16,127,1,GES1017
The Billion-Dollar Pill - Bench to Bedside Drug Development,PHS1101,Science,PharmacyandPharmaceuticalScience,0.6724609136581421,264,0.69189453125,0.66259765625,7,4,5133,72.29,50,1,PHS1101
Management of Employee Relations,MNO3323,NUS Business School,Management and Organisation,0.67236328125,265,0.6962890625,0.66455078125,4,7,5467,76.99,30,2,MNO3323; MNO3713
Intermediate Chinese 2,YLC2202,Yale-NUS College,Yale-NUS College,0.672314465045929,266,0.70361328125,0.65771484375,3,8,1804,25.4,980,1,YLC2202
Tax Planning & Policy,LL4056A,Law,FoL Dean's Office,0.6722656488418579,267,0.69140625,0.65673828125,3,8,4300,60.55,155,4,LL4056A; LL4056AV; LL4056B; LL4056BV
Law of Intellectual Property (A),LL4405A,Law,FoL Dean's Office,0.6722167730331421,268,0.68603515625,0.6591796875,1,10,3307,46.57,360,1,LL4405A
Food Production and Security in Urban Singapore,NST2045,NUS College,NUS College Dean's Office,0.672070324420929,269,0.71044921875,0.6484375,3,8,4785,67.38,88,1,NST2045
SIF: Applied Investment Valuation,FIN4112M,NUS Business School,Finance,0.672070324420929,269,0.68798828125,0.6611328125,3,8,3088,43.49,419,1,FIN4112M
Carriage of Goods by Sea,LL4008A,Law,FoL Dean's Office,0.6720215082168579,270,0.71044921875,0.65771484375,6,5,2904,40.9,483,2,LL4008A; LL4008AV
Control Systems Design And Simulation,EE4307,College of Design and Engineering,Electrical and Computer Engineering,0.6719726324081421,271,0.68212890625,0.6669921875,3,8,1686,23.74,1051,1,EE4307
Property Tax and Statutory Valuation,RE3702,NUS Business School,Real Estate,0.6719726324081421,271,0.68408203125,0.6640625,1,10,2297,32.35,729,1,RE3702
International Commodity Trading Law Clinic,LL4434,Law,FoL Dean's Office,0.671875,272,0.68115234375,0.669921875,2,9,1127,15.87,1434,2,LL4434; LL4434V
Software Development Project,TIC2003,Cont and Lifelong Education,SCALE Dean's Office,0.671826183795929,273,0.6884765625,0.66162109375,2,9,1695,23.87,1045,1,TIC2003
Supply Chain Analytics,DBA4812,NUS Business School,Analytics and Operations,0.671826183795929,273,0.736328125,0.64306640625,5,6,1514,21.32,1165,1,DBA4812
Alternative Investments,LL4259AV,Law,FoL Dean's Office,0.671679675579071,274,0.69921875,0.6572265625,2,9,3351,47.19,347,2,LL4259AV; LL4259V
Structural Analysis,CE3155,College of Design and Engineering,Civil and Environmental Engineering,0.67138671875,275,0.68310546875,0.6630859375,2,9,778,10.96,1727,2,CE3155; TCE3155
FinTech and the Law,LL4529,Law,FoL Dean's Office,0.6712890863418579,276,0.77978515625,0.6484375,2,9,2381,33.53,688,2,LL4529; LL4529V
SIF: Family Business & Wealth Management,FIN4112L,NUS Business School,Finance,0.6712890863418579,276,0.685546875,0.662109375,6,5,4563,64.26,109,2,FIN4112L; FIN4761D
Computer-Aided Design and Manufacturing,ME3261E,Cont and Lifelong Education,SCALE Dean's Office,0.6712402105331421,277,0.71533203125,0.6572265625,1,10,1306,18.39,1299,2,ME3261E; TME3261
Foundations of Software Engineering,CS3213,Computing,Computer Science,0.671142578125,278,0.71142578125,0.65771484375,2,9,1502,21.15,1172,1,CS3213
Assurance and Attestation,ACC3701,NUS Business School,Accounting,0.6709960699081421,279,0.70654296875,0.640625,2,9,2182,30.73,781,1,ACC3701
Managing Arts and Cultural Events,NM3245,Arts and Social Science,Communications and New Media,0.6709960699081421,279,0.68212890625,0.66748046875,1,10,2199,30.97,773,1,NM3245
Structural Behaviour,CE3155A,College of Design and Engineering,Civil and Environmental Engineering,0.670947253704071,280,0.681640625,0.66552734375,2,9,650,9.15,1844,1,CE3155A
Design Detailing,ID4103,College of Design and Engineering,Industrial Design,0.6707519292831421,281,0.67529296875,0.66162109375,3,8,2502,35.23,634,1,ID4103
Advanced UROPS in Computational Biology II,ZB3289,Science,Biological Sciences,0.6705077886581421,282,0.69091796875,0.66064453125,3,8,2002,28.19,871,1,ZB3289
Creative Producing for Performers,MUA3208,YST Conservatory of Music,YSTCM Dean's Office,0.6705077886581421,282,0.70947265625,0.63623046875,7,4,3522,49.6,299,1,MUA3208
Science and Technology of Foods,FST1101B,Science,Food Science and Technology,0.670458972454071,283,0.72216796875,0.615234375,5,6,942,13.27,1581,1,FST1101B
Collaborative Piano - Vocal Accompaniment,MUA2241,YST Conservatory of Music,YSTCM Dean's Office,0.67041015625,284,0.72998046875,0.6513671875,1,10,3452,48.61,319,3,MUA2241; MUA3241; MUA4241
Complex AI issues confronting Singapore and the World,UTS2891,Residential College,Acacia College,0.67041015625,284,0.7021484375,0.6474609375,6,5,3255,45.84,373,1,UTS2891
Architectural & Technology Design 2,AR4104,College of Design and Engineering,Architecture,0.670361340045929,285,0.6875,0.65234375,3,8,1015,14.29,1523,1,AR4104
System Design Project,IE3100M,College of Design and Engineering,Industrial Systems Engineering and Management,0.6703125238418579,286,0.69189453125,0.66015625,3,8,3558,50.11,288,1,IE3100M
The Law & Practice of Modern Trust Structures,LL4395,Law,FoL Dean's Office,0.6703125238418579,286,0.685546875,0.6611328125,2,9,2447,34.46,659,2,LL4395; LL4395V
Corporate Finance,FIN3101,NUS Business School,Finance,0.6703125238418579,286,0.71044921875,0.65234375,3,8,2302,32.42,726,9,FIN3101; FIN3101A; FIN3101B; FIN3101C; FIN3701; FIN3701A; FIN3701B; FIN3701C; FIN3701D
Happiness By Design,UTC2110,Residential College,Tembusu College,0.6700683832168579,287,0.681640625,0.66259765625,6,5,4499,63.36,125,2,UTC2110; UTS2110
Building Environmental System Modelling,AR3721,College of Design and Engineering,Architecture,0.669921875,288,0.7001953125,0.646484375,4,7,2059,29.0,847,1,AR3721
Economic Issues in Dev World,GEH1002,Arts and Social Science,Economics,0.6698242425918579,289,0.673828125,0.6591796875,3,8,4838,68.13,80,1,GEH1002
Spatial Computing: Design and Development,ID4401,College of Design and Engineering,Industrial Design,0.6698242425918579,289,0.71044921875,0.6533203125,5,6,2440,34.36,666,1,ID4401
Chinese 5,LAC4201,Arts and Social Science,Centre for Language Studies,0.6697753667831421,290,0.67431640625,0.66162109375,3,8,2155,30.35,796,2,LAC4201; LAC4201HM
Optimisation of Energy Systems,ESP4401,College of Design and Engineering,Engineering Science Programme,0.6697753667831421,290,0.703125,0.6591796875,2,9,1794,25.26,987,1,ESP4401
Corporate Law and Economics,LL4489,Law,FoL Dean's Office,0.669726550579071,291,0.6943359375,0.65576171875,2,9,4629,65.19,102,2,LL4489; LL4489V
Negotiations and Bargaining,MNO3322,NUS Business School,Management and Organisation,0.669677734375,292,0.669921875,0.66943359375,1,10,5144,72.44,48,1,MNO3322
Theory and Modelling of Materials Properties,MLE4205,College of Design and Engineering,Materials Science and Engineering,0.669677734375,292,0.73681640625,0.62158203125,2,9,1054,14.84,1491,1,MLE4205
Accounting for Entrepreneurs: From Startup to Exit,ACC3714,NUS Business School,Accounting,0.669628918170929,293,0.6904296875,0.6533203125,3,8,4173,58.77,177,1,ACC3714
Radio-Frequency (RF) Communications,EE4101E,Cont and Lifelong Education,SCALE Dean's Office,0.669628918170929,293,0.7451171875,0.6357421875,3,8,1024,14.42,1515,2,EE4101E; TEE4101
Principles of Mechatronics and Automation,ME2105,College of Design and Engineering,Mechanical Engineering,0.669628918170929,293,0.7509765625,0.64990234375,1,10,913,12.86,1605,1,ME2105
Exchange Technical Essential,EX3010,College of Design and Engineering,CDE Dean's Office,0.6695801019668579,294,0.70849609375,0.65869140625,8,3,6415,90.34,3,1,EX3010
Biomedical Engineering for Global Health,BN4108,College of Design and Engineering,Biomedical Engineering,0.6695312261581421,295,0.68798828125,0.654296875,6,5,3325,46.82,353,1,BN4108
Biomedical Engineering Design,BN3101,College of Design and Engineering,Biomedical Engineering,0.6695312261581421,295,0.6982421875,0.65966796875,2,9,1670,23.52,1062,2,BN3101; BN3101A
Machine Learning for Industrial Engineering,IE4215,College of Design and Engineering,Industrial Systems Engineering and Management,0.669482409954071,296,0.69873046875,0.65869140625,3,8,2774,39.06,524,1,IE4215
Workplace Readiness,WR1401,Residential College,Ridge View Residential College,0.66943359375,297,0.67138671875,0.66748046875,1,10,4704,66.24,94,1,WR1401
Fashion Law,LL4453,Law,FoL Dean's Office,0.66943359375,297,0.68115234375,0.66162109375,1,10,4821,67.89,85,2,LL4453; LL4453V
Reconnect SeniorsSG,GEN2060,NUS,Office of the Provost,0.6692870855331421,298,0.703125,0.646484375,6,5,2122,29.88,812,3,GEN2060; GEN2060X; GEN2060Y
Financial Statement Analysis,FIN3113,NUS Business School,Finance,0.669238269329071,299,0.7109375,0.64453125,4,7,1136,16.0,1427,2,FIN3113; FIN3720
Professional Practice and Ethics,RE4702,NUS Business School,Real Estate,0.669140636920929,300,0.712890625,0.6484375,3,8,4231,59.58,166,1,RE4702
Rethinking Ageing: Potential for Integration,UTC2732,Residential College,Residential College 4,0.669140636920929,300,0.6767578125,0.662109375,5,6,3224,45.4,382,2,UTC2732; UTS2717
Introduction to Biomedical Design and Manufacturing,BN1112,College of Design and Engineering,Biomedical Engineering,0.6690429449081421,301,0.73046875,0.64453125,4,7,1374,19.35,1255,1,BN1112
Analytics for Capital Market Trading and Investment,BT4013,Computing,Information Systems and Analytics,0.6690429449081421,301,0.70556640625,0.65673828125,3,8,574,8.08,1913,1,BT4013
Social Work In Medical Setting,SW4228,Arts and Social Science,Social Work,0.6687988042831421,302,0.72265625,0.626953125,2,9,1097,15.45,1462,2,SW4228; SW4228HM
Theory Building in Social Work Practice,SW4201,Arts and Social Science,Social Work,0.6687988042831421,302,0.71826171875,0.654296875,1,10,3550,49.99,291,2,SW4201; SW4201HM
"Professionalism, Ethics and Law in Healthcare",NUR3501,Yong Loo Lin Sch of Medicine,Alice Lee Center for Nursing Studies,0.668749988079071,303,0.69482421875,0.64794921875,2,9,2105,29.64,822,1,NUR3501
Inclusivity and Equality: Domestic Worker Community,GEN2003,Arts and Social Science,"English,Ling.andTheatre Studies",0.668749988079071,303,0.70751953125,0.65234375,7,4,5498,77.43,28,1,GEN2003
Chinese Media in Singapore: Theory and Practice,CH2273,Arts and Social Science,Chinese Studies,0.668701171875,304,0.6962890625,0.65087890625,7,4,2508,35.32,631,1,CH2273
Globalization of New Ventures,ETP3223,Non-Faculty-based Departments,NUS Enterprise Academy,0.668701171875,304,0.671875,0.66796875,2,9,5671,79.86,21,2,ETP3223; TR3014
Community Development With Youth,CLC2204,Non-Faculty-based Departments,Chua Thian Poh Comm Leader Center,0.668701171875,304,0.6708984375,0.66845703125,3,8,2961,41.7,459,1,CLC2204
FASS Undergraduate Research Opportunity,GL3551,Arts and Social Science,Political Science,0.668652355670929,305,0.70068359375,0.65576171875,3,8,3416,48.11,331,4,GL3551; GL3551R; HY3551; HY3551R
Fabrication Process Technology,EE4436,College of Design and Engineering,Electrical and Computer Engineering,0.6686035394668579,306,0.6787109375,0.65869140625,2,9,866,12.2,1648,3,EE4436; EE4436E; TEE4436
Soil Mechanics,CE2112,College of Design and Engineering,Civil and Environmental Engineering,0.6685546636581421,307,0.724609375,0.6455078125,1,10,2036,28.67,859,2,CE2112; TCE2112
Corporate Accounting & Reporting I,ACC2707,NUS Business School,Accounting,0.668505847454071,308,0.685546875,0.66064453125,4,7,4893,68.91,71,1,ACC2707
Electromagnetics for Electrical Engineers,PC2020,Science,Physics,0.66845703125,309,0.6806640625,0.66357421875,3,8,1043,14.69,1499,1,PC2020
Foundation Materials Science and Engineering 2,MLE1112,College of Design and Engineering,Materials Science and Engineering,0.668408215045929,310,0.7412109375,0.62646484375,3,8,1218,17.15,1363,1,MLE1112
Digital Design,EE2026,College of Design and Engineering,Electrical and Computer Engineering,0.668408215045929,310,0.68017578125,0.642578125,2,9,611,8.6,1879,2,EE2026; TEE2026
TIF: Transaction Banking,FIN3120B,NUS Business School,Finance,0.6683593988418579,311,0.71142578125,0.6552734375,6,5,3818,53.77,233,2,FIN3120B; FIN3761A
"Understanding Body, Mind and Culture through Sport",GEH1063,Yong Loo Lin Sch of Medicine,Physiology,0.6683105230331421,312,0.673828125,0.65771484375,4,7,3926,55.29,211,1,GEH1063
Design Internship,ID2041,College of Design and Engineering,Industrial Design,0.668164074420929,313,0.68017578125,0.65185546875,3,8,3086,43.46,420,1,ID2041
Chemical Product Design,CN4250,College of Design and Engineering,Chemical and Biomolecular Engineering,0.668164074420929,313,0.69140625,0.6552734375,4,7,3561,50.15,287,1,CN4250
Design Platforms 3,ID3106,College of Design and Engineering,Industrial Design,0.6681152582168579,314,0.69140625,0.658203125,5,6,4502,63.4,124,1,ID3106
Singapore Law in Context,LC1015,Law,FoL Dean's Office,0.667919933795929,315,0.677734375,0.65673828125,1,10,1876,26.42,940,2,LC1015; LC1025
Financial Markets,FIN3103,NUS Business School,Finance,0.6678222417831421,316,0.6806640625,0.6552734375,3,8,3771,53.11,240,9,FIN3103; FIN3103A; FIN3103B; FIN3103C; FIN3703; FIN3703A; FIN3703B; FIN3703C; FIN3703D
Analog Electronics,EE4407,College of Design and Engineering,Electrical and Computer Engineering,0.6678222417831421,316,0.70458984375,0.619140625,4,7,699,9.84,1799,3,EE4407; EE4407E; TEE4407
Modelling and Sketching for Design,ID1113,College of Design and Engineering,Industrial Design,0.667773425579071,317,0.68798828125,0.65625,4,7,948,13.35,1576,1,ID1113
Singapore Legal System,LC1005,Law,FoL Dean's Office,0.667675793170929,318,0.68017578125,0.6611328125,1,10,2223,31.31,765,1,LC1005
Technology & Modelling Of Si Transistors,EE4412,College of Design and Engineering,Electrical and Computer Engineering,0.667529284954071,319,0.70361328125,0.65576171875,3,8,1244,17.52,1343,1,EE4412
Pharmacy Professional Skills Development IV,PR4138,Science,PharmacyandPharmaceuticalScience,0.66748046875,320,0.69384765625,0.650390625,4,7,4915,69.22,69,1,PR4138
Core Clinical Practice,MD3140,Yong Loo Lin Sch of Medicine,NUS Medicine Dean's Office,0.6673828363418579,321,0.6787109375,0.6611328125,2,9,2904,40.9,483,3,MD3140; MD3140E; MD3140T
Marketing Strategy: Analysis and Practice,MKT3401,NUS Business School,Marketing,0.667285144329071,322,0.6845703125,0.65771484375,4,7,4808,67.71,86,6,MKT3401; MKT3401A; MKT3401B; MKT3701; MKT3701A; MKT3701B
Ideas to Proof-of-Concept,CDE3301,College of Design and Engineering,CDE Dean's Office,0.667187511920929,323,0.69384765625,0.65283203125,3,8,3190,44.92,393,2,CDE3301; EG3301R
Research for Marketing Insights,MKT3427,NUS Business School,Marketing,0.6669921875,324,0.6796875,0.66015625,7,4,5031,70.85,61,2,MKT3427; MKT3722
Applied Project in Data Science and Analytics,DSA4299,Science,Statistics and Data Science,0.6668456792831421,325,0.689453125,0.64990234375,4,7,2965,41.75,457,2,DSA4299; DSA4299C
Cloud Services and Infrastructure Management,IS4236,Computing,Information Systems and Analytics,0.666796863079071,326,0.68310546875,0.65625,4,7,1735,24.43,1022,1,IS4236
The Duke-NUS Premed Course,GMS1000,Duke-NUS Medical School,Duke-NUS Dean's Office,0.666748046875,327,0.6904296875,0.65185546875,3,8,591,8.32,1897,1,GMS1000
Global Food Science & Technology Immersion Programme,FST2205,Science,Food Science and Technology,0.666748046875,327,0.708984375,0.63134765625,6,5,3510,49.43,302,1,FST2205
Employment Law & Migrant Workers Clinic,LL4261V,Law,FoL Dean's Office,0.666699230670929,328,0.68017578125,0.66064453125,4,7,5330,75.06,38,1,LL4261V
Law of Intellectual Property (B),LL4405B,Law,FoL Dean's Office,0.666699230670929,328,0.67626953125,0.65771484375,1,10,3288,46.3,365,1,LL4405B
Network Protocols and Applications,EE4210,College of Design and Engineering,Electrical and Computer Engineering,0.666699230670929,328,0.69775390625,0.64892578125,4,7,1133,15.96,1429,3,EE4210; EE4210E; TEE4210
Banking Institutions:Managing Risks in a DigitalWorld,ACC4713,NUS Business School,Accounting,0.6666015386581421,329,0.748046875,0.64990234375,5,6,1530,21.55,1153,1,ACC4713
Technologies and Ageing in Singapore,UTC2114,Residential College,Tembusu College,0.6664062738418579,330,0.6826171875,0.6484375,6,5,3931,55.36,209,2,UTC2114; UTS2114
Robotic Systems Design,RB4101B,College of Design and Engineering,Mechanical Engineering,0.6664062738418579,330,0.68408203125,0.64013671875,2,9,1351,19.03,1269,1,RB4101B
Systems Design Project,IE3100E,Cont and Lifelong Education,SCALE Dean's Office,0.6663573980331421,331,0.69384765625,0.65625,3,8,2835,39.92,503,3,IE3100E; IE3100R; TIE3100
Architectural Construction II,AR2326,College of Design and Engineering,Architecture,0.666308581829071,332,0.68798828125,0.6552734375,3,8,1740,24.5,1018,1,AR2326
Branding and the Elements of Storytelling,ID3130,College of Design and Engineering,Industrial Design,0.666259765625,333,0.67236328125,0.662109375,5,6,2834,39.91,504,1,ID3130
Food Technology And Engineering,CN4215E,Cont and Lifelong Education,SCALE Dean's Office,0.666210949420929,334,0.6962890625,0.6376953125,4,7,1415,19.93,1225,1,CN4215E
Architectural Structures,AR3324,College of Design and Engineering,Architecture,0.666210949420929,334,0.677734375,0.66015625,4,7,1860,26.19,950,1,AR3324
Civil Law Approaches to Conflict of Laws,LL4462,Law,FoL Dean's Office,0.666210949420929,334,0.69091796875,0.65625,1,10,2026,28.53,864,2,LL4462; LL4462V
Electric Drives & Control,EE4502,College of Design and Engineering,Electrical and Computer Engineering,0.6661621332168579,335,0.7099609375,0.65185546875,2,9,1307,18.41,1298,1,EE4502
Chinese 6,LAC4202,Arts and Social Science,Centre for Language Studies,0.6661621332168579,335,0.69482421875,0.65625,3,8,933,13.14,1590,2,LAC4202; LAC4202HM
Artistic Identities and Pathways,CFA3160,YST Conservatory of Music,YSTCM Dean's Office,0.6661132574081421,336,0.68017578125,0.65576171875,4,7,3692,51.99,260,1,CFA3160
Mechanical Engineering and Society,ME4103,College of Design and Engineering,Mechanical Engineering,0.666064441204071,337,0.68115234375,0.6552734375,2,9,2518,35.46,626,1,ME4103
Principles of Communication Management,NM2219,Arts and Social Science,Communications and New Media,0.666015625,338,0.673828125,0.65869140625,1,10,2207,31.08,770,1,NM2219
Law & Finance,LL4257,Law,FoL Dean's Office,0.6658691167831421,339,0.6884765625,0.65576171875,3,8,4205,59.22,172,1,LL4257
Measurement (Building Works),IPM2103,College of Design and Engineering,Built Environment,0.665820300579071,340,0.68359375,0.65625,2,9,1401,19.73,1234,2,IPM2103; PF2103
Design Platforms 4,ID4105,College of Design and Engineering,Industrial Design,0.665722668170929,341,0.6845703125,0.6572265625,5,6,4523,63.7,120,1,ID4105
Global Strategic Management,BSP4011,NUS Business School,Strategy and Policy,0.6656738519668579,342,0.6826171875,0.64892578125,5,6,4628,65.17,103,2,BSP4011; BSP4512
Silicon Processing Technology,EE4411,College of Design and Engineering,Electrical and Computer Engineering,0.6656738519668579,342,0.68310546875,0.6513671875,2,9,659,9.28,1837,1,EE4411
Chemical Engineering Principles and Practice II,CN1102,College of Design and Engineering,Chemical and Biomolecular Engineering,0.6656249761581421,343,0.6884765625,0.65380859375,2,9,2424,34.14,673,2,CN1102; CN2102
Materials for Mechanical Engineering,ME3252,College of Design and Engineering,Mechanical Engineering,0.6656249761581421,343,0.6982421875,0.65380859375,2,9,1179,16.6,1394,1,ME3252
Seafood Supply Chains in Japan and Singapore,FST2204,Science,Food Science and Technology,0.6656249761581421,343,0.69091796875,0.6474609375,7,4,3947,55.58,206,1,FST2204
Environmental Law,ENV2102,Science,Biological Sciences,0.665576159954071,344,0.6845703125,0.65625,3,8,3594,50.61,279,2,ENV2102; LL4021V
Nanomaterials for Energy Engineering,ME4252,College of Design and Engineering,Mechanical Engineering,0.665576159954071,344,0.736328125,0.63623046875,2,9,1342,18.9,1276,1,ME4252
Computing for Social Service Agencies I,CP3107,Computing,Computer Science,0.665478527545929,345,0.67626953125,0.654296875,2,9,3389,47.73,337,1,CP3107
Distribution Management: Channels and Platforms,MKT4719,NUS Business School,Marketing,0.665478527545929,345,0.68310546875,0.646484375,6,5,4828,67.99,84,1,MKT4719
Financial Modelling,FIN3130,NUS Business School,Finance,0.6654297113418579,346,0.67724609375,0.6552734375,3,8,1181,16.63,1392,2,FIN3130; FIN3716
Family Law,LL4403,Law,FoL Dean's Office,0.6653808355331421,347,0.67578125,0.654296875,1,10,2276,32.05,741,1,LL4403
Integrated System Lab,EE2033,College of Design and Engineering,Electrical and Computer Engineering,0.665332019329071,348,0.69384765625,0.65283203125,3,8,2021,28.46,865,2,EE2033; TEE2033
Data Journalism and Analysis,NM4250,Arts and Social Science,Communications and New Media,0.665332019329071,348,0.68408203125,0.654296875,3,8,3174,44.7,396,2,NM4250; NM4250HM
Introduction to Business Analytics,BT1101,Computing,Information Systems and Analytics,0.665332019329071,348,0.6982421875,0.650390625,2,9,2753,38.77,536,3,BT1101; TBA2102; TCX2002
Advanced UROPS in Computational Biology I,ZB3288,Science,Biological Sciences,0.665283203125,349,0.68896484375,0.65576171875,3,8,1560,21.97,1132,1,ZB3288
Polymer Engineering,CN4203E,Cont and Lifelong Education,SCALE Dean's Office,0.665234386920929,350,0.6962890625,0.650390625,2,9,1459,20.55,1202,3,CN4203E; CN4203R; TCN4203
Issues in Adolescent Developmt,PL4880R,Arts and Social Science,Psychology,0.665234386920929,350,0.66943359375,0.66064453125,2,9,3067,43.19,427,2,PL4880R; PL4880RHM
Purposeful and Productive Ageing in the Community,GEN2008,Arts and Social Science,Sociology and Anthropology,0.6651855707168579,351,0.69921875,0.6455078125,4,7,3843,54.12,225,1,GEN2008
Understanding AI and Its Impact: from Turing to ChatGPT,HS1503,Arts and Social Science,Philosophy,0.665087878704071,352,0.689453125,0.65087890625,4,7,589,8.29,1899,1,HS1503
Managing Communication Campaigns,NM4207,Arts and Social Science,Communications and New Media,0.665087878704071,352,0.67138671875,0.6591796875,1,10,2651,37.33,577,2,NM4207; NM4207HM
RFIC and MMIC Design,EE4110,College of Design and Engineering,Electrical and Computer Engineering,0.665087878704071,352,0.69970703125,0.646484375,3,8,550,7.75,1936,1,EE4110
Intelligence and Singapore Society,UTC2104,Residential College,Tembusu College,0.665087878704071,352,0.6865234375,0.6533203125,2,9,3918,55.18,214,3,UTC2104; UTS2100; UTS2104
Nanochemistry,CM3251,Science,Chemistry,0.665087878704071,352,0.71142578125,0.6240234375,2,9,898,12.65,1619,1,CM3251
RF Communications,EE4101,College of Design and Engineering,Electrical and Computer Engineering,0.664990246295929,353,0.7392578125,0.6328125,3,8,1014,14.28,1524,1,EE4101
Advanced Leadership,MNO3317,NUS Business School,Management and Organisation,0.6648925542831421,354,0.67626953125,0.6494140625,5,6,3525,49.64,297,1,MNO3317
Computer Vision and Pattern Recognition,CS4243,Computing,Computer Science,0.6646972894668579,355,0.74951171875,0.60693359375,4,7,950,13.38,1574,2,CS4243; CS4243R
Chinese for Business & Social Sciences,LAC3204,Arts and Social Science,Centre for Language Studies,0.6646484136581421,356,0.67578125,0.65673828125,5,6,2869,40.4,495,1,LAC3204
Magnetism and Magnetic Materials,MLE4209,College of Design and Engineering,Materials Science and Engineering,0.664355456829071,357,0.72412109375,0.6123046875,4,7,811,11.42,1698,1,MLE4209
Organisational Communication and Leadership,NM3242,Arts and Social Science,Communications and New Media,0.664306640625,358,0.6650390625,0.662109375,3,8,4849,68.29,79,1,NM3242
Intermediate Chinese 1,YLC2201,Yale-NUS College,Yale-NUS College,0.664257824420929,359,0.70703125,0.64306640625,3,8,1841,25.93,960,1,YLC2201
Supply Chain Design,TSC3100,Cont and Lifelong Education,SCALE Dean's Office,0.664257824420929,359,0.6962890625,0.64013671875,5,6,4061,57.19,191,1,TSC3100
Design 2,AR1102,College of Design and Engineering,Architecture,0.6642090082168579,360,0.68310546875,0.6572265625,5,6,2680,37.74,565,3,AR1102; LAD1002; LAD1005
Strategies for Asian Disputes - A Comparative Analysis,LL4309,Law,FoL Dean's Office,0.6641601324081421,361,0.7421875,0.64599609375,2,9,2686,37.83,562,2,LL4309; LL4309V
Learning from Data,EE4802,College of Design and Engineering,Electrical and Computer Engineering,0.664111316204071,362,0.712890625,0.634765625,3,8,957,13.48,1570,2,EE4802; IE4213
Being There: Engaging communities on the ground,CLC3308,Non-Faculty-based Departments,Chua Thian Poh Comm Leader Center,0.664111316204071,362,0.671875,0.6591796875,4,7,5473,77.07,29,1,CLC3308
Direct Patient Care Internship,PR4192,Science,PharmacyandPharmaceuticalScience,0.6639648675918579,363,0.68017578125,0.6455078125,3,8,3060,43.09,430,1,PR4192
Design I,AR1101,College of Design and Engineering,Architecture,0.6639648675918579,363,0.67431640625,0.64990234375,4,7,2016,28.39,867,1,AR1101
Fundamentals of Systems Design,CDE2310,College of Design and Engineering,CDE Dean's Office,0.6639159917831421,364,0.697265625,0.64892578125,3,8,1740,24.5,1018,2,CDE2310; EG2310
Computing for Social Service Agencies II,CP3110,Computing,SoC Dean's Office,0.6639159917831421,364,0.67578125,0.6513671875,2,9,3223,45.39,383,1,CP3110
Startups in Data-Driven Economies,DSA4510,Science,Statistics and Data Science,0.6639159917831421,364,0.6845703125,0.6484375,5,6,3612,50.87,275,1,DSA4510
SIM: Marketing Strategy & Execution,MKT4761H,NUS Business School,Marketing,0.663867175579071,365,0.669921875,0.66259765625,3,8,4443,62.57,134,1,MKT4761H
Data Visualisation,DOS4811,NUS Business School,Analytics and Operations,0.663818359375,366,0.69677734375,0.64013671875,4,7,3450,48.58,321,3,DOS4811; DSC4215; TBA2103
Business Analytics with R,DSC4217,NUS Business School,Analytics and Operations,0.663818359375,366,0.69921875,0.65380859375,3,8,997,14.04,1536,1,DSC4217
Design Thesis Project,ID4106,College of Design and Engineering,Industrial Design,0.663769543170929,367,0.6865234375,0.65478515625,4,7,2610,36.76,591,1,ID4106
SIM: AI in Marketing,MKT4761J,NUS Business School,Marketing,0.6637207269668579,368,0.69091796875,0.64892578125,5,6,3483,49.05,308,1,MKT4761J
Principles Of Property Law,LC2004,Law,FoL Dean's Office,0.6637207269668579,368,0.68115234375,0.65478515625,2,9,350,4.93,2127,1,LC2004
Structural Stability & Dynamics,CE4258,College of Design and Engineering,Civil and Environmental Engineering,0.6637207269668579,368,0.6708984375,0.6416015625,2,9,1104,15.55,1456,2,CE4258; TCE4258
International Trusts,LL4085,Law,FoL Dean's Office,0.6636718511581421,369,0.69921875,0.6455078125,5,6,3470,48.87,312,1,LL4085
Seminars in Operations and Supply Chain Management,DOS4761,NUS Business School,Analytics and Operations,0.663623034954071,370,0.70458984375,0.64794921875,6,5,3767,53.05,243,1,DOS4761
Honours Project in Food Science & Tech,FST4199,Science,Food Science and Technology,0.66357421875,371,0.708984375,0.62548828125,4,7,3049,42.94,433,1,FST4199
Life Sciences Industry Seminar,LSM2301,Science,Biological Sciences,0.66357421875,371,0.67724609375,0.64892578125,6,5,4323,60.88,151,1,LSM2301
Modelling & Analytics,IE4211,College of Design and Engineering,Industrial Systems Engineering and Management,0.66357421875,371,0.71044921875,0.6474609375,6,5,2383,33.56,687,1,IE4211
Photovoltaics Materials,MLE4208,College of Design and Engineering,Materials Science and Engineering,0.6634277105331421,372,0.72509765625,0.6337890625,4,7,809,11.39,1700,1,MLE4208
The Entrepreneurial Ecosystem in Singapore & SE Asia,BSN3711,NUS Business School,Strategy and Policy,0.663330078125,373,0.66943359375,0.6572265625,1,10,4306,60.64,153,1,BSN3711
Microsystems Design And Applications,ME3281,College of Design and Engineering,Mechanical Engineering,0.663330078125,373,0.66943359375,0.65625,5,6,1996,28.11,875,1,ME3281
Natural Language Processing for Data Science,DSA4213,Science,Statistics and Data Science,0.663281261920929,374,0.693359375,0.63916015625,4,7,644,9.07,1850,1,DSA4213
Parallel and Distributed Software Engineering,TIC4005,Cont and Lifelong Education,SCALE Dean's Office,0.6631835699081421,375,0.6884765625,0.65234375,1,10,1278,18.0,1317,1,TIC4005
Operations and Technology Management,DAO2703,NUS Business School,Analytics and Operations,0.6631835699081421,375,0.703125,0.640625,3,8,2075,29.22,839,3,DAO2703; DAO2703A; DSC2703
Duke-NUS Health Innovator Programme Part 1,GMS4100A,Duke-NUS Medical School,Duke-NUS Dean's Office,0.6630859375,376,0.68408203125,0.6533203125,5,6,2281,32.12,737,1,GMS4100A
Sociology of Life Course and Ageing,SC3214,Arts and Social Science,Sociology and Anthropology,0.6629394292831421,377,0.677734375,0.65869140625,3,8,3576,50.36,281,1,SC3214
Thoughtful Learning with Machines,NST2021,NUS College,NUS College Dean's Office,0.662890613079071,378,0.68212890625,0.6455078125,5,6,1608,22.64,1100,1,NST2021
Negotiation and Conflict Management,MNO3702,NUS Business School,Management and Organisation,0.662841796875,379,0.66357421875,0.662109375,2,9,4856,68.38,78,1,MNO3702
SSIB: Innovation and Productivity,BSS4003A,NUS Business School,Strategy and Policy,0.662792980670929,380,0.67919921875,0.65869140625,3,8,4892,68.89,72,1,BSS4003A
B. Eng. Dissertation,CE4104,College of Design and Engineering,Civil and Environmental Engineering,0.662792980670929,380,0.68359375,0.654296875,3,8,2001,28.18,872,3,CE4104; CG4001; ESE4502R
Computational Fluid Dynamics for the Built Environment,IPM3505,College of Design and Engineering,Built Environment,0.662792980670929,380,0.697265625,0.650390625,5,6,2679,37.73,566,1,IPM3505
Corporate Accounting & Reporting II,ACC2708,NUS Business School,Accounting,0.6626952886581421,381,0.6806640625,0.6474609375,4,7,3756,52.89,244,1,ACC2708
SILHCM: Talent Development and Performing with Impact,MNO4313J,NUS Business School,Management and Organisation,0.662646472454071,382,0.6787109375,0.6591796875,3,8,5881,82.82,14,2,MNO4313J; MNO4761C
Advanced and Sustainability Assurance,ACC4714,NUS Business School,Accounting,0.662646472454071,382,0.685546875,0.64501953125,2,9,5137,72.34,49,1,ACC4714
Measurement (Specialist Works),PF3201,College of Design and Engineering,Built Environment,0.6625000238418579,383,0.666015625,0.65478515625,1,10,2411,33.95,678,1,PF3201
Speech and Language Disorders,EL2207,Arts and Social Science,"English,Ling.andTheatre Studies",0.662353515625,384,0.68359375,0.6064453125,1,10,266,3.75,2211,1,EL2207
Nanoelectronics and information technology,MLE4211,College of Design and Engineering,Materials Science and Engineering,0.662353515625,384,0.69189453125,0.634765625,3,8,1123,15.81,1438,1,MLE4211
Introduction to Application Development,TCX2004,Cont and Lifelong Education,SCALE Dean's Office,0.6622558832168579,385,0.68603515625,0.6484375,2,9,1817,25.59,973,1,TCX2004
Digital Entrepreneurship,CS4880,Computing,SoC Dean's Office,0.6622070074081421,386,0.6904296875,0.64599609375,4,7,3791,53.39,238,1,CS4880
Biotechnology for Pharmaceutical Science,PHS3123,Science,PharmacyandPharmaceuticalScience,0.6622070074081421,386,0.689453125,0.6484375,4,7,551,7.76,1935,1,PHS3123
Generative AI and Business Applications,IS4401,Computing,Information Systems and Analytics,0.662158191204071,387,0.72021484375,0.62841796875,3,8,661,9.31,1835,1,IS4401
Principles of Structural Mechanics and Materials,CE2155,College of Design and Engineering,Civil and Environmental Engineering,0.662158191204071,387,0.6708984375,0.6435546875,3,8,1062,14.96,1485,1,CE2155
Multiplatform Advertising Strategies,NM4257,Arts and Social Science,Communications and New Media,0.662060558795929,388,0.68994140625,0.64892578125,3,8,3315,46.68,356,2,NM4257; NM4257HM
TIF: Foreign Exchange Trading,FIN3120D,NUS Business School,Finance,0.6620117425918579,389,0.74365234375,0.640625,2,9,771,10.86,1733,2,FIN3120D; FIN3761C
Comparative Civil Law: Thai Contract Law,LL4388,Law,FoL Dean's Office,0.6619628667831421,390,0.6650390625,0.65869140625,1,10,1930,27.18,911,2,LL4388; LL4388V
Product Validation,BSN4711,NUS Business School,Strategy and Policy,0.6619628667831421,390,0.7001953125,0.6552734375,4,7,3800,53.51,237,1,BSN4711
Design 7,AR4101,College of Design and Engineering,Architecture,0.6619628667831421,390,0.6767578125,0.6474609375,5,6,1350,19.01,1270,3,AR4101; LAD4001; LAD4008
Architectural Design- Video and Presentation,AR4955G,College of Design and Engineering,Architecture,0.6619628667831421,390,0.69775390625,0.6435546875,5,6,2199,30.97,773,1,AR4955G
Geotechnical Engineering,TCE3115,Cont and Lifelong Education,SCALE Dean's Office,0.661914050579071,391,0.7197265625,0.6435546875,1,10,1278,18.0,1317,1,TCE3115
Health and the Community in Singapore,UTC2103,Residential College,Tembusu College,0.661865234375,392,0.69775390625,0.650390625,4,7,2343,33.0,708,2,UTC2103; UTS2103
Career Compass IV,HS1404A,Arts and Social Science,FASS DO/Office of Programmes,0.6617676019668579,393,0.69482421875,0.65283203125,5,6,5962,83.96,10,2,HS1404A; HS1404S
Circuit and Systems Design Lab,EE2031,College of Design and Engineering,Electrical and Computer Engineering,0.6617187261581421,394,0.68798828125,0.6513671875,3,8,1382,19.46,1249,1,EE2031
"Mind, Ego and Happiness",UTC2727,Residential College,Residential College 4,0.6617187261581421,394,0.6708984375,0.6318359375,4,7,2566,36.14,612,2,UTC2727; UTS2714
TILHCM: Managing China Venture,MNO3313K,NUS Business School,Management and Organisation,0.66162109375,395,0.677734375,0.65185546875,6,5,4921,69.3,68,2,MNO3313K; MNO3761B
Family Law and Practice,LL4436,Law,FoL Dean's Office,0.6615234613418579,396,0.67529296875,0.6396484375,2,9,1241,17.48,1345,2,LL4436; LL4436V
Enterprise Solutions Design and Development,SA4102,NUS-ISS,NUS-ISS,0.6614745855331421,397,0.669921875,0.65185546875,4,7,4541,63.95,113,2,SA4102; SA4102C
Digital Modelling and Simulation,AR2521,College of Design and Engineering,Architecture,0.661425769329071,398,0.6767578125,0.65185546875,3,8,1653,23.28,1071,1,AR2521
"Singapore, Asia and the Global Economy",FAS2882L,Arts and Social Science,FASS DO/Office of Programmes,0.661376953125,399,0.677734375,0.65625,5,6,2933,41.3,470,1,FAS2882L
Materials for Chemical Engineers,TC1422,Cont and Lifelong Education,SCALE Dean's Office,0.6612793207168579,400,0.72509765625,0.63330078125,4,7,988,13.91,1545,2,TC1422; TCN1422
Applied Patient Care Skills II,PR2151,Science,PharmacyandPharmaceuticalScience,0.6612304449081421,401,0.7021484375,0.6484375,2,9,2780,39.15,523,1,PR2151
Pinch Analysis and Process Integration,CN4205E,Cont and Lifelong Education,SCALE Dean's Office,0.6612304449081421,401,0.67529296875,0.650390625,3,8,1458,20.53,1203,3,CN4205E; CN4205R; TCN4205
Computer Aided Industrial Design,ID2111,College of Design and Engineering,Industrial Design,0.6612304449081421,401,0.67919921875,0.6552734375,4,7,1673,23.56,1059,1,ID2111
Design and Construction,RE1706,NUS Business School,Real Estate,0.6611328125,402,0.669921875,0.65283203125,3,8,2106,29.66,821,2,RE1706; RE3808
Devices and Circuits,EE2021,College of Design and Engineering,Electrical and Computer Engineering,0.6611328125,402,0.693359375,0.6435546875,3,8,852,12.0,1661,1,EE2021
Research Capstone,EE4002R,College of Design and Engineering,Electrical and Computer Engineering,0.6609863042831421,403,0.67724609375,0.654296875,4,7,3013,42.43,444,1,EE4002R
Rethinking Age: Potential for Connection,UTC2733,Residential College,Residential College 4,0.6609863042831421,403,0.67919921875,0.6494140625,7,4,3359,47.3,344,2,UTC2733; UTS2718
Information Systems Capstone Project,IS4103,Computing,Information Systems and Analytics,0.6609863042831421,403,0.6962890625,0.646484375,4,7,3288,46.3,365,1,IS4103
Professional Identity and Skills Development IV,PR4150,Science,PharmacyandPharmaceuticalScience,0.660937488079071,404,0.6982421875,0.6474609375,4,7,3752,52.84,245,1,PR4150
Developing Impactful Social Sector Solutions,MNO4714,NUS Business School,Management and Organisation,0.660937488079071,404,0.685546875,0.650390625,7,4,4562,64.24,110,1,MNO4714
Digital Construction,IPM1103,College of Design and Engineering,Built Environment,0.660888671875,405,0.6806640625,0.6474609375,7,4,1382,19.46,1249,2,IPM1103; PF1103
Basic UROPS in Food Science & Technology I,FST2288,Science,Food Science and Technology,0.660839855670929,406,0.70654296875,0.63134765625,5,6,3420,48.16,329,1,FST2288
Advanced UROPS in Nanochemistry II (REx),CM3289NR,Science,Chemistry,0.660839855670929,406,0.6904296875,0.63720703125,2,9,1593,22.43,1112,1,CM3289NR
Chemical Engineering Principles and Practice I,CN1101,College of Design and Engineering,Chemical and Biomolecular Engineering,0.660839855670929,406,0.68115234375,0.6455078125,3,8,2566,36.14,612,2,CN1101; CN1101A
Poverty and Its Discontents,SW3227,Arts and Social Science,Social Work,0.6607421636581421,407,0.68359375,0.642578125,4,7,3280,46.19,368,1,SW3227
Public Personnel Administration,PS3245,Arts and Social Science,Political Science,0.6607421636581421,407,0.70068359375,0.65185546875,5,6,5144,72.44,48,1,PS3245
Process Synthesis and Simulation,CN4122,College of Design and Engineering,Chemical and Biomolecular Engineering,0.6607421636581421,407,0.6767578125,0.64306640625,3,8,1387,19.53,1245,4,CN4122; CN4122E; CN4122N; TCN4122
Renewable Energy Systems Capstone Design,EE4512,College of Design and Engineering,Electrical and Computer Engineering,0.66064453125,408,0.7333984375,0.63623046875,2,9,1248,17.57,1341,1,EE4512
Current Topics in Materials AI,MLE4230,College of Design and Engineering,Materials Science and Engineering,0.66064453125,408,0.6943359375,0.63427734375,2,9,654,9.21,1841,1,MLE4230
Community-Based Family Services,SW3211,Arts and Social Science,Social Work,0.6605468988418579,409,0.7109375,0.63525390625,1,10,1885,26.55,934,1,SW3211
New Product Management and Innovation,TIE4246,Cont and Lifelong Education,SCALE Dean's Office,0.6605468988418579,409,0.69140625,0.64892578125,5,6,2931,41.28,472,1,TIE4246
Strategic Management,BSP3001,NUS Business School,Strategy and Policy,0.6604980230331421,410,0.67431640625,0.6484375,2,9,4289,60.4,157,16,BSP3001; BSP3001A; BSP3001B; BSP3001C; BSP3701; BSP3701A; BSP3701B; BSP3701C; BSP3701D; BSP3701X; BSP4701; BSP4701A; BSP4701B; BSP4701C; BSP4701D; BSP4701F
Introduction To Biomaterials,BN3301,College of Design and Engineering,Biomedical Engineering,0.660449206829071,411,0.73291015625,0.619140625,2,9,1220,17.18,1361,1,BN3301
Psychology Exchange Course,PL2711,Arts and Social Science,Psychology,0.660400390625,412,0.67041015625,0.65380859375,7,4,4335,61.05,148,2,PL2711; PL2721
Transdisciplinary Innovation Project,ID3127,College of Design and Engineering,Industrial Design,0.660400390625,412,0.6884765625,0.63916015625,8,3,4446,62.61,133,1,ID3127
Nanofabrication and Nanocharacterization,PC3242,Science,Physics,0.6603027582168579,413,0.689453125,0.6396484375,3,8,894,12.59,1623,1,PC3242
Practising Design Thinking,EG2201B,College of Design and Engineering,CDE Dean's Office,0.6602538824081421,414,0.673828125,0.650390625,6,5,2787,39.25,520,1,EG2201B
Modelling For Industrial Design,ID1111,College of Design and Engineering,Industrial Design,0.660205066204071,415,0.68359375,0.64697265625,4,7,840,11.83,1672,1,ID1111
Leading Groups and Teams,MNO3332,NUS Business School,Management and Organisation,0.66015625,416,0.66455078125,0.654296875,3,8,5517,77.69,27,2,MNO3332; MNO3715
SIM: Growing and Marketing the Next On-Demand Unicorn,MKT4415F,NUS Business School,Marketing,0.660107433795929,417,0.66796875,0.650390625,2,9,3606,50.78,277,2,MKT4415F; MKT4761A
Computational Condensed Matter Physics,PC4236,Science,Physics,0.659863293170929,418,0.70947265625,0.61376953125,2,9,833,11.73,1679,1,PC4236
Social Media and Computational Communication,NM4255,Arts and Social Science,Communications and New Media,0.659863293170929,418,0.68212890625,0.63427734375,5,6,2821,39.73,510,2,NM4255; NM4255HM
Nanophysics,PC3251,Science,Physics,0.659863293170929,418,0.7177734375,0.6337890625,2,9,957,13.48,1570,1,PC3251
Essentials of Pharmaceutical and Synthetic Chemistry,PHS2103,Science,PharmacyandPharmaceuticalScience,0.6598144769668579,419,0.68603515625,0.63818359375,6,5,1732,24.39,1023,1,PHS2103
Characterization Techniques in Materials Chemistry,CM4251,Science,Chemistry,0.6598144769668579,419,0.740234375,0.62255859375,3,8,400,5.63,2078,1,CM4251
Electro-active Materials for Sustainability,MLE4225,College of Design and Engineering,Materials Science and Engineering,0.65966796875,420,0.71337890625,0.63427734375,4,7,1362,19.18,1263,1,MLE4225
3D Computer Vision,CS4277,Computing,Computer Science,0.65966796875,420,0.74853515625,0.62939453125,3,8,302,4.25,2175,1,CS4277
Principles & Practice in Infrastructure and Environment,CE1102,College of Design and Engineering,Civil and Environmental Engineering,0.65966796875,420,0.677734375,0.642578125,3,8,1162,16.36,1407,3,CE1102; CE2102; ESE1102
Compliance and Risk Management,LL4461,Law,FoL Dean's Office,0.659472644329071,421,0.67626953125,0.6484375,5,6,1143,16.1,1420,2,LL4461; LL4461V
Traditional Music in a SE Asian Country,SE3221,Arts and Social Science,Southeast Asian Studies,0.659423828125,422,0.68212890625,0.630859375,2,9,2697,37.98,557,1,SE3221
From Making Nano to Probing Nano,ESP3102,College of Design and Engineering,Engineering Science Programme,0.6593261957168579,423,0.69287109375,0.63916015625,3,8,945,13.31,1578,1,ESP3102
TIMHC:Managing High Performance Teams,MNO3313F,NUS Business School,Management and Organisation,0.6592773199081421,424,0.67138671875,0.65380859375,3,8,5658,79.68,22,1,MNO3313F
Manufacturing for Design,ID2324,College of Design and Engineering,Industrial Design,0.659228503704071,425,0.6630859375,0.65673828125,2,9,1566,22.05,1128,1,ID2324
Advanced UROPS in Nanochemistry II,CM3289N,Science,Chemistry,0.659228503704071,425,0.69482421875,0.6298828125,3,8,875,12.32,1640,1,CM3289N
Chinese Banking Law,LL4306,Law,FoL Dean's Office,0.6591796875,426,0.6796875,0.6455078125,6,5,3162,44.53,400,2,LL4306; LL4306V
Experimental Physics and Data Analysis,PC2193,Science,Physics,0.659130871295929,427,0.70849609375,0.6484375,3,8,1525,21.48,1157,1,PC2193
International Commercial Litigation,LL4030,Law,FoL Dean's Office,0.659130871295929,427,0.69921875,0.64404296875,1,10,1546,21.77,1143,2,LL4030; LL4030V
Manufacturing Processes,ME2162,College of Design and Engineering,Mechanical Engineering,0.6590820550918579,428,0.6650390625,0.63427734375,2,9,689,9.7,1808,3,ME2162; ME2162E; TME2162
Architectural Construction 3,AR3323,College of Design and Engineering,Architecture,0.6590331792831421,429,0.6796875,0.64990234375,3,8,1051,14.8,1493,1,AR3323
English in Southeast Asia,EL3255,Arts and Social Science,"English,Ling.andTheatre Studies",0.658984363079071,430,0.6875,0.6494140625,5,6,899,12.66,1618,1,EL3255
Robot Programming,RB2301,College of Design and Engineering,Mechanical Engineering,0.658984363079071,430,0.75,0.62744140625,4,7,541,7.62,1945,1,RB2301
Investment Banking and Investment Firms,LL4486,Law,FoL Dean's Office,0.658984363079071,430,0.685546875,0.6474609375,4,7,1474,20.76,1192,2,LL4486; LL4486V
Financial Readiness for Young Professionals,CFG1004,NUS,Centre for Future-ready Grads,0.6587890386581421,431,0.68212890625,0.64306640625,3,8,2619,36.88,588,1,CFG1004
Singapore Employment Law and Policies,GES1000,NUS Business School,Strategy and Policy,0.658740222454071,432,0.66552734375,0.65185546875,3,8,3826,53.88,231,3,GES1000; GESS1036; GESS1036T
Interaction Design,CS3240,Computing,Computer Science,0.65869140625,433,0.71875,0.625,4,7,1300,18.31,1304,3,CS3240; CS3240R; ID3123
Machine Learning Approaches in Materials Laboratory,MLE3112,College of Design and Engineering,Materials Science and Engineering,0.658642590045929,434,0.69140625,0.6298828125,3,8,463,6.52,2018,1,MLE3112
Chinese 1,LAC1201,Arts and Social Science,Centre for Language Studies,0.6585448980331421,435,0.69970703125,0.63427734375,4,7,685,9.65,1812,1,LAC1201
Tropical Horticulture,LSM3256,Science,Biological Sciences,0.6585448980331421,435,0.701171875,0.63134765625,6,5,3465,48.8,314,1,LSM3256
Global Sourcing & Supply Management,TSC3222,Cont and Lifelong Education,SCALE Dean's Office,0.658447265625,436,0.68359375,0.64990234375,4,7,2115,29.78,815,1,TSC3222
Computer Vision,EE4212,College of Design and Engineering,Electrical and Computer Engineering,0.658447265625,436,0.736328125,0.6025390625,3,8,158,2.23,2317,1,EE4212
Engineering & Uncertainty Analyses,CE2407,College of Design and Engineering,Civil and Environmental Engineering,0.6583496332168579,437,0.66943359375,0.6396484375,3,8,1394,19.63,1238,2,CE2407; TCE2407
Policy Issues of Singapore Economy,EC4373,Arts and Social Science,Economics,0.6583007574081421,438,0.7001953125,0.64599609375,4,7,3146,44.3,405,2,EC4373; EC4373HM
Seminars in Analytics - Building Scalable Data Science Solutions for Operational Excellence,DBA4761A,NUS Business School,Analytics and Operations,0.658251941204071,439,0.68505859375,0.6494140625,5,6,2488,35.04,641,1,DBA4761A
Infrastructure and Project Management Law,IPM1102,College of Design and Engineering,Built Environment,0.658251941204071,439,0.681640625,0.64892578125,4,7,2378,33.49,690,2,IPM1102; PF1107
Asian Business History: Case Studies,HY4222,Arts and Social Science,History,0.658203125,440,0.658203125,0.658203125,2,9,2327,32.77,716,2,HY4222; HY4222HM
Mergers and Acquisitions: A Practitioner’s Perspective,LL4327V,Law,FoL Dean's Office,0.6580566167831421,441,0.69140625,0.6494140625,4,7,5193,73.13,46,1,LL4327V
B.Tech. Dissertation,CN4118E,Cont and Lifelong Education,SCALE Dean's Office,0.657958984375,442,0.66943359375,0.64990234375,3,8,2924,41.18,475,8,CN4118E; CN4119E; IE4101E; TCN4119; TIE4101; TM4101; TM4102; TME4102
Resolution of Transnational Commercial Disputes,LL4282V,Law,FoL Dean's Office,0.657910168170929,443,0.69140625,0.6396484375,1,10,1629,22.94,1085,1,LL4282V
Financial Regulation and Central Banking,LL4242V,Law,FoL Dean's Office,0.657910168170929,443,0.67578125,0.64208984375,6,5,2762,38.9,531,1,LL4242V
Pharmaceutical Analysis for Quality Assurance,PR2143,Science,PharmacyandPharmaceuticalScience,0.657910168170929,443,0.69482421875,0.6396484375,5,6,1452,20.45,1206,1,PR2143
Summer Programme in Entrepreneurship,ETP3321,Non-Faculty-based Departments,NUS Enterprise Academy,0.657910168170929,443,0.669921875,0.65576171875,3,8,3100,43.66,417,4,ETP3321; ETP3321A; TR3301; TR3301A
Nano-Device Engineering,EE4431,College of Design and Engineering,Electrical and Computer Engineering,0.657910168170929,443,0.68701171875,0.6484375,3,8,994,14.0,1539,1,EE4431
Business Japanese 1,LAJ3203,Arts and Social Science,Centre for Language Studies,0.657910168170929,443,0.71826171875,0.61962890625,8,3,2375,33.45,692,1,LAJ3203
Value Investing in Asia,FIN3718,NUS Business School,Finance,0.6578613519668579,444,0.67529296875,0.64892578125,2,9,4162,58.61,178,1,FIN3718
Design Entrepreneurship and Creative Leadership,ID4122,College of Design and Engineering,Industrial Design,0.6578613519668579,444,0.68115234375,0.64306640625,6,5,3919,55.19,213,1,ID4122
Advanced UROPS in Food Science & Technology I,FST3288,Science,Food Science and Technology,0.65771484375,445,0.728515625,0.61279296875,4,7,1259,17.73,1333,1,FST3288
Community Development: In Search of the Kampung Spirit,YSS4213,Yale-NUS College,Yale-NUS College,0.65771484375,445,0.658203125,0.6572265625,2,9,4201,59.16,173,1,YSS4213
Materials in Engineering Design,ME4254E,Cont and Lifelong Education,SCALE Dean's Office,0.6576172113418579,446,0.70166015625,0.6357421875,2,9,1735,24.43,1022,2,ME4254E; TME4254
Sustainable Polymers and Biomass,CM3254,Science,Chemistry,0.6576172113418579,446,0.71337890625,0.63134765625,3,8,993,13.98,1540,1,CM3254
Advanced Food Processing Technology,FST4102,Science,Food Science and Technology,0.6575683355331421,447,0.69384765625,0.63134765625,4,7,981,13.81,1551,1,FST4102
Data Based Process Characterisation,CN4245R,College of Design and Engineering,Chemical and Biomolecular Engineering,0.657519519329071,448,0.6728515625,0.6494140625,4,7,3744,52.72,247,1,CN4245R
Agri-Science in Japan and Singapore,SP2201,Science,FoS Dean's Office,0.657519519329071,448,0.68896484375,0.6337890625,2,9,2353,33.14,702,1,SP2201
Exchange Enrichment Level 4000 Course,PHS4991,Science,PharmacyandPharmaceuticalScience,0.657519519329071,448,0.6787109375,0.64892578125,7,4,5127,72.2,53,3,PHS4991; PHS4992; PHS4993
Chemical Engineering Lab,CN4102,College of Design and Engineering,Chemical and Biomolecular Engineering,0.657470703125,449,0.67138671875,0.65087890625,2,9,995,14.01,1538,1,CN4102
Language and the Workplace,EL3256,Arts and Social Science,"English,Ling.andTheatre Studies",0.657470703125,449,0.6875,0.64990234375,5,6,6173,86.93,8,1,EL3256
Problem Solving for Computing and AI,UTC2851,Residential College,Acacia College,0.657470703125,449,0.6748046875,0.6435546875,5,6,1453,20.46,1205,1,UTC2851
Rethinking Sustainability in a Green City,NST2047,NUS College,NUS College Dean's Office,0.6573241949081421,450,0.6826171875,0.63671875,4,7,3196,45.01,390,1,NST2047
Comparative Business Cultures,EC4392,Arts and Social Science,Economics,0.657177746295929,451,0.6630859375,0.64794921875,5,6,5938,83.62,13,4,EC4392; EC4392HM; EU4217; EU4217HM
Electrical Energy Systems,EE2022,College of Design and Engineering,Electrical and Computer Engineering,0.6571289300918579,452,0.6630859375,0.6494140625,4,7,1285,18.1,1312,3,EE2022; EE3505C; TEE3506
Managing Singapore's Built Environment,GES1019,College of Design and Engineering,Built Environment,0.6571289300918579,452,0.6611328125,0.65478515625,2,9,4133,58.2,183,3,GES1019; GESS1014; SSD2210
Hardware for Internet of Things,EE4216,College of Design and Engineering,Electrical and Computer Engineering,0.6571289300918579,452,0.74755859375,0.61279296875,5,6,538,7.58,1948,1,EE4216
Architectural Tech. 1 - Basic Principles,AR1324,College of Design and Engineering,Architecture,0.6570800542831421,453,0.69189453125,0.63671875,4,7,4324,60.89,150,1,AR1324
Chinese Language: Its Past and Present,CL1101E,Arts and Social Science,Chinese Studies,0.657031238079071,454,0.68603515625,0.64306640625,3,8,363,5.11,2114,2,CL1101E; CL1101S
Honours Project in Quantitative Finance,QF4199,Science,Mathematics,0.657031238079071,454,0.7021484375,0.640625,4,7,2966,41.77,456,1,QF4199
Information Technologies in Financial Services,IS4228,Computing,Information Systems and Analytics,0.657031238079071,454,0.6953125,0.640625,6,5,2621,36.91,586,1,IS4228
Techniques in Interaction Design and User Experience,ID3131,College of Design and Engineering,Industrial Design,0.656982421875,455,0.7705078125,0.60498046875,5,6,853,12.01,1660,1,ID3131
Biotechnology for Pharmacy,PR2122,Science,PharmacyandPharmaceuticalScience,0.656982421875,455,0.68310546875,0.63916015625,4,7,536,7.55,1950,1,PR2122
Advanced Chinese 2,YLC3204,Yale-NUS College,Yale-NUS College,0.656933605670929,456,0.673828125,0.64208984375,3,8,800,11.27,1708,1,YLC3204
Advanced UROPS in Nanochemistry I (REx),CM3288NR,Science,Chemistry,0.656933605670929,456,0.6845703125,0.6337890625,2,9,1641,23.11,1079,1,CM3288NR
Embedded Computer Systems Design,EE3208,College of Design and Engineering,Electrical and Computer Engineering,0.656787097454071,457,0.6748046875,0.64501953125,3,8,978,13.77,1554,3,EE3208; EE3208E; TEE3208
Architectural & Technology Design 1,AR4103,College of Design and Engineering,Architecture,0.656787097454071,457,0.6796875,0.6396484375,5,6,1187,16.72,1387,1,AR4103
Descriptive Analytics with R,DBA3702,NUS Business School,Analytics and Operations,0.656689465045929,458,0.68603515625,0.64697265625,5,6,2717,38.26,551,2,DBA3702; DSN3702
Chinese Language Acquisition,CL3209,Arts and Social Science,Chinese Studies,0.6566406488418579,459,0.68701171875,0.638671875,3,8,299,4.21,2178,1,CL3209
Professional Communication,ES2007D,Non-Faculty-based Departments,Center for Engl Lang Comms,0.6565917730331421,460,0.69091796875,0.64501953125,7,4,5429,76.45,32,1,ES2007D
Bank Documentation,LL4005V,Law,FoL Dean's Office,0.656445324420929,461,0.6669921875,0.640625,6,5,1571,22.12,1125,1,LL4005V
Process Modeling And Numerical Simulation,CN3421,College of Design and Engineering,Chemical and Biomolecular Engineering,0.6563965082168579,462,0.6650390625,0.642578125,4,7,1390,19.57,1242,2,CN3421; CN3421A
Product Photography,ID2118,College of Design and Engineering,Industrial Design,0.6563476324081421,463,0.66748046875,0.64794921875,3,8,3727,52.49,253,1,ID2118
Real Estate Investment Analysis,RE3701,NUS Business School,Real Estate,0.656201183795929,464,0.69384765625,0.63134765625,6,5,1902,26.78,926,1,RE3701
Embedded Hardware System Design,EE4218,College of Design and Engineering,Electrical and Computer Engineering,0.6561034917831421,465,0.73876953125,0.63330078125,3,8,428,6.03,2052,1,EE4218
Banking Law,LL4006,Law,FoL Dean's Office,0.656054675579071,466,0.6708984375,0.63330078125,3,8,1011,14.24,1526,2,LL4006; LL4006V
Career Compass II,HS1402A,Arts and Social Science,FASS DO/Office of Programmes,0.656054675579071,466,0.67431640625,0.64697265625,5,6,5445,76.68,31,2,HS1402A; HS1402S
GeoDesign,LAD4004,College of Design and Engineering,Architecture,0.656005859375,467,0.71875,0.640625,3,8,973,13.7,1558,1,LAD4004
Carbon Management in the Built Environment,CE4002,College of Design and Engineering,Civil and Environmental Engineering,0.655957043170929,468,0.677734375,0.6357421875,4,7,3413,48.06,332,1,CE4002
Community Health & Preventative Care,PR3202,Science,PharmacyandPharmaceuticalScience,0.655957043170929,468,0.66748046875,0.6484375,4,7,2357,33.19,700,1,PR3202
Socio-economically sustainable developments,CE3102,College of Design and Engineering,Civil and Environmental Engineering,0.6559082269668579,469,0.6806640625,0.650390625,4,7,4716,66.41,93,1,CE3102
Materials Science & Engineering Principles & Practice II,MLE1002,College of Design and Engineering,Materials Science and Engineering,0.6558593511581421,470,0.703125,0.62841796875,3,8,1241,17.48,1345,3,MLE1002; MLE2001; MLE2001A
Japanese for Contemporary Society,LAJ4205,Arts and Social Science,Centre for Language Studies,0.6558593511581421,470,0.7099609375,0.62353515625,9,2,1263,17.79,1331,2,LAJ4205; LAJ4205HM
Chinese Characters Writing & Composition,LAC2202,Arts and Social Science,Centre for Language Studies,0.655810534954071,471,0.67431640625,0.6318359375,3,8,2074,29.21,840,1,LAC2202
Singapore’s Business History,GES1009,Arts and Social Science,History,0.65576171875,472,0.65966796875,0.65185546875,2,9,3213,45.25,386,3,GES1009; GESS1007; SSA2203
Pro Bono Service,LC2009,Law,FoL Dean's Office,0.655712902545929,473,0.6611328125,0.65380859375,3,8,2357,33.19,700,1,LC2009
Honours Project in Nursing,NUR4104B,Yong Loo Lin Sch of Medicine,Alice Lee Center for Nursing Studies,0.6556640863418579,474,0.67431640625,0.6435546875,4,7,2030,28.59,861,1,NUR4104B
Transistor-level Digital Circuits,CG2027,Multi Disciplinary Programme,Computing and Engineering Programme,0.6556640863418579,474,0.67919921875,0.64501953125,3,8,1280,18.03,1315,1,CG2027
Data Science in Action: Financial Transactions and Payments,SP2718F,Science,Statistics and Data Science,0.6556640863418579,474,0.69482421875,0.63427734375,4,7,3735,52.6,251,1,SP2718F
Process Modeling & Numerical Simulation,CN3421E,Cont and Lifelong Education,SCALE Dean's Office,0.6556640863418579,474,0.67041015625,0.63916015625,4,7,1235,17.39,1349,2,CN3421E; TCN3421
Technical Management and Leadership,IT2900,Computing,Computer Science,0.6556152105331421,475,0.67919921875,0.646484375,2,9,4504,63.43,123,1,IT2900
Innovation and Design,ID3122,College of Design and Engineering,Industrial Design,0.655566394329071,476,0.66357421875,0.65087890625,5,6,3034,42.73,436,1,ID3122
Final Year Project (Research),NUR4104C,Yong Loo Lin Sch of Medicine,Alice Lee Center for Nursing Studies,0.655566394329071,476,0.6875,0.63671875,5,6,3069,43.22,425,1,NUR4104C
Supply Chain Applied Project,DOS4711,NUS Business School,Analytics and Operations,0.655566394329071,476,0.67236328125,0.642578125,6,5,4556,64.16,111,2,DOS4711; DSS4711
Architecting Deals: A Framework of Private Orderings,LL4267V,Law,FoL Dean's Office,0.6554199457168579,477,0.67333984375,0.64111328125,2,9,4096,57.68,189,1,LL4267V
Design And The Environment,AR2722,College of Design and Engineering,Architecture,0.655322253704071,478,0.6728515625,0.640625,4,7,2100,29.57,826,1,AR2722
SIM: Media Strategy for a Digital Economy,MKT4415H,NUS Business School,Marketing,0.6552734375,479,0.671875,0.63720703125,4,7,3306,46.56,361,2,MKT4415H; MKT4761C
Solar Cells and Modules,EE4438,College of Design and Engineering,Electrical and Computer Engineering,0.6551758050918579,480,0.68701171875,0.62158203125,6,5,1180,16.62,1393,1,EE4438
Marketing Venture Challenge,MKT2711,NUS Business School,Marketing,0.6551758050918579,480,0.66650390625,0.6494140625,4,7,3207,45.16,389,3,MKT2711; MKT2711A; MKT2711B
Software Verification and Validation,YSC4233,Yale-NUS College,Yale-NUS College,0.6551269292831421,481,0.669921875,0.640625,3,8,1957,27.56,898,1,YSC4233
Healthy Ageing and Well-being,NUR1113A,Yong Loo Lin Sch of Medicine,Alice Lee Center for Nursing Studies,0.6551269292831421,481,0.68212890625,0.6328125,4,7,3151,44.37,404,1,NUR1113A
Protein Engineering,LSM4242,Science,Biological Sciences,0.655029296875,482,0.70654296875,0.62841796875,2,9,986,13.89,1547,1,LSM4242
Programming for Data Science,YSC2244,Yale-NUS College,Yale-NUS College,0.655029296875,482,0.693359375,0.6357421875,2,9,487,6.86,1996,1,YSC2244
Digital Transformation and Leadership Communication,IS3103,Computing,Information Systems and Analytics,0.655029296875,482,0.666015625,0.646484375,3,8,4150,58.44,181,1,IS3103
Performing Arts in Practice (Music) 1,CFA1101A,YST Conservatory of Music,YSTCM Dean's Office,0.654980480670929,483,0.6953125,0.634765625,4,7,2196,30.93,775,1,CFA1101A
Selected Topics in Quality Engineering,TIE4239,Cont and Lifelong Education,SCALE Dean's Office,0.6549316644668579,484,0.66796875,0.65185546875,1,10,1652,23.26,1072,1,TIE4239
Selected Topics In Quality Engineering,IE4239,College of Design and Engineering,Industrial Systems Engineering and Management,0.6549316644668579,484,0.66796875,0.65185546875,1,10,1652,23.26,1072,1,IE4239
FASS Industry Seminar,FAS3550,Arts and Social Science,FASS DO/Office of Programmes,0.6549316644668579,484,0.6708984375,0.6474609375,2,9,4391,61.84,141,1,FAS3550
Healthcare in Singapore: Policies and Innovations,SW3222,Arts and Social Science,Social Work,0.6549316644668579,484,0.666015625,0.646484375,6,5,2047,28.83,854,1,SW3222
Basic UROPS in Pharmacy I,PR2288,Science,PharmacyandPharmaceuticalScience,0.6548827886581421,485,0.70166015625,0.6259765625,5,6,1482,20.87,1186,1,PR2288
Empowering Communities: Strategies and Practices,SW3105,Arts and Social Science,Social Work,0.654833972454071,486,0.71044921875,0.64306640625,1,10,2744,38.64,540,1,SW3105
Community Development Practicum II,CLC3305,Non-Faculty-based Departments,Chua Thian Poh Comm Leader Center,0.65478515625,487,0.67529296875,0.64501953125,2,9,3447,48.54,322,2,CLC3305; CLC3306
Material and Energy Balances,CN2101,College of Design and Engineering,Chemical and Biomolecular Engineering,0.65478515625,487,0.66357421875,0.6396484375,3,8,1398,19.69,1235,2,CN2101; CN2103
Field Service Project,FSP4003,NUS Business School,BIZ Dean's Office,0.654736340045929,488,0.6748046875,0.6494140625,3,8,4922,69.31,67,1,FSP4003
Software Requirements Analysis and Design,TIC3001,Cont and Lifelong Education,SCALE Dean's Office,0.654736340045929,488,0.67578125,0.646484375,4,7,2578,36.3,603,1,TIC3001
Topics in Marketing,MKT3761,NUS Business School,Marketing,0.654736340045929,488,0.658203125,0.6494140625,3,8,3036,42.75,435,4,MKT3761; MKT3761X; MKT3761Y; MKT3761Z
From AI to Authentic HI,SW1201,Arts and Social Science,Social Work,0.6546386480331421,489,0.67041015625,0.63916015625,4,7,3417,48.12,330,1,SW1201
Biomedicine and Singapore Society,UTS2101,Residential College,Tembusu College,0.654541015625,490,0.68994140625,0.6337890625,5,6,2356,33.18,701,1,UTS2101
Chinese Language and Culture,CL2207,Arts and Social Science,Chinese Studies,0.654492199420929,491,0.6923828125,0.6298828125,3,8,279,3.93,2198,2,CL2207; CL3215
Seminars in Accounting: Public Sector Audit,ACC4612F,NUS Business School,Accounting,0.654492199420929,491,0.68310546875,0.640625,3,8,1378,19.41,1253,2,ACC4612F; ACC4761E
Seminars in Accounting (SIA),ACC4612,NUS Business School,Accounting,0.6543945074081421,492,0.66552734375,0.646484375,4,7,2926,41.21,474,1,ACC4612
Software Design and Requirements Analysis,TCX3225,Cont and Lifelong Education,SCALE Dean's Office,0.654296875,493,0.6689453125,0.64599609375,4,7,2150,30.28,799,1,TCX3225
Design 8 (Emphasis on Landscape Technology),LAD4011,College of Design and Engineering,Architecture,0.654248058795929,494,0.7158203125,0.6337890625,6,5,1873,26.38,943,1,LAD4011
Quality and Productivity Management,PF2203,College of Design and Engineering,Built Environment,0.6541992425918579,495,0.67041015625,0.64453125,6,5,2973,41.87,454,1,PF2203
Ecodesign And Sustainability,ID2122,College of Design and Engineering,Industrial Design,0.6541503667831421,496,0.68212890625,0.64453125,3,8,2057,28.97,849,1,ID2122
Physical Distribution Management,DOS3712,NUS Business School,Analytics and Operations,0.6541503667831421,496,0.6630859375,0.6455078125,7,4,5291,74.51,40,2,DOS3712; DSC3218
Cross-Border Litigation,LL4329,Law,FoL Dean's Office,0.654003918170929,497,0.7041015625,0.6357421875,2,9,2563,36.09,613,1,LL4329
Data Science in FinTech,DSE4212,Science,Mathematics,0.654003918170929,497,0.70751953125,0.63525390625,6,5,1478,20.81,1189,2,DSE4212; QF4212
Corporate Finance for Real Estate,RE3807,NUS Business School,Real Estate,0.654003918170929,497,0.69677734375,0.6318359375,5,6,1410,19.86,1229,1,RE3807
An Introduction to Negotiating & Drafting Commercial Contracts,LL4193V,Law,FoL Dean's Office,0.6539551019668579,498,0.6630859375,0.646484375,2,9,2159,30.4,793,1,LL4193V
Robust Design Of Electronic Circuits,TE3801,Cont and Lifelong Education,SCALE Dean's Office,0.6539551019668579,498,0.67041015625,0.6474609375,3,8,1268,17.86,1326,2,TE3801; TEE3801
Advanced Building Information Modelling,PF4212,College of Design and Engineering,Built Environment,0.653857409954071,499,0.68017578125,0.6474609375,4,7,663,9.34,1833,1,PF4212
Chemistry in Industry,CM3304,Science,Chemistry,0.65380859375,500,0.6640625,0.646484375,3,8,3643,51.3,271,1,CM3304
Chinese Commercial Law,LL4260V,Law,FoL Dean's Office,0.653759777545929,501,0.66845703125,0.6474609375,1,10,2059,29.0,847,1,LL4260V
Nano: from Research Bench to Industrial Applications,SP3277,Science,FoS Dean's Office,0.653759777545929,501,0.69384765625,0.634765625,2,9,3457,48.68,316,1,SP3277
Intermediate Singapore Sign Language,YLN2201,Yale-NUS College,Yale-NUS College,0.653759777545929,501,0.67578125,0.64013671875,4,7,3158,44.47,402,1,YLN2201
Honours Project in Data Science and Analytics,DSA4199,Science,Statistics and Data Science,0.6537109613418579,502,0.68603515625,0.64501953125,5,6,1484,20.9,1184,2,DSA4199; DSA4288
Physical and Analytical Chemistry Experiments,CM3192,Science,Chemistry,0.6537109613418579,502,0.68603515625,0.6455078125,6,5,1178,16.59,1395,1,CM3192
Chemicals And Us,NST2022,NUS College,NUS College Dean's Office,0.6537109613418579,502,0.6669921875,0.64013671875,3,8,1229,17.31,1354,1,NST2022
Biological Perception in Digital Media,EE4604,College of Design and Engineering,Electrical and Computer Engineering,0.6536620855331421,503,0.69873046875,0.62939453125,4,7,813,11.45,1696,1,EE4604
Agile Software Delivery,SA4111,NUS-ISS,NUS-ISS,0.6536620855331421,503,0.677734375,0.64404296875,3,8,2333,32.85,713,1,SA4111
Standard English Across Cultures,GEH1052,Arts and Social Science,"English,Ling.andTheatre Studies",0.653564453125,504,0.6640625,0.6484375,7,4,2375,33.45,692,3,GEH1052; GEK1059; GEX1030
Design Platforms 1,ID2106,College of Design and Engineering,Industrial Design,0.653564453125,504,0.6669921875,0.64404296875,5,6,4212,59.32,170,1,ID2106
"Lifestyle, Behaviour and Public Health",SPH2004,SSH School of Public Health,SSH School of Public Health Dean's Office,0.653515636920929,505,0.68115234375,0.64208984375,5,6,3681,51.84,262,1,SPH2004
Landscape Representation,LAD2008,College of Design and Engineering,Architecture,0.653515636920929,505,0.67919921875,0.638671875,6,5,2877,40.52,490,1,LAD2008
AI for Design,CDE2212,College of Design and Engineering,Architecture,0.6534668207168579,506,0.681640625,0.6376953125,5,6,722,10.17,1777,1,CDE2212
Clinical Practice: Specialty Care,NUR2107B,Yong Loo Lin Sch of Medicine,Alice Lee Center for Nursing Studies,0.6534668207168579,506,0.6796875,0.62890625,4,7,761,10.72,1743,1,NUR2107B
Comparative & International Anti-Corruption Law,LL4217,Law,FoL Dean's Office,0.6534668207168579,506,0.6650390625,0.64697265625,1,10,3737,52.63,250,1,LL4217
Bio-Analytics for Engineers,BN3402,College of Design and Engineering,Biomedical Engineering,0.6534179449081421,507,0.66455078125,0.640625,5,6,1728,24.33,1026,1,BN3402
Advanced Criminal Legal Process,LL4208,Law,FoL Dean's Office,0.653369128704071,508,0.67529296875,0.63623046875,1,10,1991,28.04,878,2,LL4208; LL4208V
Basic Derivatives and Bonds,QF3201,Science,Mathematics,0.653369128704071,508,0.68994140625,0.640625,5,6,1328,18.7,1285,1,QF3201
Value Investing In Asia,FIN3132,NUS Business School,Finance,0.653271496295929,509,0.67333984375,0.64453125,3,8,3805,53.58,234,1,FIN3132
Chemical & Biochemical Process Modeling,CN4238E,Cont and Lifelong Education,SCALE Dean's Office,0.6532226800918579,510,0.6650390625,0.63037109375,4,7,2584,36.39,601,3,CN4238E; CN4238R; TCN4238
Malay 2,LAM2201,Arts and Social Science,Centre for Language Studies,0.6532226800918579,510,0.72216796875,0.62744140625,1,10,2424,34.14,673,1,LAM2201
Real Estate Finance Law,RE3802,NUS Business School,Real Estate,0.6531738042831421,511,0.6708984375,0.63916015625,4,7,645,9.08,1849,1,RE3802
Energy in Singapore: Is Technology the Answer?,NST2027,NUS College,NUS College Dean's Office,0.653124988079071,512,0.6640625,0.64208984375,4,7,3475,48.94,311,1,NST2027
Systems Integration and Design Lab,EE3033,College of Design and Engineering,Electrical and Computer Engineering,0.653076171875,513,0.67626953125,0.640625,3,8,1605,22.6,1103,1,EE3033
Advanced UROPS in Nanochemistry I,CM3288N,Science,Chemistry,0.653027355670929,514,0.68701171875,0.625,3,8,840,11.83,1672,1,CM3288N
AI for Biomaterials Discovery,MLE4218,College of Design and Engineering,Materials Science and Engineering,0.6529785394668579,515,0.7119140625,0.61572265625,1,10,505,7.11,1979,1,MLE4218
Pitches to Prototypes: Innovations for Community Health,UTC2738,Residential College,Residential College 4,0.6529296636581421,516,0.6650390625,0.64697265625,6,5,4764,67.09,90,1,UTC2738
Design Platforms 2,ID3105,College of Design and Engineering,Industrial Design,0.6529296636581421,516,0.67138671875,0.64013671875,6,5,4255,59.92,163,1,ID3105
Built Environment Engineering Principles and Practice,IPM1104,College of Design and Engineering,Built Environment,0.652880847454071,517,0.671875,0.640625,2,9,2237,31.5,759,1,IPM1104
Biomaterials Engineering,ME4253,College of Design and Engineering,Mechanical Engineering,0.65283203125,518,0.728515625,0.6181640625,3,8,985,13.87,1548,1,ME4253
Micro-Fabrication Processes,ME4283E,Cont and Lifelong Education,SCALE Dean's Office,0.6527343988418579,519,0.6572265625,0.65087890625,2,9,886,12.48,1630,2,ME4283E; TME4283
Contract and Procurement Management,IPM4103,College of Design and Engineering,Built Environment,0.6527343988418579,519,0.67333984375,0.640625,5,6,3190,44.92,393,2,IPM4103; PF4102
Food Commodities in Indonesia,FST2203,Science,Food Science and Technology,0.6527343988418579,519,0.689453125,0.6416015625,2,9,3451,48.6,320,1,FST2203
Arch. Tech. Iv - Construction Systems,AR2325,College of Design and Engineering,Architecture,0.6526855230331421,520,0.66650390625,0.64404296875,1,10,3735,52.6,251,1,AR2325
Landscape Construction I,LAD2003,College of Design and Engineering,Architecture,0.6526855230331421,520,0.74853515625,0.62890625,7,4,1415,19.93,1225,1,LAD2003
Basic UROPS in Pharmacy II,PR2289,Science,PharmacyandPharmaceuticalScience,0.652539074420929,521,0.701171875,0.62548828125,6,5,1595,22.46,1110,1,PR2289
Chinese Business Enterprises and Management (in English),CH2393,Arts and Social Science,Chinese Studies,0.652539074420929,521,0.6669921875,0.64501953125,4,7,4833,68.06,83,1,CH2393
SIM: Distribution Management: Channels and Platforms,MKT4415K,NUS Business School,Marketing,0.652539074420929,521,0.66552734375,0.6416015625,6,5,4736,66.69,91,1,MKT4415K
Computational Thinking and Programming for Real Estate,RE2708,NUS Business School,Real Estate,0.6524902582168579,522,0.7568359375,0.63134765625,9,2,4107,57.84,186,1,RE2708
Digital Storytelling,NM3230,Arts and Social Science,Communications and New Media,0.6524413824081421,523,0.68212890625,0.634765625,7,4,884,12.45,1632,1,NM3230
Malay 5,LAM4201,Arts and Social Science,Centre for Language Studies,0.65234375,524,0.70751953125,0.63427734375,4,7,1917,27.0,917,2,LAM4201; LAM4201HM
Seminar on Corporate Finance,YSS3257,Yale-NUS College,Yale-NUS College,0.65234375,524,0.7060546875,0.63916015625,3,8,2983,42.01,452,1,YSS3257
International Real Estate Development and Investment,RE4805,NUS Business School,Real Estate,0.65234375,524,0.669921875,0.64013671875,7,4,4151,58.46,180,1,RE4805
"Housing, Healthcare and Harmony in Singapore: A Critical Perspective",UTC2705,Residential College,Residential College 4,0.652294933795929,525,0.67041015625,0.646484375,4,7,3401,47.89,333,2,UTC2705; UTS2700
Introduction to Architectural Practice,AR3421,College of Design and Engineering,Architecture,0.652294933795929,525,0.67236328125,0.630859375,4,7,1105,15.56,1455,1,AR3421
Maintainability of Facilities,PF3301,College of Design and Engineering,Built Environment,0.6522461175918579,526,0.69091796875,0.6181640625,4,7,1023,14.41,1516,1,PF3301
Systems and Policies to improve Health,SPH2003,SSH School of Public Health,SSH School of Public Health Dean's Office,0.6522461175918579,526,0.66796875,0.63671875,3,8,952,13.41,1573,1,SPH2003
Contract and Commercial Law in Civil-Law Asia,LL4017,Law,FoL Dean's Office,0.6522461175918579,526,0.6611328125,0.64404296875,3,8,2488,35.04,641,1,LL4017
C Programming,EE2028A,College of Design and Engineering,Electrical and Computer Engineering,0.652148425579071,527,0.73046875,0.63671875,4,7,1270,17.88,1324,1,EE2028A
Optimization of Chemical Processes,CN4242E,Cont and Lifelong Education,SCALE Dean's Office,0.652148425579071,527,0.6806640625,0.6337890625,3,8,1087,15.31,1468,2,CN4242E; TCN4242
Global Economic Dimensions Of Singapore,GES1002T,Cont and Lifelong Education,SCALE Dean's Office,0.652099609375,528,0.65283203125,0.6513671875,1,10,3294,46.39,363,1,GES1002T
Risk Analytics for Financial Services,BT4016,Computing,Information Systems and Analytics,0.652099609375,528,0.69482421875,0.62939453125,4,7,1023,14.41,1516,1,BT4016
Software Engineering Practicum II,TIC4002,Cont and Lifelong Education,SCALE Dean's Office,0.652050793170929,529,0.685546875,0.6337890625,1,10,1216,17.12,1365,1,TIC4002
Medical Sociology,SC2211,Arts and Social Science,Sociology and Anthropology,0.652050793170929,529,0.6826171875,0.6259765625,4,7,1410,19.86,1229,1,SC2211
Seminars in Leadership and Human Capital Management,MNO4313,NUS Business School,Management and Organisation,0.651904284954071,530,0.65869140625,0.64697265625,1,10,3619,50.96,273,2,MNO4313; MNO4761
Artificial Intelligence: Technology and Impact,IT1244,Computing,Computer Science,0.651806652545929,531,0.666015625,0.640625,2,9,549,7.73,1937,1,IT1244
Branding Strategy,MKT3424,NUS Business School,Marketing,0.6517089605331421,532,0.66259765625,0.64404296875,2,9,3706,52.19,258,2,MKT3424; MKT3719
Practice of Corporate Finance and the Law,LL4297,Law,FoL Dean's Office,0.651660144329071,533,0.71337890625,0.63720703125,4,7,2071,29.16,841,1,LL4297
Learning to Learn,THE1004,NUS,NUS Libraries,0.651611328125,534,0.65185546875,0.6513671875,1,10,1909,26.88,921,1,THE1004
Introduction to AI and Machine Learning,CS2109S,Computing,Computer Science,0.651611328125,534,0.70947265625,0.62939453125,4,7,241,3.39,2235,2,CS2109S; TCX2006
Mind and Machine,NST2062,NUS College,NUS College Dean's Office,0.651611328125,534,0.6943359375,0.6328125,3,8,542,7.63,1944,1,NST2062
H3 Humanities & Soc Sci Research Prog,ASP1201,Arts and Social Science,FASS DO/Office of Programmes,0.651562511920929,535,0.67919921875,0.63818359375,3,8,1479,20.83,1188,7,ASP1201; ASP1201CH; ASP1201EC; ASP1201EN; ASP1201GE; ASP1201HY; ASP1201MS
Social Policy & Social Planning,SC4204,Arts and Social Science,Sociology and Anthropology,0.6515136957168579,536,0.69287109375,0.6328125,5,6,2359,33.22,698,2,SC4204; SC4204HM
Aviation Law & Policy,LL4004,Law,FoL Dean's Office,0.6515136957168579,536,0.65576171875,0.646484375,1,10,3512,49.46,301,2,LL4004; LL4004V
FinTech and Financial Data Analytics,FIN4124,NUS Business School,Finance,0.6515136957168579,536,0.66162109375,0.6455078125,8,3,1874,26.39,942,2,FIN4124; FIN4719
Semiconductor Devices for Sustainability,CM4254,Science,Chemistry,0.6513671875,537,0.66845703125,0.642578125,3,8,621,8.75,1869,1,CM4254
Food Product Development and Packaging,FST3105,Science,Food Science and Technology,0.6513671875,537,0.68701171875,0.6318359375,5,6,3209,45.19,388,1,FST3105
Topics in Malay Studies,MS4880,Arts and Social Science,Malay Studies,0.651318371295929,538,0.703125,0.6328125,6,5,3023,42.57,440,1,MS4880
User Interface Development,CS3249,Computing,Computer Science,0.6512695550918579,539,0.71826171875,0.625,5,6,1609,22.66,1099,2,CS3249; TCX3223
Social Work Field Practice (II),SW3104,Arts and Social Science,Social Work,0.6512206792831421,540,0.677734375,0.6376953125,1,10,3596,50.64,278,3,SW3104; SW3104A; SW3104B
Singapore Legal History,LL4450,Law,FoL Dean's Office,0.651123046875,541,0.7060546875,0.63623046875,2,9,1164,16.39,1405,2,LL4450; LL4450V
Financial Analytics,TBA4204,Cont and Lifelong Education,SCALE Dean's Office,0.651123046875,541,0.67724609375,0.63818359375,5,6,2258,31.8,748,1,TBA4204
Money and Banking II,EC4332,Arts and Social Science,Economics,0.651074230670929,542,0.67578125,0.63818359375,4,7,2764,38.92,529,2,EC4332; EC4332HM
Principles of Drug Design and Development,PHS3102,Science,PharmacyandPharmaceuticalScience,0.6510254144668579,543,0.697265625,0.63330078125,3,8,1096,15.43,1463,1,PHS3102
Advanced UROPS in Computational Biology II (REx),ZB3289R,Science,Biological Sciences,0.6510254144668579,543,0.6650390625,0.64453125,3,8,1997,28.12,874,1,ZB3289R
Jr Sem: Family in a Changing Singapore,UTC1415,Residential College,College of Alice and Peter Tan,0.6509765386581421,544,0.6904296875,0.64013671875,3,8,3432,48.33,325,1,UTC1415
Essential Data Analytics Tools: Data Visualisation,DSA2101,Science,Statistics and Data Science,0.650927722454071,545,0.6943359375,0.62841796875,3,8,298,4.2,2179,1,DSA2101
Representing Singapore,GES1023,Arts and Social Science,"English,Ling.andTheatre Studies",0.65087890625,546,0.72021484375,0.64111328125,5,6,2442,34.39,664,3,GES1023; GESS1017; SSA1206
"Pathophysiology, Pharmacology and Nursing Practice II",NUR2125,Yong Loo Lin Sch of Medicine,Alice Lee Center for Nursing Studies,0.65087890625,546,0.65673828125,0.642578125,2,9,1177,16.58,1396,1,NUR2125
International Projects Law & Practice,LL4164V,Law,FoL Dean's Office,0.650830090045929,547,0.66162109375,0.6455078125,2,9,3011,42.4,446,1,LL4164V
Design 7 (Emphasis on Landscape Technology),LAD4009,College of Design and Engineering,Architecture,0.650830090045929,547,0.69189453125,0.6259765625,6,5,2036,28.67,859,1,LAD4009
Advanced UROPS in Data Science and Analytics I,DSA3288,Science,Statistics and Data Science,0.6507812738418579,548,0.67529296875,0.6337890625,4,7,1536,21.63,1149,1,DSA3288
Financial Markets Law,LL4556,Law,FoL Dean's Office,0.6507323980331421,549,0.68798828125,0.638671875,3,8,1993,28.07,877,2,LL4556; LL4556V
Cyber Security,GET1004,Science,Mathematics,0.6507323980331421,549,0.66552734375,0.626953125,4,7,666,9.38,1830,1,GET1004
Accounting Theory,ACC3713,NUS Business School,Accounting,0.650683581829071,550,0.66650390625,0.64013671875,4,7,4568,64.33,108,3,ACC3713; ACC4616; ACC4715
Taxation of Cross-Border Commercial Transactions I,LL4342,Law,FoL Dean's Office,0.650683581829071,550,0.66259765625,0.64404296875,7,4,2742,38.61,541,2,LL4342; LL4342V
The Evolving Legal Landscapes Clinic,LL4094F,Law,FoL Dean's Office,0.650634765625,551,0.66552734375,0.64111328125,2,9,3516,49.51,300,2,LL4094F; LL4094FV
Photojournalism,YHU3216,Yale-NUS College,Yale-NUS College,0.650634765625,551,0.67333984375,0.626953125,7,4,2089,29.42,831,1,YHU3216
"Aircraft Performance, Stability and Control",ME4241,College of Design and Engineering,Mechanical Engineering,0.650585949420929,552,0.66357421875,0.64208984375,2,9,1528,21.52,1154,1,ME4241
Introductory Data Science with Python and Tableau,DSA1361,Science,Statistics and Data Science,0.650585949420929,552,0.666015625,0.626953125,2,9,769,10.83,1735,1,DSA1361
Honours Project in DSA (Operations Research),DSA4288M,Science,Statistics and Data Science,0.6505371332168579,553,0.68603515625,0.638671875,5,6,3336,46.98,349,1,DSA4288M
Data Management for Business Analytics,IT3010,Computing,Information Systems and Analytics,0.6504882574081421,554,0.671875,0.640625,3,8,1266,17.83,1328,1,IT3010
Leading and Guiding Through Music,MUA2163,YST Conservatory of Music,YSTCM Dean's Office,0.6504882574081421,554,0.69873046875,0.634765625,6,5,4599,64.77,107,1,MUA2163
Image Processing and Analysis,EE4704,College of Design and Engineering,Electrical and Computer Engineering,0.650439441204071,555,0.7431640625,0.6025390625,3,8,704,9.91,1794,1,EE4704
Principles of Global Management,MNO3334,NUS Business School,Management and Organisation,0.650439441204071,555,0.6826171875,0.6328125,5,6,3301,46.49,362,2,MNO3334; MNO3716
Photonics - Principles and Applications,EE4437,College of Design and Engineering,Electrical and Computer Engineering,0.650390625,556,0.6826171875,0.61376953125,3,8,597,8.41,1893,1,EE4437
Seminars in Finance,FIN4112X,NUS Business School,Finance,0.650390625,556,0.67138671875,0.64404296875,5,6,3918,55.18,214,2,FIN4112X; FIN4761
Macromolecules in Pharmaceutical Science,PHS2104,Science,PharmacyandPharmaceuticalScience,0.650390625,556,0.6806640625,0.6416015625,4,7,538,7.58,1948,1,PHS2104
The Biophysical Environment of Singapore,GES1004,Arts and Social Science,Geography,0.650390625,556,0.6611328125,0.6318359375,6,5,2244,31.6,756,3,GES1004; GESS1002; SSA2215
Design and Make,EG1311,College of Design and Engineering,CDE Dean's Office,0.650390625,556,0.68017578125,0.63818359375,3,8,1108,15.6,1452,2,EG1311; EG1311BE
Financial Literacy and Numeracy,HS2301,Non-Faculty-based Departments,Risk Management Institute,0.6502929925918579,557,0.6640625,0.64404296875,2,9,1393,19.62,1239,1,HS2301
Instrumental Analysis II,CM3242,Science,Chemistry,0.6502441167831421,558,0.66796875,0.634765625,4,7,980,13.8,1552,1,CM3242
Project Cost Management,IPM2104,College of Design and Engineering,Built Environment,0.650195300579071,559,0.66796875,0.64306640625,3,8,782,11.01,1724,2,IPM2104; PF2108
"AI, Blockchain and Quantum Computing",FIN4126,NUS Business School,Finance,0.650195300579071,559,0.68994140625,0.63037109375,7,4,2198,30.95,774,2,FIN4126; FIN4721
Effective Communication for Computing Professionals,CS2101,Non-Faculty-based Departments,Center for Engl Lang Comms,0.650146484375,560,0.67431640625,0.63623046875,1,10,4049,57.02,192,1,CS2101
Infrastructure & The Environment,CE2184,College of Design and Engineering,Civil and Environmental Engineering,0.650146484375,560,0.66162109375,0.64599609375,1,10,942,13.27,1581,1,CE2184
Thin Film Technology,PC4253,Science,Physics,0.650097668170929,561,0.732421875,0.6240234375,3,8,861,12.13,1652,1,PC4253
Financial Modelling and Computation,QF4102,Science,Mathematics,0.650097668170929,561,0.6767578125,0.63037109375,6,5,1745,24.57,1016,2,QF4102; QF4102A
Food System Resilience in Asia,UTC2736,Residential College,Residential College 4,0.650097668170929,561,0.66748046875,0.62939453125,2,9,2703,38.07,554,1,UTC2736
Land Law,RE2702,NUS Business School,Real Estate,0.6499999761581421,562,0.67041015625,0.642578125,1,10,196,2.76,2279,1,RE2702
Urban Transportation Engineering,CE3121,College of Design and Engineering,Civil and Environmental Engineering,0.6499999761581421,562,0.66455078125,0.63525390625,3,8,1782,25.1,996,1,CE3121
Breakthrough Ideas for Digital Markets,CS3882,Computing,Computer Science,0.6499999761581421,562,0.68994140625,0.6337890625,3,8,2956,41.63,463,1,CS3882
Feature Engineering for Machine Learning,BT3017,Computing,Information Systems and Analytics,0.64990234375,563,0.70458984375,0.62744140625,3,8,701,9.87,1797,1,BT3017
Infrastructure & the Environment,TCE2184,Cont and Lifelong Education,SCALE Dean's Office,0.64990234375,563,0.66259765625,0.64501953125,2,9,922,12.98,1598,1,TCE2184
Process Dynamics & Control,CN3121,College of Design and Engineering,Chemical and Biomolecular Engineering,0.64990234375,563,0.66650390625,0.63427734375,1,10,1024,14.42,1515,3,CN3121; CN3121E; TCN3121
Pharmaceutical Marketing,PR4201,Science,PharmacyandPharmaceuticalScience,0.64990234375,563,0.6787109375,0.63916015625,5,6,3744,52.72,247,1,PR4201
Medical Device Life Cycle Management,BN2105,College of Design and Engineering,Biomedical Engineering,0.649853527545929,564,0.6875,0.62890625,6,5,1507,21.22,1169,1,BN2105
Risk and Insurance,FIN3119,NUS Business School,Finance,0.649853527545929,564,0.65576171875,0.64453125,5,6,3837,54.03,227,2,FIN3119; FIN3715
Elixir of Life: Manufacturing Cells as Medicine,NST2048,NUS College,NUS College Dean's Office,0.649853527545929,564,0.685546875,0.634765625,4,7,1952,27.49,900,1,NST2048
Healthcare Analytics,TBA4250,Cont and Lifelong Education,SCALE Dean's Office,0.6498047113418579,565,0.67333984375,0.630859375,4,7,865,12.18,1649,1,TBA4250
Solving Energy and Environmental Problems,NST2044,NUS College,NUS College Dean's Office,0.6498047113418579,565,0.68310546875,0.638671875,2,9,2615,36.83,590,1,NST2044
Typographic Form and Communication,ID2119,College of Design and Engineering,Industrial Design,0.6498047113418579,565,0.67333984375,0.63671875,5,6,945,13.31,1578,1,ID2119
Accounting for Decision Makers,ACC1701,NUS Business School,Accounting,0.6497558355331421,566,0.6787109375,0.638671875,6,5,1494,21.04,1178,11,ACC1701; ACC1701A; ACC1701B; ACC1701C; ACC1701D; ACC1701X; ACC1701XA; ACC1701XB; ACC1701XC; ACC1701XD; ACC1701XE
Cross-cultural Experience for Nursing Students I,NUR2441A,Yong Loo Lin Sch of Medicine,Alice Lee Center for Nursing Studies,0.649609386920929,567,0.6767578125,0.64404296875,2,9,3716,52.33,255,1,NUR2441A
Civil Engineering Principles and Practice,CE1101,College of Design and Engineering,Civil and Environmental Engineering,0.6495605707168579,568,0.66015625,0.6416015625,1,10,931,13.11,1591,2,CE1101; CE1101A
"Empowering AI-Ready Older Adults via Confidence, Opportunities, Design and Engagement (CODE)",UTC2812,Residential College,Acacia College,0.6495605707168579,568,0.65771484375,0.64111328125,4,7,2230,31.4,761,1,UTC2812
"Ideas to Pitches: Tech, Innovation & Entrepreneurship",UTC2734,Residential College,Residential College 4,0.6495116949081421,569,0.67822265625,0.63232421875,7,4,3837,54.03,227,1,UTC2734
Materials Science & Engineering Principles & Practice 1,MLE1001B,College of Design and Engineering,Materials Science and Engineering,0.649462878704071,570,0.7021484375,0.6220703125,3,8,1394,19.63,1238,1,MLE1001B
Inorganic Chemistry 2,CM2111,Science,Chemistry,0.649462878704071,570,0.681640625,0.63671875,3,8,2548,35.88,619,1,CM2111
The Service Economy,GE3201,Arts and Social Science,Geography,0.649365246295929,571,0.6640625,0.640625,7,4,4862,68.47,76,1,GE3201
Advanced Chinese 1,YLC3203,Yale-NUS College,Yale-NUS College,0.649365246295929,571,0.6748046875,0.6298828125,3,8,774,10.9,1730,1,YLC3203
Mobile Apps Development for Enterprise,IS3261,Computing,Information Systems and Analytics,0.6493164300918579,572,0.69189453125,0.63818359375,2,9,2507,35.3,632,1,IS3261
Occupational Social Work,SW3212,Arts and Social Science,Social Work,0.6493164300918579,572,0.6748046875,0.6357421875,2,9,926,13.04,1595,1,SW3212
Advanced Corporate Finance,LL4554,Law,FoL Dean's Office,0.649218738079071,573,0.6904296875,0.634765625,4,7,2089,29.42,831,2,LL4554; LL4554V
Beginning Singapore Sign Language,YLN1201,Yale-NUS College,Yale-NUS College,0.649169921875,574,0.650390625,0.64794921875,1,10,2586,36.42,600,1,YLN1201
Health and Wellness for Older Adults,NUR1113,Yong Loo Lin Sch of Medicine,Alice Lee Center for Nursing Studies,0.649121105670929,575,0.673828125,0.6328125,5,6,1567,22.07,1127,1,NUR1113
Robust and Trustworthy Artificial Intelligence,EE4707,College of Design and Engineering,Electrical and Computer Engineering,0.6490722894668579,576,0.67138671875,0.63818359375,3,8,1313,18.49,1292,1,EE4707
Software Engineering Principles and Patterns,CS3219,Computing,Computer Science,0.6490722894668579,576,0.6728515625,0.63720703125,1,10,1003,14.12,1532,2,CS3219; CS3219R
Choice of Law & Jurisdiction in Int’l Commercial Contracts in Asia,LL4180,Law,FoL Dean's Office,0.64892578125,577,0.68505859375,0.63232421875,1,10,2003,28.21,870,1,LL4180
Introductory Materials Science And Engineering,MLE1101,College of Design and Engineering,Materials Science and Engineering,0.64892578125,577,0.71044921875,0.61962890625,4,7,949,13.36,1575,1,MLE1101
Chinese Media and Society,CH2277,Arts and Social Science,Chinese Studies,0.64892578125,577,0.6875,0.62890625,6,5,1878,26.45,938,1,CH2277
Transportation Engineering,TCE3121,Cont and Lifelong Education,SCALE Dean's Office,0.648876965045929,578,0.66162109375,0.6328125,3,8,1550,21.83,1140,1,TCE3121
Malay 6,LAM4202,Arts and Social Science,Centre for Language Studies,0.6488281488418579,579,0.6865234375,0.63720703125,4,7,767,10.8,1737,2,LAM4202; LAM4202HM
Leading and Directing in Student Music Groups,CFA3105,YST Conservatory of Music,YSTCM Dean's Office,0.6487792730331421,580,0.65283203125,0.6396484375,2,9,3739,52.65,248,1,CFA3105
Civil Law in a Global Perspective,LL4503,Law,FoL Dean's Office,0.648730456829071,581,0.66357421875,0.63427734375,2,9,2033,28.63,860,2,LL4503; LL4503V
Financial Risk Management,FIN3118,NUS Business School,Finance,0.648730456829071,581,0.68896484375,0.634765625,3,8,669,9.42,1827,2,FIN3118; FIN3714
East Asia,GEM2007K,Arts and Social Science,Geography,0.648632824420929,582,0.67822265625,0.642578125,5,6,4625,65.13,104,1,GEM2007K
Digital Media Storytelling Strategies,NM4231,Arts and Social Science,Communications and New Media,0.6485840082168579,583,0.6884765625,0.62744140625,7,4,947,13.34,1577,2,NM4231; NM4231HM
Public Administration in Singapore,PS2244,Arts and Social Science,Political Science,0.6485351324081421,584,0.6806640625,0.638671875,6,5,2875,40.49,491,2,PS2244; SSA2222
"Real Estate, Society and Enterprise",RE1707,NUS Business School,Real Estate,0.6485351324081421,584,0.66943359375,0.63037109375,6,5,4402,61.99,139,1,RE1707
Topics in Leadership Development,BLD3004,NUS Business School,BIZ Dean's Office,0.6485351324081421,584,0.64990234375,0.646484375,3,8,2563,36.09,613,1,BLD3004
Digital Transformation Consulting,IS4243,Computing,Information Systems and Analytics,0.6484375,585,0.66796875,0.6357421875,6,5,4361,61.41,145,1,IS4243
Urban Singapore,YSS3274,Yale-NUS College,Yale-NUS College,0.6484375,585,0.65380859375,0.64306640625,1,10,2329,32.8,715,1,YSS3274
The Standardization of the Chinese Language,CL3211,Arts and Social Science,Chinese Studies,0.648388683795929,586,0.68798828125,0.61767578125,3,8,422,5.94,2058,1,CL3211
Career Development Independent Project,MUA3264,YST Conservatory of Music,YSTCM Dean's Office,0.648388683795929,586,0.6513671875,0.6435546875,4,7,4682,65.93,98,2,MUA3264; MUA3265
AAS Project 3,MUA3175,YST Conservatory of Music,YSTCM Dean's Office,0.6483398675918579,587,0.69921875,0.6318359375,4,7,3424,48.22,328,1,MUA3175
Project Finance,IPM3103,College of Design and Engineering,Built Environment,0.6483398675918579,587,0.66943359375,0.62841796875,4,7,2069,29.14,843,2,IPM3103; PF2205
Law in Action: Legal Policymaking Externship,LL4377,Law,FoL Dean's Office,0.6482909917831421,588,0.66162109375,0.63671875,3,8,2964,41.74,458,2,LL4377; LL4377V
Information Security Practicum II,TIC4302,Cont and Lifelong Education,SCALE Dean's Office,0.6482909917831421,588,0.66162109375,0.64111328125,6,5,2514,35.4,629,1,TIC4302
Civil Procedure,LL4281V,Law,FoL Dean's Office,0.648242175579071,589,0.662109375,0.6337890625,1,10,1665,23.45,1064,1,LL4281V
Advanced UROPS in Computational Biology I (REx),ZB3288R,Science,Biological Sciences,0.648242175579071,589,0.6630859375,0.64111328125,3,8,1606,22.62,1102,1,ZB3288R
Chinese Tradition (taught in English),CH2291,Arts and Social Science,Chinese Studies,0.648242175579071,589,0.6708984375,0.62841796875,3,8,941,13.25,1582,1,CH2291
Accounting Analytics and AI,ACC3715,NUS Business School,Accounting,0.648242175579071,589,0.70263671875,0.63427734375,5,6,1117,15.73,1444,1,ACC3715
Int'l Regulation of Finance & Investment Markets,LL4302,Law,FoL Dean's Office,0.648242175579071,589,0.66796875,0.63525390625,3,8,856,12.05,1657,2,LL4302; LL4302V
Application of Big Data in Materials Science,MLE4217,College of Design and Engineering,Materials Science and Engineering,0.6480957269668579,590,0.70263671875,0.60986328125,2,9,481,6.77,2002,1,MLE4217
Independent Study (Food Science & Tech),FST3201,Science,Food Science and Technology,0.6480957269668579,590,0.697265625,0.6162109375,7,4,3086,43.46,420,1,FST3201
Automation in Manufacturing,ME4262E,Cont and Lifelong Education,SCALE Dean's Office,0.6480468511581421,591,0.66845703125,0.634765625,1,10,1076,15.15,1475,2,ME4262E; TME4262
Money and Banking I,EC3332,Arts and Social Science,Economics,0.6480468511581421,591,0.66455078125,0.63671875,3,8,2288,32.22,733,1,EC3332
Capital Markets Law in Mainland China and HKSAR,LL4443,Law,FoL Dean's Office,0.6480468511581421,591,0.68603515625,0.62255859375,4,7,2435,34.29,668,2,LL4443; LL4443V
Automation In Manufacturing,ME4262,College of Design and Engineering,Mechanical Engineering,0.6480468511581421,591,0.66845703125,0.634765625,1,10,1076,15.15,1475,1,ME4262
Commercial Conflict of Laws,LL4454,Law,FoL Dean's Office,0.6480468511581421,591,0.66796875,0.640625,1,10,530,7.46,1956,2,LL4454; LL4454V
SIA: Risk Management Technology,ACC4612E,NUS Business School,Accounting,0.647998034954071,592,0.66064453125,0.63818359375,4,7,2848,40.11,499,1,ACC4612E
Clinical Experience I,NUR1202C,Yong Loo Lin Sch of Medicine,Alice Lee Center for Nursing Studies,0.647998034954071,592,0.6630859375,0.63818359375,3,8,2257,31.78,749,1,NUR1202C
Advanced Analytics with Big Data Technologies,BT4221,Computing,Information Systems and Analytics,0.64794921875,593,0.6767578125,0.63623046875,4,7,1111,15.65,1449,1,BT4221
Goals and Motivation,YSS4202,Yale-NUS College,Yale-NUS College,0.64794921875,593,0.65185546875,0.64404296875,1,10,3782,53.26,239,1,YSS4202
Supply Chain Financial Analysis and Management,TSC3223,Cont and Lifelong Education,SCALE Dean's Office,0.647900402545929,594,0.6640625,0.6357421875,6,5,2335,32.88,712,1,TSC3223
Materials for energy storage and conversion,MLE4210,College of Design and Engineering,Materials Science and Engineering,0.6478515863418579,595,0.728515625,0.61572265625,3,8,629,8.86,1863,1,MLE4210
Advanced Polymer Science,CM4258,Science,Chemistry,0.647753894329071,596,0.68798828125,0.6162109375,4,7,499,7.03,1985,1,CM4258
Collaborative Piano - Chamber Music,MUA2243,YST Conservatory of Music,YSTCM Dean's Office,0.647753894329071,596,0.72265625,0.62646484375,1,10,1713,24.12,1036,3,MUA2243; MUA3243; MUA4243
Cross-cultural Experience for Nursing Students II,NUR2441B,Yong Loo Lin Sch of Medicine,Alice Lee Center for Nursing Studies,0.647753894329071,596,0.673828125,0.640625,2,9,3924,55.26,212,1,NUR2441B
Basic UROPS in Pharmacy I (REx),PR2288R,Science,PharmacyandPharmaceuticalScience,0.647753894329071,596,0.68505859375,0.6318359375,6,5,2553,35.95,617,1,PR2288R
Communications for Computing Professionals,TIC2901,Cont and Lifelong Education,SCALE Dean's Office,0.647656261920929,597,0.6630859375,0.6416015625,4,7,4551,64.09,112,1,TIC2901
Corporate Social Responsibility,LL4189,Law,FoL Dean's Office,0.647656261920929,597,0.6796875,0.63525390625,6,5,5587,78.68,23,2,LL4189; LL4189V
Carbon Accounting and Management,ACC3717,NUS Business School,Accounting,0.6476074457168579,598,0.69140625,0.63671875,8,3,3564,50.19,286,1,ACC3717
Surface Physics,PC4259,Science,Physics,0.6474609375,599,0.67724609375,0.623046875,3,8,847,11.93,1665,1,PC4259
Major Design Project I,ESP3902,College of Design and Engineering,Engineering Science Programme,0.647412121295929,600,0.6591796875,0.63818359375,3,8,2813,39.61,513,1,ESP3902
Business Concepts and Metrics for Analytics,BT2201,Computing,Information Systems and Analytics,0.647412121295929,600,0.69091796875,0.6259765625,2,9,2431,34.23,671,1,BT2201
Arch. Env. Ii - Building and Landscape,AR1723,College of Design and Engineering,Architecture,0.6473633050918579,601,0.65234375,0.640625,4,7,4350,61.26,146,1,AR1723
Computer Security Practice,CS4238,Computing,Computer Science,0.6473144292831421,602,0.6708984375,0.6328125,6,5,391,5.51,2087,1,CS4238
Power Semiconductor Devices & ICs,EE4505,College of Design and Engineering,Electrical and Computer Engineering,0.647265613079071,603,0.6640625,0.63330078125,4,7,551,7.76,1935,1,EE4505
SIA: Advanced Accounting Theory,ACC4612D,NUS Business School,Accounting,0.647265613079071,603,0.66162109375,0.63916015625,5,6,1933,27.22,910,1,ACC4612D
People Analytics with Data Storytelling,DBA4715,NUS Business School,Analytics and Operations,0.647216796875,604,0.6689453125,0.6279296875,7,4,2922,41.15,476,1,DBA4715
Private Equity and Venture Capital: Law and Practice,LL4314V,Law,FoL Dean's Office,0.647216796875,604,0.66943359375,0.6328125,2,9,1970,27.74,889,1,LL4314V
Singapore Literature in Context,EN3263,Arts and Social Science,"English,Ling.andTheatre Studies",0.647216796875,604,0.70654296875,0.63232421875,6,5,1332,18.76,1281,1,EN3263
Biophysical Instrumentation & Biomolecular Electronics,PC4268,Science,Physics,0.647167980670929,605,0.6728515625,0.63525390625,5,6,848,11.94,1664,1,PC4268
Smart Molecules with AI and Cheminformatics,CM3255,Science,Chemistry,0.647167980670929,605,0.6611328125,0.6337890625,4,7,885,12.46,1631,1,CM3255
Managerial Problem Solving,DOS4813,NUS Business School,Analytics and Operations,0.6471191644668579,606,0.66162109375,0.63916015625,5,6,2678,37.71,567,1,DOS4813
Information Security Capstone Project.,IFS4205,Computing,Computer Science,0.6470702886581421,607,0.66015625,0.6396484375,4,7,898,12.65,1619,1,IFS4205
Post Harvest Food Processing,FST2106,Science,Food Science and Technology,0.647021472454071,608,0.66650390625,0.63134765625,5,6,3554,50.05,290,1,FST2106
Research Methodology in Real Estate,RE2801,NUS Business School,Real Estate,0.647021472454071,608,0.7265625,0.6201171875,8,3,1599,22.52,1107,1,RE2801
Materials Engineering Principles & Practices,MLE1010,College of Design and Engineering,Materials Science and Engineering,0.647021472454071,608,0.703125,0.61962890625,3,8,856,12.05,1657,1,MLE1010
Seminars in Finance (SIF),FIN4112,NUS Business School,Finance,0.6468750238418579,609,0.6533203125,0.6328125,4,7,3132,44.11,408,1,FIN4112
Child-Centric Social Work,SW4223,Arts and Social Science,Social Work,0.6468261480331421,610,0.66064453125,0.6337890625,3,8,1337,18.83,1278,2,SW4223; SW4223HM
Chinese Sociolinguistics,CL3207,Arts and Social Science,Chinese Studies,0.6466308832168579,611,0.6572265625,0.6357421875,4,7,1181,16.63,1392,1,CL3207
Topics in Chinese Media,CH3281,Arts and Social Science,Chinese Studies,0.6466308832168579,611,0.6787109375,0.63671875,7,4,1967,27.7,891,1,CH3281
Indirect and Specialty Patient Care Internship,PR4193,Science,PharmacyandPharmaceuticalScience,0.6466308832168579,611,0.6787109375,0.6328125,5,6,2633,37.08,583,1,PR4193
Agency Planning and Development,SW3225,Arts and Social Science,Social Work,0.6465820074081421,612,0.7099609375,0.63330078125,6,5,5736,80.78,15,1,SW3225
Time Traveller: The Curatorial in Southeast Asia,AH3202,Arts and Social Science,History,0.646533191204071,613,0.7099609375,0.61962890625,8,3,2021,28.46,865,1,AH3202
Microprocessor Applications,ME3241,College of Design and Engineering,Mechanical Engineering,0.646484375,614,0.67333984375,0.6298828125,3,8,913,12.86,1605,3,ME3241; ME3241E; TME3241
Food Colloids and Components Science,FST4103,Science,Food Science and Technology,0.646435558795929,615,0.68896484375,0.60498046875,2,9,1100,15.49,1459,1,FST4103
Clinical Practice: Community Care I,NUR1107B,Yong Loo Lin Sch of Medicine,Alice Lee Center for Nursing Studies,0.6463867425918579,616,0.65478515625,0.6357421875,4,7,1382,19.46,1249,1,NUR1107B
Manufacturing Logistics,IE3120,College of Design and Engineering,Industrial Systems Engineering and Management,0.646240234375,617,0.66455078125,0.63720703125,2,9,1069,15.05,1480,1,IE3120
H2 and Low Carbon Technologies: Industry Perspectives,CN4252,College of Design and Engineering,Chemical and Biomolecular Engineering,0.646240234375,617,0.71728515625,0.62255859375,4,7,2064,29.07,845,1,CN4252
Corporate Finance Law,BSP3511,NUS Business School,Strategy and Policy,0.646240234375,617,0.70166015625,0.62744140625,4,7,2395,33.73,684,3,BSP3511; LL4188; LL4188V
Electron transport in novel quantum materials,MLE4222,College of Design and Engineering,Materials Science and Engineering,0.646191418170929,618,0.7099609375,0.6171875,1,10,532,7.49,1954,1,MLE4222
Intercultural Engagements for a Global Intensive,NHS2099,NUS College,NUS College Dean's Office,0.646191418170929,618,0.671875,0.63623046875,6,5,3646,51.34,270,1,NHS2099
English for Academic Purposes (Music) 2,EM1202,Non-Faculty-based Departments,Center for Engl Lang Comms,0.6461426019668579,619,0.71337890625,0.63427734375,4,7,2263,31.87,747,1,EM1202
Criminal Practice,LL4244V,Law,FoL Dean's Office,0.6461426019668579,619,0.65771484375,0.630859375,1,10,2408,33.91,680,1,LL4244V
Fieldwork in Studies of Malay Society,MS2216,Arts and Social Science,Malay Studies,0.6461426019668579,619,0.66943359375,0.63330078125,7,4,2899,40.83,485,1,MS2216
Programme Evaluation in the Social Service Sector,PL4880S,Arts and Social Science,Psychology,0.6460937261581421,620,0.66552734375,0.626953125,3,8,1275,17.96,1319,2,PL4880S; PL4880SHM
Singapore: The Social Experiment,SC2880A,Arts and Social Science,Sociology and Anthropology,0.646044909954071,621,0.6474609375,0.6435546875,3,8,2445,34.43,661,1,SC2880A
Biochemistry and Biomaterials for Bioengineers,BN2301,College of Design and Engineering,Biomedical Engineering,0.646044909954071,621,0.67431640625,0.626953125,3,8,665,9.36,1831,1,BN2301
Foundations of IP Law,LL4070,Law,FoL Dean's Office,0.645947277545929,622,0.66259765625,0.61767578125,1,10,1468,20.67,1195,2,LL4070; LL4070V
Computational Media Literacy,NM2207,Arts and Social Science,Communications and New Media,0.6458984613418579,623,0.68603515625,0.63037109375,5,6,2545,35.84,621,1,NM2207
Design 6,AR3102,College of Design and Engineering,Architecture,0.6458984613418579,623,0.66650390625,0.63623046875,4,7,1458,20.53,1203,2,AR3102; LAD3002
Computer Aided Chemical Engineering,CN4229E,Cont and Lifelong Education,SCALE Dean's Office,0.6458984613418579,623,0.66357421875,0.62744140625,3,8,1039,14.63,1502,2,CN4229E; TCN4229
Projects on Problem-Solving for the 21st Century,UTC2704,Residential College,Residential College 4,0.645751953125,624,0.66552734375,0.6337890625,3,8,4310,60.7,152,1,UTC2704
Integrated Perspectives in Accounting and Business,ACC3707,NUS Business School,Accounting,0.645751953125,624,0.66845703125,0.6298828125,4,7,3655,51.47,266,2,ACC3707; ACC4701
Digital News Writing and Data Analysis,NM3249,Arts and Social Science,Communications and New Media,0.645751953125,624,0.65283203125,0.64111328125,5,6,2915,41.05,480,1,NM3249
Design and Negotiation for Lawyers,LL4517,Law,FoL Dean's Office,0.645703136920929,625,0.658203125,0.634765625,4,7,3880,54.64,219,1,LL4517
Electrical Engineering Principles and Practice II,EE2111A,College of Design and Engineering,Electrical and Computer Engineering,0.645703136920929,625,0.6591796875,0.63623046875,4,7,1309,18.43,1296,1,EE2111A
Supply Chain Modelling,IE4220,College of Design and Engineering,Industrial Systems Engineering and Management,0.645703136920929,625,0.67919921875,0.63232421875,5,6,1196,16.84,1381,2,IE4220; TIE4220
Intro to Elect Energy Systems,EE3506C,College of Design and Engineering,Electrical and Computer Engineering,0.645703136920929,625,0.6640625,0.6337890625,4,7,1203,16.94,1375,1,EE3506C
AI and Machine Learning Techniques II,IS3109,Computing,Information Systems and Analytics,0.6456054449081421,626,0.67919921875,0.62890625,4,7,344,4.84,2133,1,IS3109
Design 5,AR3101,College of Design and Engineering,Architecture,0.645556628704071,627,0.6572265625,0.6357421875,5,6,1026,14.45,1513,3,AR3101; ID3101; LAD3001
Physics for Electrical Engineers,PC2232,Science,Physics,0.6455078125,628,0.6611328125,0.63623046875,5,6,933,13.14,1590,1,PC2232
Data Analytics for Operations Management,TIE4213,Cont and Lifelong Education,SCALE Dean's Office,0.6455078125,628,0.67333984375,0.62109375,7,4,1594,22.45,1111,1,TIE4213
Fundamentals of Food Engineering,FST2109,Science,Food Science and Technology,0.6455078125,628,0.6796875,0.6259765625,5,6,1396,19.66,1237,1,FST2109
"Leadership, Innovation and Change in Healthcare",NUR3503,Yong Loo Lin Sch of Medicine,Alice Lee Center for Nursing Studies,0.6455078125,628,0.6748046875,0.6337890625,4,7,2829,39.84,507,1,NUR3503
Strategic Facilities Management,PF3307,College of Design and Engineering,Built Environment,0.6455078125,628,0.6611328125,0.6298828125,5,6,966,13.6,1563,1,PF3307
Reaction Engineering,CN2105,College of Design and Engineering,Chemical and Biomolecular Engineering,0.645458996295929,629,0.65673828125,0.6298828125,3,8,1016,14.31,1522,1,CN2105
Chemical and Bio Catalysis,CN4246R,College of Design and Engineering,Chemical and Biomolecular Engineering,0.6454101800918579,630,0.7021484375,0.62255859375,4,7,557,7.84,1929,1,CN4246R
Knowledge Representation and Reasoning,CS4244,Computing,Computer Science,0.6453613042831421,631,0.65966796875,0.63720703125,3,8,1230,17.32,1353,1,CS4244
Sustainable Urban Food Production for Food Security,LSM4352,Science,Biological Sciences,0.6453613042831421,631,0.69287109375,0.619140625,5,6,1259,17.73,1333,1,LSM4352
International Finance,LL4298,Law,FoL Dean's Office,0.645312488079071,632,0.669921875,0.6376953125,4,7,1650,23.24,1074,2,LL4298; YSS3224
Independent Software Development Project (Orbital),CP2106,Computing,SoC Dean's Office,0.645312488079071,632,0.65673828125,0.6318359375,2,9,2418,34.05,675,1,CP2106
Strategic Innovation for High Performance,BSN4811,NUS Business School,Strategy and Policy,0.645214855670929,633,0.669921875,0.638671875,7,4,4126,58.1,184,1,BSN4811
Ideation - Creating A Business Idea,TR3010,Non-Faculty-based Departments,NUS Enterprise Academy,0.645214855670929,633,0.6533203125,0.64208984375,4,7,4349,61.24,147,1,TR3010
"Energy and Singapore: Dynamics, Dilemmas and Decisions",UTC2718,Residential College,Residential College 4,0.645214855670929,633,0.66162109375,0.63427734375,4,7,3255,45.84,373,2,UTC2718; UTS2709
Advanced Issues in the Law & Practice of Int’l Arbitration,LL4299,Law,FoL Dean's Office,0.645068347454071,634,0.716796875,0.6259765625,1,10,1573,22.15,1123,1,LL4299
TIF: China’s Capital Markets,FIN3761B,NUS Business School,Finance,0.645068347454071,634,0.6689453125,0.62841796875,4,7,2142,30.16,803,1,FIN3761B
Bridging East and West: Exploring Chinese Communication,GEK1062,Arts and Social Science,Chinese Studies,0.64501953125,635,0.65185546875,0.64111328125,8,3,3879,54.63,220,3,GEK1062; GET1002; GEX1004
Foundation Academic English,ES1000,Non-Faculty-based Departments,Center for Engl Lang Comms,0.64501953125,635,0.66064453125,0.638671875,3,8,2215,31.19,766,1,ES1000
Healthcare Policy,NUR2502,Yong Loo Lin Sch of Medicine,Alice Lee Center for Nursing Studies,0.64501953125,635,0.6611328125,0.6376953125,5,6,1874,26.39,942,1,NUR2502
Time and Life,UTC2101,Residential College,Tembusu College,0.64501953125,635,0.65576171875,0.63916015625,2,9,3738,52.64,249,1,UTC2101
CAPT Undergraduate Research Opportunity (UROP),UTC3401,Residential College,College of Alice and Peter Tan,0.644970715045929,636,0.6708984375,0.62744140625,4,7,3970,55.91,203,1,UTC3401
Technology Integration II,AR3152,College of Design and Engineering,Architecture,0.6449218988418579,637,0.6630859375,0.638671875,6,5,3492,49.18,306,1,AR3152
Chemistry for an Environmentally Sustainable Future,ESE2000,College of Design and Engineering,Civil and Environmental Engineering,0.6448730230331421,638,0.69482421875,0.62109375,3,8,717,10.1,1781,1,ESE2000
Startup Ecosystem Exposure,ETP3121,NUS,NUS Enterprise Academy,0.6448730230331421,638,0.65234375,0.630859375,3,8,3478,48.98,310,1,ETP3121
Clinical Practice: Community Care II,NUR3105B,Yong Loo Lin Sch of Medicine,Alice Lee Center for Nursing Studies,0.6448730230331421,638,0.669921875,0.62451171875,3,8,769,10.83,1735,2,NUR3105B; NUR3105C
"Crossing Borders: Law, Migration & Citizenship",LL4134,Law,FoL Dean's Office,0.644824206829071,639,0.6552734375,0.63720703125,3,8,3127,44.04,412,2,LL4134; LL4134V
Water Quality Engineering,ESE3001,College of Design and Engineering,Civil and Environmental Engineering,0.644824206829071,639,0.66015625,0.62841796875,4,7,1350,19.01,1270,2,ESE3001; TCE3001
Real Estate Development Law,RE3804,NUS Business School,Real Estate,0.644775390625,640,0.6708984375,0.62646484375,1,10,402,5.66,2076,1,RE3804
Aspirational Project I,CDE2701A,College of Design and Engineering,CDE Dean's Office,0.644726574420929,641,0.67138671875,0.634765625,4,7,2723,38.35,549,2,CDE2701A; EG2701A
Contemporary Chinese Culture (taught in English),CH3291,Arts and Social Science,Chinese Studies,0.644726574420929,641,0.6708984375,0.61474609375,4,7,1279,18.01,1316,1,CH3291
A cross cultural industrial field trip program,IE2290,College of Design and Engineering,Industrial Systems Engineering and Management,0.644726574420929,641,0.6611328125,0.642578125,4,7,5219,73.5,42,1,IE2290
An Undefeated Mind: An Experiential Inner Reengineering Approach,UTC2700,Residential College,Residential College 4,0.644726574420929,641,0.65380859375,0.6298828125,3,8,3125,44.01,413,1,UTC2700
Entertainment Law,LL4177,Law,FoL Dean's Office,0.6446777582168579,642,0.658203125,0.630859375,2,9,3292,46.36,364,2,LL4177; LL4177V
Digital Design Media,AR2511,College of Design and Engineering,Architecture,0.6446288824081421,643,0.6875,0.6298828125,7,4,1278,18.0,1317,1,AR2511
Programming for Business Analytics,DAO2702,NUS Business School,Analytics and Operations,0.6446288824081421,643,0.67919921875,0.62646484375,3,8,378,5.32,2100,3,DAO2702; DAO2702X; DSC2702
Advanced Web Development,SA4109,NUS-ISS,NUS-ISS,0.644580066204071,644,0.65283203125,0.6328125,1,10,2000,28.17,873,2,SA4109; SA4109A
Microbiology for Pharmaceutical Science,PHS3220,Science,PharmacyandPharmaceuticalScience,0.644580066204071,644,0.67236328125,0.63037109375,5,6,1087,15.31,1468,2,PHS3220; PHS4201
Ethics Refresher Seminar II,LC3003B,Law,FoL Dean's Office,0.644580066204071,644,0.65625,0.63525390625,2,9,2482,34.95,644,1,LC3003B
Learning for Social Change,CLC3307,Non-Faculty-based Departments,Chua Thian Poh Comm Leader Center,0.644580066204071,644,0.66455078125,0.6376953125,8,3,2107,29.67,820,1,CLC3307
Food Production and Society in Southeast Asia,NHS2060,NUS College,NUS College Dean's Office,0.64453125,645,0.66650390625,0.625,4,7,3052,42.98,432,2,NHS2060; NHT2201
Basic UROPS in Pharmacy II (REx),PR2289R,Science,PharmacyandPharmaceuticalScience,0.64453125,645,0.6845703125,0.62646484375,6,5,2469,34.77,648,1,PR2289R
Japanese 6,LAJ3202,Arts and Social Science,Centre for Language Studies,0.644482433795929,646,0.71728515625,0.6181640625,7,4,1473,20.74,1193,1,LAJ3202
Economic Issues in the Developing World,GEK1018,Arts and Social Science,Economics,0.644335925579071,647,0.658203125,0.63916015625,4,7,4136,58.25,182,1,GEK1018
Discovering the Chinese Business Environment,CH2274,Arts and Social Science,Chinese Studies,0.644287109375,648,0.6474609375,0.64013671875,3,8,2942,41.43,465,1,CH2274
Foundation Materials Science and Engineering I,MLE1111,College of Design and Engineering,Materials Science and Engineering,0.644287109375,648,0.70751953125,0.61328125,2,9,1113,15.67,1448,1,MLE1111
Guide to Use of Generative AI Tools,THE1005,Center for Engl Lang Comms,Center for Engl Lang Comms,0.644238293170929,649,0.68505859375,0.611328125,3,8,1973,27.78,887,1,THE1005
Intercultural Choreography Lab,CFA3220,YST Conservatory of Music,YSTCM Dean's Office,0.644238293170929,649,0.69482421875,0.63232421875,4,7,1906,26.84,923,1,CFA3220
Research Project in Pharmaceutical Science,PHS4288,Science,PharmacyandPharmaceuticalScience,0.644238293170929,649,0.70263671875,0.6201171875,7,4,2634,37.09,582,1,PHS4288
Lifestyle Writing,NM4248,Arts and Social Science,Communications and New Media,0.6441406011581421,650,0.67333984375,0.6298828125,6,5,3322,46.78,354,1,NM4248
Engineering Materials,MLE3203,College of Design and Engineering,Materials Science and Engineering,0.6441406011581421,650,0.69921875,0.62646484375,3,8,870,12.25,1644,1,MLE3203
Understanding Social Complexity,HSS1000,Arts and Social Science,Geography,0.64404296875,651,0.65087890625,0.63720703125,4,7,1909,26.88,921,1,HSS1000
Materials Science & Engrg Principles & Practice I,MLE1001,College of Design and Engineering,Materials Science and Engineering,0.643994152545929,652,0.6640625,0.63427734375,2,9,1365,19.22,1260,1,MLE1001
Current Topics ( Food Science & Tech ),FST4201,Science,Food Science and Technology,0.6439453363418579,653,0.681640625,0.6162109375,5,6,2374,33.43,693,1,FST4201
Information Security Management,IS4231,Computing,Information Systems and Analytics,0.6438964605331421,654,0.6767578125,0.6259765625,5,6,1921,27.05,914,3,IS4231; TCX3231; TIC3301
Aspirational Project II,CDE2701B,College of Design and Engineering,CDE Dean's Office,0.6438964605331421,654,0.67138671875,0.62451171875,6,5,2806,39.52,516,2,CDE2701B; EG2701B
Global Economic Dimensions of Singapore,SSA2220,Arts and Social Science,Economics,0.6438964605331421,654,0.64453125,0.64306640625,3,8,2327,32.77,716,1,SSA2220
Metallic Materials and Processing,MLE2106,College of Design and Engineering,Materials Science and Engineering,0.643847644329071,655,0.66552734375,0.634765625,3,8,882,12.42,1634,1,MLE2106
Automobile Design & Engineering,ME4264,College of Design and Engineering,Mechanical Engineering,0.643798828125,656,0.7041015625,0.6279296875,3,8,1485,20.91,1183,1,ME4264
Topics in Finance,FIN3761,NUS Business School,Finance,0.643798828125,656,0.685546875,0.61962890625,3,8,1465,20.63,1197,4,FIN3761; FIN3761X; FIN3761Y; FIN3761Z
Clinical Experience II,NUR2203C,Yong Loo Lin Sch of Medicine,Alice Lee Center for Nursing Studies,0.643798828125,656,0.67236328125,0.62109375,3,8,1442,20.31,1212,1,NUR2203C
Working With Older Adults,SW4229,Arts and Social Science,Social Work,0.643798828125,656,0.68017578125,0.62060546875,5,6,3032,42.7,438,2,SW4229; SW4229HM
Hardware Design and Micro-Architectures,YSC4234,Yale-NUS College,Yale-NUS College,0.643750011920929,657,0.685546875,0.61572265625,1,10,464,6.53,2017,1,YSC4234
Beyond Seeing: Encountering and Engaging the Visual Arts in Singapore,UTC2408,Residential College,College of Alice and Peter Tan,0.6437011957168579,658,0.68115234375,0.6259765625,9,2,2731,38.46,546,2,UTC2408; UTS2406
Honours Project in Quantum Technologies,PC4288Q,Science,Physics,0.6437011957168579,658,0.68896484375,0.62890625,5,6,1774,24.98,1003,1,PC4288Q
Aviation Financing,LL4483,Law,FoL Dean's Office,0.6437011957168579,658,0.72607421875,0.60888671875,5,6,1614,22.73,1096,2,LL4483; LL4483V
Asianism and Singapore,NHS3002,NUS,NUS College Dean's Office,0.6437011957168579,658,0.671875,0.63720703125,4,7,2683,37.78,564,1,NHS3002
Civil Engineering Analytics and Data Visualization,CE3201,College of Design and Engineering,Civil and Environmental Engineering,0.6436523199081421,659,0.666015625,0.63134765625,5,6,899,12.66,1618,1,CE3201
Design For Context & Connectivity,ID2102,College of Design and Engineering,Industrial Design,0.643603503704071,660,0.6767578125,0.62890625,6,5,2747,38.68,539,1,ID2102
Orchestral Studies for Pianists,MUA3115,YST Conservatory of Music,YSTCM Dean's Office,0.643603503704071,660,0.71484375,0.6181640625,2,9,841,11.84,1671,1,MUA3115
How would YOU lead?,UTC2723,Residential College,Residential College 4,0.6435546875,661,0.64404296875,0.64306640625,1,10,2892,40.73,486,1,UTC2723
Entrepreneurial Finance,ETP3241,Non-Faculty-based Departments,NUS Enterprise Academy,0.6435546875,661,0.66650390625,0.6328125,2,9,2446,34.45,660,4,ETP3241; FIN4122; FIN4717; TR3007
Landscape Representation Techniques,LAD3004,College of Design and Engineering,Architecture,0.643505871295929,662,0.6669921875,0.6279296875,5,6,2127,29.95,811,1,LAD3004
Singapore and ASEAN: Geoeconomics and Geopolitics for Business,BSP3012,NUS Business School,Strategy and Policy,0.643505871295929,662,0.67138671875,0.64013671875,3,8,2250,31.69,754,1,BSP3012
Sustainability in Southeast Asia: A Study Trip,UTC2420,Residential College,College of Alice and Peter Tan,0.6434570550918579,663,0.6845703125,0.634765625,4,7,2691,37.9,559,1,UTC2420
User Interface Design and Implementation,TIC3002,Cont and Lifelong Education,SCALE Dean's Office,0.6434570550918579,663,0.7021484375,0.60693359375,5,6,1597,22.49,1108,1,TIC3002
Pharmacy Research Project and Scientific Communication,PR4196,Science,PharmacyandPharmaceuticalScience,0.6434570550918579,663,0.68701171875,0.62353515625,6,5,2505,35.28,633,1,PR4196
Singapore English-Language Theatre,SSA3201,Arts and Social Science,"English,Ling.andTheatre Studies",0.6434081792831421,664,0.67529296875,0.6279296875,5,6,1217,17.14,1364,2,SSA3201; TS3235
Blockchain Engineering,EE4032,College of Design and Engineering,Electrical and Computer Engineering,0.643359363079071,665,0.70556640625,0.6298828125,5,6,1450,20.42,1207,1,EE4032
Energy and Environment: Singapore and ASEAN Perspectives,UTC2710,Residential College,Residential College 4,0.643261730670929,666,0.6630859375,0.6259765625,5,6,2691,37.9,559,2,UTC2710; UTS2703
Advanced UROPS in Sustainable Chemistry II,CM3289S,Science,Chemistry,0.643261730670929,666,0.67138671875,0.62158203125,3,8,1288,18.14,1310,1,CM3289S
Finite Element Analysis for Civil Engineering,CE4257B,College of Design and Engineering,Civil and Environmental Engineering,0.6432129144668579,667,0.654296875,0.63232421875,2,9,1202,16.93,1376,1,CE4257B
Software Engineering Practicum I,TIC4001,Cont and Lifelong Education,SCALE Dean's Office,0.6431640386581421,668,0.67919921875,0.62744140625,1,10,979,13.79,1553,1,TIC4001
Stochastic Operations Research,MA4260,Science,Mathematics,0.6431640386581421,668,0.6767578125,0.62451171875,5,6,2365,33.31,697,1,MA4260
MATLAB Programming for Chemical Engineers,TC1005,Cont and Lifelong Education,SCALE Dean's Office,0.643115222454071,669,0.66162109375,0.62548828125,3,8,1284,18.08,1313,2,TC1005; TCN1005
Introduction to Materials Science & Engineering,MLE2301,College of Design and Engineering,Materials Science and Engineering,0.643115222454071,669,0.70703125,0.611328125,4,7,784,11.04,1722,1,MLE2301
Database Technology and Management,IT2002,Computing,Computer Science,0.643115222454071,669,0.68359375,0.62060546875,7,4,2887,40.66,488,1,IT2002
Managing Social Networks in Markets & Organisations,BSP4012,NUS Business School,Strategy and Policy,0.643115222454071,669,0.662109375,0.63916015625,3,8,3620,50.98,272,1,BSP4012
Internet Application Development,SA4103,NUS-ISS,NUS-ISS,0.64306640625,670,0.64794921875,0.6357421875,3,8,2883,40.6,489,1,SA4103
Engaging the natural environment in ASEAN,GEH1041,Arts and Social Science,Southeast Asian Studies,0.64306640625,670,0.6806640625,0.63232421875,10,1,3989,56.18,199,2,GEH1041; GEK1066
Enterprise Systems Interface Design and Development,IS3106,Computing,Information Systems and Analytics,0.64306640625,670,0.677734375,0.62841796875,4,7,2560,36.05,615,1,IS3106
Clinical Practice: Medical/Surgical I,NUR1108B,Yong Loo Lin Sch of Medicine,Alice Lee Center for Nursing Studies,0.64306640625,670,0.666015625,0.63037109375,2,9,1147,16.15,1417,2,NUR1108B; NUR1108C
Building Relationship : Theories and Practice,GET1032,Arts and Social Science,Social Work,0.643017590045929,671,0.66162109375,0.6328125,5,6,3508,49.4,303,2,GET1032; GEX1016
Workforce Analytics,TBA4215,Cont and Lifelong Education,SCALE Dean's Office,0.643017590045929,671,0.6669921875,0.630859375,4,7,1225,17.25,1358,1,TBA4215
Clinical Immersion and HealthTech Innovation,BN3101B,College of Design and Engineering,Biomedical Engineering,0.6429687738418579,672,0.69482421875,0.62890625,6,5,1906,26.84,923,1,BN3101B
Design 4,AR2102,College of Design and Engineering,Architecture,0.6429198980331421,673,0.65673828125,0.63232421875,5,6,860,12.11,1653,3,AR2102; LAD2002; LAD2007
Data Analytics for Customer Insights,DSA2361,Science,Statistics and Data Science,0.642871081829071,674,0.66357421875,0.6328125,5,6,3154,44.42,403,1,DSA2361
Honours Project in Nanophysics,PC4288N,Science,Physics,0.642871081829071,674,0.66552734375,0.630859375,2,9,1523,21.45,1159,1,PC4288N
Tissue Engineering for Designing Food,BN4303,College of Design and Engineering,Biomedical Engineering,0.642871081829071,674,0.716796875,0.60693359375,2,9,892,12.56,1624,1,BN4303
SIM: Consumer Insights for Business Growth,MKT4761L,NUS Business School,Marketing,0.642822265625,675,0.6494140625,0.63330078125,3,8,3171,44.66,398,1,MKT4761L
Penetration Testing Practice,IFS4103,Computing,Computer Science,0.642773449420929,676,0.72265625,0.61083984375,7,4,1027,14.46,1512,1,IFS4103
Design For Culture & Identity,ID3102,College of Design and Engineering,Industrial Design,0.642773449420929,676,0.6611328125,0.63623046875,6,5,3391,47.75,336,1,ID3102
Crisis and Disaster Recovery Management,SW4219,Arts and Social Science,Social Work,0.642773449420929,676,0.6708984375,0.62451171875,2,9,1613,22.72,1097,2,SW4219; SW4219HM
Urban-Environmental Field Studies,ENV3105,Science,Biological Sciences,0.6427246332168579,677,0.67041015625,0.6318359375,3,8,3034,42.73,436,1,ENV3105
"Law and the City: Divisions, Aesthetics, Transgressions",NHS2056,NUS College,NUS College Dean's Office,0.6427246332168579,677,0.669921875,0.611328125,1,10,1285,18.1,1312,1,NHS2056
Advanced UROP in Environmental Studies I,ENV3288,Science,Biological Sciences,0.6426757574081421,678,0.6884765625,0.61083984375,2,9,868,12.22,1646,1,ENV3288
Evaluating Environmental Sustainability,ENV3206,Science,Biological Sciences,0.642626941204071,679,0.66455078125,0.62255859375,4,7,2081,29.31,834,1,ENV3206
Fundamentals of Care,NUR1114A,Yong Loo Lin Sch of Medicine,Alice Lee Center for Nursing Studies,0.642529308795929,680,0.68115234375,0.62939453125,2,9,554,7.8,1932,1,NUR1114A
Modern Transistors and Memory Devices,EE4435,College of Design and Engineering,Electrical and Computer Engineering,0.642529308795929,680,0.669921875,0.63134765625,3,8,725,10.21,1775,3,EE4435; EE4435E; TEE4435
Power Electronics,EE2025,College of Design and Engineering,Electrical and Computer Engineering,0.642529308795929,680,0.71923828125,0.619140625,4,7,788,11.1,1718,3,EE2025; EE3501E; TEE3501
Conquering the Seas: Fundamentals of Autonomous Maritime Systems,CDE1301B,College of Design and Engineering,CDE Dean's Office,0.642529308795929,680,0.73779296875,0.61767578125,3,8,702,9.89,1796,1,CDE1301B
Corporate Insolvency Law,LL4402,Law,FoL Dean's Office,0.6424804925918579,681,0.673828125,0.6328125,2,9,1425,20.07,1220,1,LL4402
Advanced UROPS in Food Science & Technology I (REx),FST3288R,Science,Food Science and Technology,0.6424316167831421,682,0.6962890625,0.60986328125,2,9,1624,22.87,1089,1,FST3288R
"Parallel, Concurrent and Distributed Programming",YSC4231,Yale-NUS College,Yale-NUS College,0.642382800579071,683,0.66259765625,0.63232421875,3,8,1309,18.43,1296,1,YSC4231
Current Challenges to Investment Arbitration,LL4360Z,Law,FoL Dean's Office,0.6422363519668579,684,0.6552734375,0.6357421875,4,7,2071,29.16,841,1,LL4360Z
Using R for HR analytics and machine learning,MNO4716,NUS Business School,Management and Organisation,0.6421874761581421,685,0.6533203125,0.63232421875,6,5,875,12.32,1640,1,MNO4716
"Energy: Security, Competitiveness and Sustainability",IE4244,College of Design and Engineering,Industrial Systems Engineering and Management,0.642138659954071,686,0.65576171875,0.6318359375,4,7,3979,56.03,200,1,IE4244
REITs Facilities Management,PF4306,College of Design and Engineering,Built Environment,0.642138659954071,686,0.6572265625,0.62890625,3,8,1072,15.1,1479,1,PF4306
Chinese Personalities in Southeast Asia,CH2298,Arts and Social Science,Chinese Studies,0.642041027545929,687,0.68017578125,0.62841796875,3,8,1556,21.91,1135,1,CH2298
Machine Learning in Chemical Engineering,CN3105,College of Design and Engineering,Chemical and Biomolecular Engineering,0.642041027545929,687,0.6748046875,0.6318359375,4,7,783,11.03,1723,1,CN3105
Wireless Networking,CS4222,Computing,Computer Science,0.6419922113418579,688,0.67626953125,0.62353515625,5,6,824,11.6,1686,1,CS4222
"Computing Machines, Models, and Mind",NST2056,NUS College,NUS College Dean's Office,0.6419922113418579,688,0.67529296875,0.62353515625,4,7,199,2.8,2276,1,NST2056
Singapore Arts In and Through 1997,YHU3382,Yale-NUS College,Yale-NUS College,0.6419922113418579,688,0.67431640625,0.63525390625,4,7,2509,35.33,630,1,YHU3382
Design Capstone,EE4002D,College of Design and Engineering,Electrical and Computer Engineering,0.6419922113418579,688,0.65380859375,0.62890625,4,7,1351,19.03,1269,1,EE4002D
The Lean Six Sigma Playbook,DOS4715,NUS Business School,Analytics and Operations,0.6419922113418579,688,0.6669921875,0.6142578125,2,9,3314,46.67,357,1,DOS4715
Industrial Control Systems,EE4303,College of Design and Engineering,Electrical and Computer Engineering,0.6419433355331421,689,0.66162109375,0.630859375,3,8,818,11.52,1692,3,EE4303; EE4303E; TEE4303
TIM: Marketing in Social Networks,MKT3422E,NUS Business School,Marketing,0.641845703125,690,0.64990234375,0.6357421875,4,7,3175,44.71,395,2,MKT3422E; MKT3761E
Clinical Practice: Medical/Surgical II,NUR2106B,Yong Loo Lin Sch of Medicine,Alice Lee Center for Nursing Studies,0.641796886920929,691,0.65869140625,0.6328125,3,8,995,14.01,1538,2,NUR2106B; NUR3106B
Seminars in Accounting: Advanced Corporate Governance,ACC4612G,NUS Business School,Accounting,0.641796886920929,691,0.66259765625,0.63232421875,5,6,3749,52.8,246,2,ACC4612G; ACC4761F
(Re)Building Communities: Insights from India,UTC2404,Residential College,College of Alice and Peter Tan,0.6417480707168579,692,0.646484375,0.64013671875,2,9,3804,53.57,235,1,UTC2404
Music Project and Design,MUA3169,YST Conservatory of Music,YSTCM Dean's Office,0.6416991949081421,693,0.66162109375,0.62939453125,7,4,2037,28.69,858,1,MUA3169
Media Japanese 2,LAJ4203,Arts and Social Science,Centre for Language Studies,0.6416991949081421,693,0.6796875,0.6162109375,5,6,1421,20.01,1222,2,LAJ4203; LAJ4203HM
Monetary Law,LL4348,Law,FoL Dean's Office,0.6416991949081421,693,0.66064453125,0.62890625,1,10,989,13.93,1544,2,LL4348; LL4348V
Value Based Healthcare,BMI3102,Yong Loo Lin Sch of Medicine,NUS Medicine Dean's Office,0.6416991949081421,693,0.66845703125,0.623046875,4,7,824,11.6,1686,1,BMI3102
"Music Markets in Western, Korean, and Singaporean Contexts: A Storytelling Approach",MUA3217,YST Conservatory of Music,YSTCM Dean's Office,0.641650378704071,694,0.65576171875,0.6298828125,5,6,3195,44.99,391,1,MUA3217
Jr Sem: Relationships in the Digital Age,UTC1422,Residential College,College of Alice and Peter Tan,0.641650378704071,694,0.66357421875,0.6328125,4,7,3550,49.99,291,1,UTC1422
Communicative Competence in Action,NM2105,Arts and Social Science,Communications and New Media,0.641650378704071,694,0.65771484375,0.6318359375,5,6,3566,50.22,284,1,NM2105
Perspectives in Environmental Biotechnology,YSC3269,Yale-NUS College,Yale-NUS College,0.641552746295929,695,0.72607421875,0.6171875,2,9,1779,25.05,998,1,YSC3269
English for Academic Purposes (Music) 1,EM1201,Non-Faculty-based Departments,Center for Engl Lang Comms,0.641552746295929,695,0.71533203125,0.626953125,4,7,1814,25.55,974,1,EM1201
Applied Project in Statistics,ST4299,Science,Statistics and Data Science,0.6415039300918579,696,0.67041015625,0.62255859375,5,6,4860,68.44,77,1,ST4299
Field Exposure Japan: Fashion Business,JS2880A,Arts and Social Science,Japanese Studies,0.6414550542831421,697,0.64990234375,0.63916015625,2,9,4467,62.91,130,1,JS2880A
Jr Sem: The Pursuit of Happiness,UTC1409,Residential College,College of Alice and Peter Tan,0.6414550542831421,697,0.64501953125,0.64013671875,4,7,4119,58.01,185,1,UTC1409
Human Capital Management,MNO3333,NUS Business School,Management and Organisation,0.641406238079071,698,0.65087890625,0.6357421875,4,7,4151,58.46,180,2,MNO3333; MNO3701
Silicon Micro Systems,EE4509,College of Design and Engineering,Electrical and Computer Engineering,0.641406238079071,698,0.66943359375,0.6337890625,4,7,891,12.55,1625,1,EE4509
Advanced Assurance and Attestation,ACC3712,NUS Business School,Accounting,0.641357421875,699,0.67431640625,0.6337890625,9,2,5673,79.89,20,2,ACC3712; ACC4615
Project Management and Finance,PF1101A,College of Design and Engineering,Built Environment,0.6412597894668579,700,0.65966796875,0.630859375,5,6,1584,22.31,1117,1,PF1101A
Synthetic Strategies for Drug Substances,PHS4220,Science,PharmacyandPharmaceuticalScience,0.6412597894668579,700,0.6767578125,0.60498046875,3,8,397,5.59,2081,1,PHS4220
Cultural Performances and Practices in Singapore,GES1039,Arts and Social Science,"English,Ling.andTheatre Studies",0.6412109136581421,701,0.65673828125,0.6337890625,6,5,2849,40.12,498,2,GES1039; GESS1028
Global EC Dimensions of Singapore,GES1002,Arts and Social Science,Economics,0.641162097454071,702,0.642578125,0.63916015625,3,8,2786,39.23,521,3,GES1002; GESS1000; GESS1000T
Advanced UROP in Environmental Studies II,ENV3289,Science,Biological Sciences,0.64111328125,703,0.68408203125,0.6103515625,2,9,815,11.48,1694,1,ENV3289
Smart Facilities,PF3502,College of Design and Engineering,Built Environment,0.64111328125,703,0.66162109375,0.6240234375,5,6,784,11.04,1722,1,PF3502
Principles of Port Finance and Regulation,LL4464,Law,FoL Dean's Office,0.641064465045929,704,0.6708984375,0.62841796875,5,6,2847,40.09,500,2,LL4464; LL4464V
Engineering Electromagnetics,EE2011,College of Design and Engineering,Electrical and Computer Engineering,0.641064465045929,704,0.6650390625,0.63134765625,3,8,1266,17.83,1328,3,EE2011; EE2011E; TEE2011
IoT Security,CS4276,Computing,Computer Science,0.6410156488418579,705,0.69384765625,0.623046875,7,4,560,7.89,1926,1,CS4276
Food Analysis and Lab,FST2107,Science,Food Science and Technology,0.6409667730331421,706,0.67724609375,0.619140625,5,6,1110,15.63,1450,2,FST2107; FST3111
Advanced Technology Attachment Programme,CP3880,Computing,SoC Dean's Office,0.6409667730331421,706,0.65771484375,0.62890625,8,3,4413,62.15,137,1,CP3880
Seminars in Sustainable Cities,DE4201,College of Design and Engineering,Architecture,0.640917956829071,707,0.669921875,0.62158203125,5,6,2451,34.52,657,1,DE4201
Reading/Writing Chinese,CL3104,Arts and Social Science,Chinese Studies,0.640917956829071,707,0.68505859375,0.61376953125,5,6,469,6.6,2012,2,CL3104; CL3104S
Trusts Law in the Asia-Pacific Region,LL4481,Law,FoL Dean's Office,0.640917956829071,707,0.6787109375,0.623046875,2,9,1178,16.59,1395,2,LL4481; LL4481V
Advanced Design Thinking,DTK2234,College of Design and Engineering,Architecture,0.640869140625,708,0.70849609375,0.61767578125,4,7,761,10.72,1743,1,DTK2234
Designing with Environmental Systems,AR2724,College of Design and Engineering,Architecture,0.640869140625,708,0.69580078125,0.61865234375,4,7,1003,14.12,1532,1,AR2724
Linear Finite Element Analysis,CE4257,College of Design and Engineering,Civil and Environmental Engineering,0.6407715082168579,709,0.6591796875,0.6259765625,2,9,1031,14.52,1510,2,CE4257; TCE4257
Beginning Chinese 2,YLC1202,Yale-NUS College,Yale-NUS College,0.6407226324081421,710,0.66357421875,0.62646484375,3,8,821,11.56,1689,1,YLC1202
Venture Creation: Process and Mindset,ETP4212,NUS,NUS Enterprise Academy,0.6407226324081421,710,0.6611328125,0.62841796875,5,6,3441,48.46,324,1,ETP4212
Conservation & Urban Tropical Ecology in SE Asia,GE3245,Arts and Social Science,Geography,0.6407226324081421,710,0.6708984375,0.625,6,5,2872,40.45,494,1,GE3245
Topics in English Language,EL3880,Arts and Social Science,"English,Ling.andTheatre Studies",0.640673816204071,711,0.658203125,0.6279296875,6,5,2367,33.33,696,3,EL3880; EL4880; EL4880HM
Anglo-American Corporate Governance,LL4507,Law,FoL Dean's Office,0.640625,712,0.64892578125,0.63671875,3,8,4981,70.15,63,2,LL4507; LL4507V
Classical Chinese Through Philosophical Texts,PH4311,Arts and Social Science,Philosophy,0.640625,712,0.666015625,0.615234375,4,7,607,8.55,1883,2,PH4311; PH4311HM
Performing Arts in Practice (Dance) 1,CFA1101B,YST Conservatory of Music,YSTCM Dean's Office,0.640576183795929,713,0.67919921875,0.61669921875,5,6,1919,27.02,915,1,CFA1101B
Industrial & Systems Engrg Principles & Practice I,IE1111R,College of Design and Engineering,Industrial Systems Engineering and Management,0.640576183795929,713,0.677734375,0.63232421875,3,8,2518,35.46,626,1,IE1111R
Advanced Practicum in International Arbitration,LL4338V,Law,FoL Dean's Office,0.6405273675918579,714,0.67578125,0.6171875,2,9,3173,44.68,397,1,LL4338V
Technology Integration I,AR2151,College of Design and Engineering,Architecture,0.6404784917831421,715,0.65380859375,0.63330078125,6,5,3194,44.98,392,1,AR2151
Clinical Experience III,NUR3204C,Yong Loo Lin Sch of Medicine,Alice Lee Center for Nursing Studies,0.640429675579071,716,0.6796875,0.619140625,3,8,947,13.34,1577,1,NUR3204C
Principles of Visual Communication Design,NM3217,Arts and Social Science,Communications and New Media,0.640429675579071,716,0.65966796875,0.62060546875,5,6,414,5.83,2066,1,NM3217
Integrative Health Capstone,MIH3201,Yong Loo Lin Sch of Medicine,NUS Medicine Dean's Office,0.640380859375,717,0.64892578125,0.63232421875,3,8,3858,54.33,223,1,MIH3201
International Arbitration in Asian Centres,LL4317V,Law,FoL Dean's Office,0.640380859375,717,0.69775390625,0.62158203125,4,7,3049,42.94,433,1,LL4317V
Collaborative Piano - Piano Ensemble,MUA2240,YST Conservatory of Music,YSTCM Dean's Office,0.640332043170929,718,0.70947265625,0.6201171875,2,9,1528,21.52,1154,3,MUA2240; MUA3240; MUA4240
Social Work Field Practice (I),SW3103A,Arts and Social Science,Social Work,0.640332043170929,718,0.65966796875,0.62841796875,2,9,3612,50.87,275,3,SW3103A; SW3103B; SW3103C
Mental Health Nursing,NUR2113,Yong Loo Lin Sch of Medicine,Alice Lee Center for Nursing Studies,0.6402832269668579,719,0.6513671875,0.6318359375,1,10,421,5.93,2059,1,NUR2113
Advanced UROPS in Sustainable Chemistry I,CM3288S,Science,Chemistry,0.6402343511581421,720,0.669921875,0.61669921875,3,8,1219,17.17,1362,1,CM3288S
Machine Learning with Applications,EE3703,College of Design and Engineering,Electrical and Computer Engineering,0.640185534954071,721,0.67626953125,0.62158203125,3,8,368,5.18,2110,1,EE3703
Basic Principles of Drug Design and Development,PHS2115,Science,PharmacyandPharmaceuticalScience,0.64013671875,722,0.6953125,0.62060546875,3,8,1512,21.29,1167,1,PHS2115
Decision Modeling & Risk Analysis,IE4243,College of Design and Engineering,Industrial Systems Engineering and Management,0.64013671875,722,0.6748046875,0.62744140625,5,6,1635,23.02,1082,1,IE4243
Partnership and LLP Law,LL4194,Law,FoL Dean's Office,0.640087902545929,723,0.6474609375,0.63037109375,1,10,1875,26.4,941,1,LL4194
Stakeholders: Community Engagement as a Sum of Diverse Parts,UTC2414,Residential College,College of Alice and Peter Tan,0.640087902545929,723,0.66015625,0.62353515625,7,4,2836,39.94,502,2,UTC2414; UTS2410
Introduction to Health Sciences,BMI1102,Yong Loo Lin Sch of Medicine,NUS Medicine Dean's Office,0.6400390863418579,724,0.6552734375,0.61669921875,4,7,667,9.39,1829,1,BMI1102
ERP Systems with Analytics Solutions,IS3221,Computing,Information Systems and Analytics,0.6400390863418579,724,0.65380859375,0.62744140625,6,5,2316,32.62,719,1,IS3221
Information Systems and Analytics Research Methodology,CP3100,Computing,Information Systems and Analytics,0.6400390863418579,724,0.67529296875,0.6279296875,5,6,1526,21.49,1156,1,CP3100
Information Security Governance and Audit,TIC4306,Cont and Lifelong Education,SCALE Dean's Office,0.6400390863418579,724,0.6591796875,0.6298828125,7,4,1532,21.57,1151,1,TIC4306
Real-Time Embedded Systems,EE4214,College of Design and Engineering,Electrical and Computer Engineering,0.6400390863418579,724,0.65234375,0.63330078125,4,7,2158,30.39,794,3,EE4214; EE4214E; TEE4214
Advanced UROP in Environmental Studies I (REx),ENV3288R,Science,Biological Sciences,0.6399902105331421,725,0.67041015625,0.6171875,3,8,1334,18.79,1280,1,ENV3288R
Electrical Engineering Principles and Practice I,EE1111A,College of Design and Engineering,Electrical and Computer Engineering,0.639941394329071,726,0.66064453125,0.6259765625,4,7,993,13.98,1540,1,EE1111A
TIM: Marketing in Developing & Emerging Economies,MKT3422B,NUS Business School,Marketing,0.639941394329071,726,0.64697265625,0.63720703125,4,7,2934,41.32,469,2,MKT3422B; MKT3761B
Big data and Labour Market Analysis,EC4361,Arts and Social Science,Economics,0.639941394329071,726,0.66357421875,0.62744140625,5,6,3648,51.37,269,2,EC4361; EC4361HM
Social Work Practice in the Field of Disability,SW3226,Arts and Social Science,Social Work,0.639941394329071,726,0.71435546875,0.60595703125,3,8,561,7.9,1925,1,SW3226
Technology and Business Innovation,DOS3811,NUS Business School,Analytics and Operations,0.639892578125,727,0.6611328125,0.63330078125,6,5,2589,36.46,598,2,DOS3811; DSC3227
Contemporary Social Issues in Singapore,GEK1012,Arts and Social Science,Social Work,0.639892578125,727,0.6845703125,0.62939453125,3,8,2100,29.57,826,2,GEK1012; GES1016
Philosophy of Artificial Intelligence & Machine Learning,YHU3387,Yale-NUS College,Yale-NUS College,0.639843761920929,728,0.6962890625,0.6201171875,4,7,128,1.8,2347,1,YHU3387
Early Language Development,PL4221,Arts and Social Science,Psychology,0.639843761920929,728,0.6455078125,0.63232421875,2,9,489,6.89,1994,2,PL4221; PL4221HM
Technology Management Strategy,MT4002,College of Design and Engineering,Industrial Systems Engineering and Management,0.6397949457168579,729,0.65625,0.63330078125,5,6,2350,33.09,703,1,MT4002
Clinical Health Assessment and Reasoning,NUR2501,Yong Loo Lin Sch of Medicine,Alice Lee Center for Nursing Studies,0.6397460699081421,730,0.685546875,0.62744140625,2,9,1235,17.39,1349,1,NUR2501
Particle Technology,CN3124E,Cont and Lifelong Education,SCALE Dean's Office,0.639697253704071,731,0.6513671875,0.62890625,4,7,1421,20.01,1222,2,CN3124E; TCN3124
Sustainable Urban Water Technologies,ESE3401,College of Design and Engineering,Civil and Environmental Engineering,0.639599621295929,732,0.66845703125,0.61962890625,4,7,1155,16.27,1412,1,ESE3401
Sustainability Law and Policy,YID3228,Yale-NUS College,Yale-NUS College,0.639599621295929,732,0.66650390625,0.6279296875,6,5,2603,36.66,593,1,YID3228
Chinese Grammar,CL2103,Arts and Social Science,Chinese Studies,0.6395508050918579,733,0.6875,0.61376953125,3,8,339,4.77,2138,2,CL2103; CL2103S
Entrepreneurial Marketing,TR2201,Non-Faculty-based Departments,NUS Enterprise Academy,0.639453113079071,734,0.6474609375,0.62939453125,3,8,2562,36.08,614,4,TR2201; TR2201A; TR2201B; TR2201Y
Basic UROP in Environmental Studies I,ENV2288,Science,Biological Sciences,0.639453113079071,734,0.6884765625,0.60888671875,3,8,905,12.74,1613,1,ENV2288
Membrane Tech In Env Applns,ESE4403,College of Design and Engineering,Civil and Environmental Engineering,0.639453113079071,734,0.66650390625,0.62548828125,5,6,1251,17.62,1338,1,ESE4403
Business Valuation in Practice,LL4527,Law,FoL Dean's Office,0.639453113079071,734,0.67236328125,0.62353515625,4,7,3330,46.89,351,2,LL4527; LL4527V
Robotic Materials,MLE4228,College of Design and Engineering,Materials Science and Engineering,0.639453113079071,734,0.66552734375,0.62451171875,3,8,512,7.21,1972,1,MLE4228
Emerging materials for renewable fuels and clean water,MLE4221,College of Design and Engineering,Materials Science and Engineering,0.639404296875,735,0.7021484375,0.607421875,3,8,773,10.89,1731,1,MLE4221
Healthcare Research Software,BMI2109,Yong Loo Lin Sch of Medicine,NUS Medicine Dean's Office,0.639355480670929,736,0.66357421875,0.62109375,5,6,923,13.0,1597,1,BMI2109
Strategic Cybersecurity,IS4238,Computing,Information Systems and Analytics,0.6393066644668579,737,0.67236328125,0.6162109375,5,6,464,6.53,2017,1,IS4238
Global Management of Asian Multinationals,MNO4315,NUS Business School,Management and Organisation,0.63916015625,738,0.646484375,0.63525390625,5,6,4235,59.64,165,1,MNO4315
Conceptual Introduction to Machine Learning,HS1502,Science,Physics,0.63916015625,738,0.70068359375,0.61181640625,4,7,192,2.7,2283,1,HS1502
Southeast Asian Literatures in English,EN3269,Arts and Social Science,"English,Ling.andTheatre Studies",0.6390136480331421,739,0.7275390625,0.62255859375,5,6,1324,18.65,1286,1,EN3269
Personal Property Law,LL4258V,Law,FoL Dean's Office,0.6390136480331421,739,0.654296875,0.6328125,1,10,456,6.42,2025,2,LL4258V; LL4411
Exploration in Musical Production,GEH1040,YST Conservatory of Music,YSTCM Dean's Office,0.6390136480331421,739,0.65966796875,0.62939453125,6,5,4499,63.36,125,3,GEH1040; GEK1065; MUA1240
Integrated Management of Multi-Morbid Patients,PR4152,Science,PharmacyandPharmaceuticalScience,0.638867199420929,740,0.67236328125,0.62548828125,4,7,1812,25.52,976,1,PR4152
"Communications, New Media and Society",NM1101E,Arts and Social Science,Communications and New Media,0.6388183832168579,741,0.65234375,0.62939453125,7,4,2433,34.26,670,2,NM1101E; NM1101X
The Management Of New Prod. Development,TME4209,Cont and Lifelong Education,SCALE Dean's Office,0.6388183832168579,741,0.669921875,0.62890625,5,6,3497,49.25,305,1,TME4209
Atypical Development and Language,PL3251,Arts and Social Science,Psychology,0.6388183832168579,741,0.66455078125,0.62451171875,3,8,639,9.0,1855,1,PL3251
Search Engine Optimization and Analytics,BT4212,Computing,Information Systems and Analytics,0.638720691204071,742,0.68115234375,0.6181640625,6,5,1844,25.97,958,1,BT4212
Intelligent Robots: Algorithms and Systems,CS4278,Computing,Computer Science,0.638720691204071,742,0.6826171875,0.611328125,3,8,494,6.96,1990,1,CS4278
Synthetic Biology,LSM3246,Yong Loo Lin Sch of Medicine,Biochemistry,0.638671875,743,0.6728515625,0.61669921875,4,7,1132,15.94,1430,1,LSM3246
Applications and Analysis of Creative AI,UTC2811,Residential College,Acacia College,0.638671875,743,0.6708984375,0.6162109375,4,7,453,6.38,2028,1,UTC2811
Microelectronics Materials and Devices,EE3431C,College of Design and Engineering,Electrical and Computer Engineering,0.638671875,743,0.6591796875,0.6298828125,3,8,739,10.41,1762,3,EE3431C; EE3431E; TEE3431
Household Finance,FIN3134,NUS Business School,Finance,0.638623058795929,744,0.65673828125,0.619140625,3,8,521,7.34,1964,6,FIN3134; FIN3134A; FIN3134B; FIN3719; FIN3719A; FIN3719B
Readings in Modern Japanese,JS4207,Arts and Social Science,Japanese Studies,0.638623058795929,744,0.681640625,0.60791015625,9,2,911,12.83,1607,2,JS4207; JS4207HM
Solid State Physics II,PC4240,Science,Physics,0.638623058795929,744,0.68212890625,0.61669921875,2,9,448,6.31,2032,1,PC4240
Introduction to Bioengineering Design,BN2203,College of Design and Engineering,Biomedical Engineering,0.6385742425918579,745,0.66015625,0.6240234375,3,8,1142,16.08,1421,1,BN2203
International History of Singapore,HY2233,Arts and Social Science,History,0.6385742425918579,745,0.6669921875,0.63134765625,3,8,1834,25.83,964,1,HY2233
Honours Project in Pharmaceutical Science,PHS4199,Science,PharmacyandPharmaceuticalScience,0.6385253667831421,746,0.6884765625,0.62548828125,6,5,2645,37.25,580,1,PHS4199
Business and Technical Communication,IS2101,Non-Faculty-based Departments,Center for Engl Lang Comms,0.6385253667831421,746,0.65283203125,0.63427734375,6,5,5694,80.19,18,1,IS2101
Spectroscopy & Imaging in Biophysical Chemistry,CM4236,Science,Chemistry,0.6385253667831421,746,0.662109375,0.61767578125,2,9,247,3.48,2229,1,CM4236
Foreign Policy and Diplomacy: Issues and Practice,YSS3236,Yale-NUS College,Yale-NUS College,0.6385253667831421,746,0.64892578125,0.6357421875,3,8,1905,26.83,924,1,YSS3236
Robotic System Design,EE3305,College of Design and Engineering,Electrical and Computer Engineering,0.6385253667831421,746,0.73486328125,0.60400390625,2,9,551,7.76,1935,2,EE3305; ME3243
Introductory Data Science for Economics,DSE1101,Science,Statistics and Data Science,0.638476550579071,747,0.712890625,0.6171875,4,7,755,10.63,1749,1,DSE1101
Natural Language Processing,CS4248,Computing,Computer Science,0.638476550579071,747,0.70751953125,0.599609375,4,7,227,3.2,2249,2,CS4248; CS4248R
Chinese Contract Law,LL4088V,Law,FoL Dean's Office,0.638476550579071,747,0.65234375,0.63134765625,3,8,2148,30.25,800,1,LL4088V
Chinese Pop Music in East Asia,CH2275,Arts and Social Science,Chinese Studies,0.638476550579071,747,0.650390625,0.6279296875,3,8,1306,18.39,1299,1,CH2275
Science & Technology Industry Insights I,SP2401,Science,FoS Dean's Office,0.638427734375,748,0.64990234375,0.62646484375,4,7,3907,55.02,216,1,SP2401
Live Interactivity,MUA2251,YST Conservatory of Music,YSTCM Dean's Office,0.638427734375,748,0.67822265625,0.60302734375,6,5,982,13.83,1550,1,MUA2251
Social Media Network Analysis,IS4241,Computing,Information Systems and Analytics,0.638378918170929,749,0.6591796875,0.626953125,7,4,2525,35.56,623,1,IS4241
FinTech Management,FIN4123,NUS Business School,Finance,0.638378918170929,749,0.67138671875,0.6220703125,6,5,1365,19.22,1260,2,FIN4123; FIN4718
Regulation of Healthcare Products,PHS4121,Science,PharmacyandPharmaceuticalScience,0.6383301019668579,750,0.71484375,0.599609375,7,4,866,12.2,1648,1,PHS4121
Comparative Social Service Systems in SEA,SW4214,Arts and Social Science,Social Work,0.6383301019668579,750,0.65478515625,0.6328125,4,7,2912,41.01,481,2,SW4214; SW4214HM
Legal Case Studies,LC2003,Law,FoL Dean's Office,0.6382812261581421,751,0.6484375,0.62939453125,2,9,2343,33.0,708,1,LC2003
FASS Capstone Career Preparation,FAS3551,Arts and Social Science,FASS DO/Office of Programmes,0.6382812261581421,751,0.6904296875,0.6240234375,4,7,3653,51.44,267,1,FAS3551
Communication and Digital Collaborations,NM4256,Arts and Social Science,Communications and New Media,0.638232409954071,752,0.65234375,0.626953125,8,3,2739,38.57,542,2,NM4256; NM4256HM
RVRC Undergraduate Research Opportunity (UROP),RVR2000,Residential College,Ridge View Residential College,0.638232409954071,752,0.6767578125,0.6220703125,5,6,2420,34.08,674,1,RVR2000
Basic UROP in Environmental Studies II,ENV2289,Science,Biological Sciences,0.63818359375,753,0.68408203125,0.60595703125,2,9,879,12.38,1636,1,ENV2289
Planning-Developing A Venture,TR3011,Non-Faculty-based Departments,NUS Enterprise Academy,0.63818359375,753,0.64306640625,0.63330078125,3,8,3589,50.54,280,1,TR3011
Workplace Communication,HS1301,Non-Faculty-based Departments,Center for Engl Lang Comms,0.63818359375,753,0.64208984375,0.6337890625,6,5,4621,65.08,105,1,HS1301
Services Marketing,MKT3711,NUS Business School,Marketing,0.638134777545929,754,0.64111328125,0.634765625,2,9,3368,47.43,343,1,MKT3711
Software Testing,CS4218,Computing,Computer Science,0.638134777545929,754,0.658203125,0.62060546875,3,8,322,4.53,2155,1,CS4218
Topics in Operations & Supply Chain Management,DOS3761,NUS Business School,Analytics and Operations,0.638134777545929,754,0.6650390625,0.62744140625,8,3,1494,21.04,1178,4,DOS3761; DOS3761X; DOS3761Y; DOS3761Z
Making Generosity Viral: Creating a culture of generosity,UTC2737,Residential College,Residential College 4,0.6380370855331421,755,0.65869140625,0.63037109375,6,5,3040,42.81,434,1,UTC2737
Data Analysis in Social Research,SC3209,Arts and Social Science,Sociology and Anthropology,0.6380370855331421,755,0.669921875,0.62109375,6,5,1623,22.86,1090,1,SC3209
State of the Art: A Current View of Music in Singapore,GES1043,YST Conservatory of Music,YSTCM Dean's Office,0.637988269329071,756,0.65185546875,0.62353515625,3,8,2424,34.14,673,2,GES1043; GESS1031
Communications for Social Change,NM4230,Arts and Social Science,Communications and New Media,0.637988269329071,756,0.6650390625,0.62841796875,5,6,2518,35.46,626,2,NM4230; NM4230HM
Sensor System Electronics,ESP1104B,College of Design and Engineering,Engineering Science Programme,0.6378418207168579,757,0.68115234375,0.61962890625,4,7,914,12.87,1604,2,ESP1104B; ESP2111
Basic UROP in Environmental Studies I (REx),ENV2288R,Science,Biological Sciences,0.6378418207168579,757,0.67041015625,0.61279296875,3,8,1554,21.88,1137,1,ENV2288R
Medical Law and Ethics,LL4277V,Law,FoL Dean's Office,0.6377929449081421,758,0.66259765625,0.6240234375,6,5,2273,32.01,742,1,LL4277V
Global Environmental Issues,GEH1025,College of Design and Engineering,Civil and Environmental Engineering,0.637744128704071,759,0.66015625,0.62451171875,3,8,2603,36.66,593,2,GEH1025; GEH1025T
Project Management Law,PF3207,College of Design and Engineering,Built Environment,0.637744128704071,759,0.64453125,0.625,5,6,1778,25.04,999,1,PF3207
Catalysts for Social Good: Social Work in Action,SW1101E,Arts and Social Science,Social Work,0.637744128704071,759,0.65234375,0.63037109375,2,9,2164,30.47,790,1,SW1101E
Network Analytics with Business Applications,DBA4713,NUS Business School,Analytics and Operations,0.6376953125,760,0.66357421875,0.6279296875,2,9,2571,36.21,608,1,DBA4713
Automotive Body & Chassis Engineering,ME4265,College of Design and Engineering,Mechanical Engineering,0.6376953125,760,0.69384765625,0.6240234375,3,8,2208,31.09,769,1,ME4265
CTRL+SHIFT+FUTURE: Social Work and Technology,SW3224,Arts and Social Science,Social Work,0.6376953125,760,0.6474609375,0.63525390625,1,10,3651,51.42,268,1,SW3224
Advanced UROP in Environmental Studies II (REx),ENV3289R,Science,Biological Sciences,0.6376953125,760,0.66455078125,0.61376953125,3,8,1192,16.79,1383,1,ENV3289R
REIT and Business Trust Management,RE4803,NUS Business School,Real Estate,0.637646496295929,761,0.66064453125,0.6298828125,5,6,3328,46.87,352,1,RE4803
Two-Dimensional Materials,MLE4220,College of Design and Engineering,Materials Science and Engineering,0.637646496295929,761,0.7080078125,0.60205078125,3,8,710,10.0,1788,1,MLE4220
Performing Arts in Practice (Music) 2,CFA2101A,YST Conservatory of Music,YSTCM Dean's Office,0.6375976800918579,762,0.69140625,0.615234375,4,7,1846,26.0,957,1,CFA2101A
Econometrics: Theory and Practical Business Applications,BSP4513,NUS Business School,Strategy and Policy,0.6375976800918579,762,0.6728515625,0.62109375,6,5,3033,42.71,437,1,BSP4513
Emerging Technologies in Electrical Engineering,EE1001X,College of Design and Engineering,Electrical and Computer Engineering,0.6375976800918579,762,0.658203125,0.6240234375,5,6,1378,19.41,1253,1,EE1001X
Finite Element Analysis,ME4291,College of Design and Engineering,Mechanical Engineering,0.6375488042831421,763,0.64990234375,0.62841796875,2,9,2069,29.14,843,1,ME4291
Malay 3,LAM3201,Arts and Social Science,Centre for Language Studies,0.6375488042831421,763,0.7177734375,0.6103515625,2,9,800,11.27,1708,1,LAM3201
Strategies for Sustainable Architecture,AR2723,College of Design and Engineering,Architecture,0.637499988079071,764,0.66357421875,0.61328125,3,8,597,8.41,1893,1,AR2723
Revenue Management and Pricing Analytics,IE4214,College of Design and Engineering,Industrial Systems Engineering and Management,0.637451171875,765,0.67822265625,0.62744140625,7,4,3475,48.94,311,1,IE4214
Data Analysis for Pathogen Genomics,SPH3106,SSH School of Public Health,SSH School of Public Health Dean's Office,0.637402355670929,766,0.751953125,0.6103515625,5,6,784,11.04,1722,1,SPH3106
Service Design,DOS4714,NUS Business School,Analytics and Operations,0.6373535394668579,767,0.6494140625,0.62548828125,3,8,1119,15.76,1442,1,DOS4714
Creative Writing in the Marketplace,NM4247,Arts and Social Science,Communications and New Media,0.6373046636581421,768,0.654296875,0.62353515625,5,6,1786,25.15,993,2,NM4247; NM4247HM
Design 8,AR4102,College of Design and Engineering,Architecture,0.6373046636581421,768,0.6494140625,0.62548828125,6,5,2238,31.52,758,3,AR4102; LAD4002; LAD4010
Sensors For Biomedical Applications,EE4601,College of Design and Engineering,Electrical and Computer Engineering,0.6373046636581421,768,0.6806640625,0.61767578125,6,5,1044,14.7,1498,1,EE4601
Advanced Trusts Law,LL4330,Law,FoL Dean's Office,0.6373046636581421,768,0.67529296875,0.6201171875,6,5,674,9.49,1822,1,LL4330
Decision Analytics,NST2016,NUS,NUS College Dean's Office,0.637255847454071,769,0.67919921875,0.62255859375,5,6,2603,36.66,593,1,NST2016
Sustainability and Finance,FIN4125,NUS Business School,Finance,0.637255847454071,769,0.65283203125,0.63232421875,6,5,1244,17.52,1343,2,FIN4125; FIN4720
Capstone Experience,UTS2500,Residential College,College of Alice and Peter Tan,0.63720703125,770,0.6396484375,0.634765625,2,9,3706,52.19,258,1,UTS2500
Nation-Building in Singapore,GES1010,Arts and Social Science,History,0.63720703125,770,0.677734375,0.62646484375,3,8,1483,20.88,1185,3,GES1010; GESS1008; SSA2204
AI Applications for the Built Environment,PF3211,College of Design and Engineering,Built Environment,0.63720703125,770,0.65380859375,0.623046875,5,6,398,5.6,2080,1,PF3211
Old and New Music in Southeast Asia,SE2221,Arts and Social Science,Southeast Asian Studies,0.63720703125,770,0.662109375,0.61181640625,3,8,1279,18.01,1316,1,SE2221
Cardiovascular System: Science & Therapeutics,PR2153,Science,PharmacyandPharmaceuticalScience,0.637158215045929,771,0.6796875,0.61328125,6,5,1259,17.73,1333,1,PR2153
Selected Topics on The Overseas Chinese,CH4244,Arts and Social Science,Chinese Studies,0.637158215045929,771,0.65283203125,0.62353515625,7,4,3356,47.26,345,2,CH4244; CH4244HM
Digital Business and the Metaverse,IS4248,Computing,Information Systems and Analytics,0.637158215045929,771,0.66162109375,0.6171875,5,6,1739,24.49,1019,1,IS4248
Design Fundamentals B,ID1115,College of Design and Engineering,Industrial Design,0.637158215045929,771,0.66162109375,0.62451171875,3,8,698,9.83,1800,1,ID1115
History of Chinese Language,CH4207,Arts and Social Science,Chinese Studies,0.6371093988418579,772,0.6611328125,0.62109375,3,8,309,4.35,2168,3,CH4207; CH4207HM; CL3206
Sustainability Metrics and Performance Analysis,ACC2711,NUS Business School,Accounting,0.6371093988418579,772,0.6611328125,0.61181640625,7,4,2729,38.43,548,1,ACC2711
Food Forensics,FST4203,Science,Food Science and Technology,0.6370605230331421,773,0.6669921875,0.6123046875,5,6,1211,17.05,1368,1,FST4203
Banking and Finance Law in China,LL4549,Law,FoL Dean's Office,0.637011706829071,774,0.65966796875,0.62841796875,5,6,1161,16.35,1408,1,LL4549
Statistical Methods for Finance,ST4245,Science,Statistics and Data Science,0.637011706829071,774,0.65771484375,0.6279296875,5,6,822,11.58,1688,1,ST4245
Thermal Engineering Of Materials,ME4251E,Cont and Lifelong Education,SCALE Dean's Office,0.637011706829071,774,0.69091796875,0.61474609375,2,9,633,8.91,1859,2,ME4251E; TME4251
Microsoft Excel and PowerPoint for Business,BPM1702,NUS Business School,Analytics and Operations,0.636962890625,775,0.66455078125,0.62255859375,6,5,3653,51.44,267,1,BPM1702
Community Link (ComLink) Befrienders,GEN2070,NUS,Office of the Provost,0.636914074420929,776,0.6943359375,0.611328125,4,7,1921,27.05,914,3,GEN2070; GEN2070X; GEN2070Y
Reimagining Work / Life,NHS2054,NUS College,NUS College Dean's Office,0.6368652582168579,777,0.6513671875,0.6259765625,5,6,4872,68.61,75,1,NHS2054
Participatory Social Development in Southeast Asia,NHS2041,NUS College,NUS College Dean's Office,0.6368163824081421,778,0.64599609375,0.62841796875,5,6,2394,33.71,685,1,NHS2041
Microfabrication Process and Technology,MLE4207,College of Design and Engineering,Materials Science and Engineering,0.636767566204071,779,0.65087890625,0.62890625,2,9,411,5.79,2069,1,MLE4207
Media and Culture,SC2214,Arts and Social Science,Sociology and Anthropology,0.63671875,780,0.65771484375,0.62646484375,6,5,2570,36.19,609,1,SC2214
Chinese in Southeast Asia (in English),CH3298,Arts and Social Science,Chinese Studies,0.636669933795929,781,0.6650390625,0.619140625,5,6,1309,18.43,1296,1,CH3298
History of the Malay World,HY3231,Arts and Social Science,History,0.6366211175918579,782,0.69921875,0.61376953125,6,5,2277,32.07,740,1,HY3231
Design Fundamentals C,ID1116,College of Design and Engineering,Industrial Design,0.6365722417831421,783,0.64990234375,0.62646484375,4,7,848,11.94,1664,1,ID1116
Computer Graphics,CS3241,Computing,Computer Science,0.6365722417831421,783,0.6591796875,0.619140625,4,7,754,10.62,1750,2,CS3241; CS3241R
Electrical & Computer Engineering Principles & Practice,EE1111B,College of Design and Engineering,Electrical and Computer Engineering,0.6365722417831421,783,0.65087890625,0.62451171875,4,7,1238,17.43,1348,1,EE1111B
Seminars in Marketing,MKT4761,NUS Business School,Marketing,0.636523425579071,784,0.6474609375,0.63330078125,4,7,2567,36.15,611,1,MKT4761
Business Skills for Oil & Petrochemical Industry,CN4207R,College of Design and Engineering,Chemical and Biomolecular Engineering,0.636474609375,785,0.666015625,0.615234375,5,6,1918,27.01,916,1,CN4207R
Law of Marine Insurance,LL4043,Law,FoL Dean's Office,0.636474609375,785,0.66357421875,0.6123046875,6,5,992,13.97,1541,2,LL4043; LL4043V
Integrated Project for Environmental Sustainability,ESE3011,College of Design and Engineering,Civil and Environmental Engineering,0.636425793170929,786,0.6630859375,0.61865234375,4,7,1777,25.02,1000,1,ESE3011
Public Health and Innovations for Ageing Populations,SPH2402,SSH School of Public Health,SSH School of Public Health Dean's Office,0.636425793170929,786,0.68896484375,0.6162109375,4,7,1324,18.65,1286,1,SPH2402
Communicating Social Issues in Singapore,CLC3301,Non-Faculty-based Departments,Chua Thian Poh Comm Leader Center,0.636425793170929,786,0.65380859375,0.6259765625,5,6,1619,22.8,1092,1,CLC3301
TIF: China's Capital Markets,FIN3120C,NUS Business School,Finance,0.636279284954071,787,0.66064453125,0.61962890625,4,7,1595,22.46,1110,1,FIN3120C
Topics in Singaporean History,HY4236,Arts and Social Science,History,0.636279284954071,787,0.677734375,0.62060546875,5,6,1552,21.86,1139,2,HY4236; HY4236HM
"Food Sensory, Innovation and Packaging",FST3104,Science,Food Science and Technology,0.636279284954071,787,0.6689453125,0.61279296875,5,6,1476,20.79,1191,1,FST3104
Fundamentals of Quantitative Finance,QF2104,Science,Mathematics,0.63623046875,788,0.65185546875,0.62060546875,4,7,653,9.2,1842,1,QF2104
International Mediation,LL4528,Law,FoL Dean's Office,0.63623046875,788,0.68701171875,0.626953125,5,6,2609,36.74,592,2,LL4528; LL4528V
Urban Sociology,SC3206,Arts and Social Science,Sociology and Anthropology,0.63623046875,788,0.6484375,0.6328125,3,8,3427,48.26,326,1,SC3206
Climate Change Law,LL4158,Law,FoL Dean's Office,0.636181652545929,789,0.6484375,0.6181640625,2,9,327,4.6,2150,2,LL4158; LL4158V
Advanced Real Estate Valuation,RE3806,NUS Business School,Real Estate,0.636181652545929,789,0.66357421875,0.62109375,6,5,1807,25.45,978,1,RE3806
Structural Systems,IPM2105,College of Design and Engineering,Built Environment,0.6361328363418579,790,0.65478515625,0.62841796875,2,9,482,6.79,2001,2,IPM2105; PF2102
Water & Wastewater Engineering,CE3141,College of Design and Engineering,Civil and Environmental Engineering,0.6360839605331421,791,0.6650390625,0.6240234375,3,8,1145,16.12,1419,1,CE3141
Decoding Home and Personal Care Products,HSI2006,Science,Chemistry,0.636035144329071,792,0.650390625,0.63134765625,4,7,3008,42.36,448,1,HSI2006
Forensic Accounting,ACC4613,NUS Business School,Accounting,0.636035144329071,792,0.6689453125,0.62353515625,4,7,2056,28.95,850,2,ACC4613; ACC4712
AI Planning and Decision Making,CS4246,Computing,Computer Science,0.635986328125,793,0.65673828125,0.62353515625,4,7,853,12.01,1660,2,CS4246; CS4246R
AAS Project 4,MUA3176,YST Conservatory of Music,YSTCM Dean's Office,0.635937511920929,794,0.65625,0.62158203125,7,4,2287,32.21,734,1,MUA3176
Basic UROP in Environmental Studies II (REx),ENV2289R,Science,Biological Sciences,0.635937511920929,794,0.6650390625,0.60986328125,3,8,1371,19.31,1258,1,ENV2289R
"Pathophysiology, Pharmacology and Nursing Practice III",NUR3120,Yong Loo Lin Sch of Medicine,Alice Lee Center for Nursing Studies,0.635937511920929,794,0.65966796875,0.6240234375,5,6,1261,17.76,1332,1,NUR3120
Community Health Posting,MD4150,Yong Loo Lin Sch of Medicine,NUS Medicine Dean's Office,0.6358886957168579,795,0.65234375,0.6240234375,6,5,2959,41.67,460,1,MD4150
Design Fundamentals A,ID1114,College of Design and Engineering,Industrial Design,0.6358886957168579,795,0.65625,0.62646484375,4,7,679,9.56,1818,1,ID1114
Chinese Anthropolinguistics (taught in English),CL2291,Arts and Social Science,Chinese Studies,0.6358398199081421,796,0.67236328125,0.6142578125,3,8,580,8.17,1907,1,CL2291
Principles of Marketing,MKT1705,NUS Business School,Marketing,0.6358398199081421,796,0.64013671875,0.62646484375,3,8,2790,39.29,519,8,MKT1705; MKT1705A; MKT1705B; MKT1705C; MKT1705D; MKT1705E; MKT1705F; MKT1705X
Customer Analytics & Visualization,MKT4721,NUS Business School,Marketing,0.6357421875,797,0.6611328125,0.6201171875,8,3,2756,38.81,534,1,MKT4721
Society and Economy in Singapore: A Systems View,UTC2719,Residential College,Residential College 4,0.6357421875,797,0.638671875,0.6328125,1,10,3130,44.08,409,2,UTC2719; UTS2710
Independent Work,CDE2606A,College of Design and Engineering,CDE Dean's Office,0.6357421875,797,0.65576171875,0.62451171875,4,7,3561,50.15,287,2,CDE2606A; CDE2606B
Microwave Circuits & Devices,EE4104,College of Design and Engineering,Electrical and Computer Engineering,0.635693371295929,798,0.6767578125,0.60888671875,3,8,343,4.83,2134,1,EE4104
Law of the Marine Environment,LL4444,Law,FoL Dean's Office,0.635693371295929,798,0.658203125,0.609375,4,7,322,4.53,2155,2,LL4444; LL4444V
Chemical And Bio-Catalysis,CN4246E,Cont and Lifelong Education,SCALE Dean's Office,0.6356445550918579,799,0.685546875,0.61572265625,4,7,583,8.21,1905,2,CN4246E; TCN4246
Information Security Practicum I,TIC4301,Cont and Lifelong Education,SCALE Dean's Office,0.635498046875,800,0.646484375,0.62109375,4,7,1055,14.86,1490,1,TIC4301
Design 1,LAD1001,College of Design and Engineering,Architecture,0.635498046875,800,0.71044921875,0.60498046875,5,6,569,8.01,1918,2,LAD1001; LAD1001A
Computational Thinking with AI,UTC2852,Residential College,Acacia College,0.635498046875,800,0.65869140625,0.6201171875,4,7,303,4.27,2174,1,UTC2852
Topics in Chinese Linguistics I,CL2206,Arts and Social Science,Chinese Studies,0.635449230670929,801,0.6728515625,0.61669921875,3,8,432,6.08,2048,1,CL2206
Design Fundamentals E,ID1118,College of Design and Engineering,Industrial Design,0.635449230670929,801,0.65283203125,0.62451171875,5,6,927,13.05,1594,1,ID1118
Surface Science,CM4261,Science,Chemistry,0.635449230670929,801,0.673828125,0.619140625,4,7,1017,14.32,1521,1,CM4261
RVRC Undergraduate Research Opportunity (UROP) REx,RVR2000X,Residential College,Ridge View Residential College,0.635449230670929,801,0.69384765625,0.61962890625,5,6,2813,39.61,513,1,RVR2000X
Robot Perception,EE4309,College of Design and Engineering,Electrical and Computer Engineering,0.6354004144668579,802,0.68896484375,0.61328125,3,8,228,3.21,2248,1,EE4309
Programming Methodology with Python,TIE2030,Cont and Lifelong Education,SCALE Dean's Office,0.6353515386581421,803,0.65478515625,0.61474609375,3,8,995,14.01,1538,1,TIE2030
Digitalisation in the Built Environment,IPM1103I,College of Design and Engineering,Built Environment,0.635302722454071,804,0.6513671875,0.62451171875,6,5,1616,22.76,1094,1,IPM1103I
Fundamentals of Project Management,PF1101,College of Design and Engineering,Built Environment,0.63525390625,805,0.66455078125,0.61572265625,5,6,1089,15.34,1467,1,PF1101
Ethics Refresher Seminar I,LC3003A,Law,FoL Dean's Office,0.63525390625,805,0.64306640625,0.6298828125,1,10,1513,21.31,1166,1,LC3003A
Advanced Trusts and Wealth Management Law,LL4490,Law,FoL Dean's Office,0.635205090045929,806,0.65087890625,0.6298828125,5,6,1217,17.14,1364,2,LL4490; LL4490V
Machine Learning for Physicists,PC3270,Science,Physics,0.635205090045929,806,0.67919921875,0.60498046875,4,7,291,4.1,2186,1,PC3270
"Nurturing AI-Trained Youths through Confidence, Opportunities, Person-Centric Design & Empowerment",UTC2813,Residential College,Acacia College,0.635205090045929,806,0.64208984375,0.62841796875,7,4,1798,25.32,984,1,UTC2813
Urban Wildlife Studies,YSC2250,Yale-NUS College,Yale-NUS College,0.6351562738418579,807,0.658203125,0.61767578125,3,8,1111,15.65,1449,1,YSC2250
Agile IT with DevOps,IS4301,Computing,Information Systems and Analytics,0.6351073980331421,808,0.65234375,0.61865234375,5,6,2184,30.76,780,1,IS4301
Design Fundamentals 1,ID1105,College of Design and Engineering,Industrial Design,0.6351073980331421,808,0.66455078125,0.6142578125,3,8,730,10.28,1770,1,ID1105
Chemical Synthesis Experiments,CM3191,Science,Chemistry,0.635058581829071,809,0.66552734375,0.61328125,5,6,557,7.84,1929,1,CM3191
Biophotonics And Bioimaging,BN4406,College of Design and Engineering,Biomedical Engineering,0.635009765625,810,0.65380859375,0.62109375,2,9,533,7.51,1953,1,BN4406
Tembusu Senior Learning Experience Mentoring Programme,UTC3104,Residential College,Tembusu College,0.635009765625,810,0.6533203125,0.6240234375,5,6,3036,42.75,435,1,UTC3104
Singapore Politics in Comparative Perspective,PS3273,Arts and Social Science,Political Science,0.635009765625,810,0.63720703125,0.6328125,1,10,1465,20.63,1197,1,PS3273
Quantum Computing and Communication,EE4205,College of Design and Engineering,Electrical and Computer Engineering,0.634960949420929,811,0.73046875,0.611328125,5,6,1135,15.98,1428,1,EE4205
Advanced UROPS in Pharmacy II,PR3289,Science,PharmacyandPharmaceuticalScience,0.634960949420929,811,0.66064453125,0.623046875,5,6,2652,37.35,576,1,PR3289
Advanced UROPS in Sustainable Chemistry II (REx),CM3289SR,Science,Chemistry,0.634960949420929,811,0.66015625,0.61865234375,2,9,1831,25.79,966,1,CM3289SR
Business Law in China,LL4524,Law,FoL Dean's Office,0.6349121332168579,812,0.68603515625,0.61279296875,4,7,921,12.97,1599,1,LL4524
Collaborative Piano Vocal Accompaniment 6,MUA4541,YST Conservatory of Music,YSTCM Dean's Office,0.6349121332168579,812,0.68701171875,0.6162109375,2,9,1796,25.29,986,1,MUA4541
Analytics for Risk Management,DBA3713,NUS Business School,Analytics and Operations,0.6349121332168579,812,0.65625,0.61328125,6,5,538,7.58,1948,1,DBA3713
Urban & Sustainability Policies,RE4808,NUS Business School,Real Estate,0.6349121332168579,812,0.67626953125,0.62255859375,3,8,2170,30.56,786,1,RE4808
"Legal Analysis, Research & Communication",LC1016,Law,FoL Dean's Office,0.6349121332168579,812,0.6865234375,0.6181640625,6,5,3491,49.16,307,1,LC1016
Professional Identity and Skills Development III,PR3150,Science,PharmacyandPharmaceuticalScience,0.6349121332168579,812,0.66650390625,0.609375,3,8,1797,25.31,985,1,PR3150
Machines That Learn,UTC1802,Residential College,Acacia College,0.634814441204071,813,0.6923828125,0.60791015625,4,7,158,2.23,2317,1,UTC1802
Biodiversity and Natural History in Singapore,NST2007,NUS College,NUS College Dean's Office,0.634814441204071,813,0.658203125,0.61279296875,6,5,1393,19.62,1239,1,NST2007
Applied Project in Computational Biology,ZB4299,Science,Biological Sciences,0.634814441204071,813,0.7060546875,0.62109375,4,7,2090,29.43,830,1,ZB4299
Interaction Design for Virtual and Augmented Reality,CS4240,Computing,Computer Science,0.634716808795929,814,0.7158203125,0.60595703125,6,5,1192,16.79,1383,2,CS4240; CS4240R
Biotechnology Law,LL4007,Law,FoL Dean's Office,0.6346679925918579,815,0.65625,0.62646484375,4,7,2368,33.35,695,2,LL4007; LL4007V
Design Fundamentals F,ID1119,College of Design and Engineering,Industrial Design,0.6346191167831421,816,0.65771484375,0.623046875,4,7,865,12.18,1649,1,ID1119
Malay 1,LAM1201,Arts and Social Science,Centre for Language Studies,0.6346191167831421,816,0.72314453125,0.599609375,2,9,511,7.2,1973,1,LAM1201
Signals and Systems,CG2023,Multi Disciplinary Programme,Computing and Engineering Programme,0.634570300579071,817,0.6552734375,0.62255859375,4,7,1310,18.45,1295,4,CG2023; EE2023; EE2023E; TEE2023
Principles of Technology Entrepreneurship,IS3251,Computing,Information Systems and Analytics,0.634521484375,818,0.638671875,0.63037109375,2,9,2415,34.01,677,1,IS3251
"""Chineseness"" : Engaging Singapore Chinese Communities",GEN2005,Arts and Social Science,Chinese Studies,0.634521484375,818,0.66259765625,0.62158203125,5,6,2099,29.56,827,1,GEN2005
Experimental Physics II,PC3193,Science,Physics,0.6344238519668579,819,0.65966796875,0.62109375,3,8,557,7.84,1929,1,PC3193
Transregional Chinese Literary Connections,CH4262,Arts and Social Science,Chinese Studies,0.6344238519668579,819,0.71484375,0.611328125,9,2,1798,25.32,984,2,CH4262; CH4262HM
Introduction to Media Writing,NM2220,Arts and Social Science,Communications and New Media,0.6344238519668579,819,0.64013671875,0.6298828125,2,9,2759,38.85,533,1,NM2220
"IT, Management and Organisation",IS1128,Computing,Information Systems and Analytics,0.6343749761581421,820,0.640625,0.62841796875,4,7,2889,40.68,487,1,IS1128
Cross Border Mergers,LL4223,Law,FoL Dean's Office,0.6343749761581421,820,0.66162109375,0.6201171875,6,5,3001,42.26,449,1,LL4223
Sources of Singaporean History,HY4227,Arts and Social Science,History,0.6343749761581421,820,0.68896484375,0.62060546875,4,7,1819,25.62,972,2,HY4227; HY4227HM
CAPT Senior Programme Learning Experience,UTC2502,Residential College,College of Alice and Peter Tan,0.6343749761581421,820,0.650390625,0.625,9,2,4028,56.72,195,1,UTC2502
Public Administration in Asia,GEK2012,Arts and Social Science,Political Science,0.63427734375,821,0.67041015625,0.6181640625,5,6,2522,35.52,625,2,GEK2012; PS2241
Responsible AI: from Algorithms to Impact,CS3268,Computing,Computer Science,0.634228527545929,822,0.6474609375,0.62158203125,3,8,555,7.82,1931,1,CS3268
Legal Environment of Business,BSP1702,NUS Business School,Strategy and Policy,0.634228527545929,822,0.64111328125,0.62548828125,4,7,3012,42.42,445,2,BSP1702; BSP1702X
World Music Ensemble,MUA3219,YST Conservatory of Music,YSTCM Dean's Office,0.634228527545929,822,0.6787109375,0.599609375,3,8,813,11.45,1696,2,MUA3219; MUA3220
Social Design and Worldmaking in Singapore,NHS2057,NUS College,NUS College Dean's Office,0.6341308355331421,823,0.65478515625,0.62109375,8,3,1618,22.79,1093,1,NHS2057
Applied Analytics,DBA4711,NUS Business School,Analytics and Operations,0.634082019329071,824,0.65185546875,0.62255859375,6,5,2162,30.45,791,1,DBA4711
Sustainable Systems for Liveable Cities,CDE2501,College of Design and Engineering,CDE Dean's Office,0.634033203125,825,0.63818359375,0.63330078125,2,9,2094,29.49,828,1,CDE2501
Selected Topics in Chemical Engineering,CN4291,College of Design and Engineering,Chemical and Biomolecular Engineering,0.633984386920929,826,0.64990234375,0.6171875,4,7,1714,24.14,1035,1,CN4291
Social Media Computing,CS4242,Computing,Computer Science,0.633984386920929,826,0.646484375,0.6220703125,6,5,2365,33.31,697,1,CS4242
Database Systems and Management,TCX2003,Cont and Lifelong Education,SCALE Dean's Office,0.633984386920929,826,0.671875,0.6142578125,8,3,2151,30.29,798,1,TCX2003
Food Safety Assurance,FST2108,Science,Food Science and Technology,0.6339355707168579,827,0.6689453125,0.60986328125,6,5,381,5.37,2097,2,FST2108; FST3102
Privacy & Data Protection Law,LL4350,Law,FoL Dean's Office,0.6339355707168579,827,0.6748046875,0.619140625,1,10,2224,31.32,764,2,LL4350; LL4350V
Honours Project in DSA (Statistical Methodology),DSA4288S,Science,Statistics and Data Science,0.6338866949081421,828,0.66845703125,0.62451171875,4,7,1602,22.56,1105,1,DSA4288S
Audit Analytics,TBA4230,Cont and Lifelong Education,SCALE Dean's Office,0.6337890625,829,0.66845703125,0.62255859375,6,5,733,10.32,1767,1,TBA4230
Building an Analytics Organisation,TBA2101,Cont and Lifelong Education,SCALE Dean's Office,0.633740246295929,830,0.65380859375,0.62158203125,5,6,3803,53.56,236,1,TBA2101
Collaborative Piano - Instrumental Accompaniment 6,MUA4542,YST Conservatory of Music,YSTCM Dean's Office,0.6336914300918579,831,0.71630859375,0.609375,2,9,830,11.69,1680,1,MUA4542
Challenges of Emerging Technologies to Financial Regulation,LL4479V,Law,FoL Dean's Office,0.6336425542831421,832,0.67138671875,0.61865234375,7,4,1790,25.21,991,1,LL4479V
Financial Geographies,GE3257,Arts and Social Science,Geography,0.6336425542831421,832,0.66162109375,0.61962890625,5,6,1387,19.53,1245,1,GE3257
The Great Extinction: rewilding and conservation,RVN1001,Residential College,Ridge View Residential College,0.6336425542831421,832,0.6669921875,0.61474609375,6,5,2225,31.33,763,1,RVN1001
Real Estate Marketing,RE3704,NUS Business School,Real Estate,0.633544921875,833,0.64013671875,0.623046875,3,8,2657,37.42,572,1,RE3704
International & Comparative Law Of Sale,LL4027,Law,FoL Dean's Office,0.633544921875,833,0.6533203125,0.62451171875,5,6,2957,41.64,462,1,LL4027
Materials For Industrial Design,ID1321,College of Design and Engineering,Industrial Design,0.633544921875,833,0.6591796875,0.6240234375,2,9,1265,17.81,1329,1,ID1321
Analytical Techniques and Pharmaceutical Applications,PHS2143,Science,PharmacyandPharmaceuticalScience,0.633496105670929,834,0.6572265625,0.62255859375,6,5,1155,16.27,1412,1,PHS2143
Time Series Analysis for Quantitative Finance,QF4205,Science,Mathematics,0.6334472894668579,835,0.650390625,0.61669921875,6,5,543,7.65,1943,1,QF4205
Energy and Green Economy,IE4248,College of Design and Engineering,Industrial Systems Engineering and Management,0.6333984136581421,836,0.66259765625,0.62255859375,3,8,1614,22.73,1096,1,IE4248
Integrated Infrastructure Project,CE3101,College of Design and Engineering,Civil and Environmental Engineering,0.633349597454071,837,0.65478515625,0.62646484375,3,8,1057,14.89,1489,1,CE3101
Advanced UROPS in Sustainable Chemistry I (REx),CM3288SR,Science,Chemistry,0.633349597454071,837,0.658203125,0.61669921875,2,9,1836,25.86,962,1,CM3288SR
Independent Study in Business Analytics,DBA3751,NUS Business School,Analytics and Operations,0.633349597454071,837,0.65966796875,0.615234375,4,7,766,10.79,1738,2,DBA3751; DBA3752
Career Development Group Project,MUA3261,YST Conservatory of Music,YSTCM Dean's Office,0.633349597454071,837,0.63916015625,0.630859375,3,8,4103,57.78,187,1,MUA3261
Aspects of Chinese Linguistics,CL3214,Arts and Social Science,Chinese Studies,0.633349597454071,837,0.65625,0.6181640625,3,8,446,6.28,2034,1,CL3214
Junior Seminar: Social Innovation,UTC1102E,Residential College,Tembusu College,0.63330078125,838,0.63427734375,0.63232421875,2,9,2083,29.33,833,1,UTC1102E
Materials Chemistry 2,CM4253,Science,Chemistry,0.63330078125,838,0.6865234375,0.599609375,2,9,646,9.1,1848,1,CM4253
Law and Society in Southeast Asia,LL4334,Law,FoL Dean's Office,0.633251965045929,839,0.66064453125,0.62451171875,3,8,1986,27.97,881,1,LL4334
Advanced UROPS in Pharmacy I,PR3288,Science,PharmacyandPharmaceuticalScience,0.633251965045929,839,0.65771484375,0.6181640625,5,6,2350,33.09,703,1,PR3288
Functional Programming and Proving,YSC3236,Yale-NUS College,Yale-NUS College,0.633251965045929,839,0.6640625,0.619140625,1,10,1716,24.17,1034,1,YSC3236
Business with a Social Conscience,MNO3331,NUS Business School,Management and Organisation,0.633251965045929,839,0.689453125,0.62060546875,6,5,4884,68.78,73,2,MNO3331; MNO3714
Design Platforms I,ID4107,College of Design and Engineering,Industrial Design,0.633251965045929,839,0.65234375,0.62353515625,7,4,2621,36.91,586,1,ID4107
"Pathophysiology, Pharmacology and Nursing Practice I",NUR1125,Yong Loo Lin Sch of Medicine,Alice Lee Center for Nursing Studies,0.6331542730331421,840,0.64892578125,0.6220703125,4,7,899,12.66,1618,1,NUR1125
Construction Enterprise Management,PF4209,College of Design and Engineering,Built Environment,0.6331542730331421,840,0.65625,0.61474609375,5,6,1301,18.32,1303,1,PF4209
Data Acquisition for Civil Engineering Applications,CE3202,College of Design and Engineering,Civil and Environmental Engineering,0.6331542730331421,840,0.65185546875,0.62060546875,5,6,996,14.03,1537,1,CE3202
Design Fundamentals D,ID1117,College of Design and Engineering,Industrial Design,0.633105456829071,841,0.64990234375,0.6201171875,4,7,614,8.65,1876,1,ID1117
Signals & Communications Design Lab,EE2032,College of Design and Engineering,Electrical and Computer Engineering,0.633056640625,842,0.68115234375,0.6171875,3,8,1009,14.21,1528,1,EE2032
Chinese Medicine: Theory and Practice,GEC1044,Arts and Social Science,Chinese Studies,0.633007824420929,843,0.66455078125,0.615234375,4,7,537,7.56,1949,2,GEC1044; GEH1070
Acute and Specialty Clinical Practice,MD4140,Yong Loo Lin Sch of Medicine,NUS Medicine Dean's Office,0.633007824420929,843,0.6513671875,0.62353515625,3,8,1746,24.59,1015,2,MD4140; MD4140T
SILHCM: Compensation and Performance Management,MNO4313C,NUS Business School,Management and Organisation,0.6329590082168579,844,0.67041015625,0.625,6,5,4975,70.06,64,2,MNO4313C; MNO4761A
Collaborative Piano - Vocal Accompaniment 5,MUA4441,YST Conservatory of Music,YSTCM Dean's Office,0.6329101324081421,845,0.68896484375,0.6103515625,3,8,1935,27.25,908,1,MUA4441
Advanced UROPS in Chemistry II,CM3289,Science,Chemistry,0.6329101324081421,845,0.6591796875,0.61279296875,4,7,555,7.82,1931,1,CM3289
Design Platforms A,ID2107,College of Design and Engineering,Industrial Design,0.6329101324081421,845,0.6484375,0.62451171875,7,4,2642,37.21,581,1,ID2107
Supervised Judicial Research,LL4535,Law,FoL Dean's Office,0.632861316204071,846,0.6513671875,0.62353515625,5,6,2692,37.91,558,1,LL4535
Seminars in Accounting,ACC4761,NUS Business School,Accounting,0.632861316204071,846,0.65087890625,0.62548828125,5,6,1976,27.83,885,1,ACC4761
Professional Identity and Skills Development II,PR2150,Science,PharmacyandPharmaceuticalScience,0.632861316204071,846,0.66015625,0.61474609375,3,8,3456,48.67,317,1,PR2150
Corporate and Securities Law,ACC3702,NUS Business School,Accounting,0.6328125,847,0.65380859375,0.6083984375,5,6,1719,24.21,1032,1,ACC3702
Experimental Animation and the Mechanics of Movement,YHU4251,Yale-NUS College,Yale-NUS College,0.6328125,847,0.671875,0.61376953125,8,3,1424,20.05,1221,1,YHU4251
Basis of Structural Analysis and Saturated Geomechanics,CE2112T,College of Design and Engineering,Civil and Environmental Engineering,0.6328125,847,0.6650390625,0.62158203125,1,10,792,11.15,1715,1,CE2112T
Singapore Politics,YSS3314,Yale-NUS College,Yale-NUS College,0.6328125,847,0.634765625,0.630859375,1,10,912,12.84,1606,1,YSS3314
"""Curating"" Singapore: Museums, Heritage and Spaces",NHS2055,NUS College,NUS College Dean's Office,0.632763683795929,848,0.6962890625,0.60888671875,8,3,2014,28.36,868,2,NHS2055; NHS2055R
Topics in Finance (TIF),FIN3120,NUS Business School,Finance,0.6327148675918579,849,0.6552734375,0.6171875,4,7,884,12.45,1632,1,FIN3120
Financial Market Microstructure,EC4334,Arts and Social Science,Economics,0.6327148675918579,849,0.677734375,0.61181640625,5,6,608,8.56,1882,2,EC4334; EC4334HM
Computer Systems Security,TIC3302,Cont and Lifelong Education,SCALE Dean's Office,0.6326659917831421,850,0.65478515625,0.61669921875,4,7,431,6.07,2049,1,TIC3302
Design Platforms E,ID3107,College of Design and Engineering,Industrial Design,0.632617175579071,851,0.65380859375,0.6220703125,6,5,2942,41.43,465,1,ID3107
Science & Technology Industry Insights II,SP2402,Science,FoS Dean's Office,0.632617175579071,851,0.65087890625,0.619140625,5,6,3717,52.34,254,1,SP2402
Real Estate Wealth Management,RE1901,NUS Business School,Real Estate,0.632617175579071,851,0.65625,0.62451171875,4,7,1312,18.48,1293,1,RE1901
SILHCM: Job Attitudes,MNO4313H,NUS Business School,Management and Organisation,0.632617175579071,851,0.6416015625,0.623046875,3,8,5159,72.65,47,2,MNO4313H; MNO4761B
Life at the Bottom,NHS2075,NUS College,NUS College Dean's Office,0.632568359375,852,0.6376953125,0.62646484375,3,8,2572,36.22,607,1,NHS2075
Distribution & Warehousing,TSC3224,Cont and Lifelong Education,SCALE Dean's Office,0.632568359375,852,0.66015625,0.61669921875,3,8,900,12.67,1617,1,TSC3224
Religion in Chinese Societies,CH2294,Arts and Social Science,Chinese Studies,0.632519543170929,853,0.65234375,0.607421875,5,6,727,10.24,1773,1,CH2294
Contemporary Music Performance,MUA3117,YST Conservatory of Music,YSTCM Dean's Office,0.6324707269668579,854,0.66748046875,0.60546875,2,9,636,8.96,1857,1,MUA3117
Co-ordination and Flexibility in SCM,DOS4712,NUS Business School,Analytics and Operations,0.6324707269668579,854,0.66552734375,0.6142578125,6,5,2121,29.87,813,2,DOS4712; DSC4214
An Understanding of Singapore's Teochew Community,CH2248,Arts and Social Science,Chinese Studies,0.6324707269668579,854,0.6494140625,0.6171875,6,5,2215,31.19,766,1,CH2248
Practical Training Scheme,PF3401,College of Design and Engineering,Built Environment,0.6324707269668579,854,0.64599609375,0.6259765625,6,5,5555,78.23,26,1,PF3401
Digital Technologies in Children and Youth Services,SW4233,Arts and Social Science,Social Work,0.6324218511581421,855,0.68310546875,0.61865234375,5,6,1330,18.73,1283,2,SW4233; SW4233HM
TIM: Social Impact Marketing,MKT3422C,NUS Business School,Marketing,0.6324218511581421,855,0.64697265625,0.625,4,7,2203,31.02,772,2,MKT3422C; MKT3761C
International Investment Law and Arbitration,LL4150,Law,FoL Dean's Office,0.6324218511581421,855,0.654296875,0.6201171875,4,7,649,9.14,1845,2,LL4150; LL4150V
Chinese Corporate & Securities Law,LL4089,Law,FoL Dean's Office,0.632373034954071,856,0.6708984375,0.61767578125,5,6,1826,25.71,968,2,LL4089; LL4089V
Urban Wildlife,YSC4240,Yale-NUS College,Yale-NUS College,0.63232421875,857,0.65576171875,0.61376953125,2,9,1518,21.38,1162,1,YSC4240
The Politics of Language and Literacy in Singapore,NHS2004,NUS College,NUS College Dean's Office,0.63232421875,857,0.6650390625,0.619140625,5,6,1106,15.58,1454,1,NHS2004
Mobile Interaction Design,NM3221,Arts and Social Science,Communications and New Media,0.632275402545929,858,0.6953125,0.60107421875,6,5,811,11.42,1698,3,NM3221; NM4259; NM4259HM
Topics in Real Estate (Summer Programme),RE4802,NUS Business School,Real Estate,0.632275402545929,858,0.65380859375,0.6220703125,3,8,3075,43.3,423,1,RE4802
Advanced Readings in Chinese: Cinematic and Literary Texts,YLC3205,Yale-NUS College,Yale-NUS College,0.6322265863418579,859,0.66162109375,0.61962890625,3,8,631,8.89,1861,1,YLC3205
"English, Singlish and intercultural communication",UTW1001Q,Non-Faculty-based Departments,Center for Engl Lang Comms,0.6322265863418579,859,0.6533203125,0.62255859375,5,6,2212,31.15,768,1,UTW1001Q
Bachelor Of Engineering Dissertation,ME4101,College of Design and Engineering,Mechanical Engineering,0.6321777105331421,860,0.65380859375,0.6240234375,3,8,1379,19.42,1252,2,ME4101; ME4101A
Computing and Data Analysis for Biologists using R,YSC3266,Yale-NUS College,Yale-NUS College,0.632128894329071,861,0.658203125,0.61376953125,4,7,435,6.13,2045,1,YSC3266
Indonesian Business Law: Theory and Practice,LL4557,Law,FoL Dean's Office,0.632080078125,862,0.6455078125,0.6240234375,2,9,1448,20.39,1209,2,LL4557; LL4557V
Basic UROPS in Food Science & Technology I (REx),FST2288R,Science,Food Science and Technology,0.632080078125,862,0.66845703125,0.6064453125,5,6,2498,35.18,635,1,FST2288R
"Theatre, Big Data and Artificial Intelligence",TS2244,Arts and Social Science,"English,Ling.andTheatre Studies",0.632031261920929,863,0.65625,0.62255859375,4,7,423,5.96,2057,1,TS2244
Advanced Architectural Study 1,AR4001,College of Design and Engineering,Architecture,0.6319824457168579,864,0.66162109375,0.6083984375,2,9,402,5.66,2076,1,AR4001
The Landscape of Health: Evolving Spaces and Technology,MIH2202,Yong Loo Lin Sch of Medicine,Microbiology and Immunology,0.6319335699081421,865,0.650390625,0.60986328125,6,5,1425,20.07,1220,1,MIH2202
Digital Platforms for Business,IS2218,Computing,Information Systems and Analytics,0.631787121295929,866,0.64404296875,0.623046875,7,4,2773,39.05,525,1,IS2218
Design Platforms D,ID2110,College of Design and Engineering,Industrial Design,0.6317383050918579,867,0.65283203125,0.62109375,6,5,2445,34.43,661,1,ID2110
Singapore Economy: Practice and Policy,EC4352,Arts and Social Science,Economics,0.6317383050918579,867,0.65234375,0.6201171875,5,6,2110,29.71,818,2,EC4352; EC4352HM
Media Law and Policy,NM2223,Arts and Social Science,Communications and New Media,0.6316894292831421,868,0.6591796875,0.6162109375,6,5,1631,22.97,1084,1,NM2223
Energy Futures: Environment and Sustainability,GE3254,Arts and Social Science,Geography,0.6316894292831421,868,0.66259765625,0.61474609375,3,8,1347,18.97,1273,1,GE3254
Topics in Business Analytics,DBA3761,NUS Business School,Analytics and Operations,0.6316894292831421,868,0.6533203125,0.619140625,2,9,483,6.8,2000,1,DBA3761
Finite Element Concepts & Applications,CE4257A,College of Design and Engineering,Civil and Environmental Engineering,0.6316894292831421,868,0.662109375,0.62255859375,3,8,840,11.83,1672,1,CE4257A
Advanced Translation,TRA3201,Arts and Social Science,Chinese Studies,0.631640613079071,869,0.65380859375,0.62109375,4,7,1635,23.02,1082,1,TRA3201
Market Validation,ETP4211,Non-Faculty-based Departments,NUS Enterprise Academy,0.631591796875,870,0.63330078125,0.6298828125,2,9,4267,60.09,161,1,ETP4211
Environmental Management in Singapore,ENV4101,Science,Biological Sciences,0.631591796875,870,0.64453125,0.62744140625,5,6,2873,40.46,493,1,ENV4101
Digital Currencies,DSE4211,Science,Mathematics,0.631542980670929,871,0.66845703125,0.6142578125,7,4,903,12.72,1615,2,DSE4211; QF4211
Introduction to Computer Vision and Image Processing,EE4704E,Cont and Lifelong Education,SCALE Dean's Office,0.631542980670929,871,0.73046875,0.56982421875,4,7,91,1.28,2384,2,EE4704E; TEE4704
"Legal Analysis, Writing And Research II",LC1007,Law,FoL Dean's Office,0.6314941644668579,872,0.69287109375,0.61328125,6,5,3071,43.25,424,1,LC1007
Applied Project in Chemistry,CM4299,Science,Chemistry,0.6314941644668579,872,0.6923828125,0.60888671875,8,3,2278,32.08,739,1,CM4299
The Law and Economics of Competition Policy,LL4496,Law,FoL Dean's Office,0.6314941644668579,872,0.638671875,0.62841796875,1,10,2689,37.87,560,2,LL4496; LL4496V
Computer Security,CS3235,Computing,Computer Science,0.6314941644668579,872,0.6474609375,0.6171875,5,6,374,5.27,2104,2,CS3235; TCX3235
Advanced Immunology,LSM4222,Yong Loo Lin Sch of Medicine,Microbiology and Immunology,0.6314941644668579,872,0.66259765625,0.6123046875,3,8,397,5.59,2081,1,LSM4222
Housing Markets and Policies,RE3902,NUS Business School,Real Estate,0.6314452886581421,873,0.64599609375,0.626953125,3,8,3567,50.23,283,1,RE3902
Science for a Sustainable Earth,SP3275,Science,FoS Dean's Office,0.631396472454071,874,0.65625,0.61962890625,4,7,1777,25.02,1000,1,SP3275
Modern Optics,PC3247,Science,Physics,0.63134765625,875,0.65234375,0.60693359375,2,9,485,6.83,1998,1,PC3247
Chinese Painting: Styles and Masters,AH2201,Arts and Social Science,History,0.63134765625,875,0.66357421875,0.61865234375,6,5,1875,26.4,941,1,AH2201
Advanced UROPS in Nanophysics II (REx),PC3289NR,Science,Physics,0.63134765625,875,0.6435546875,0.6201171875,4,7,2103,29.62,824,1,PC3289NR
Advanced UROPS in Data Science and Analytics II,DSA3289,Science,Statistics and Data Science,0.631298840045929,876,0.64697265625,0.6240234375,4,7,1346,18.96,1274,1,DSA3289
Field Studies in Geography: SE Asia,GE3230A,Arts and Social Science,Geography,0.631152331829071,877,0.640625,0.62548828125,8,3,3532,49.74,294,1,GE3230A
Instrumental Techniques in Analytical Chemistry,CM3141,Science,Chemistry,0.631152331829071,877,0.66357421875,0.60888671875,4,7,338,4.76,2139,1,CM3141
Power Electronics for Sustainable Energy Technologies,EE4503,College of Design and Engineering,Electrical and Computer Engineering,0.631103515625,878,0.69970703125,0.61181640625,4,7,648,9.13,1846,1,EE4503
Structural Engineering Principles,CE1109,College of Design and Engineering,Civil and Environmental Engineering,0.631103515625,878,0.6708984375,0.625,3,8,618,8.7,1872,1,CE1109
Western Music within a Singaporean Context,GES1020,YST Conservatory of Music,YSTCM Dean's Office,0.631054699420929,879,0.64306640625,0.62158203125,3,8,1808,25.46,977,2,GES1020; GESS1015
Mathematical Models of Financial Derivatives,QF4103,Science,Mathematics,0.6310058832168579,880,0.701171875,0.6103515625,4,7,559,7.87,1927,1,QF4103
Field Studies in Japan,JS3229,Arts and Social Science,Japanese Studies,0.6310058832168579,880,0.6484375,0.62158203125,3,8,2398,33.77,683,1,JS3229
Microbiology in Natural and Built Environments,ESE3301,College of Design and Engineering,Civil and Environmental Engineering,0.6310058832168579,880,0.75,0.59521484375,4,7,715,10.07,1783,1,ESE3301
Introduction to Systems Engineering,TIE4252,Cont and Lifelong Education,SCALE Dean's Office,0.6310058832168579,880,0.67626953125,0.61767578125,3,8,889,12.52,1627,1,TIE4252
Design Platforms J,ID4108,College of Design and Engineering,Industrial Design,0.6309570074081421,881,0.65771484375,0.619140625,5,6,3052,42.98,432,1,ID4108
Database and Web Applications,TIC2601,Cont and Lifelong Education,SCALE Dean's Office,0.6309570074081421,881,0.6640625,0.61181640625,5,6,1839,25.9,961,1,TIC2601
Chinese Phonetics,CL2102,Arts and Social Science,Chinese Studies,0.6309570074081421,881,0.65087890625,0.61767578125,3,8,450,6.34,2031,1,CL2102
Data Science for the Internet of Things,EE4211,College of Design and Engineering,Electrical and Computer Engineering,0.6309570074081421,881,0.67578125,0.6103515625,4,7,467,6.58,2014,2,EE4211; TEE4211
Piano Pedagogy,MUA4113,YST Conservatory of Music,YSTCM Dean's Office,0.630908191204071,882,0.6640625,0.5986328125,4,7,395,5.56,2083,1,MUA4113
Membrane Science And Engineering,CN4210E,Cont and Lifelong Education,SCALE Dean's Office,0.630908191204071,882,0.66552734375,0.60693359375,3,8,845,11.9,1667,2,CN4210E; TCN4210
Design Platforms C,ID2109,College of Design and Engineering,Industrial Design,0.630859375,883,0.64013671875,0.6240234375,6,5,2766,38.95,527,1,ID2109
B.Eng.Dissertation,IE4100R,College of Design and Engineering,Industrial Systems Engineering and Management,0.630859375,883,0.66162109375,0.619140625,3,8,1615,22.74,1095,1,IE4100R
Critique and Communication of Thinking and Design,ES2631,Non-Faculty-based Departments,Center for Engl Lang Comms,0.630810558795929,884,0.642578125,0.6220703125,3,8,2130,30.0,810,1,ES2631
Gerontechnology in Ageing,BN4102,College of Design and Engineering,Biomedical Engineering,0.6307617425918579,885,0.669921875,0.61962890625,7,4,2102,29.6,825,1,BN4102
Law and Practice of Investment Treaties,LL4178,Law,FoL Dean's Office,0.6307617425918579,885,0.6435546875,0.619140625,3,8,785,11.05,1721,2,LL4178; LL4178V
The Prof Bono Criminal Law Litigation Clinic,LL4094D,Law,FoL Dean's Office,0.6307617425918579,885,0.64453125,0.61767578125,2,9,2862,40.3,496,1,LL4094D
Public Health in Singapore: Challenges and Changes,GES1042,SSH School of Public Health,SSH School of Public Health Dean's Office,0.6307617425918579,885,0.65625,0.6083984375,5,6,1517,21.36,1163,2,GES1042; GESS1030
SIM: Customer Analytics and Visualization,MKT4415G,NUS Business School,Marketing,0.6307617425918579,885,0.6640625,0.6220703125,5,6,2976,41.91,453,1,MKT4415G
The Analysis of Chinese Morphosyntax,CL3217,Arts and Social Science,Chinese Studies,0.6307128667831421,886,0.67626953125,0.615234375,6,5,722,10.17,1777,1,CL3217
Music Programming & Production,MUA3177,YST Conservatory of Music,YSTCM Dean's Office,0.630664050579071,887,0.66748046875,0.609375,8,3,2005,28.24,869,1,MUA3177
Business Leadership Case Analysis,BLD3001,NUS Business School,Management and Organisation,0.630615234375,888,0.6552734375,0.62060546875,3,8,2919,41.11,478,2,BLD3001; MNO3328
Innovation & Enterprise Internship Practicum,ETP3204S,Non-Faculty-based Departments,NUS Enterprise Academy,0.630615234375,888,0.65234375,0.61962890625,6,5,4334,61.03,149,2,ETP3204S; ETP3204T
Design Platforms K,ID4109,College of Design and Engineering,Industrial Design,0.630615234375,888,0.6513671875,0.6181640625,7,4,2877,40.52,490,1,ID4109
Fundamentals of Automotive Engineering,CDE1301F,College of Design and Engineering,CDE Dean's Office,0.630615234375,888,0.66357421875,0.61767578125,3,8,2350,33.09,703,3,CDE1301F; TM4264; TME4264
Singapore: Imagining the Next 50 Years,GES1035,Arts and Social Science,Sociology and Anthropology,0.630566418170929,889,0.64111328125,0.62451171875,4,7,2089,29.42,831,2,GES1035; GESS1025
Changing Landscapes of Singapore,GEK2001,Arts and Social Science,Geography,0.630566418170929,889,0.6552734375,0.6240234375,6,5,2622,36.92,585,4,GEK2001; GES1003; GESS1001; SSA2202
Business Intelligence Systems,IS4240,Computing,Information Systems and Analytics,0.6305176019668579,890,0.65673828125,0.61328125,4,7,731,10.29,1769,1,IS4240
Musical Pathways,MUA3163,YST Conservatory of Music,YSTCM Dean's Office,0.6304687261581421,891,0.64697265625,0.61572265625,4,7,3769,53.08,242,1,MUA3163
Japanese 5,LAJ3201,Arts and Social Science,Centre for Language Studies,0.6304687261581421,891,0.69189453125,0.5927734375,7,4,686,9.66,1811,1,LAJ3201
University Research Opportunities Program,LL4396,Law,FoL Dean's Office,0.630419909954071,892,0.63818359375,0.619140625,3,8,2816,39.66,512,4,LL4396; LL4397; LL4398; LL4399
Everyday Ethics in Singapore,GES1041,Arts and Social Science,Philosophy,0.630419909954071,892,0.640625,0.62890625,3,8,2434,34.28,669,2,GES1041; GESS1029
Global Change and Wildlife Conservation,LSM3272,Science,Biological Sciences,0.630419909954071,892,0.66259765625,0.6103515625,5,6,2874,40.47,492,1,LSM3272
Enterprise Systems Server-side Design and Development,IS2103,Computing,Information Systems and Analytics,0.63037109375,893,0.64404296875,0.62353515625,2,9,2495,35.14,638,1,IS2103
Robot Mechanics and Control,ME4245,College of Design and Engineering,Mechanical Engineering,0.630322277545929,894,0.6748046875,0.59619140625,3,8,568,8.0,1919,3,ME4245; ME4245E; TME4245
Topics in Leadership and Human Capital Management,MNO3313,NUS Business School,Management and Organisation,0.6302734613418579,895,0.63330078125,0.62841796875,3,8,3286,46.28,366,5,MNO3313; MNO3761; MNO3761X; MNO3761Y; MNO3761Z
Collaborative Piano - Instrumental Accompaniment 5,MUA4442,YST Conservatory of Music,YSTCM Dean's Office,0.6302734613418579,895,0.71435546875,0.60107421875,2,9,782,11.01,1724,1,MUA4442
Silicon Device Reliability,EE4408,College of Design and Engineering,Electrical and Computer Engineering,0.6302734613418579,895,0.6474609375,0.6220703125,3,8,874,12.31,1641,1,EE4408
Jr Sem: Discovering Singapore’s Natural History and Heritage,UTC1414,Residential College,College of Alice and Peter Tan,0.6302245855331421,896,0.6640625,0.6123046875,4,7,1831,25.79,966,1,UTC1414
Travel Writing,YHU2236,Yale-NUS College,Yale-NUS College,0.6302245855331421,896,0.63232421875,0.62744140625,2,9,1433,20.18,1215,1,YHU2236
"Chinese Music, Language and Literature (in English)",GEC1001,Arts and Social Science,Chinese Studies,0.6302245855331421,896,0.64501953125,0.60888671875,4,7,592,8.34,1896,3,GEC1001; GEH1006; GEK1053
Statistical Quality Control,ST3235,Science,Statistics and Data Science,0.630175769329071,897,0.63916015625,0.6259765625,1,10,1064,14.98,1483,1,ST3235
Medicinal Chemistry,CM4271,Science,Chemistry,0.630175769329071,897,0.6484375,0.61083984375,3,8,679,9.56,1818,1,CM4271
Classical Chinese,CL3204,Arts and Social Science,Chinese Studies,0.630126953125,898,0.6728515625,0.6083984375,3,8,263,3.7,2213,2,CL3204; YHU2212
Ceramic Materials and Processing,MLE2107,College of Design and Engineering,Materials Science and Engineering,0.630126953125,898,0.66357421875,0.61328125,3,8,505,7.11,1979,1,MLE2107
Kinematics and Dynamics for Robotics,RB2202,College of Design and Engineering,Mechanical Engineering,0.630078136920929,899,0.68115234375,0.60498046875,3,8,970,13.66,1559,1,RB2202
"Religion, Governance and Policymaking in Singapore",UTC2724,Residential College,Residential College 4,0.630078136920929,899,0.67431640625,0.6162109375,7,4,2077,29.25,837,2,UTC2724; UTS2711
Advanced Independent Study in Business Analytics,DBA4751,NUS Business School,Analytics and Operations,0.6300293207168579,900,0.646484375,0.62353515625,4,7,899,12.66,1618,2,DBA4751; DBA4752
Immigration and the City,NHS2022,NUS,NUS College Dean's Office,0.6300293207168579,900,0.65380859375,0.61328125,5,6,2092,29.46,829,1,NHS2022
Strategic Asset Management & PropTech,RE3810,NUS Business School,Real Estate,0.6300293207168579,900,0.65380859375,0.619140625,5,6,2648,37.29,578,1,RE3810
Malay 4,LAM3202,Arts and Social Science,Centre for Language Studies,0.6300293207168579,900,0.71484375,0.58935546875,3,8,631,8.89,1861,1,LAM3202
GEx Beijing,NEX3009,NUS College,NUS College Dean's Office,0.6299804449081421,901,0.6455078125,0.62353515625,6,5,3929,55.33,210,1,NEX3009
Data Science in Quantitative Finance,YSC4228,Yale-NUS College,Yale-NUS College,0.6299804449081421,901,0.68310546875,0.60693359375,4,7,363,5.11,2114,1,YSC4228
Compliance & Good Practices in Pharmacy,PR3145,Science,PharmacyandPharmaceuticalScience,0.629931628704071,902,0.685546875,0.615234375,4,7,598,8.42,1892,1,PR3145
Design Platforms G,ID3109,College of Design and Engineering,Industrial Design,0.629931628704071,902,0.64453125,0.62255859375,5,6,2620,36.9,587,1,ID3109
Introduction to Optics and Imaging,YSC2214,Yale-NUS College,Yale-NUS College,0.6298828125,903,0.6552734375,0.59521484375,3,8,374,5.27,2104,1,YSC2214
Network Technology and Applications,IT2001,Computing,Computer Science,0.6298828125,903,0.64111328125,0.623046875,6,5,1606,22.62,1102,1,IT2001
Singapore and India: Emerging Relations,GES1006,Arts and Social Science,South Asian Studies,0.6298828125,903,0.6318359375,0.6279296875,2,9,2280,32.11,738,3,GES1006; GESS1004; SSA2214
Laboratory Techniques in Pharmaceutical Science II,PHS3191,Science,PharmacyandPharmaceuticalScience,0.6297363042831421,904,0.64306640625,0.61376953125,6,5,419,5.9,2061,1,PHS3191
Mass Media Translation,TRA3202,Arts and Social Science,Chinese Studies,0.6297363042831421,904,0.63916015625,0.62109375,7,4,2901,40.85,484,1,TRA3202
Unsteady Flow in Fluid Systems,ME3233E,Cont and Lifelong Education,SCALE Dean's Office,0.629687488079071,905,0.6494140625,0.61181640625,3,8,950,13.38,1574,2,ME3233E; TME3233
Hepatic and Renal Systems: Science & Therapeutics,PR2155,Science,PharmacyandPharmaceuticalScience,0.629638671875,906,0.64599609375,0.61572265625,1,10,727,10.24,1773,1,PR2155
Sustainable Food Packaging,FST3110,Science,Food Science and Technology,0.6295410394668579,907,0.671875,0.59765625,3,8,435,6.13,2045,1,FST3110
Equity & Trusts (H),LC2006H,Law,FoL Dean's Office,0.6295410394668579,907,0.64990234375,0.62109375,3,8,789,11.11,1717,1,LC2006H
Culture and Communication in Singapore,GES1031,Arts and Social Science,Communications and New Media,0.6294921636581421,908,0.64208984375,0.62646484375,4,7,2178,30.67,782,2,GES1031; GESS1022
Innovation and Design for Communities,CDE2001,College of Design and Engineering,CDE Dean's Office,0.6294921636581421,908,0.66162109375,0.61474609375,8,3,1467,20.66,1196,1,CDE2001
Audio Networks,MUA2177,YST Conservatory of Music,YSTCM Dean's Office,0.629443347454071,909,0.64111328125,0.62451171875,6,5,1269,17.87,1325,1,MUA2177
Capstone Research Project,CN4118N,College of Design and Engineering,Chemical and Biomolecular Engineering,0.629443347454071,909,0.64111328125,0.623046875,5,6,3943,55.53,207,1,CN4118N
"Artificial Intelligence, Information Science & Law",LL4283V,Law,FoL Dean's Office,0.629443347454071,909,0.64111328125,0.62451171875,5,6,479,6.75,2004,1,LL4283V
Advanced Experiments In Analytical & Physical Chemistry,CM3292,Science,Chemistry,0.62939453125,910,0.650390625,0.6220703125,6,5,586,8.25,1902,1,CM3292
Computing Project,CP4106,Computing,Computer Science,0.62939453125,910,0.63916015625,0.619140625,6,5,2915,41.05,480,1,CP4106
"Archives, Biography, Memory in Singapore",NHS2037,NUS College,NUS College Dean's Office,0.62939453125,910,0.6728515625,0.6162109375,7,4,1821,25.64,970,1,NHS2037
Doing Global Visual Culture,GL3201,Arts and Social Science,Political Science,0.62939453125,910,0.65087890625,0.6171875,5,6,1729,24.35,1025,1,GL3201
3D Modeling and Animation,CS3242,Computing,Computer Science,0.62939453125,910,0.6484375,0.6162109375,3,8,767,10.8,1737,1,CS3242
People Strategy,BSN3811,NUS Business School,Strategy and Policy,0.629345715045929,911,0.64599609375,0.625,3,8,2401,33.81,681,1,BSN3811
Singapore Literature in English: Selected Texts,GES1025,Arts and Social Science,"English,Ling.andTheatre Studies",0.629345715045929,911,0.689453125,0.60791015625,5,6,729,10.27,1771,3,GES1025; GESS1034; SSA1207
Living Culture: Engaging Indian Communities in Singapore,GEN2000,Arts and Social Science,South Asian Studies,0.629345715045929,911,0.63671875,0.6259765625,7,4,2837,39.95,501,1,GEN2000
Mathematics for Chemical Engineers 2,TC2411,Cont and Lifelong Education,SCALE Dean's Office,0.629345715045929,911,0.64453125,0.6142578125,4,7,941,13.25,1582,2,TC2411; TCN2411
Applied Project in Life Sciences,LSM4299,Science,Biological Sciences,0.629345715045929,911,0.666015625,0.61474609375,8,3,2763,38.91,530,1,LSM4299
Materials Chemistry 1,CM3253,Science,Chemistry,0.629345715045929,911,0.6845703125,0.60693359375,3,8,349,4.91,2128,1,CM3253
Beginning Chinese 1,YLC1201,Yale-NUS College,Yale-NUS College,0.6292480230331421,912,0.65966796875,0.6162109375,3,8,274,3.86,2203,1,YLC1201
Advanced Independent Study in Finance,FIN4119,NUS Business School,Finance,0.6292480230331421,912,0.64453125,0.62158203125,4,7,2205,31.05,771,3,FIN4119; FIN4129; FIN4751
Introduction to Financial Wellbeing,CFG1003,Non-Faculty-based Departments,Centre for Future-ready Grads,0.629199206829071,913,0.64501953125,0.62353515625,3,8,2268,31.94,744,1,CFG1003
Design Platforms B,ID2108,College of Design and Engineering,Industrial Design,0.629150390625,914,0.642578125,0.6201171875,6,5,2835,39.92,503,1,ID2108
Discourse in Contemporary Design and Culture,ID3111,College of Design and Engineering,Industrial Design,0.629150390625,914,0.63818359375,0.6181640625,5,6,1657,23.33,1068,1,ID3111
Introduction to Paediatric Psychology,PL3255,Arts and Social Science,Psychology,0.629150390625,914,0.67578125,0.59375,4,7,337,4.75,2140,1,PL3255
Law of Global Finance & Crypto Markets,LL4553,Law,FoL Dean's Office,0.629101574420929,915,0.6708984375,0.60595703125,3,8,851,11.98,1662,1,LL4553
Digital and AI Ethics,IS1108,Computing,Information Systems and Analytics,0.6290527582168579,916,0.64111328125,0.61767578125,3,8,1037,14.6,1504,1,IS1108
Digital Control Systems,EE4304,College of Design and Engineering,Electrical and Computer Engineering,0.6290527582168579,916,0.65380859375,0.62060546875,3,8,665,9.36,1831,1,EE4304
Human Factors Engineering: Cases and Tools,IE4252,College of Design and Engineering,Industrial Systems Engineering and Management,0.6290038824081421,917,0.66748046875,0.61767578125,2,9,3160,44.5,401,1,IE4252
Molecular Cell Biology for Biomedical Engineers,BN2112,College of Design and Engineering,Biomedical Engineering,0.6290038824081421,917,0.65283203125,0.61181640625,4,7,939,13.22,1584,1,BN2112
Seminars in Accounting: Advanced Risk Management,ACC4612H,NUS Business School,Accounting,0.628955066204071,918,0.65380859375,0.61767578125,5,6,2264,31.88,746,2,ACC4612H; ACC4761G
La Kopi: Forging of the Chinese Singaporean Community,GES1038,Arts and Social Science,Chinese Studies,0.62890625,919,0.646484375,0.61669921875,3,8,1927,27.14,913,2,GES1038; GESS1027
Construction Law,LL4014,Law,FoL Dean's Office,0.62890625,919,0.634765625,0.623046875,3,8,1354,19.07,1266,2,LL4014; LL4014V
Catalysis for sustainable chemical synthesis,CM4228,Science,Chemistry,0.628857433795929,920,0.68896484375,0.60400390625,4,7,458,6.45,2023,1,CM4228
Insights through Industry Analysis,NHS3007,NUS College,NUS College Dean's Office,0.628857433795929,920,0.64453125,0.6201171875,4,7,4011,56.49,197,2,NHS3007; NHS3802
Environment and Civil Society in Singapore,UTC2402,Residential College,College of Alice and Peter Tan,0.6288086175918579,921,0.66455078125,0.6162109375,8,3,2766,38.95,527,2,UTC2402; UTS2402
Advanced UROPS in Medicinal Chemistry II (REx),CM3289MR,Science,Chemistry,0.6288086175918579,921,0.66015625,0.615234375,5,6,1383,19.48,1248,1,CM3289MR
Current topics on Nanomaterials,MLE4206,College of Design and Engineering,Materials Science and Engineering,0.6288086175918579,921,0.69091796875,0.58984375,3,8,355,5.0,2122,1,MLE4206
Mathematics for Visual Data Processing,MA4268,Science,Mathematics,0.6287597417831421,922,0.6982421875,0.5927734375,4,7,348,4.9,2129,1,MA4268
Arch. Tech. Ii - Enclosure Techniques,AR1325,College of Design and Engineering,Architecture,0.6287597417831421,922,0.65625,0.6181640625,4,7,3279,46.18,369,1,AR1325
Materials Properties Laboratory,MLE2111,College of Design and Engineering,Materials Science and Engineering,0.6287597417831421,922,0.6728515625,0.6025390625,3,8,364,5.13,2113,1,MLE2111
Independent Study in Finance (2 Units),FIN3752,NUS Business School,Finance,0.6287597417831421,922,0.65625,0.60791015625,3,8,1495,21.05,1177,1,FIN3752
Maritime Law,LL4099,Law,FoL Dean's Office,0.628710925579071,923,0.66259765625,0.61865234375,7,4,469,6.6,2012,2,LL4099; LL4099V
"Communications, Culture, and Environment",NM4253,Arts and Social Science,Communications and New Media,0.628710925579071,923,0.650390625,0.615234375,6,5,2399,33.78,682,2,NM4253; NM4253HM
Language Acquisition & Language Development,EL4206,Arts and Social Science,"English,Ling.andTheatre Studies",0.628662109375,924,0.64501953125,0.62158203125,1,10,436,6.14,2044,2,EL4206; EL4206HM
Liveable Cities,EG2501,College of Design and Engineering,CDE Dean's Office,0.628613293170929,925,0.65283203125,0.6240234375,4,7,3527,49.67,296,1,EG2501
Materials Design: Aerospace to Biomedical Applications,MLE3103,College of Design and Engineering,Materials Science and Engineering,0.6285644769668579,926,0.68017578125,0.60595703125,4,7,907,12.77,1611,1,MLE3103
AI and Machine Learning Techniques I,IS2109,Computing,Information Systems and Analytics,0.6285644769668579,926,0.69580078125,0.609375,5,6,164,2.31,2311,1,IS2109
Biocultural Perspectives on Health and Wellbeing,AN2208,Arts and Social Science,Sociology and Anthropology,0.6285156011581421,927,0.64208984375,0.61376953125,3,8,1385,19.5,1247,1,AN2208
Advanced Modeling in Operations Management,TIE4212,Cont and Lifelong Education,SCALE Dean's Office,0.6285156011581421,927,0.6552734375,0.61669921875,7,4,1798,25.32,984,1,TIE4212
What Scientists Do: Insights From A Cell Biologist,SP2718G,Yong Loo Lin Sch of Medicine,Biochemistry,0.6285156011581421,927,0.6474609375,0.61669921875,3,8,911,12.83,1607,1,SP2718G
Collaborative Piano - Vocal Accompaniment 4,MUA4341,YST Conservatory of Music,YSTCM Dean's Office,0.62841796875,928,0.68359375,0.6025390625,2,9,1570,22.11,1126,1,MUA4341
Real Estate Securitisation,RE4804,NUS Business School,Real Estate,0.62841796875,928,0.67626953125,0.60888671875,5,6,950,13.38,1574,1,RE4804
Advanced Structural Materials,MLE4212,College of Design and Engineering,Materials Science and Engineering,0.62841796875,928,0.67041015625,0.60498046875,2,9,2120,29.85,814,1,MLE4212
B. Tech Dissertation,TSC4101,Cont and Lifelong Education,SCALE Dean's Office,0.62841796875,928,0.654296875,0.61767578125,5,6,2226,31.35,762,1,TSC4101
Architectural Tectonics,AR2327,College of Design and Engineering,Architecture,0.62841796875,928,0.64306640625,0.6181640625,3,8,422,5.94,2058,1,AR2327
Construction Technology,IPM2102,College of Design and Engineering,Built Environment,0.628369152545929,929,0.6484375,0.61865234375,4,7,1591,22.41,1114,2,IPM2102; PF2107
Pharmacotherapeutics I,PR2133,Science,PharmacyandPharmaceuticalScience,0.628369152545929,929,0.67529296875,0.6123046875,5,6,551,7.76,1935,1,PR2133
Integrative Seminar for Profn'l Devpt,SW4203,Arts and Social Science,Social Work,0.628369152545929,929,0.6318359375,0.6259765625,4,7,2457,34.6,653,2,SW4203; SW4203HM
Introduction to Clinical Neuropsychology,PL4223,Arts and Social Science,Psychology,0.628369152545929,929,0.66015625,0.60791015625,5,6,844,11.89,1668,2,PL4223; PL4223HM
Introduction to Landscape Architecture,LAD1003,College of Design and Engineering,Architecture,0.628369152545929,929,0.70751953125,0.61083984375,6,5,1243,17.5,1344,1,LAD1003
Business Sustainability,BSN3718,NUS Business School,Strategy and Policy,0.628369152545929,929,0.65966796875,0.61181640625,4,7,2688,37.85,561,1,BSN3718
Introduction to Quantitative Finance,QF1100,Science,Mathematics,0.6282714605331421,930,0.6533203125,0.61572265625,5,6,425,5.99,2055,1,QF1100
Personnel Selection,PL4216,Arts and Social Science,Psychology,0.6282714605331421,930,0.6552734375,0.6171875,4,7,3898,54.89,218,2,PL4216; PL4216HM
Cultivating Collaboration,PLS8001,Arts and Social Science,Psychology,0.628222644329071,931,0.6298828125,0.62646484375,2,9,3136,44.16,406,1,PLS8001
Energy Storage Systems for Electric Grids,EG4211,College of Design and Engineering,CDE Dean's Office,0.628173828125,932,0.6484375,0.61572265625,3,8,941,13.25,1582,1,EG4211
Mobile Application Development,SA4108,NUS-ISS,NUS-ISS,0.628173828125,932,0.67236328125,0.60693359375,3,8,1272,17.91,1322,2,SA4108; SA4108C
Intercultural Performance Practice,TS2242,Arts and Social Science,"English,Ling.andTheatre Studies",0.628173828125,932,0.6328125,0.6220703125,8,3,2339,32.94,710,1,TS2242
Seminars in Marketing: Marketing Technology,MKT4761K,NUS Business School,Marketing,0.628125011920929,933,0.65673828125,0.615234375,8,3,2943,41.44,464,1,MKT4761K
Sense-making Case Analysis: Logistics and Transport,DSA4261,Science,Statistics and Data Science,0.628125011920929,933,0.6494140625,0.6162109375,5,6,1986,27.97,881,1,DSA4261
From Design Thinking to Engineering Design,EG2202,College of Design and Engineering,CDE Dean's Office,0.628125011920929,933,0.63671875,0.623046875,4,7,1118,15.74,1443,1,EG2202
Secured Transactions Law,LL4148,Law,FoL Dean's Office,0.6280761957168579,934,0.6376953125,0.6181640625,2,9,1205,16.97,1373,1,LL4148
Design of Land Transport Infrastructures,CE4221,College of Design and Engineering,Civil and Environmental Engineering,0.6280761957168579,934,0.658203125,0.61279296875,5,6,1519,21.39,1161,2,CE4221; TCE4221
Collaborative Piano - Instrumental Accompaniment 4,MUA4342,YST Conservatory of Music,YSTCM Dean's Office,0.6280273199081421,935,0.71142578125,0.60107421875,2,9,647,9.11,1847,1,MUA4342
Port Logistics,TSC4225,Cont and Lifelong Education,SCALE Dean's Office,0.6280273199081421,935,0.6435546875,0.615234375,7,4,654,9.21,1841,1,TSC4225
Advanced UROPS in Physics II (REx),PC3289R,Science,Physics,0.6280273199081421,935,0.64453125,0.6201171875,5,6,3128,44.05,411,1,PC3289R
Parenting and Child Development,PL4880K,Arts and Social Science,Psychology,0.6280273199081421,935,0.6611328125,0.61328125,3,8,1555,21.9,1136,3,PL4880K; PL4880KHM; YSS4231
Smart Facility Management Robotics,IPM4201,College of Design and Engineering,Built Environment,0.627978503704071,936,0.6728515625,0.61279296875,5,6,929,13.08,1592,1,IPM4201
Identities and Ideas in Modern Market-Driven Societies,UTW1001A,Non-Faculty-based Departments,Center for Engl Lang Comms,0.627978503704071,936,0.6298828125,0.6259765625,1,10,3769,53.08,242,1,UTW1001A
Computer Aided Design and Prototyping,ID2300,College of Design and Engineering,Industrial Design,0.627978503704071,936,0.63232421875,0.62255859375,2,9,1562,22.0,1131,1,ID2300
Advanced UROPS in Chemistry II (REx),CM3289R,Science,Chemistry,0.6279296875,937,0.646484375,0.61572265625,4,7,993,13.98,1540,1,CM3289R
Managing Non-Profit Organisations,PS3262,Arts and Social Science,Political Science,0.6279296875,937,0.63037109375,0.62109375,1,10,799,11.25,1709,1,PS3262
Particle Technology Fundamentals and Applications,CN4218,College of Design and Engineering,Chemical and Biomolecular Engineering,0.627880871295929,938,0.65380859375,0.6201171875,5,6,1199,16.88,1378,1,CN4218
SIMHC: Culture and Management in Asia,MNO4313B,NUS Business School,Management and Organisation,0.6278320550918579,939,0.634765625,0.6220703125,6,5,3535,49.78,293,1,MNO4313B
The Pro Bono Criminal Law Litigation Clinic,LL4094DV,Law,FoL Dean's Office,0.6278320550918579,939,0.66015625,0.61279296875,3,8,2251,31.7,753,1,LL4094DV
Advanced UROPS in Nanophysics I (REx),PC3288NR,Science,Physics,0.6278320550918579,939,0.640625,0.6181640625,4,7,1949,27.45,901,1,PC3288NR
Honours Coursework,NUR4108,Yong Loo Lin Sch of Medicine,Alice Lee Center for Nursing Studies,0.6277831792831421,940,0.66015625,0.61328125,2,9,573,8.07,1914,1,NUR4108
Journey of the Innovator,CP2201,Computing,SoC Dean's Office,0.627734363079071,941,0.65869140625,0.61279296875,8,3,3310,46.61,359,1,CP2201
Equity & Trusts (A),LC2006A,Law,FoL Dean's Office,0.627734363079071,941,0.65771484375,0.61865234375,5,6,712,10.03,1786,1,LC2006A
Introduction to Advanced Porous Materials,CN4213,College of Design and Engineering,Chemical and Biomolecular Engineering,0.627734363079071,941,0.68896484375,0.58349609375,1,10,194,2.73,2281,1,CN4213
Current Topics in Analytical Techniques,CM4267,Science,Chemistry,0.627734363079071,941,0.66455078125,0.61279296875,4,7,1330,18.73,1283,1,CM4267
"Language, Culture, and Mind",EL3209,Arts and Social Science,"English,Ling.andTheatre Studies",0.627685546875,942,0.650390625,0.609375,4,7,1095,15.42,1464,1,EL3209
International Carriage of Passengers by Sea,LL4246,Law,FoL Dean's Office,0.627685546875,942,0.67724609375,0.60791015625,7,4,1513,21.31,1166,1,LL4246
Thematic Systems Project I,CS3281,Computing,Computer Science,0.627636730670929,943,0.63330078125,0.61962890625,5,6,2156,30.36,795,2,CS3281; CS3281R
Advanced Family-Centred Social Work Practice,SW4227,Arts and Social Science,Social Work,0.627636730670929,943,0.6474609375,0.6171875,3,8,1688,23.77,1049,2,SW4227; SW4227HM
Equity & Trusts (B),LC2006B,Law,FoL Dean's Office,0.6275879144668579,944,0.66064453125,0.61962890625,5,6,752,10.59,1752,1,LC2006B
Legal Systems of Asia (A),LC2010A,Law,FoL Dean's Office,0.6275879144668579,944,0.640625,0.6171875,1,10,1279,18.01,1316,1,LC2010A
Modern Control System,ME4246,College of Design and Engineering,Mechanical Engineering,0.6275879144668579,944,0.640625,0.61572265625,3,8,404,5.69,2074,1,ME4246
100% Housing,NHS2084,NUS College,NUS College Dean's Office,0.6275390386581421,945,0.64208984375,0.61328125,3,8,2719,38.29,550,1,NHS2084
Global Strategy and Leadership,YSP1201,Yale-NUS College,Yale-NUS College,0.6275390386581421,945,0.66748046875,0.61669921875,3,8,1605,22.6,1103,1,YSP1201
Teaching and Learning in Clinical Practice,NUR3502,Yong Loo Lin Sch of Medicine,Alice Lee Center for Nursing Studies,0.627490222454071,946,0.66943359375,0.6044921875,5,6,1418,19.97,1224,1,NUR3502
Mining Web Data for Business Insights,BT4222,Computing,Information Systems and Analytics,0.62744140625,947,0.6376953125,0.62060546875,5,6,1349,19.0,1271,1,BT4222
Independent Study in Finance,FIN3129,NUS Business School,Finance,0.62744140625,947,0.64990234375,0.6103515625,3,8,1130,15.91,1432,3,FIN3129; FIN3139; FIN3751
Business Innovation & Cross-Cultural Communication,MNO3717,NUS Business School,Management and Organisation,0.62744140625,947,0.6396484375,0.625,5,6,3819,53.78,232,1,MNO3717
Engineering Strategies for Gene and Cell Manufacturing,BN4304,College of Design and Engineering,Biomedical Engineering,0.62744140625,947,0.6591796875,0.60791015625,4,7,804,11.32,1704,1,BN4304
Basic UROPS in Physics II (REx),PC2289R,Science,Physics,0.62744140625,947,0.63916015625,0.62060546875,5,6,3468,48.84,313,1,PC2289R
Undergraduate Research in Computing I,CP3208,Computing,SoC Dean's Office,0.627392590045929,948,0.64892578125,0.6083984375,4,7,949,13.36,1575,1,CP3208
Introduction to Artificial Intelligence,CS3243,Computing,Computer Science,0.627392590045929,948,0.638671875,0.62109375,3,8,227,3.2,2249,3,CS3243; CS3243R; EE2213
Algorithmic Mechanism Design,CS4261,Computing,Computer Science,0.6273437738418579,949,0.64013671875,0.62060546875,6,5,2699,38.01,556,1,CS4261
Engineering Design in Topical Engineering Challenges,EG2302,College of Design and Engineering,CDE Dean's Office,0.6273437738418579,949,0.63525390625,0.619140625,4,7,1176,16.56,1397,1,EG2302
Bahasa Indonesia 2,LAB2201,Arts and Social Science,Centre for Language Studies,0.6273437738418579,949,0.64697265625,0.61376953125,2,9,743,10.46,1760,1,LAB2201
Introduction to Systems Analytics,IE1113,College of Design and Engineering,Industrial Systems Engineering and Management,0.6272948980331421,950,0.64306640625,0.61572265625,5,6,1519,21.39,1161,1,IE1113
Critical Thinking And Writing,ES1531,Non-Faculty-based Departments,Center for Engl Lang Comms,0.6272948980331421,950,0.63037109375,0.6220703125,2,9,3737,52.63,250,4,ES1531; ES2531; GEK1549; GET1021
Law of Sustainable Finance,LL4542,Law,FoL Dean's Office,0.627246081829071,951,0.67919921875,0.6162109375,4,7,960,13.52,1567,2,LL4542; LL4542V
Sustainable EnergyConversion,ME3221,College of Design and Engineering,Mechanical Engineering,0.627246081829071,951,0.654296875,0.61962890625,3,8,1087,15.31,1468,1,ME3221
Evidence Based Medicine,BMI3101,Yong Loo Lin Sch of Medicine,NUS Medicine Dean's Office,0.627246081829071,951,0.64697265625,0.60693359375,4,7,1234,17.38,1350,1,BMI3101
Design Platforms F,ID3108,College of Design and Engineering,Industrial Design,0.627197265625,952,0.650390625,0.62060546875,6,5,2562,36.08,614,1,ID3108
Basic Translation,TRA2101,Arts and Social Science,Chinese Studies,0.627197265625,952,0.66455078125,0.61376953125,3,8,1486,20.93,1182,1,TRA2101
Experiencing Work: Effects on Behaviour & Well-Being,MNO4712,NUS Business School,Management and Organisation,0.627197265625,952,0.64990234375,0.60791015625,5,6,2420,34.08,674,1,MNO4712
Immune & Endocrine Systems: Science & Therapeutics,PR3152,Science,PharmacyandPharmaceuticalScience,0.627197265625,952,0.6552734375,0.61572265625,4,7,913,12.86,1605,1,PR3152
Media Japanese,LAJ3205,Arts and Social Science,Centre for Language Studies,0.627148449420929,953,0.685546875,0.59619140625,7,4,700,9.86,1798,1,LAJ3205
Transition to Practice,NUR3206C,Yong Loo Lin Sch of Medicine,Alice Lee Center for Nursing Studies,0.6270996332168579,954,0.65185546875,0.6044921875,3,8,2455,34.57,655,1,NUR3206C
Computational Biofluid Dynamics,BN4202A,College of Design and Engineering,Biomedical Engineering,0.6270996332168579,954,0.65478515625,0.6044921875,7,4,1068,15.04,1481,1,BN4202A
Elevating Interpersonal Communication,PLS8005,Arts and Social Science,Psychology,0.6270507574081421,955,0.63330078125,0.62548828125,4,7,3217,45.3,385,1,PLS8005
Sports for Life,VHC1001,Yong Loo Lin Sch of Medicine,Physiology,0.6270507574081421,955,0.6435546875,0.62255859375,5,6,1949,27.45,901,1,VHC1001
Senior Seminar: Negotiating in a Complex World,GEM2907X,Residential College,Tembusu College,0.6270507574081421,955,0.6572265625,0.6162109375,9,2,5368,75.59,35,2,GEM2907X; UTC2107
Chinese in Southeast Asia,CH2243,Arts and Social Science,Chinese Studies,0.6270507574081421,955,0.6474609375,0.6162109375,4,7,1442,20.31,1212,1,CH2243
Contemporary Chinese Society and Culture,CH3271,Arts and Social Science,Chinese Studies,0.6270507574081421,955,0.64208984375,0.611328125,4,7,1381,19.45,1250,1,CH3271
Translation and Interpreting technologies,TRA3205,Arts and Social Science,Chinese Studies,0.6270507574081421,955,0.65185546875,0.61279296875,5,6,1949,27.45,901,1,TRA3205
Understanding How Business Works,BPM1705,NUS Business School,Marketing,0.6270507574081421,955,0.6435546875,0.61865234375,7,4,3977,56.01,202,1,BPM1705
"Cultural Policy, the Arts and Society",TS2234,Arts and Social Science,"English,Ling.andTheatre Studies",0.627001941204071,956,0.640625,0.6181640625,9,2,2455,34.57,655,1,TS2234
Design Platforms L,ID4110,College of Design and Engineering,Industrial Design,0.627001941204071,956,0.64404296875,0.61865234375,6,5,2736,38.53,543,1,ID4110
Assessment of Sustainable Design,AR4323,College of Design and Engineering,Architecture,0.626953125,957,0.65234375,0.60693359375,3,8,1079,15.2,1474,1,AR4323
Thermodynamics and Renewable Energy Technologies,MLE2102,College of Design and Engineering,Materials Science and Engineering,0.626953125,957,0.65234375,0.61181640625,4,7,688,9.69,1809,1,MLE2102
Communications for Inter-generational Engagement,GEN2006,NUS,Center for Engl Lang Comms,0.626953125,957,0.65478515625,0.61376953125,6,5,2527,35.59,622,1,GEN2006
Water Governance in Asia From a Systems Worldview,UTC2717,Residential College,Residential College 4,0.626904308795929,958,0.63720703125,0.62255859375,5,6,2908,40.95,482,2,UTC2717; UTS2708
Risk Assessment and Protection of Vulnerable Clients,SW4231,Arts and Social Science,Social Work,0.6268554925918579,959,0.650390625,0.60888671875,2,9,1403,19.76,1233,2,SW4231; SW4231HM
Southeast Asia Urban Planning and Design Workshop,YSS4283,Yale-NUS College,Yale-NUS College,0.6268554925918579,959,0.63916015625,0.61669921875,8,3,2342,32.98,709,1,YSS4283
Challenges of Emerging Technologies to Financial Regulation.,LL4479,Law,FoL Dean's Office,0.6268066167831421,960,0.66650390625,0.60986328125,6,5,1391,19.59,1241,1,LL4479
Introduction to Data Science,DSA1101,Science,Statistics and Data Science,0.626708984375,961,0.68603515625,0.6064453125,3,8,926,13.04,1595,2,DSA1101; YSC2239
Juried Performance Presentation,MUA1162,YST Conservatory of Music,YSTCM Dean's Office,0.6266113519668579,962,0.658203125,0.60302734375,2,9,1039,14.63,1502,1,MUA1162
Learning with Generative AI Tools,CP1008,Computing,SoC Dean's Office,0.6266113519668579,962,0.66455078125,0.6005859375,3,8,169,2.38,2306,1,CP1008
Community Interpreting,INT3203,Arts and Social Science,Chinese Studies,0.6265624761581421,963,0.6328125,0.6201171875,5,6,3696,52.05,259,1,INT3203
Business Systems: Dynamics and Policy Making,UTC2701,Residential College,Residential College 4,0.6265624761581421,963,0.63818359375,0.61865234375,3,8,4181,58.88,176,1,UTC2701
Communication and Culture,NM2225,Arts and Social Science,Communications and New Media,0.626513659954071,964,0.640625,0.6083984375,6,5,1882,26.5,937,1,NM2225
Engineering Principles In-Action,ESP1111,College of Design and Engineering,Engineering Science Programme,0.626416027545929,965,0.64306640625,0.6162109375,3,8,1758,24.76,1009,1,ESP1111
Japanese Business Management,JS3222,Arts and Social Science,Japanese Studies,0.626416027545929,965,0.6396484375,0.61865234375,7,4,3230,45.49,379,1,JS3222
Sustainable & Green Chemistry,CM4269,Science,Chemistry,0.6263672113418579,966,0.6474609375,0.60400390625,3,8,559,7.87,1927,1,CM4269
Materials Failure,ME4255,College of Design and Engineering,Mechanical Engineering,0.6263672113418579,966,0.6396484375,0.61865234375,3,8,834,11.74,1678,1,ME4255
Human-AI Interaction,IS4400,Computing,Information Systems and Analytics,0.626269519329071,967,0.640625,0.62158203125,2,9,617,8.69,1873,1,IS4400
Undergraduate Research Experience (UREx),CDE2605R,College of Design and Engineering,CDE Dean's Office,0.626220703125,968,0.65087890625,0.61474609375,3,8,2199,30.97,773,1,CDE2605R
Pharmacogenomics & Personalised Medicine,LSM4237,Yong Loo Lin Sch of Medicine,Pharmacology,0.626220703125,968,0.646484375,0.6171875,5,6,1010,14.22,1527,1,LSM4237
Chinese Semantics,CL3213,Arts and Social Science,Chinese Studies,0.626220703125,968,0.6572265625,0.60986328125,3,8,266,3.75,2211,1,CL3213
Pharmacy Internship I,PR4197,Science,PharmacyandPharmaceuticalScience,0.626171886920929,969,0.6435546875,0.6201171875,3,8,2296,32.33,730,2,PR4197; PR4197A
Legal Systems of Asia (E),LC2010E,Law,FoL Dean's Office,0.626171886920929,969,0.63818359375,0.61474609375,2,9,1474,20.76,1192,1,LC2010E
Sense-making Case Analysis: Finance,DSA4265B,Science,Statistics and Data Science,0.6261230707168579,970,0.66015625,0.6171875,5,6,1275,17.96,1319,1,DSA4265B
Big Data Systems for Data Science,CS4225,Computing,Computer Science,0.6261230707168579,970,0.6728515625,0.59912109375,2,9,207,2.92,2268,1,CS4225
Legal Systems of Asia (H),LC2010H,Law,FoL Dean's Office,0.6260741949081421,971,0.63232421875,0.62109375,1,10,1267,17.84,1327,1,LC2010H
Materials for Biointerfaces,MLE3202,College of Design and Engineering,Materials Science and Engineering,0.6260741949081421,971,0.67041015625,0.59423828125,4,7,435,6.13,2045,1,MLE3202
Social Work and Rehabilitation of Offenders,SW4221,Arts and Social Science,Social Work,0.626025378704071,972,0.6748046875,0.60302734375,1,10,613,8.63,1877,2,SW4221; SW4221HM
Environmental Engineering Principles and Practice,ESE2101,College of Design and Engineering,Civil and Environmental Engineering,0.6259765625,973,0.7216796875,0.59912109375,4,7,857,12.07,1656,1,ESE2101
Human Factors Engineering,BMI3306,Yong Loo Lin Sch of Medicine,NUS Medicine Dean's Office,0.6259765625,973,0.65283203125,0.6181640625,7,4,1935,27.25,908,3,BMI3306; IE3250; TIE2150
Predictive Data Analytics,DSA3362,Science,Statistics and Data Science,0.625927746295929,974,0.6591796875,0.609375,5,6,299,4.21,2178,1,DSA3362
Southeast Asian Cosmopolitan Urbanism,AR3613,College of Design and Engineering,Architecture,0.625927746295929,974,0.64990234375,0.6123046875,9,2,2786,39.23,521,1,AR3613
Cities in Nature,CDE2503,College of Design and Engineering,CDE Dean's Office,0.6258300542831421,975,0.6357421875,0.62109375,5,6,2060,29.01,846,1,CDE2503
Chemistry of Food Components,FST2102A,Science,Food Science and Technology,0.6258300542831421,975,0.66943359375,0.599609375,5,6,388,5.46,2090,2,FST2102A; FST2102B
Civil Justice and Procedure,LL4413,Law,FoL Dean's Office,0.6258300542831421,975,0.6494140625,0.615234375,1,10,623,8.77,1867,1,LL4413
SILHCM: Corp Entrepreneurship & Busi Model Evaluation,MNO4313D,NUS Business School,Management and Organisation,0.625781238079071,976,0.640625,0.6201171875,5,6,4409,62.09,138,2,MNO4313D; MNO4861C
Law and Natural Language Processing,LL4530,Law,FoL Dean's Office,0.625732421875,977,0.67333984375,0.599609375,3,8,328,4.62,2149,2,LL4530; LL4530V
TIF: Phy. Comdty Mkt & Assets,FIN3120E,NUS Business School,Finance,0.625732421875,977,0.650390625,0.61328125,4,7,1128,15.89,1433,1,FIN3120E
Advanced UROPS in Medicinal Chemistry I (REx),CM3288MR,Science,Chemistry,0.625732421875,977,0.6552734375,0.61083984375,6,5,1401,19.73,1234,1,CM3288MR
Introduction to Medical Data and Data Processing,BMI2207,Yong Loo Lin Sch of Medicine,NUS Medicine Dean's Office,0.625683605670929,978,0.646484375,0.611328125,3,8,1036,14.59,1505,2,BMI2207; BMI2207C
Professional Practice 2: Basic Skills in Health Professionalism,MD1903,Yong Loo Lin Sch of Medicine,NUS Medicine Dean's Office,0.625683605670929,978,0.64794921875,0.61474609375,5,6,2516,35.43,628,2,MD1903; MD1903C
Software Studies,NM4238,Arts and Social Science,Communications and New Media,0.625683605670929,978,0.6484375,0.609375,2,9,609,8.58,1881,2,NM4238; NM4238HM
Phenomena and Theories of Human-Computer Interaction,CS4249,Computing,Computer Science,0.6256347894668579,979,0.658203125,0.60205078125,5,6,1034,14.56,1507,1,CS4249
German for Musicians 2,MUL2110,YST Conservatory of Music,YSTCM Dean's Office,0.6256347894668579,979,0.6962890625,0.61181640625,2,9,768,10.82,1736,1,MUL2110
Anthropology of China,YSS3268,Yale-NUS College,Yale-NUS College,0.6256347894668579,979,0.64404296875,0.60595703125,3,8,1110,15.63,1450,1,YSS3268
Cognitive Neuropsychology,PL4213,Arts and Social Science,Psychology,0.6255859136581421,980,0.64208984375,0.6162109375,4,7,904,12.73,1614,2,PL4213; PL4213HM
Negotiation & Conflict Resolution,SW3208,Arts and Social Science,Social Work,0.625537097454071,981,0.65869140625,0.61669921875,5,6,2550,35.91,618,1,SW3208
Japanese 1,LAJ1201,Arts and Social Science,Centre for Language Studies,0.625537097454071,981,0.66162109375,0.60107421875,7,4,491,6.91,1993,1,LAJ1201
Valuation,ACC3705,NUS Business School,Accounting,0.62548828125,982,0.6494140625,0.6162109375,5,6,1896,26.7,929,2,ACC3705; ACC4703
Real Estate and Infrastructure Finance,RE2706,NUS Business School,Real Estate,0.62548828125,982,0.66552734375,0.60498046875,5,6,1168,16.45,1402,1,RE2706
Advanced Measurement,PF3205,College of Design and Engineering,Built Environment,0.62548828125,982,0.6474609375,0.6171875,1,10,797,11.22,1711,1,PF3205
Living Lab in the Communities,EE3030B,College of Design and Engineering,Electrical and Computer Engineering,0.625439465045929,983,0.63525390625,0.61669921875,7,4,3819,53.78,232,1,EE3030B
Web Security,TIC4304,Cont and Lifelong Education,SCALE Dean's Office,0.625439465045929,983,0.6494140625,0.61279296875,6,5,605,8.52,1885,1,TIC4304
Intelligent Industrial Control Systems,EE4315,College of Design and Engineering,Electrical and Computer Engineering,0.6253417730331421,984,0.66455078125,0.607421875,2,9,551,7.76,1935,1,EE4315
Computer Networks,EE4204,College of Design and Engineering,Electrical and Computer Engineering,0.6253417730331421,984,0.662109375,0.60107421875,4,7,696,9.8,1802,3,EE4204; EE4204E; TEE4204
Advanced Food Engineering,FST3103,Science,Food Science and Technology,0.6253417730331421,984,0.67041015625,0.60546875,5,6,659,9.28,1837,1,FST3103
Research and Communication in Life Sciences,LSM3201,Science,Biological Sciences,0.625292956829071,985,0.640625,0.6064453125,3,8,1004,14.14,1531,1,LSM3201
Advanced Mathematics in Quantitative Finance,QF3103,Science,Mathematics,0.625292956829071,985,0.65625,0.60986328125,5,6,401,5.65,2077,1,QF3103
Global Open Source Project,CP3101A,Computing,SoC Dean's Office,0.625292956829071,985,0.63134765625,0.6181640625,4,7,1753,24.69,1012,1,CP3101A
Aquatic Ecology Research,SP3203,Science,Biological Sciences,0.625244140625,986,0.6767578125,0.595703125,4,7,559,7.87,1927,1,SP3203
Separation Processes,CN3132,College of Design and Engineering,Chemical and Biomolecular Engineering,0.625195324420929,987,0.63525390625,0.61279296875,2,9,728,10.25,1772,3,CN3132; CN3132E; TCN3132
Applied Geographical Data Science,GE3259,Arts and Social Science,Geography,0.625195324420929,987,0.669921875,0.61279296875,5,6,730,10.28,1770,1,GE3259
Seminars in Accounting: Advanced Accounting Theory,ACC4761C,NUS Business School,Accounting,0.625195324420929,987,0.64404296875,0.61865234375,4,7,1278,18.0,1317,1,ACC4761C
Applications of Physical Chemistry,CM3131,Science,Chemistry,0.6251465082168579,988,0.64306640625,0.6083984375,4,7,688,9.69,1809,1,CM3131
UROPS in Pharmaceutical Science I,PHS3288,Science,PharmacyandPharmaceuticalScience,0.6250976324081421,989,0.65576171875,0.60693359375,7,4,936,13.18,1587,1,PHS3288
Cell Based Proteins for a Sustainable Future,HSI2004,Science,Biological Sciences,0.6250976324081421,989,0.6708984375,0.6025390625,4,7,116,1.63,2359,1,HSI2004
Project Research,ID4121,College of Design and Engineering,Industrial Design,0.6250976324081421,989,0.63671875,0.61865234375,5,6,2431,34.23,671,1,ID4121
Retelling Chinese Stories: Change and Continuity,CH1101E,Arts and Social Science,Chinese Studies,0.6250976324081421,989,0.63623046875,0.61572265625,5,6,1187,16.72,1387,2,CH1101E; CH1101S
Sustainability Risk Management,FIN3722,NUS Business School,Finance,0.6250976324081421,989,0.6455078125,0.6123046875,8,3,1580,22.25,1120,1,FIN3722
China and International Arbitration,LL4458,Law,FoL Dean's Office,0.625048816204071,990,0.6923828125,0.5947265625,3,8,727,10.24,1773,2,LL4458; LL4458V
Planning and Governing Cities,CDE3505,College of Design and Engineering,CDE Dean's Office,0.625048816204071,990,0.65087890625,0.61767578125,6,5,1896,26.7,929,1,CDE3505
Chinese Local History,CH4246,Arts and Social Science,Chinese Studies,0.625048816204071,990,0.66552734375,0.60986328125,6,5,1697,23.9,1044,1,CH4246
German for Musicians 1,MUL2109,YST Conservatory of Music,YSTCM Dean's Office,0.625,991,0.697265625,0.6103515625,2,9,717,10.1,1781,1,MUL2109
Marketing and Consumer Culture in Japan,JS2225,Arts and Social Science,Japanese Studies,0.625,991,0.64697265625,0.61669921875,4,7,2733,38.49,545,1,JS2225
Real Estate Finance Seminar,RE4806,NUS Business School,Real Estate,0.625,991,0.6494140625,0.6044921875,5,6,791,11.14,1716,1,RE4806
The Appreciation of Wood Craft,ID2114,College of Design and Engineering,Industrial Design,0.625,991,0.64990234375,0.615234375,5,6,2563,36.09,613,1,ID2114
Energy and Thermal Systems,ME4226,College of Design and Engineering,Mechanical Engineering,0.625,991,0.65234375,0.61279296875,2,9,1550,21.83,1140,1,ME4226
Thematic Systems Project II,CS3282,Computing,Computer Science,0.624951183795929,992,0.63525390625,0.62109375,4,7,1929,27.17,912,2,CS3282; CS3282R
Consumer Behaviour,MKT3402,NUS Business School,Marketing,0.624951183795929,992,0.646484375,0.6201171875,2,9,2806,39.52,516,8,MKT3402; MKT3402A; MKT3402B; MKT3402C; MKT3402D; MKT3702; MKT3702A; MKT3702B
Cybercrime & Information Security Law,LL4224,Law,FoL Dean's Office,0.624951183795929,992,0.6337890625,0.6044921875,5,6,434,6.11,2046,1,LL4224
Great Ideas in Contemporary Physics,GEH1029,Science,Physics,0.624951183795929,992,0.64892578125,0.61181640625,4,7,1264,17.8,1330,1,GEH1029
Human Performance in Real and Virtual Environments,PL4255,Arts and Social Science,Psychology,0.624951183795929,992,0.65087890625,0.60400390625,6,5,1737,24.46,1020,2,PL4255; PL4255HM
Visual Cultures: Capstone,VCU3101,Arts and Social Science,Communications and New Media,0.6248534917831421,993,0.6357421875,0.615234375,7,4,1205,16.97,1373,1,VCU3101
Laboratory Techniques in Life Sciences,LSM2191,Science,Biological Sciences,0.6248534917831421,993,0.67236328125,0.6123046875,4,7,175,2.46,2300,3,LSM2191; LSM2191A; LSM2191B
User-Centred Collaborative Design,EG2201A,College of Design and Engineering,CDE Dean's Office,0.624804675579071,994,0.662109375,0.60693359375,4,7,1186,16.7,1388,1,EG2201A
Quantitative Methods in Global Affairs,YSS3336,Yale-NUS College,Yale-NUS College,0.624804675579071,994,0.64404296875,0.60693359375,4,7,1055,14.86,1490,1,YSS3336
International Economic Law & Globalisation,LL4247V,Law,FoL Dean's Office,0.624804675579071,994,0.6435546875,0.6162109375,2,9,2315,32.6,720,1,LL4247V
Selected Topics in Chinese Linguistics,CH4204,Arts and Social Science,Chinese Studies,0.624804675579071,994,0.640625,0.6103515625,3,8,405,5.7,2073,2,CH4204; CH4204HM
Honours Project in Chemistry,CM4199A,Science,Chemistry,0.624755859375,995,0.67626953125,0.6044921875,4,7,687,9.67,1810,1,CM4199A
Food Product Innovation,FST4104,Science,Food Science and Technology,0.624755859375,995,0.662109375,0.60791015625,4,7,1633,23.0,1083,1,FST4104
UROPS in Pharmaceutical Science II,PHS3289,Science,PharmacyandPharmaceuticalScience,0.624755859375,995,0.65576171875,0.60498046875,7,4,1051,14.8,1493,1,PHS3289
Physics IIE,PC1432,Science,Physics,0.624707043170929,996,0.65185546875,0.615234375,6,5,1177,16.58,1396,2,PC1432; PC1432X
Cellular Bioengineering,BN4403,College of Design and Engineering,Biomedical Engineering,0.624707043170929,996,0.64208984375,0.6083984375,5,6,667,9.39,1829,1,BN4403
Computing for Design,ID2116,College of Design and Engineering,Industrial Design,0.6246582269668579,997,0.64404296875,0.61328125,5,6,988,13.91,1545,1,ID2116
Money and Banking,YSS3299,Yale-NUS College,Yale-NUS College,0.6246582269668579,997,0.63232421875,0.61474609375,3,8,1027,14.46,1512,1,YSS3299
SEAsian Regional Creative Project,MUA3222,YST Conservatory of Music,YSTCM Dean's Office,0.6246093511581421,998,0.6328125,0.61669921875,5,6,3058,43.06,431,1,MUA3222
Project Feasibility,IPM3101,College of Design and Engineering,Built Environment,0.6246093511581421,998,0.65087890625,0.61376953125,3,8,1188,16.73,1386,2,IPM3101; PF2109
Sense-making Case Analysis: Transport,DSA4261B,Science,Statistics and Data Science,0.6246093511581421,998,0.6455078125,0.6103515625,5,6,1465,20.63,1197,1,DSA4261B
Sense-making Case Analysis: Business,DSA4263A,Science,Statistics and Data Science,0.6246093511581421,998,0.63427734375,0.615234375,4,7,853,12.01,1660,1,DSA4263A
BTech Dissertation,IE4100E,Cont and Lifelong Education,SCALE Dean's Office,0.624560534954071,999,0.64111328125,0.61181640625,5,6,1518,21.38,1162,4,IE4100E; TCE4104; TE4001; TEE4001
What’s Cooking: Food and Drink in South Asian Cultures,SN2285,Arts and Social Science,South Asian Studies,0.624560534954071,999,0.6533203125,0.6142578125,3,8,473,6.66,2009,1,SN2285
The Singlish Controversy,GES1022,Arts and Social Science,"English,Ling.andTheatre Studies",0.624560534954071,999,0.63525390625,0.6171875,6,5,1728,24.33,1026,3,GES1022; GESS1033; SSA1209
Uniquely Singapore: Regardless of Race,RVSS1004,Residential College,Ridge View Residential College,0.62451171875,1000,0.626953125,0.6220703125,1,10,1193,16.8,1382,1,RVSS1004
Cosmetics & Perfumes,PR2202,Science,PharmacyandPharmaceuticalScience,0.62451171875,1000,0.64697265625,0.60986328125,5,6,2241,31.56,757,1,PR2202
Legal Systems of Asia (G),LC2010G,Law,FoL Dean's Office,0.624462902545929,1001,0.6376953125,0.61083984375,1,10,1105,15.56,1455,1,LC2010G
Advanced UROPS in Chemistry I,CM3288,Science,Chemistry,0.624462902545929,1001,0.6484375,0.60498046875,4,7,530,7.46,1956,1,CM3288
Digital Strategy,BSN3715,NUS Business School,Strategy and Policy,0.6244140863418579,1002,0.640625,0.61279296875,5,6,2040,28.73,856,1,BSN3715
Genetic Medicine in the Post-Genomic Era,LSM4225,Yong Loo Lin Sch of Medicine,Biochemistry,0.6244140863418579,1002,0.6435546875,0.61279296875,4,7,620,8.73,1870,1,LSM4225
Introduction to Social Policy,SW3220,Arts and Social Science,Social Work,0.6243652105331421,1003,0.67529296875,0.60595703125,1,10,715,10.07,1783,1,SW3220
Fundamentals of Robotics I,RB1101,College of Design and Engineering,Mechanical Engineering,0.6243652105331421,1003,0.66650390625,0.6064453125,3,8,567,7.98,1920,1,RB1101
Introduction to Signals and Communications,EE1003,College of Design and Engineering,Electrical and Computer Engineering,0.6243652105331421,1003,0.751953125,0.60205078125,4,7,1075,15.14,1476,1,EE1003
Tembusu Undergraduate Research Opportunity (UROP),UTC3102,Residential College,Tembusu College,0.624316394329071,1004,0.650390625,0.61083984375,4,7,2577,36.29,604,1,UTC3102
Indian Business Law,LL4129,Law,FoL Dean's Office,0.624316394329071,1004,0.64306640625,0.61328125,1,10,1633,23.0,1083,2,LL4129; LL4129V
Experiencing Work: Effects on Behavior and Well-Being,MNO4316,NUS Business School,Management and Organisation,0.624316394329071,1004,0.65185546875,0.6083984375,5,6,2523,35.53,624,1,MNO4316
Essential Data Analytics Tools: Numerical Computation,DSA2102,Science,Mathematics,0.624316394329071,1004,0.654296875,0.607421875,4,7,416,5.86,2064,1,DSA2102
Cost Analysis And Management,IE4242,College of Design and Engineering,Industrial Systems Engineering and Management,0.624267578125,1005,0.71142578125,0.59716796875,5,6,1599,22.52,1107,2,IE4242; TIE4242
Physics of Medical Technology,PC3422,Science,Physics,0.624267578125,1005,0.64013671875,0.61474609375,5,6,741,10.44,1761,1,PC3422
Internship in Audio Arts and Science 2,MUA4180,YST Conservatory of Music,YSTCM Dean's Office,0.624218761920929,1006,0.65283203125,0.61328125,5,6,4091,57.61,190,1,MUA4180
Comparative Corporate Law in East Asia,LL4351,Law,FoL Dean's Office,0.624218761920929,1006,0.642578125,0.61474609375,2,9,2677,37.7,568,2,LL4351; LL4351V
Decoding Complexity,UTC2715,Residential College,Residential College 4,0.6241699457168579,1007,0.6396484375,0.6201171875,4,7,3829,53.92,230,2,UTC2715; UTS2707
Applied Project in FST,FST4299,Science,Food Science and Technology,0.6241210699081421,1008,0.640625,0.6103515625,4,7,2831,39.87,505,1,FST4299
Japanese 3,LAJ2202,Arts and Social Science,Centre for Language Studies,0.624072253704071,1009,0.68994140625,0.59765625,7,4,446,6.28,2034,1,LAJ2202
Microcontroller Programming and Interfacing,EE2028,College of Design and Engineering,Electrical and Computer Engineering,0.624072253704071,1009,0.6748046875,0.603515625,4,7,323,4.55,2154,2,EE2028; TEE2028
Mathematical Finance I,MA3269,Science,Mathematics,0.6240234375,1010,0.638671875,0.60595703125,5,6,467,6.58,2014,1,MA3269
Legal Systems of Asia (B),LC2010B,Law,FoL Dean's Office,0.6240234375,1010,0.63427734375,0.62109375,1,10,1255,17.67,1336,1,LC2010B
Bahasa Indonesia 1,LAB1201,Arts and Social Science,Centre for Language Studies,0.6240234375,1010,0.63720703125,0.6083984375,3,8,786,11.07,1720,1,LAB1201
Early Stage Private Equity Investing,YSS3258,Yale-NUS College,Yale-NUS College,0.6240234375,1010,0.66259765625,0.61083984375,5,6,3244,45.68,377,1,YSS3258
"Scientific Evaluation, Analysis and Communication",PR4195,Science,PharmacyandPharmaceuticalScience,0.6240234375,1010,0.64404296875,0.61572265625,7,4,2271,31.98,743,1,PR4195
Travel Matters,SC2217,Arts and Social Science,Sociology and Anthropology,0.623974621295929,1011,0.63330078125,0.61572265625,3,8,1713,24.12,1036,1,SC2217
Contract Interpretation,LL4511,Law,FoL Dean's Office,0.623974621295929,1011,0.630859375,0.61865234375,1,10,1099,15.48,1460,2,LL4511; LL4511V
Entrepreneurship Practicum (Short),TR3204,Non-Faculty-based Departments,NUS Enterprise Academy,0.6239258050918579,1012,0.6474609375,0.6162109375,4,7,3852,54.25,224,4,TR3204; TR3204S; TR3204T; TR3204U
Technology and Innovation,EC4372,Arts and Social Science,Economics,0.6239258050918579,1012,0.63671875,0.61572265625,5,6,2330,32.81,714,2,EC4372; EC4372HM
Intelligent Systems and Techniques,IS4242,Computing,Information Systems and Analytics,0.6238769292831421,1013,0.62939453125,0.6162109375,5,6,2829,39.84,507,1,IS4242
Legal Systems of Asia (D),LC2010D,Law,FoL Dean's Office,0.6238769292831421,1013,0.634765625,0.6142578125,1,10,1022,14.39,1517,1,LC2010D
Fundamentals of Artificial Neural Networks,RB2302,College of Design and Engineering,Mechanical Engineering,0.623828113079071,1014,0.64501953125,0.6025390625,5,6,185,2.61,2290,1,RB2302
Modern Chinese Law & Legal Chinese,LL4009,Law,FoL Dean's Office,0.623730480670929,1015,0.63525390625,0.60693359375,6,5,605,8.52,1885,2,LL4009; LL4009V
Enzyme Technology,CN4247R,College of Design and Engineering,Chemical and Biomolecular Engineering,0.623730480670929,1015,0.6455078125,0.603515625,4,7,476,6.7,2007,1,CN4247R
Decision Analytics using Spreadsheets,DAO1704,NUS Business School,Analytics and Operations,0.6236816644668579,1016,0.6455078125,0.61669921875,3,8,620,8.73,1870,5,DAO1704; DAO1704X; DAO1704Y; DSC1704; DSC1704X
Visualizing Southeast Asian Cities,UTW2001L,Non-Faculty-based Departments,Center for Engl Lang Comms,0.6236816644668579,1016,0.63330078125,0.6123046875,10,1,1901,26.77,927,1,UTW2001L
Sense-making Case Analysis: Logistics,DSA4261A,Science,Statistics and Data Science,0.6236816644668579,1016,0.64013671875,0.61669921875,5,6,1579,22.24,1121,1,DSA4261A
Disease Diplomacy: Global Health in Asia,SN2240,Arts and Social Science,South Asian Studies,0.6236816644668579,1016,0.63916015625,0.60791015625,5,6,1411,19.87,1228,1,SN2240
Virtual Instrument Sound Design,MUA2271,YST Conservatory of Music,YSTCM Dean's Office,0.6236327886581421,1017,0.654296875,0.60791015625,6,5,708,9.97,1790,1,MUA2271
GIS Design and Practices,GE3238,Arts and Social Science,Geography,0.62353515625,1018,0.63623046875,0.6162109375,3,8,1650,23.24,1074,1,GE3238
Advanced Independent Study in Finance (2 Units),FIN4752,NUS Business School,Finance,0.623486340045929,1019,0.6357421875,0.61328125,4,7,1757,24.74,1010,1,FIN4752
Sense-making Case Analysis: Economics and Finance,DSA4265,Science,Statistics and Data Science,0.6234375238418579,1020,0.66015625,0.61328125,5,6,855,12.04,1658,1,DSA4265
Project Dispute Management,PF4203,College of Design and Engineering,Built Environment,0.6234375238418579,1020,0.66650390625,0.603515625,4,7,787,11.08,1719,1,PF4203
Laboratory Techniques in Pharmaceutical Science I,PHS2191,Science,PharmacyandPharmaceuticalScience,0.6234375238418579,1020,0.64208984375,0.60205078125,5,6,285,4.01,2192,1,PHS2191
Data Science for the Environment,YID2212,Yale-NUS College,Yale-NUS College,0.6233886480331421,1021,0.66455078125,0.611328125,4,7,532,7.49,1954,1,YID2212
The Power of Storytelling through Photography,NHT2208,NUS College,NUS College Dean's Office,0.6233886480331421,1021,0.64453125,0.60498046875,9,2,815,11.48,1694,1,NHT2208
Network and Cloud Security,TCX3232,Cont and Lifelong Education,SCALE Dean's Office,0.6233886480331421,1021,0.6484375,0.60546875,4,7,229,3.22,2247,1,TCX3232
Advanced Organometallic Chemistry,CM4212,Science,Chemistry,0.6233886480331421,1021,0.6591796875,0.6025390625,4,7,787,11.08,1719,1,CM4212
Fundamentals of Robotics II,RB2101,College of Design and Engineering,Mechanical Engineering,0.623339831829071,1022,0.68701171875,0.60302734375,3,8,301,4.24,2176,1,RB2101
Creativity and Innovation Management,MNO3318,NUS Business School,Management and Organisation,0.623339831829071,1022,0.63916015625,0.61669921875,5,6,3371,47.47,342,1,MNO3318
Principles of Research Methods,PR3144,Science,PharmacyandPharmaceuticalScience,0.623291015625,1023,0.642578125,0.59814453125,5,6,739,10.41,1762,1,PR3144
Physical Activity For Better Population Health,SPH3404,SSH School of Public Health,SSH School of Public Health Dean's Office,0.623291015625,1023,0.66162109375,0.59765625,5,6,2734,38.5,544,1,SPH3404
Topics in Data Science and the Digital Economy,DSE4231,Arts and Social Science,Economics,0.623242199420929,1024,0.6796875,0.6083984375,4,7,605,8.52,1885,1,DSE4231
Economic Analysis of Business,EC2205,Arts and Social Science,Economics,0.623242199420929,1024,0.66015625,0.61572265625,1,10,586,8.25,1902,1,EC2205
Basic UROPS in Mathematics II,MA2289,Science,Mathematics,0.6231933832168579,1025,0.642578125,0.609375,5,6,2823,39.75,509,1,MA2289
Advanced Independent Study in Accounting (2 MCs),ACC4752,NUS Business School,Accounting,0.6231933832168579,1025,0.64599609375,0.6064453125,3,8,1372,19.32,1257,1,ACC4752
Overseas Chinese Society,CH3245,Arts and Social Science,Chinese Studies,0.6231933832168579,1025,0.63818359375,0.60498046875,5,6,1667,23.48,1063,1,CH3245
Special Studies,ID3041,College of Design and Engineering,Industrial Design,0.6231445074081421,1026,0.65234375,0.61083984375,7,4,3388,47.71,338,1,ID3041
Pharmacy Internship II,PR4198,Science,PharmacyandPharmaceuticalScience,0.623095691204071,1027,0.63525390625,0.61865234375,3,8,2446,34.45,660,2,PR4198; PR4198A
Introduction to Programming with Python and C,IT1007,Computing,Computer Science,0.623095691204071,1027,0.69970703125,0.60888671875,3,8,702,9.89,1796,1,IT1007
Machine Learning and Deep Learning,CG3201,Multi Disciplinary Programme,Computing and Engineering Programme,0.623095691204071,1027,0.63427734375,0.61474609375,4,7,264,3.72,2212,1,CG3201
"Visual Systems - Signs, Symbols, Icons",ID3129,College of Design and Engineering,Industrial Design,0.623046875,1028,0.6513671875,0.61083984375,4,7,1082,15.24,1473,1,ID3129
Fraud Analytics,BT4012,Computing,Information Systems and Analytics,0.622998058795929,1029,0.6474609375,0.603515625,7,4,958,13.49,1569,1,BT4012
Computational Drug Design,CM4273,Science,Chemistry,0.6229492425918579,1030,0.66357421875,0.6025390625,3,8,812,11.44,1697,1,CM4273
Real Estate Data Analytics,RE1702,NUS Business School,Real Estate,0.6229492425918579,1030,0.71533203125,0.5986328125,6,5,424,5.97,2056,1,RE1702
Sense-making Case Analysis: Business and Commerce,DSA4263,Science,Statistics and Data Science,0.6229492425918579,1030,0.634765625,0.615234375,4,7,1302,18.34,1302,1,DSA4263
Singapore: The Making Of A Nation,NHS2030,NUS College,NUS College Dean's Office,0.6229492425918579,1030,0.6396484375,0.6162109375,2,9,859,12.1,1654,1,NHS2030
Transition to Professional Practice Experience,NUR3116B,Yong Loo Lin Sch of Medicine,Alice Lee Center for Nursing Studies,0.6229492425918579,1030,0.65185546875,0.60107421875,4,7,1984,27.94,882,2,NUR3116B; NUR3116C
"Imagining Wakanda: Cities for work, life, and play",RVSS1001,Residential College,Ridge View Residential College,0.6229003667831421,1031,0.6337890625,0.61669921875,5,6,2587,36.43,599,1,RVSS1001
Independent Study in Ops & Supply Chain Management (2 Unit),DOS3752,NUS Business School,Analytics and Operations,0.6229003667831421,1031,0.66796875,0.607421875,6,5,2610,36.76,591,1,DOS3752
Jr Sem: Hidden Communities,UTC1403,Residential College,College of Alice and Peter Tan,0.622851550579071,1032,0.6484375,0.611328125,7,4,1463,20.6,1199,1,UTC1403
Corporate Investment in Real Estate,RE3805,NUS Business School,Real Estate,0.622851550579071,1032,0.6474609375,0.61376953125,4,7,1167,16.43,1403,1,RE3805
Managing Change,MNO3320,NUS Business School,Management and Organisation,0.622802734375,1033,0.65234375,0.61328125,5,6,3399,47.87,334,2,MNO3320; MNO3711
Honours Project in Mathematics,MA4199,Science,Mathematics,0.622802734375,1033,0.66015625,0.60888671875,5,6,1781,25.08,997,1,MA4199
Mathematics for Artificial Intelligence,MA3270,Science,Mathematics,0.622802734375,1033,0.65234375,0.6103515625,5,6,151,2.13,2324,1,MA3270
The Capital Offences Criminal Litigation Clinic,LL4094E,Law,FoL Dean's Office,0.622802734375,1033,0.63720703125,0.61474609375,3,8,2401,33.81,681,2,LL4094E; LL4094EV
Device Physics for Quantum Technology,PC4228,Science,Physics,0.622753918170929,1034,0.6689453125,0.6064453125,5,6,804,11.32,1704,1,PC4228
Teaching Music Online,MUT3224,YST Conservatory of Music,YSTCM Dean's Office,0.622753918170929,1034,0.6728515625,0.6064453125,3,8,569,8.01,1918,1,MUT3224
Programming for Computer Interfaces,EE2024,College of Design and Engineering,Electrical and Computer Engineering,0.622753918170929,1034,0.63916015625,0.60595703125,6,5,967,13.62,1562,1,EE2024
Research Project,ESP4901,College of Design and Engineering,Engineering Science Programme,0.6227051019668579,1035,0.64501953125,0.609375,5,6,1785,25.14,994,2,ESP4901; ESP4901A
Arbitration and Dispute Resolution in China,LL4100,Law,FoL Dean's Office,0.6226562261581421,1036,0.7373046875,0.59326171875,4,7,769,10.83,1735,2,LL4100; LL4100V
Managing Cultural Difference:Theorizing the S’pore Model,NHS2044,NUS,NUS College Dean's Office,0.6226562261581421,1036,0.66162109375,0.60888671875,8,3,2459,34.63,651,1,NHS2044
Polymeric Biomedical Materials,MLE4203,College of Design and Engineering,Materials Science and Engineering,0.6226562261581421,1036,0.650390625,0.60400390625,3,8,621,8.75,1869,1,MLE4203
Eco-Biodiversity Field Techniques in Taiwan & Singapore,LSM3274,Science,Biological Sciences,0.622607409954071,1037,0.66748046875,0.6025390625,4,7,1878,26.45,938,1,LSM3274
Honours Project in Life Sciences,LSM4199,Science,Biological Sciences,0.622607409954071,1037,0.65576171875,0.61083984375,6,5,2731,38.46,546,1,LSM4199
Trade Finance Law,LL4322,Law,FoL Dean's Office,0.622607409954071,1037,0.64990234375,0.61083984375,7,4,1744,24.56,1017,2,LL4322; LL4322V
Research Tutorial: Lab in Developmental Psychology,YSS3300,Yale-NUS College,Yale-NUS College,0.62255859375,1038,0.65576171875,0.6123046875,6,5,1799,25.33,983,1,YSS3300
Water & Wastewater Engineering 2,ESE4401,College of Design and Engineering,Civil and Environmental Engineering,0.62255859375,1038,0.6328125,0.61376953125,5,6,1083,15.25,1472,2,ESE4401; TCE4401
Measuring Success in Philanthropy and Impact Investing,FIN3133,NUS Business School,Finance,0.622509777545929,1039,0.6435546875,0.61083984375,4,7,2714,38.22,553,3,FIN3133; FIN4117; FIN4715
Translation Studies,CH4281,Arts and Social Science,Chinese Studies,0.6224609613418579,1040,0.6513671875,0.61328125,7,4,949,13.36,1575,2,CH4281; CH4281HM
Analytical Chemistry with Laboratory,YSC2248,Yale-NUS College,Yale-NUS College,0.6224609613418579,1040,0.7021484375,0.6044921875,4,7,220,3.1,2255,1,YSC2248
Managerial Planning and Control,ACC3711,NUS Business School,Accounting,0.6224609613418579,1040,0.63427734375,0.61669921875,4,7,3375,47.53,341,1,ACC3711
Advanced UROPS in Medicinal Chemistry II,CM3289M,Science,Chemistry,0.6224609613418579,1040,0.6572265625,0.603515625,7,4,682,9.6,1815,1,CM3289M
Competition Law and Policy,LL4064,Law,FoL Dean's Office,0.6224120855331421,1041,0.62890625,0.61572265625,1,10,1504,21.18,1171,2,LL4064; LL4064V
Childhood and Youth,SC2213,Arts and Social Science,Sociology and Anthropology,0.6224120855331421,1041,0.64013671875,0.60888671875,8,3,1974,27.8,886,1,SC2213
Sense-making Case Analysis: Health,DSA4262A,Science,Statistics and Data Science,0.622363269329071,1042,0.65234375,0.60791015625,4,7,764,10.76,1740,1,DSA4262A
Applied Patient Care Skills I,PR1151,Science,PharmacyandPharmaceuticalScience,0.622363269329071,1042,0.63818359375,0.611328125,2,9,1240,17.46,1346,1,PR1151
"Discover South Asia: People, Culture, Development",SN1101E,Arts and Social Science,South Asian Studies,0.622363269329071,1042,0.63330078125,0.61669921875,6,5,2442,34.39,664,1,SN1101E
Advanced Independent Study in Accounting,ACC4619,NUS Business School,Accounting,0.622314453125,1043,0.64306640625,0.6103515625,3,8,1091,15.36,1466,3,ACC4619; ACC4629; ACC4751
Clinical Practice Development Project,NUR3507,Yong Loo Lin Sch of Medicine,Alice Lee Center for Nursing Studies,0.622314453125,1043,0.64501953125,0.611328125,5,6,2254,31.74,751,1,NUR3507
Valuation and Mergers & Acquisitions,FIN4116,NUS Business School,Finance,0.622314453125,1043,0.646484375,0.611328125,3,8,1710,24.08,1037,1,FIN4116
Creative Communication & Design Argumentation,ID3124,College of Design and Engineering,Industrial Design,0.622265636920929,1044,0.66796875,0.60498046875,4,7,1147,16.15,1417,1,ID3124
Genomic Data Analysis,LSM3241,Science,Biological Sciences,0.6222168207168579,1045,0.63818359375,0.599609375,4,7,371,5.22,2107,2,LSM3241; ZB3101
Advanced Architectural Study 2,AR4002,College of Design and Engineering,Architecture,0.6222168207168579,1045,0.66015625,0.6064453125,3,8,358,5.04,2119,1,AR4002
Advanced UROPS in Physics I (REx),PC3288R,Science,Physics,0.6222168207168579,1045,0.65087890625,0.61474609375,4,7,1536,21.63,1149,1,PC3288R
"Creativity, Culture and Media",NM2224,Arts and Social Science,Communications and New Media,0.6222168207168579,1045,0.685546875,0.60009765625,8,3,1157,16.29,1410,1,NM2224
Sustainability in SE Asia: Study Trip to Indochina,UTC2420A,Residential College,College of Alice and Peter Tan,0.6221679449081421,1046,0.66015625,0.61279296875,5,6,1884,26.53,935,1,UTC2420A
Pricing Strategy,MKT4413,NUS Business School,Marketing,0.6221679449081421,1046,0.6396484375,0.6025390625,7,4,2265,31.9,745,4,MKT4413; MKT4811; MKT4811A; MKT4811B
Mobile Spaces: Making Social Worlds,GE4226,Arts and Social Science,Geography,0.6220703125,1047,0.62744140625,0.6142578125,2,9,2742,38.61,541,2,GE4226; GE4226HM
Ethnicity and Nation-Building: Singapore and Malaysia,GEM1051,Arts and Social Science,Malay Studies,0.622021496295929,1048,0.6474609375,0.6123046875,6,5,1619,22.8,1092,3,GEM1051; GES1008; GESS1006
AIoT Solutions and Development,IS4151,Computing,Information Systems and Analytics,0.622021496295929,1048,0.6376953125,0.6064453125,4,7,262,3.69,2214,1,IS4151
Music and Machines,MUA1165,YST Conservatory of Music,YSTCM Dean's Office,0.6219726800918579,1049,0.64453125,0.60302734375,3,8,975,13.73,1556,1,MUA1165
Research Project in Life Sciences,LSM4288C,Science,Biological Sciences,0.6219726800918579,1049,0.6591796875,0.6142578125,5,6,937,13.2,1586,4,LSM4288C; LSM4288E; LSM4288M; LSM4288X
Continuing Studies on Principal Instrument,MUA2162,YST Conservatory of Music,YSTCM Dean's Office,0.6219726800918579,1049,0.65673828125,0.60107421875,2,9,551,7.76,1935,1,MUA2162
Valuation and Mergers & Acquisition,FIN4714,NUS Business School,Finance,0.6219726800918579,1049,0.64599609375,0.611328125,3,8,1679,23.64,1056,1,FIN4714
Engg. Design in Molecular Biotechnology,CN4249,College of Design and Engineering,Chemical and Biomolecular Engineering,0.621874988079071,1050,0.65478515625,0.60791015625,4,7,883,12.43,1633,1,CN4249
Practical Synthetic Biology,LSM3247,Yong Loo Lin Sch of Medicine,Biochemistry,0.621826171875,1051,0.66845703125,0.59521484375,3,8,622,8.76,1868,1,LSM3247
Seminars in Accounting: Risk Management Technology,ACC4162E,NUS Business School,Accounting,0.621826171875,1051,0.7001953125,0.59814453125,6,5,1502,21.15,1172,2,ACC4162E; ACC4761D
SIM: Disruption and Marketing,MKT4415L,NUS Business School,Marketing,0.621826171875,1051,0.630859375,0.6181640625,2,9,2248,31.66,755,2,MKT4415L; MKT4761F
Chemical Kinetics And Reactor Design,CN2116E,Cont and Lifelong Education,SCALE Dean's Office,0.621777355670929,1052,0.6552734375,0.6044921875,4,7,652,9.18,1843,2,CN2116E; TCN2116
South Asia in Singapore,GES1007,Arts and Social Science,South Asian Studies,0.6217285394668579,1053,0.6337890625,0.6181640625,6,5,1592,22.42,1113,3,GES1007; GESS1005; SSA2219
"Maths, Computational & Statistical Sci Capstone Project",YSC4103,Yale-NUS College,Yale-NUS College,0.6217285394668579,1053,0.64697265625,0.60498046875,5,6,1820,25.63,971,1,YSC4103
Topics in English Literature,EN3880,Arts and Social Science,"English,Ling.andTheatre Studies",0.6216796636581421,1054,0.6513671875,0.59521484375,5,6,563,7.93,1924,3,EN3880; EN4880; EN4880HM
Jr Sem: Special Topics,UTC1410,Residential College,College of Alice and Peter Tan,0.621630847454071,1055,0.64306640625,0.603515625,8,3,1901,26.77,927,1,UTC1410
Bioelectronics,EE4602,College of Design and Engineering,Electrical and Computer Engineering,0.621630847454071,1055,0.6259765625,0.61767578125,3,8,590,8.31,1898,1,EE4602
Navigating Community Arts Projects,MUA2266,YST Conservatory of Music,YSTCM Dean's Office,0.62158203125,1056,0.67822265625,0.59814453125,8,3,2174,30.62,785,4,MUA2266; MUA2267; MUA3266; MUA3267
UROPS in Pharmaceutical Science I (REx),PHS3288R,Science,PharmacyandPharmaceuticalScience,0.62158203125,1056,0.65673828125,0.607421875,8,3,1589,22.38,1115,1,PHS3288R
Performing Arts in Practice (Dance) 2,CFA2101B,YST Conservatory of Music,YSTCM Dean's Office,0.62158203125,1056,0.65869140625,0.60400390625,6,5,1969,27.73,890,1,CFA2101B
Computational Problem Solving,NPS2001,NUS College,NUS College Dean's Office,0.62158203125,1056,0.6494140625,0.60400390625,6,5,1385,19.5,1247,9,NPS2001; NPS2001A; NPS2001B; NPS2001C; NPS2001D; NPS2001E; NPS2001F; NPS2001G; NPS2001H
Artificial Intelligence and Society,HS1501,Science,Mathematics,0.621533215045929,1057,0.6298828125,0.61474609375,4,7,432,6.08,2048,1,HS1501
Advanced UROPS in Chemistry I (REx),CM3288R,Science,Chemistry,0.621533215045929,1057,0.640625,0.60791015625,3,8,991,13.96,1542,1,CM3288R
Special Areas of Social Work Practice,SW4202,Arts and Social Science,Social Work,0.6214355230331421,1058,0.64453125,0.595703125,5,6,511,7.2,1973,2,SW4202; SW4202HM
Engineering Co-Op Immersion Programme II,EG2620,College of Design and Engineering,CDE Dean's Office,0.6214355230331421,1058,0.62841796875,0.61474609375,4,7,3222,45.37,384,1,EG2620
The Sociology of Cities and Development Planning in Asia,SC4225,Arts and Social Science,Sociology and Anthropology,0.6214355230331421,1058,0.6376953125,0.61572265625,6,5,3480,49.01,309,2,SC4225; SC4225HM
Design 5 (Landscape Architecture Emphasis),AR3101A,College of Design and Engineering,Architecture,0.621386706829071,1059,0.6845703125,0.59619140625,2,9,546,7.69,1940,1,AR3101A
Image and Video Processing,EE4213,College of Design and Engineering,Electrical and Computer Engineering,0.621386706829071,1059,0.66796875,0.595703125,6,5,1352,19.04,1268,1,EE4213
Translation of Evidence into Practice,NUR3506,Yong Loo Lin Sch of Medicine,Alice Lee Center for Nursing Studies,0.621386706829071,1059,0.638671875,0.61328125,5,6,4285,60.34,158,1,NUR3506
Chinese for Science and Technology,LAC3203,Arts and Social Science,Centre for Language Studies,0.621386706829071,1059,0.65625,0.59619140625,4,7,629,8.86,1863,1,LAC3203
Theory Of Urban Design & Planning,AR2223,College of Design and Engineering,Architecture,0.621337890625,1060,0.65478515625,0.60791015625,6,5,1125,15.84,1436,1,AR2223
Pharmacy Professional Skills Development III,PR3137,Science,PharmacyandPharmaceuticalScience,0.621289074420929,1061,0.64208984375,0.61328125,3,8,1379,19.42,1252,1,PR3137
Artificial Intelligence and Public Policy,PS4344,Arts and Social Science,Political Science,0.621289074420929,1061,0.634765625,0.6123046875,2,9,349,4.91,2128,2,PS4344; PS4344HM
MLA Studio: City,LA4702,College of Design and Engineering,Architecture,0.621289074420929,1061,0.65087890625,0.611328125,4,7,1427,20.1,1219,1,LA4702
Designing AI-driven Business Innovations,IS4261,Computing,Information Systems and Analytics,0.6212402582168579,1062,0.638671875,0.61083984375,6,5,655,9.22,1840,1,IS4261
CEOs as Leaders,BLD3002,NUS Business School,BIZ Dean's Office,0.6212402582168579,1062,0.6796875,0.60791015625,3,8,2730,38.45,547,2,BLD3002; MNO3325
Facilities Planning and Design,PF3305,College of Design and Engineering,Built Environment,0.6211913824081421,1063,0.62939453125,0.6025390625,5,6,994,14.0,1539,1,PF3305
Digital Fundamentals,EE2020,College of Design and Engineering,Electrical and Computer Engineering,0.6211913824081421,1063,0.6357421875,0.611328125,2,9,387,5.45,2091,1,EE2020
Singapore and the Sea,GES1030,Arts and Social Science,Southeast Asian Studies,0.6211913824081421,1063,0.63720703125,0.611328125,9,2,1621,22.83,1091,2,GES1030; GESS1035
Greater China,GE4230,Arts and Social Science,Geography,0.621142566204071,1064,0.68505859375,0.60693359375,7,4,2916,41.06,479,2,GE4230; GE4230HM
A History of Singapore in Ten Objects,GES1037,Arts and Social Science,History,0.62109375,1065,0.6650390625,0.60693359375,5,6,2458,34.61,652,4,GES1037; GES1037T; GESS1026; GESS1026T
Fluid-Particle Systems,CN3124A,College of Design and Engineering,Chemical and Biomolecular Engineering,0.62109375,1065,0.63525390625,0.61474609375,3,8,878,12.36,1637,1,CN3124A
Communications for Engineering Professionals,TTG2901,Cont and Lifelong Education,SCALE Dean's Office,0.621044933795929,1066,0.64599609375,0.61474609375,4,7,3468,48.84,313,1,TTG2901
Japanese Translation - Theory & Practice,JS4229,Arts and Social Science,Japanese Studies,0.621044933795929,1066,0.671875,0.58642578125,6,5,587,8.27,1901,2,JS4229; JS4229HM
Green Development,PF4502,College of Design and Engineering,Built Environment,0.621044933795929,1066,0.6474609375,0.60986328125,4,7,1927,27.14,913,1,PF4502
Special Drug Delivery,PR4204,Science,PharmacyandPharmaceuticalScience,0.6209961175918579,1067,0.65478515625,0.60546875,6,5,1005,14.15,1530,1,PR4204
Respiratory System: Science & Therapeutics,PR2154,Science,PharmacyandPharmaceuticalScience,0.6209961175918579,1067,0.64208984375,0.607421875,4,7,895,12.6,1622,1,PR2154
Singapore Society,GES1028,Arts and Social Science,Sociology and Anthropology,0.6209472417831421,1068,0.6494140625,0.60693359375,8,3,1353,19.05,1267,3,GES1028; GESS1020; SSA1201
Transnational Wealth Management Law,LL4540,Law,FoL Dean's Office,0.6209472417831421,1068,0.6318359375,0.61279296875,5,6,761,10.72,1743,2,LL4540; LL4540V
Probability Models with Applications,TIE2100,Cont and Lifelong Education,SCALE Dean's Office,0.6209472417831421,1068,0.6259765625,0.61572265625,6,5,3561,50.15,287,1,TIE2100
Computational Methods for Business Analytics,BT3102,Computing,Information Systems and Analytics,0.620898425579071,1069,0.6376953125,0.6083984375,4,7,958,13.49,1569,1,BT3102
Theoretical Issues in Chinese Grammar,CH4206,Arts and Social Science,Chinese Studies,0.620898425579071,1069,0.63720703125,0.6064453125,4,7,244,3.44,2232,2,CH4206; CH4206HM
Legal Systems of Asia (F),LC2010F,Law,FoL Dean's Office,0.620898425579071,1069,0.62939453125,0.61376953125,2,9,1122,15.8,1439,1,LC2010F
Intro to RF and Microwave Sys & Circuits,EE3104E,Cont and Lifelong Education,SCALE Dean's Office,0.620898425579071,1069,0.68115234375,0.60009765625,5,6,352,4.96,2125,2,EE3104E; TEE3104
Resource Management and Circular Economy,ESE3101,College of Design and Engineering,Civil and Environmental Engineering,0.620849609375,1070,0.6455078125,0.6123046875,4,7,1392,19.6,1240,1,ESE3101
English for Academic Purposes,ES1103,Non-Faculty-based Departments,Center for Engl Lang Comms,0.620800793170929,1071,0.63818359375,0.6064453125,6,5,1557,21.93,1134,1,ES1103
Nanometer Scale Information Storage,EE4433,College of Design and Engineering,Electrical and Computer Engineering,0.6207519769668579,1072,0.6513671875,0.6005859375,4,7,991,13.96,1542,1,EE4433
Values & Skills for Helping Relationships,SW2105,Arts and Social Science,Social Work,0.6207519769668579,1072,0.63232421875,0.61328125,5,6,1918,27.01,916,1,SW2105
"News Writing, Editing and Publishing",NM3211,Arts and Social Science,Communications and New Media,0.6207031011581421,1073,0.658203125,0.60546875,6,5,1747,24.6,1014,1,NM3211
Driving Towards the Future: Battery Electric Vehicles,HS2904,Science,Chemistry,0.6207031011581421,1073,0.6572265625,0.60595703125,4,7,1286,18.11,1311,1,HS2904
Popular Culture in Singapore,GES1012,Arts and Social Science,History,0.620654284954071,1074,0.66357421875,0.607421875,6,5,992,13.97,1541,3,GES1012; GESS1010; SSA2221
World Trade Law,LL4060,Law,FoL Dean's Office,0.620654284954071,1074,0.6953125,0.599609375,5,6,1713,24.12,1036,2,LL4060; LL4060V
Economics and Computation,EC4501,Arts and Social Science,Economics,0.620654284954071,1074,0.65087890625,0.6015625,6,5,1967,27.7,891,2,EC4501; EC4501HM
Data Management and Visualisation,BT2102,Computing,Information Systems and Analytics,0.62060546875,1075,0.63037109375,0.6142578125,5,6,2021,28.46,865,2,BT2102; TCX3211
Accounting Information Systems,ACC2709,NUS Business School,Accounting,0.62060546875,1075,0.63916015625,0.609375,7,4,1363,19.19,1262,1,ACC2709
Appreciating Your Resilience at NUS,RW1001B,NUS,Office of the Provost,0.62060546875,1075,0.62744140625,0.6123046875,4,7,736,10.36,1764,2,RW1001B; THE1003B
Advanced UROPS in Quantum Technologies II (REx),PC3289QR,Science,Physics,0.620556652545929,1076,0.658203125,0.60791015625,5,6,1564,22.03,1129,1,PC3289QR
Selected Topics in Logistics,TIE4229,Cont and Lifelong Education,SCALE Dean's Office,0.620556652545929,1076,0.6376953125,0.60009765625,5,6,1602,22.56,1105,1,TIE4229
Natural Heritage of Singapore,GES1021,Science,Biological Sciences,0.620556652545929,1076,0.630859375,0.6181640625,4,7,1805,25.42,979,3,GES1021; GESS1016; SSS1207
Selected Topics In Logistics,IE4229,College of Design and Engineering,Industrial Systems Engineering and Management,0.620556652545929,1076,0.6376953125,0.60009765625,5,6,1602,22.56,1105,1,IE4229
International Trade,YSS3205,Yale-NUS College,Yale-NUS College,0.6205078363418579,1077,0.6669921875,0.60546875,5,6,1934,27.24,909,1,YSS3205
"Agency, Service and Social Change in the Philippines",NHS2062,NUS College,NUS College Dean's Office,0.6205078363418579,1077,0.6572265625,0.59912109375,7,4,3445,48.51,323,2,NHS2062; NHS2062R
Logic and Formal Systems,CS3234R,Computing,Computer Science,0.6204589605331421,1078,0.6337890625,0.6123046875,3,8,2812,39.6,514,1,CS3234R
Discrete Time Finance,MA4267,Science,Mathematics,0.6204589605331421,1078,0.6416015625,0.61376953125,6,5,557,7.84,1929,1,MA4267
"Energy, Environment and Economics",CE2003,College of Design and Engineering,Civil and Environmental Engineering,0.6204589605331421,1078,0.6298828125,0.61181640625,4,7,1613,22.72,1097,1,CE2003
Communicating the Value of Singapore’s Natural Heritage,RVSS1003,Residential College,Ridge View Residential College,0.620410144329071,1079,0.658203125,0.6083984375,6,5,1930,27.18,911,1,RVSS1003
Mathematical Tools for Data Science,MA4272,Science,Mathematics,0.620410144329071,1079,0.6435546875,0.60302734375,2,9,539,7.59,1947,1,MA4272
Real Estate Development,RE4701,NUS Business School,Real Estate,0.620361328125,1080,0.63623046875,0.6044921875,7,4,1586,22.33,1116,1,RE4701
International Migration,YSS3201,Yale-NUS College,Yale-NUS College,0.620361328125,1080,0.62109375,0.61962890625,1,10,1800,25.35,982,1,YSS3201
Tourism Development,GE3226,Arts and Social Science,Geography,0.620312511920929,1081,0.65234375,0.607421875,4,7,2059,29.0,847,1,GE3226
UROPS in Pharmaceutical Science II (REx),PHS3289R,Science,PharmacyandPharmaceuticalScience,0.620312511920929,1081,0.6572265625,0.60595703125,7,4,1554,21.88,1137,1,PHS3289R
Media Technology Project I,CS3283,Computing,Computer Science,0.620312511920929,1081,0.654296875,0.6005859375,7,4,1154,16.25,1413,1,CS3283
South Asia:Field Studies,SN3277,Arts and Social Science,South Asian Studies,0.620312511920929,1081,0.625,0.61767578125,2,9,2436,34.31,667,1,SN3277
The NUS CPBCLE Start Up Clinic,LL4094G,Law,FoL Dean's Office,0.6202636957168579,1082,0.62939453125,0.6142578125,5,6,2958,41.66,461,2,LL4094G; LL4094GV
Applied Data Analysis in Ecology and Evolution,LSM3257,Science,Biological Sciences,0.6202148199081421,1083,0.654296875,0.603515625,6,5,534,7.52,1952,1,LSM3257
Genetic Engineering for All: An iGEM team for Yale-NUS?,YSC1215,Yale-NUS College,Yale-NUS College,0.6202148199081421,1083,0.6416015625,0.603515625,3,8,877,12.35,1638,1,YSC1215
Culture and Sustainability in Southeast Asia (EM),RVC2000E,Residential College,Ridge View Residential College,0.620166003704071,1084,0.65283203125,0.61181640625,8,3,2831,39.87,505,1,RVC2000E
Noon Recital Series 3B,MUA3154,YST Conservatory of Music,YSTCM Dean's Office,0.620068371295929,1085,0.6298828125,0.6123046875,4,7,959,13.51,1568,1,MUA3154
SIMHC: Managerial and Organisational Cognition,MNO4313E,NUS Business School,Management and Organisation,0.620068371295929,1085,0.6318359375,0.61669921875,7,4,4928,69.4,66,1,MNO4313E
Environmental Modelling,GE4212,Arts and Social Science,Geography,0.620068371295929,1085,0.65087890625,0.59765625,5,6,1130,15.91,1432,2,GE4212; GE4212HM
Final Project,MUA4179,YST Conservatory of Music,YSTCM Dean's Office,0.6200195550918579,1086,0.62353515625,0.6171875,3,8,2175,30.63,784,1,MUA4179
Fundamentals of Systems Engineering and Architecture,IE3105,College of Design and Engineering,Industrial Systems Engineering and Management,0.6200195550918579,1086,0.63427734375,0.60888671875,4,7,1291,18.18,1308,1,IE3105
The Profession of Music 2,MUA1167,YST Conservatory of Music,YSTCM Dean's Office,0.6200195550918579,1086,0.66357421875,0.60498046875,6,5,2594,36.53,596,1,MUA1167
Analysing Thai Media,LAT4203,Arts and Social Science,Centre for Language Studies,0.6199706792831421,1087,0.64306640625,0.6103515625,6,5,1649,23.22,1075,2,LAT4203; LAT4203HM
Engineering Biology,BN4501,College of Design and Engineering,Biomedical Engineering,0.6199706792831421,1087,0.67724609375,0.60302734375,4,7,901,12.69,1616,1,BN4501
Introduction to Clinical Decision Support Systems,BMI2106,Yong Loo Lin Sch of Medicine,NUS Medicine Dean's Office,0.6199706792831421,1087,0.63330078125,0.60986328125,4,7,610,8.59,1880,1,BMI2106
Adolescent Psychology,PL3244,Arts and Social Science,Psychology,0.6199706792831421,1087,0.63330078125,0.603515625,3,8,985,13.87,1548,1,PL3244
"Governance, Regulation, and Compliance Technology",IS4234,Computing,Information Systems and Analytics,0.6199706792831421,1087,0.6455078125,0.60693359375,5,6,1160,16.34,1409,1,IS4234
Thinking in Systems: Diseases and Healthcare,GEM1919,Residential College,Residential College 4,0.6199706792831421,1087,0.658203125,0.5947265625,3,8,563,7.93,1924,3,GEM1919; UTC1701; UTC1702B
Globalisation and New Media,GEC1000,Arts and Social Science,Communications and New Media,0.6199706792831421,1087,0.64306640625,0.60693359375,5,6,1736,24.45,1021,3,GEC1000; GEH1001; GEM1036
Sense-making Case Analysis: Commerce,DSA4263B,Science,Statistics and Data Science,0.6199706792831421,1087,0.63720703125,0.615234375,5,6,1491,21.0,1179,1,DSA4263B
Selected Topics in Law and Justice,SC4883,Arts and Social Science,Sociology and Anthropology,0.619921863079071,1088,0.62939453125,0.607421875,2,9,1185,16.69,1389,2,SC4883; SC4883HM
International Financial System: Law and Practice,LL4272,Law,FoL Dean's Office,0.619921863079071,1088,0.63623046875,0.61328125,3,8,735,10.35,1765,1,LL4272
Molecular Basis of Human Diseases,LSM3224,Yong Loo Lin Sch of Medicine,Biochemistry,0.619921863079071,1088,0.65673828125,0.599609375,2,9,359,5.06,2118,2,LSM3224; LSM4220
Contemporary Politics of Southeast Asia,PS4205,Arts and Social Science,Political Science,0.619921863079071,1088,0.64794921875,0.60693359375,7,4,2800,39.43,518,2,PS4205; PS4205HM
Materials Science & Engineering Principles & Practice I,MLE1001A,College of Design and Engineering,Materials Science and Engineering,0.619873046875,1089,0.64990234375,0.603515625,3,8,663,9.34,1833,1,MLE1001A
Seminars in Entrepreneurship - Lean Startup: Market Validation,TR4049N,Non-Faculty-based Departments,NUS Enterprise Academy,0.619873046875,1089,0.62646484375,0.61328125,2,9,3227,45.44,380,3,TR4049N; TR4049S; TR4049T
Soft Sides of Software,NST2069,NUS College,NUS College Dean's Office,0.619873046875,1089,0.634765625,0.61328125,2,9,2106,29.66,821,1,NST2069
Japanese 2,LAJ2201,Arts and Social Science,Centre for Language Studies,0.619873046875,1089,0.669921875,0.59326171875,7,4,496,6.98,1988,1,LAJ2201
Urban ASEAN: The Changing Southeast Asian City,YSS3218,Yale-NUS College,Yale-NUS College,0.619824230670929,1090,0.6298828125,0.6123046875,8,3,3394,47.8,335,1,YSS3218
Singapore and Japan: Historical and Contemporary Relationships,GES1015,Arts and Social Science,Japanese Studies,0.619824230670929,1090,0.68701171875,0.6005859375,4,7,1364,19.21,1261,3,GES1015; GESS1013; SSA2205
Legal Systems of Asia (C),LC2010C,Law,FoL Dean's Office,0.619824230670929,1090,0.63427734375,0.611328125,1,10,1036,14.59,1505,1,LC2010C
Accelerated Organic Chemistry,YSC2224,Yale-NUS College,Yale-NUS College,0.619824230670929,1090,0.64453125,0.59814453125,4,7,464,6.53,2017,1,YSC2224
Independent Study in Marketing,MKT3429,NUS Business School,Marketing,0.6197754144668579,1091,0.63037109375,0.61328125,4,7,2573,36.23,606,3,MKT3429; MKT3439; MKT3751
Dielectric and Magnetic Materials,MLE3105,College of Design and Engineering,Materials Science and Engineering,0.6197265386581421,1092,0.6474609375,0.591796875,2,9,587,8.27,1901,1,MLE3105
Structural Principles,AR1327,College of Design and Engineering,Architecture,0.6197265386581421,1092,0.640625,0.611328125,5,6,561,7.9,1925,1,AR1327
Navigating Your Wellbeing at NUS,RW1001A,NUS,Office of the Provost,0.619677722454071,1093,0.62890625,0.61279296875,4,7,1392,19.6,1240,2,RW1001A; THE1003A
International Contract Law: Principles and Practice,LL4235,Law,FoL Dean's Office,0.619677722454071,1093,0.63623046875,0.6123046875,2,9,765,10.77,1739,2,LL4235; LL4235V
Professional Placement,FST3181,Science,Food Science and Technology,0.61962890625,1094,0.65576171875,0.60888671875,5,6,4217,59.39,169,1,FST3181
Introduction to Pharmacoeconomics,PR4153,Science,PharmacyandPharmaceuticalScience,0.61962890625,1094,0.6357421875,0.61083984375,5,6,1169,16.46,1401,1,PR4153
Understanding the Social World: Singapore & Beyond,NSW2001,NUS College,NUS College Dean's Office,0.619580090045929,1095,0.64404296875,0.6142578125,4,7,1396,19.66,1237,14,NSW2001; NSW2001A; NSW2001B; NSW2001C; NSW2001D; NSW2001E; NSW2001F; NSW2001G; NSW2001H; NSW2001I; NSW2001J; NSW2001K; NSW2001L; NSW2001M
Public and Community Health,NUR3117A,Yong Loo Lin Sch of Medicine,Alice Lee Center for Nursing Studies,0.619580090045929,1095,0.64306640625,0.595703125,4,7,439,6.18,2041,1,NUR3117A
SCI-PhI Project,PR4191,Science,PharmacyandPharmaceuticalScience,0.619580090045929,1095,0.654296875,0.60498046875,6,5,853,12.01,1660,1,PR4191
Sustainability in Southeast Asia: Study Trip to Thailand,UTC2420B,Residential College,College of Alice and Peter Tan,0.6195312738418579,1096,0.6572265625,0.607421875,7,4,1964,27.66,892,1,UTC2420B
Independent Study in Ops & Supply Chain Management,DOS3751,NUS Business School,Analytics and Operations,0.6195312738418579,1096,0.66748046875,0.603515625,6,5,2313,32.57,722,1,DOS3751
Research Project in Chemistry,CM4288,Science,Chemistry,0.6195312738418579,1096,0.673828125,0.59765625,4,7,622,8.76,1868,1,CM4288
Researching Singapore Politics,PS4332,Arts and Social Science,Political Science,0.6195312738418579,1096,0.646484375,0.6064453125,4,7,1329,18.72,1284,2,PS4332; PS4332HM
Specialisation Study Module,ME4105,College of Design and Engineering,Mechanical Engineering,0.6195312738418579,1096,0.64599609375,0.6015625,8,3,1704,24.0,1040,1,ME4105
Clean Energy and Storage,GEC1010,Science,Physics,0.6194823980331421,1097,0.638671875,0.60986328125,2,9,1489,20.97,1181,2,GEC1010; GEH1034
Sense-making Case Analysis: Technology,DSA4266B,Science,Statistics and Data Science,0.6194823980331421,1097,0.64501953125,0.60791015625,5,6,709,9.98,1789,1,DSA4266B
Beyond the Surface: Appreciating Individuals & Families,SW2101,Arts and Social Science,Social Work,0.619433581829071,1098,0.65673828125,0.6025390625,3,8,1250,17.6,1339,1,SW2101
Chemical Kinetics & Reactor Design,CN2116,College of Design and Engineering,Chemical and Biomolecular Engineering,0.619433581829071,1098,0.6337890625,0.6123046875,4,7,699,9.84,1799,1,CN2116
Topics in Science (for GSSP),SP2718,Science,FoS Dean's Office,0.619335949420929,1099,0.6318359375,0.60888671875,6,5,1526,21.49,1156,1,SP2718
Visual Communication Principles and Practices,ID2100,College of Design and Engineering,Industrial Design,0.619335949420929,1099,0.63525390625,0.6025390625,6,5,750,10.56,1754,1,ID2100
Search Engine Optimisation and Analytics,TBA4212,Cont and Lifelong Education,SCALE Dean's Office,0.619335949420929,1099,0.67578125,0.5869140625,5,6,417,5.87,2063,1,TBA4212
International Investment Law,LL4032V,Law,FoL Dean's Office,0.6192871332168579,1100,0.63623046875,0.609375,4,7,1032,14.53,1509,1,LL4032V
Design Fundamentals 2,ID1106,College of Design and Engineering,Industrial Design,0.6192871332168579,1100,0.65234375,0.60498046875,5,6,1935,27.25,908,1,ID1106
External Influences on Chinese Language,CL3218,Arts and Social Science,Chinese Studies,0.6192871332168579,1100,0.6494140625,0.60693359375,3,8,194,2.73,2281,1,CL3218
Urban Water Engineering & Management,ESE4405,College of Design and Engineering,Civil and Environmental Engineering,0.6192871332168579,1100,0.63525390625,0.6083984375,4,7,1424,20.05,1221,1,ESE4405
Professional Identity and Skills Development I,PR1150,Science,PharmacyandPharmaceuticalScience,0.6192382574081421,1101,0.65185546875,0.60009765625,3,8,2168,30.53,787,1,PR1150
Human Physiology,YSC3265,Yale-NUS College,Yale-NUS College,0.619189441204071,1102,0.638671875,0.6005859375,2,9,885,12.46,1631,1,YSC3265
Singapore’s Malay Built Heritage: Legacies of Diversity,MS2217,Arts and Social Science,Malay Studies,0.619189441204071,1102,0.6455078125,0.60498046875,9,2,1849,26.04,955,1,MS2217
Landscape Ecology,LAD2010,College of Design and Engineering,Architecture,0.619189441204071,1102,0.6591796875,0.59423828125,6,5,545,7.67,1941,1,LAD2010
Politics of Heritage : Singapore and the Region,NHS2052,NUS College,NUS College Dean's Office,0.619189441204071,1102,0.65234375,0.59912109375,8,3,1596,22.48,1109,1,NHS2052
Effective Communication for Health Professionals,NUR1110,Yong Loo Lin Sch of Medicine,Alice Lee Center for Nursing Studies,0.619091808795929,1103,0.64599609375,0.59912109375,3,8,598,8.42,1892,1,NUR1110
Introduction to Electrical Energy Systems,EE2029,College of Design and Engineering,Electrical and Computer Engineering,0.6190429925918579,1104,0.638671875,0.609375,3,8,532,7.49,1954,1,EE2029
Experimental Models for Human Disease and Therapy,LSM4228,Science,Biological Sciences,0.6190429925918579,1104,0.642578125,0.603515625,4,7,345,4.86,2132,1,LSM4228
Analytical Methods in Electrical and Computer Engineering,EE2012,College of Design and Engineering,Electrical and Computer Engineering,0.6190429925918579,1104,0.65771484375,0.59912109375,4,7,876,12.34,1639,2,EE2012; EE2012A
Foundations for String Chamber Music,MUA1109,YST Conservatory of Music,YSTCM Dean's Office,0.6189941167831421,1105,0.64697265625,0.59814453125,2,9,141,1.99,2334,1,MUA1109
Introduction to Prototyping,ID1300,College of Design and Engineering,Industrial Design,0.6189941167831421,1105,0.64892578125,0.60888671875,5,6,1272,17.91,1322,1,ID1300
Machine Learning with Unstructured Data,IS4402,Computing,Information Systems and Analytics,0.6189941167831421,1105,0.646484375,0.60400390625,4,7,1123,15.81,1438,1,IS4402
Design Futures,AR4111,College of Design and Engineering,Architecture,0.618945300579071,1106,0.6640625,0.60498046875,6,5,830,11.69,1680,1,AR4111
Field Exposure Japan,JS2880,Arts and Social Science,Japanese Studies,0.618945300579071,1106,0.64208984375,0.61083984375,5,6,2167,30.52,788,1,JS2880
Honours Project in Astrophysics,PC4288A,Science,Physics,0.618847668170929,1107,0.638671875,0.60791015625,6,5,1464,20.62,1198,1,PC4288A
Everyday Life of Chinese Singaporeans: Past & Present (taught in English),GES1005,Arts and Social Science,Chinese Studies,0.618847668170929,1107,0.6611328125,0.60107421875,4,7,1072,15.1,1479,3,GES1005; GESS1003; SSA1208
Biophysics III,PC4267,Science,Physics,0.6187988519668579,1108,0.67236328125,0.60302734375,2,9,197,2.77,2278,1,PC4267
Advanced UROPS in Quantum Technologies I (REx),PC3288QR,Science,Physics,0.6187988519668579,1108,0.658203125,0.6064453125,5,6,1539,21.67,1147,1,PC3288QR
Remote Sensing & Analysis with Deep Learning Techniques,EE4115,College of Design and Engineering,Electrical and Computer Engineering,0.6187988519668579,1108,0.63671875,0.59912109375,4,7,178,2.51,2297,1,EE4115
Organic Chemistry Laboratory,YSC2222,Yale-NUS College,Yale-NUS College,0.6187988519668579,1108,0.65673828125,0.599609375,4,7,448,6.31,2032,1,YSC2222
Options and Futures,FIN3116,NUS Business School,Finance,0.6187499761581421,1109,0.69384765625,0.59912109375,5,6,514,7.24,1970,2,FIN3116; FIN3712
Applied Pathophysiology and Clinical Pharmacology,NUR2500,Yong Loo Lin Sch of Medicine,Alice Lee Center for Nursing Studies,0.618701159954071,1110,0.6376953125,0.6083984375,6,5,547,7.7,1939,1,NUR2500
Ideas to Start-up,CDE4301A,College of Design and Engineering,CDE Dean's Office,0.61865234375,1111,0.64013671875,0.609375,3,8,2582,36.36,602,2,CDE4301A; EG4301A
Computational Thinking and Programming in Chemistry,CM3267,Science,Chemistry,0.61865234375,1111,0.63427734375,0.6103515625,4,7,757,10.66,1747,1,CM3267
Adv Independent Study in Leadership & Human Capital Mgt (2 MC),MNO4752,NUS Business School,Management and Organisation,0.61865234375,1111,0.6318359375,0.6123046875,7,4,3354,47.23,346,1,MNO4752
Mass Transfer and Separation Processes,CN3103,College of Design and Engineering,Chemical and Biomolecular Engineering,0.61865234375,1111,0.6318359375,0.609375,2,9,633,8.91,1859,1,CN3103
Advanced Communications & New Media Research,NM4102,Arts and Social Science,Communications and New Media,0.618603527545929,1112,0.63232421875,0.61181640625,8,3,1285,18.1,1312,2,NM4102; NM4102HM
ISE Principles and Practice II,IE1112,College of Design and Engineering,Industrial Systems Engineering and Management,0.6185547113418579,1113,0.62841796875,0.615234375,3,8,1764,24.84,1006,1,IE1112
Inorganic Chemistry with Laboratory,YSC3228,Yale-NUS College,Yale-NUS College,0.6185547113418579,1113,0.64794921875,0.59716796875,4,7,658,9.27,1838,1,YSC3228
Structure and Mechanical Properties of Materials,MLE2108,College of Design and Engineering,Materials Science and Engineering,0.6185547113418579,1113,0.673828125,0.59228515625,2,9,601,8.46,1889,1,MLE2108
Asia Now! The Archaeology of the Future City,UTC2109,Residential College,Tembusu College,0.6185058355331421,1114,0.64794921875,0.60009765625,6,5,1808,25.46,977,2,UTC2109; UTS2109
Japanese 4,LAJ2203,Arts and Social Science,Centre for Language Studies,0.6185058355331421,1114,0.67578125,0.5927734375,8,3,455,6.41,2026,1,LAJ2203
Vegetation and Plant Diversity of Southeast Asia,LSM4351,Science,Biological Sciences,0.6185058355331421,1114,0.65380859375,0.6025390625,5,6,1722,24.25,1029,1,LSM4351
Principles of Biophysics,YSC3234,Yale-NUS College,Yale-NUS College,0.618408203125,1115,0.65869140625,0.59619140625,3,8,345,4.86,2132,1,YSC3234
Financial Economics I,EC3333,Arts and Social Science,Economics,0.6183105707168579,1116,0.6376953125,0.6064453125,3,8,273,3.84,2204,1,EC3333
Dissertation,IPM4101,College of Design and Engineering,Built Environment,0.6183105707168579,1116,0.6455078125,0.6044921875,3,8,2766,38.95,527,3,IPM4101; IPM4101T; PF4101
Work and Inequality,UTC2407,Residential College,College of Alice and Peter Tan,0.6182616949081421,1117,0.62744140625,0.611328125,8,3,5294,74.55,39,2,UTC2407; UTS2405
Digital Sketching and Painting,ID2115,College of Design and Engineering,Industrial Design,0.6182616949081421,1117,0.65625,0.58740234375,5,6,676,9.52,1821,1,ID2115
"Work, Technology And Organization",IE4241,College of Design and Engineering,Industrial Systems Engineering and Management,0.6182616949081421,1117,0.63525390625,0.6123046875,6,5,3713,52.29,256,1,IE4241
Advanced UROPS in Food Science & Technology II,FST3289,Science,Food Science and Technology,0.6182616949081421,1117,0.677734375,0.5849609375,4,7,1016,14.31,1522,1,FST3289
Junior Seminar,GEM1902,Residential College,Tembusu College,0.6182616949081421,1117,0.64306640625,0.60302734375,5,6,1864,26.25,947,2,GEM1902; UTC1102
Production Networks in the Global Economy,YSS4217,Yale-NUS College,Yale-NUS College,0.6182616949081421,1117,0.64306640625,0.60986328125,7,4,2859,40.26,497,1,YSS4217
'China' in the Making (in English),CH3296,Arts and Social Science,Chinese Studies,0.618212878704071,1118,0.63818359375,0.60205078125,3,8,934,13.15,1589,1,CH3296
Urban Planning in Singapore,GES1026,NUS Business School,Real Estate,0.6181640625,1119,0.6220703125,0.61376953125,5,6,1687,23.76,1050,2,GES1026; GESS1019
German 5,LAG4201,Arts and Social Science,Centre for Language Studies,0.6181640625,1119,0.63671875,0.6025390625,6,5,757,10.66,1747,2,LAG4201; LAG4201HM
Topics in Malay Art Forms,MS4880C,Arts and Social Science,Malay Studies,0.618115246295929,1120,0.6474609375,0.5986328125,6,5,875,12.32,1640,2,MS4880C; MS4880CHM
Business Anthropology,AN4209,Arts and Social Science,Sociology and Anthropology,0.618115246295929,1120,0.62451171875,0.61572265625,3,8,3665,51.61,263,1,AN4209
Introduction to Computing and Programming II,TIC1002,Cont and Lifelong Education,SCALE Dean's Office,0.618115246295929,1120,0.62939453125,0.60693359375,3,8,875,12.32,1640,1,TIC1002
Chemistry of Elements,CM2112,Science,Chemistry,0.6180664300918579,1121,0.65673828125,0.5986328125,5,6,795,11.2,1712,1,CM2112
Topics In History And Theory Of Architecture - Curating Architecture,AR4951G,College of Design and Engineering,Architecture,0.6180664300918579,1121,0.6396484375,0.59423828125,6,5,782,11.01,1724,1,AR4951G
Assistive Technology for Persons with Disability,BN4103,College of Design and Engineering,Biomedical Engineering,0.6180664300918579,1121,0.64501953125,0.6064453125,6,5,1385,19.5,1247,1,BN4103
The Economics of Digital Platforms,EC4325,Arts and Social Science,Economics,0.6180664300918579,1121,0.638671875,0.60205078125,7,4,2109,29.7,819,2,EC4325; EC4325HM
Organs in a Dish: Organoid Bioengineering,BN4302,College of Design and Engineering,Biomedical Engineering,0.6180664300918579,1121,0.654296875,0.6015625,4,7,451,6.35,2030,1,BN4302
Feedback Control Systems,EE3331C,College of Design and Engineering,Electrical and Computer Engineering,0.6180664300918579,1121,0.6416015625,0.6083984375,3,8,873,12.29,1642,7,EE3331C; EE3331E; ME2142; ME2142E; ME3142; TEE3331; TME2142
Negotiation,LL4045,Law,FoL Dean's Office,0.6180664300918579,1121,0.64404296875,0.59814453125,5,6,2602,36.64,594,2,LL4045; LL4045V
Co-Creating Value (Tools for Collaborative Innovation),BSN3714,NUS Business School,Strategy and Policy,0.6180664300918579,1121,0.65283203125,0.59912109375,7,4,2749,38.71,538,1,BSN3714
Special Seminars in Business,BSS4761,NUS Business School,BIZ Dean's Office,0.6180664300918579,1121,0.63525390625,0.6123046875,5,6,2750,38.73,537,1,BSS4761
Understanding Disability and Fostering Inclusivity,RVN2003,Residential College,Ridge View Residential College,0.6180175542831421,1122,0.6591796875,0.58447265625,7,4,855,12.04,1658,1,RVN2003
We the Citizens - Understanding Singapore’s Politics,GES1034,Arts and Social Science,Political Science,0.6180175542831421,1122,0.63427734375,0.59326171875,5,6,1827,25.73,967,2,GES1034; GESS1024
The Emerging Nanoworld,GEH1028,Science,Physics,0.617968738079071,1123,0.6650390625,0.59228515625,3,8,807,11.36,1702,3,GEH1028; GEK1509; HSI2015
Japanese Law,LL4526,Law,FoL Dean's Office,0.617968738079071,1123,0.63134765625,0.611328125,3,8,727,10.24,1773,1,LL4526
Innovation Programme,EG2604,College of Design and Engineering,CDE Dean's Office,0.617968738079071,1123,0.67724609375,0.6064453125,8,3,2348,33.07,705,1,EG2604
"Passing Time: Processes, Temporality, and Econometrics",NST2017,NUS,NUS College Dean's Office,0.617968738079071,1123,0.6611328125,0.6015625,5,6,2987,42.06,451,1,NST2017
"Public Memory, Identity and Rhetoric",UTW2001K,Non-Faculty-based Departments,Center for Engl Lang Comms,0.617968738079071,1123,0.64404296875,0.60205078125,7,4,1286,18.11,1311,1,UTW2001K
Flavour Science,FST3109,Science,Food Science and Technology,0.617968738079071,1123,0.66845703125,0.5859375,4,7,318,4.48,2159,2,FST3109; FST4101
"Legal Analysis, Writing And Research I",LC1006,Law,FoL Dean's Office,0.617919921875,1124,0.68798828125,0.5947265625,4,7,1563,22.01,1130,1,LC1006
Robotics in Rehabilitation,BN4203,College of Design and Engineering,Biomedical Engineering,0.617919921875,1124,0.6357421875,0.603515625,3,8,538,7.58,1948,1,BN4203
Innovation and Entrepreneurial Strategy,MT4001,College of Design and Engineering,Industrial Systems Engineering and Management,0.617919921875,1124,0.658203125,0.60595703125,5,6,2321,32.69,718,1,MT4001
Experiencing Engineering Leadership,MT2001,College of Design and Engineering,Industrial Systems Engineering and Management,0.617919921875,1124,0.62109375,0.6103515625,3,8,2463,34.69,650,1,MT2001
Arts and the Law,TS4214,Arts and Social Science,"English,Ling.andTheatre Studies",0.617919921875,1124,0.65966796875,0.603515625,2,9,398,5.6,2080,2,TS4214; TS4214HM
The Great Extinction: wildlife matters,RVN2001,Residential College,Ridge View Residential College,0.617871105670929,1125,0.63818359375,0.607421875,6,5,1404,19.77,1232,1,RVN2001
Principles of Mechanical Eng. Materials,ME2151,College of Design and Engineering,Mechanical Engineering,0.617871105670929,1125,0.67041015625,0.599609375,2,9,468,6.59,2013,2,ME2151; ME2151E
Embedded Systems Design Project,CG3002,Multi Disciplinary Programme,Computing and Engineering Programme,0.617871105670929,1125,0.650390625,0.60595703125,5,6,811,11.42,1698,1,CG3002
TIHMC: Negotiations and Bargaining,MNO3313H,NUS Business School,Management and Organisation,0.6178222894668579,1126,0.63037109375,0.6123046875,7,4,4277,60.23,160,1,MNO3313H
Hard at work: the changing face of labour in SEA,SE3226,Arts and Social Science,Southeast Asian Studies,0.6177734136581421,1127,0.63818359375,0.60693359375,7,4,3455,48.66,318,1,SE3226
Advanced UROPS in Medicinal Chemistry I,CM3288M,Science,Chemistry,0.6177734136581421,1127,0.65087890625,0.6025390625,6,5,658,9.27,1838,1,CM3288M
AAS Final Project,MUA4175,YST Conservatory of Music,YSTCM Dean's Office,0.6177734136581421,1127,0.6220703125,0.61474609375,5,6,2762,38.9,531,1,MUA4175
Capstone Project in Data Science and Economics I,DSE4101,Science,Mathematics,0.617724597454071,1128,0.64404296875,0.60498046875,5,6,907,12.77,1611,1,DSE4101
Trade and Investment Law in the Asia-Pacific,LL4278V,Law,FoL Dean's Office,0.617724597454071,1128,0.6396484375,0.60205078125,5,6,896,12.62,1621,1,LL4278V
Being Malays in Singapore,MS3209,Arts and Social Science,Malay Studies,0.617724597454071,1128,0.6396484375,0.6083984375,6,5,1266,17.83,1328,2,MS3209; SSA3203
Bioorganic Principles of Medicinal Chemistry,PR4205,Science,PharmacyandPharmaceuticalScience,0.617626965045929,1129,0.650390625,0.59375,3,8,183,2.58,2292,1,PR4205
Counselling Psychology,PL4208,Arts and Social Science,Psychology,0.617626965045929,1129,0.66259765625,0.59228515625,4,7,805,11.34,1703,2,PL4208; PL4208HM
Architecture and Community: from Singapore to the World,AR2121,College of Design and Engineering,Architecture,0.6175781488418579,1130,0.66357421875,0.59765625,3,8,753,10.6,1751,1,AR2121
Architectural Structures and Forces,AR3328,College of Design and Engineering,Architecture,0.6175781488418579,1130,0.626953125,0.6103515625,4,7,404,5.69,2074,1,AR3328
Computer Networks Practice,CS3103,Computing,Computer Science,0.6175781488418579,1130,0.64794921875,0.59814453125,4,7,438,6.17,2042,1,CS3103
Globalizing Asian-Pacific Identities,NHS2029,NUS,NUS College Dean's Office,0.6175292730331421,1131,0.63720703125,0.60595703125,5,6,2700,38.02,555,1,NHS2029
MS / MCP Capstone Project,MUA4178,YST Conservatory of Music,YSTCM Dean's Office,0.6175292730331421,1131,0.62939453125,0.60498046875,6,5,1469,20.69,1194,1,MUA4178
Japanese Mass Media,JS3225,Arts and Social Science,Japanese Studies,0.6175292730331421,1131,0.65869140625,0.59765625,7,4,943,13.28,1580,1,JS3225
A Basic Introduction to Medical Physics,PC1346,Science,Physics,0.617480456829071,1132,0.6328125,0.59716796875,4,7,488,6.87,1995,1,PC1346
"Professional Nursing Practice, Ethics and Law",NUR2120,Yong Loo Lin Sch of Medicine,Alice Lee Center for Nursing Studies,0.617480456829071,1132,0.64404296875,0.599609375,2,9,563,7.93,1924,1,NUR2120
Artificial Neural Networks,EE4312,College of Design and Engineering,Electrical and Computer Engineering,0.617480456829071,1132,0.63720703125,0.60546875,4,7,216,3.04,2259,1,EE4312
Noon Recital Series 1B,MUA1154,YST Conservatory of Music,YSTCM Dean's Office,0.617480456829071,1132,0.62841796875,0.6083984375,4,7,1023,14.41,1516,1,MUA1154
SIF: Private Equity,FIN4112G,NUS Business School,Finance,0.617431640625,1133,0.64306640625,0.6025390625,5,6,977,13.76,1555,2,FIN4112G; FIN4761A
Advanced UROPS in Physics I,PC3288,Science,Physics,0.617431640625,1133,0.63720703125,0.607421875,4,7,1240,17.46,1346,1,PC3288
Independent Study Course,IE4102,College of Design and Engineering,Industrial Systems Engineering and Management,0.617382824420929,1134,0.67529296875,0.607421875,4,7,2347,33.05,706,1,IE4102
Nanoscale Science And Technology,NST2023,NUS College,NUS College Dean's Office,0.6173340082168579,1135,0.66455078125,0.5849609375,3,8,480,6.76,2003,1,NST2023
Technology for Design,ID2323,College of Design and Engineering,Industrial Design,0.6173340082168579,1135,0.65185546875,0.5947265625,6,5,549,7.73,1937,1,ID2323
Wastewater Biotechnology,ESE4301,College of Design and Engineering,Civil and Environmental Engineering,0.6172851324081421,1136,0.68896484375,0.59765625,5,6,391,5.51,2087,1,ESE4301
Unequal Parenthoods in Asia,UTC2411,Residential College,College of Alice and Peter Tan,0.6172851324081421,1136,0.63427734375,0.609375,5,6,2019,28.43,866,2,UTC2411; UTS2408
Blood and Womb: Culture and the Body in Malay Society,HS2919,Arts and Social Science,Malay Studies,0.617236316204071,1137,0.63623046875,0.60400390625,6,5,1721,24.24,1030,1,HS2919
Pharmacy Professional Skills Development II,PR2131,Science,PharmacyandPharmaceuticalScience,0.617236316204071,1137,0.638671875,0.5986328125,5,6,2159,30.4,793,1,PR2131
Introduction to Internet of Things,CS3237,Computing,Computer Science,0.6171875,1138,0.716796875,0.57373046875,6,5,205,2.89,2270,1,CS3237
Artificial Truth,UTC1801,Residential College,Acacia College,0.6171875,1138,0.6396484375,0.6064453125,4,7,362,5.1,2115,1,UTC1801
Financial Economics II,EC4333,Arts and Social Science,Economics,0.6171875,1138,0.63916015625,0.60595703125,5,6,392,5.52,2086,2,EC4333; EC4333HM
Resilience and Success In Your College Experience,YCT1203,Yale-NUS College,Yale-NUS College,0.6171875,1138,0.62646484375,0.60791015625,1,10,1351,19.03,1269,1,YCT1203
Social Design,ID2120,College of Design and Engineering,Industrial Design,0.6170898675918579,1139,0.63623046875,0.6044921875,4,7,947,13.34,1577,1,ID2120
Radiation for Imaging and Therapy in Medicine,PC3295,Science,Physics,0.6170898675918579,1139,0.63232421875,0.59619140625,4,7,347,4.89,2130,1,PC3295
Singapore's Foreign Policy,PS3249,Arts and Social Science,Political Science,0.6170409917831421,1140,0.623046875,0.6103515625,4,7,1373,19.34,1256,2,PS3249; SSA3205
Advanced Live Sound Reinforcement 1,MUA4271,YST Conservatory of Music,YSTCM Dean's Office,0.6170409917831421,1140,0.6455078125,0.6015625,7,4,3331,46.91,350,1,MUA4271
Synthesis And Growth Of Nanostructures,MLE4204,College of Design and Engineering,Materials Science and Engineering,0.616992175579071,1141,0.67333984375,0.5810546875,2,9,138,1.94,2337,1,MLE4204
Maps: Portraying Space as Place,UTC2119,Residential College,Tembusu College,0.616943359375,1142,0.626953125,0.60888671875,8,3,1651,23.25,1073,1,UTC2119
Biology Laboratory,YSC2202,Yale-NUS College,Yale-NUS College,0.616894543170929,1143,0.64794921875,0.60400390625,4,7,235,3.31,2241,1,YSC2202
Communication and Critical Thinking for Community Leadership,GEX1017,Non-Faculty-based Departments,Center for Engl Lang Comms,0.616894543170929,1143,0.65087890625,0.6005859375,4,7,2430,34.22,672,1,GEX1017
Sense-making Case Analysis: Health and Medicine,DSA4262,Science,Statistics and Data Science,0.6167968511581421,1144,0.64990234375,0.60302734375,4,7,663,9.34,1833,1,DSA4262
French 1,LAF1201,Arts and Social Science,Centre for Language Studies,0.6167968511581421,1144,0.62451171875,0.6083984375,3,8,497,7.0,1987,1,LAF1201
Introduction to Public Administration,PS2240,Arts and Social Science,Political Science,0.616748034954071,1145,0.67236328125,0.60791015625,5,6,1990,28.02,879,1,PS2240
SIOSCM: Service Design,DSC4211G,NUS Business School,Analytics and Operations,0.616748034954071,1145,0.6298828125,0.61376953125,3,8,1489,20.97,1181,1,DSC4211G
Organisational Effectiveness,MNO3303,NUS Business School,Management and Organisation,0.61669921875,1146,0.62060546875,0.611328125,3,8,2137,30.09,806,1,MNO3303
Leading the Future of Pharmacy,PR4151,Science,PharmacyandPharmaceuticalScience,0.616650402545929,1147,0.63720703125,0.60302734375,6,5,1964,27.66,892,1,PR4151
Corporate Governance in the US and UK,LL4229,Law,FoL Dean's Office,0.616650402545929,1147,0.6318359375,0.60546875,3,8,1005,14.15,1530,1,LL4229
Taxation Issues in Cross-Border Transactions,LL4035,Law,FoL Dean's Office,0.616650402545929,1147,0.6328125,0.6044921875,4,7,2457,34.6,653,2,LL4035; LL4035V
Noon Recital Series 2B,MUA2154,YST Conservatory of Music,YSTCM Dean's Office,0.6166015863418579,1148,0.625,0.607421875,4,7,1042,14.67,1500,1,MUA2154
International Trademark Law and Policy,LL4096V,Law,FoL Dean's Office,0.6166015863418579,1148,0.64990234375,0.607421875,4,7,3049,42.94,433,1,LL4096V
Jr Sem : Special Topics,GEM1912,Residential College,Tembusu College,0.6166015863418579,1148,0.630859375,0.6005859375,6,5,1660,23.38,1066,1,GEM1912
Advanced UROPS in Food Science & Technology II (REx),FST3289R,Science,Food Science and Technology,0.6165527105331421,1149,0.66015625,0.58447265625,3,8,839,11.82,1673,1,FST3289R
Computer Organization,CG2028,Multi Disciplinary Programme,Computing and Engineering Programme,0.616503894329071,1150,0.6259765625,0.61279296875,6,5,1380,19.43,1251,1,CG2028
Data Analytics in Political Science,PS4314,Arts and Social Science,Political Science,0.616503894329071,1150,0.6484375,0.595703125,6,5,187,2.63,2288,2,PS4314; PS4314HM
Biomedical Law & Ethics,LL4400,Law,FoL Dean's Office,0.616503894329071,1150,0.64892578125,0.609375,3,8,820,11.55,1690,1,LL4400
Life after Graduation: The Art of a Well-designed Life,NHS4003,NUS College,NUS College Dean's Office,0.616503894329071,1150,0.6328125,0.60595703125,5,6,2831,39.87,505,1,NHS4003
Deus Ex Machina: Generative AI and Society,NST2046,NUS College,NUS College Dean's Office,0.616455078125,1151,0.65234375,0.59814453125,4,7,302,4.25,2175,1,NST2046
Creating Narratives,CDE2000,College of Design and Engineering,Industrial Design,0.616406261920929,1152,0.640625,0.6025390625,5,6,1018,14.34,1520,1,CDE2000
Undergraduate Research Opportunities Programme,CDE2605,College of Design and Engineering,CDE Dean's Office,0.616406261920929,1152,0.642578125,0.60302734375,5,6,1231,17.34,1352,2,CDE2605; EG2605
Process Analysis and Redesign,IE4251,College of Design and Engineering,Industrial Systems Engineering and Management,0.6163574457168579,1153,0.64697265625,0.60498046875,4,7,1760,24.79,1007,1,IE4251
Principles Of Tissue Engineering,BN4301,College of Design and Engineering,Biomedical Engineering,0.6163574457168579,1153,0.63525390625,0.59619140625,2,9,1278,18.0,1317,1,BN4301
Optimization and Regression,CS2251,Computing,Computer Science,0.6163085699081421,1154,0.65380859375,0.595703125,5,6,297,4.18,2180,1,CS2251
Comparative GST Law & Policy,LL4274,Law,FoL Dean's Office,0.6163085699081421,1154,0.62255859375,0.609375,3,8,2416,34.02,676,1,LL4274
Independent Study Module,UIS4911SC,Arts and Social Science,FASS DO/Office of Programmes,0.616259753704071,1155,0.630859375,0.60205078125,6,5,2522,35.52,625,3,UIS4911SC; UIS4912CH; UIS4912SE
Microrobotics,BN4207,College of Design and Engineering,Biomedical Engineering,0.616259753704071,1155,0.63818359375,0.59716796875,3,8,344,4.84,2133,1,BN4207
Serious Games for Health,BN4701,College of Design and Engineering,Biomedical Engineering,0.616259753704071,1155,0.63330078125,0.607421875,4,7,2153,30.32,797,1,BN4701
Sensors and Actuators,ME2143,College of Design and Engineering,Mechanical Engineering,0.616259753704071,1155,0.66748046875,0.59814453125,4,7,840,11.83,1672,3,ME2143; ME2143E; TME2143
Meritocracy,PE4103S,Arts and Social Science,Political Science,0.6162109375,1156,0.6181640625,0.6142578125,1,10,2224,31.32,764,2,PE4103S; PE4103SHM
Digital Media Cultures,NM3205,Arts and Social Science,Communications and New Media,0.6162109375,1156,0.66259765625,0.5966796875,6,5,674,9.49,1822,1,NM3205
Comics as Multimodal Composition and Communications,NHT2206,NUS College,NUS College Dean's Office,0.616162121295929,1157,0.63671875,0.6025390625,4,7,559,7.87,1927,1,NHT2206
Principles of Mechanical Engineering Materials,TME2151,Cont and Lifelong Education,SCALE Dean's Office,0.616162121295929,1157,0.67041015625,0.59423828125,2,9,356,5.01,2121,1,TME2151
Body Systems in Health and Diseases II,MD2140,Yong Loo Lin Sch of Medicine,NUS Medicine Dean's Office,0.616162121295929,1157,0.623046875,0.60986328125,4,7,961,13.53,1566,1,MD2140
IT-mediated financial solutions and platforms,IS4303,Computing,Information Systems and Analytics,0.6160644292831421,1158,0.65380859375,0.60009765625,6,5,957,13.48,1570,1,IS4303
Translational Microbiology,LSM3242,Yong Loo Lin Sch of Medicine,Microbiology and Immunology,0.6160644292831421,1158,0.64111328125,0.59228515625,5,6,471,6.63,2010,1,LSM3242
Materials Kinetics and Processing,MLE2103A,College of Design and Engineering,Materials Science and Engineering,0.6160644292831421,1158,0.6708984375,0.591796875,3,8,269,3.79,2208,1,MLE2103A
Collaboratory,MUA3226,YST Conservatory of Music,YSTCM Dean's Office,0.6160644292831421,1158,0.6630859375,0.59912109375,6,5,2410,33.94,679,1,MUA3226
Game World Mechanics,EE4702,College of Design and Engineering,Electrical and Computer Engineering,0.616015613079071,1159,0.66845703125,0.5986328125,4,7,1407,19.81,1231,1,EE4702
Honours Project in Physics,PC4288,Science,Physics,0.616015613079071,1159,0.64111328125,0.59521484375,5,6,1059,14.91,1488,1,PC4288
Power System Management And Protection,EE4501,College of Design and Engineering,Electrical and Computer Engineering,0.616015613079071,1159,0.623046875,0.611328125,4,7,1667,23.48,1063,1,EE4501
Urban Youth Work,SW4230,Arts and Social Science,Social Work,0.615966796875,1160,0.69921875,0.5947265625,2,9,1365,19.22,1260,2,SW4230; SW4230HM
Database Applications Design and Tuning,CS4221,Computing,Computer Science,0.615966796875,1160,0.67529296875,0.59375,4,7,1017,14.32,1521,1,CS4221
Sense-making Case Analysis: Medicine,DSA4262B,Science,Statistics and Data Science,0.615917980670929,1161,0.6494140625,0.6005859375,5,6,595,8.38,1894,1,DSA4262B
Japan on the Move,JS3228,Arts and Social Science,Japanese Studies,0.615917980670929,1161,0.63623046875,0.6083984375,5,6,3460,48.73,315,1,JS3228
Design Platforms H,ID3110,College of Design and Engineering,Industrial Design,0.615917980670929,1161,0.63330078125,0.60595703125,6,5,2470,34.78,647,1,ID3110
Numerical Analysis II,MA3227,Science,Mathematics,0.615917980670929,1161,0.6357421875,0.6015625,6,5,607,8.55,1883,1,MA3227
IP Commercialisation,LL4536,Law,FoL Dean's Office,0.615917980670929,1161,0.6328125,0.60498046875,5,6,3068,43.21,426,2,LL4536; LL4536V
Real Estate Risk Analysis and Management,RE4807,NUS Business School,Real Estate,0.6158691644668579,1162,0.634765625,0.5966796875,5,6,312,4.39,2165,1,RE4807
Pharmacotherapeutics IV,PR3136,Science,PharmacyandPharmaceuticalScience,0.6158691644668579,1162,0.67138671875,0.59619140625,6,5,557,7.84,1929,1,PR3136
Building Mental Wellbeing and Resilience,HS2924,Yong Loo Lin Sch of Medicine,Physiology,0.6158691644668579,1162,0.666015625,0.60205078125,4,7,1532,21.57,1151,1,HS2924
Sound for Film and Television 2,MUA4174,YST Conservatory of Music,YSTCM Dean's Office,0.6158691644668579,1162,0.65576171875,0.591796875,8,3,937,13.2,1586,1,MUA4174
Chinese Lexicology,CL3202,Arts and Social Science,Chinese Studies,0.6158691644668579,1162,0.6328125,0.60205078125,4,7,498,7.01,1986,1,CL3202
Introduction To Cellular Agriculture,SP2718B,Science,Biological Sciences,0.6158202886581421,1163,0.658203125,0.576171875,2,9,102,1.44,2373,1,SP2718B
Architectural Env. 1 - Nature and Place,AR1722,College of Design and Engineering,Architecture,0.6158202886581421,1163,0.63671875,0.6064453125,4,7,2662,37.49,570,1,AR1722
Bioinorganic Chemistry,CM4215,Science,Chemistry,0.6158202886581421,1163,0.6396484375,0.59130859375,2,9,138,1.94,2337,1,CM4215
Undergraduate Research Project in Computing,CP3209,Computing,SoC Dean's Office,0.615771472454071,1164,0.65380859375,0.5927734375,4,7,528,7.44,1958,1,CP3209
Industry Seminar,CP3201,Computing,SoC Dean's Office,0.615771472454071,1164,0.62841796875,0.60791015625,5,6,3194,44.98,392,1,CP3201
Business-Driven Technology,DOS4812,NUS Business School,Analytics and Operations,0.61572265625,1165,0.64013671875,0.6083984375,5,6,2448,34.47,658,1,DOS4812
Coding Mortality,UTC1102S,Residential College,Tembusu College,0.61572265625,1165,0.6279296875,0.6064453125,4,7,1110,15.63,1450,1,UTC1102S
Business-driven Technology,DSC4216,NUS Business School,Analytics and Operations,0.61572265625,1165,0.64013671875,0.6083984375,5,6,2448,34.47,658,1,DSC4216
FYP Academic Exercise,RE4712,NUS Business School,Real Estate,0.615673840045929,1166,0.65478515625,0.5986328125,8,3,1917,27.0,917,1,RE4712
Designing Public Health Programmes,SPH3401,SSH School of Public Health,SSH School of Public Health Dean's Office,0.615673840045929,1166,0.65283203125,0.60205078125,7,4,1747,24.6,1014,1,SPH3401
Database Systems Implementation,CS3223,Computing,Computer Science,0.6156250238418579,1167,0.6796875,0.58935546875,4,7,1055,14.86,1490,2,CS3223; CS3223R
Social Variation in English,EL2151,Arts and Social Science,"English,Ling.andTheatre Studies",0.6156250238418579,1167,0.625,0.6044921875,4,7,767,10.8,1737,1,EL2151
Mechanics Of Solids,ME3211,College of Design and Engineering,Mechanical Engineering,0.6155761480331421,1168,0.6494140625,0.60302734375,2,9,943,13.28,1580,1,ME3211
Culture and Sustainability in Southeast Asia (West Malaysia),RVC2000W,Residential College,Ridge View Residential College,0.6155761480331421,1168,0.63720703125,0.603515625,7,4,2344,33.01,707,1,RVC2000W
Selected Topics in Japanese Linguistics,JS4209,Arts and Social Science,Japanese Studies,0.6155761480331421,1168,0.671875,0.59033203125,7,4,503,7.08,1981,2,JS4209; JS4209HM
Data Science in Practice,DSA3101,Science,Statistics and Data Science,0.615527331829071,1169,0.65771484375,0.60205078125,3,8,1173,16.52,1399,1,DSA3101
Medical Mycology and Drug Discovery,LSM3226,Yong Loo Lin Sch of Medicine,Biochemistry,0.615478515625,1170,0.6640625,0.60302734375,5,6,563,7.93,1924,1,LSM3226
Database Systems,CS2102,Computing,Computer Science,0.615429699420929,1171,0.6748046875,0.59375,4,7,1336,18.81,1279,2,CS2102; CS2102R
Culture and Literature in S.E.A. History,HY4216,Arts and Social Science,History,0.615429699420929,1171,0.66357421875,0.5927734375,6,5,1114,15.69,1447,2,HY4216; HY4216HM
Life Drawing,YHU3292,Yale-NUS College,Yale-NUS College,0.6153808832168579,1172,0.67333984375,0.59130859375,4,7,950,13.38,1574,1,YHU3292
Innovation & Design Capstone,CDE4301,College of Design and Engineering,CDE Dean's Office,0.6153808832168579,1172,0.64501953125,0.60498046875,6,5,1556,21.91,1135,2,CDE4301; EG4301
Noon Recital Series 4B,MUA4154,YST Conservatory of Music,YSTCM Dean's Office,0.6153808832168579,1172,0.62353515625,0.6083984375,4,7,940,13.24,1583,1,MUA4154
Thai 1,LAT1201,Arts and Social Science,Centre for Language Studies,0.6153320074081421,1173,0.64599609375,0.59912109375,3,8,620,8.73,1870,1,LAT1201
Socio-Ecological Assessment of Environmental Impacts,ENV3104,Science,Biological Sciences,0.615283191204071,1174,0.6455078125,0.59033203125,4,7,589,8.29,1899,1,ENV3104
Traditional and Colonial Society in the Malay World,MS4202,Arts and Social Science,Malay Studies,0.615283191204071,1174,0.654296875,0.59375,4,7,1203,16.94,1375,2,MS4202; MS4202HM
Topics in PS: Research Design and Methods,PS3880G,Arts and Social Science,Political Science,0.615234375,1175,0.65087890625,0.59912109375,3,8,861,12.13,1652,1,PS3880G
Topics in Southeast Asian Studies,SE2880,Arts and Social Science,Southeast Asian Studies,0.615234375,1175,0.62353515625,0.607421875,7,4,1524,21.46,1158,2,SE2880; SE3880
ISE Principles and Practice I,IE1111,College of Design and Engineering,Industrial Systems Engineering and Management,0.615185558795929,1176,0.6337890625,0.6123046875,4,7,1579,22.24,1121,1,IE1111
Introduction to Machine Intelligence,RB3301,College of Design and Engineering,Mechanical Engineering,0.6151367425918579,1177,0.66455078125,0.59912109375,4,7,142,2.0,2333,1,RB3301
Statistical Computing,YSC3252,Yale-NUS College,Yale-NUS College,0.6151367425918579,1177,0.671875,0.59423828125,3,8,544,7.66,1942,1,YSC3252
Game Design,NM4260,Arts and Social Science,Communications and New Media,0.6151367425918579,1177,0.65576171875,0.59765625,4,7,758,10.67,1746,2,NM4260; NM4260HM
China Transnational: 1850 to the Present,CH4248,Arts and Social Science,Chinese Studies,0.6151367425918579,1177,0.63134765625,0.5986328125,3,8,448,6.31,2032,1,CH4248
Transport and Communications,GE3236,Arts and Social Science,Geography,0.6150878667831421,1178,0.64111328125,0.59521484375,5,6,2491,35.08,640,1,GE3236
Mobile Storytelling for Social Impact,NM3246,Arts and Social Science,Communications and New Media,0.6150878667831421,1178,0.64794921875,0.59130859375,7,4,773,10.89,1731,1,NM3246
Sense-making Case Analysis: Science and Technology,DSA4266,Science,Statistics and Data Science,0.615039050579071,1179,0.63916015625,0.6025390625,4,7,624,8.79,1866,1,DSA4266
Theory of Computation,CS3231,Computing,Computer Science,0.615039050579071,1179,0.63330078125,0.59619140625,4,7,396,5.58,2082,3,CS3231; CS4232R; YSC4232
Mechanobiology,LSM4234,Science,Biological Sciences,0.615039050579071,1179,0.73486328125,0.57666015625,3,8,162,2.28,2313,1,LSM4234
Leadership in Performing Arts,CFA3101,YST Conservatory of Music,YSTCM Dean's Office,0.614941418170929,1180,0.6396484375,0.609375,3,8,2147,30.24,801,1,CFA3101
Topics in Architectural Design,AR4955,College of Design and Engineering,Architecture,0.614941418170929,1180,0.64599609375,0.6015625,4,7,242,3.41,2234,1,AR4955
Micro-Finance and Sustainable Development in Asia,YSS4238,Yale-NUS College,Yale-NUS College,0.6148926019668579,1181,0.66015625,0.59912109375,5,6,2052,28.9,851,1,YSS4238
In Search of Soulmate,NST2043,NUS College,NUS College Dean's Office,0.6148926019668579,1181,0.6591796875,0.6005859375,6,5,1555,21.9,1136,1,NST2043
Making Macro Difference: Social Policy and Planning,SW4102,Arts and Social Science,Social Work,0.6148926019668579,1181,0.64501953125,0.58740234375,2,9,429,6.04,2051,2,SW4102; SW4102HM
French for Musicians 2,MUL2108,YST Conservatory of Music,YSTCM Dean's Office,0.6148926019668579,1181,0.68310546875,0.59228515625,3,8,451,6.35,2030,1,MUL2108
Fundamental Biochemistry for Pharmaceutical Science,PHS1111,Science,PharmacyandPharmaceuticalScience,0.6148437261581421,1182,0.650390625,0.5986328125,6,5,301,4.24,2176,1,PHS1111
Complementary Medicine and Health,PR1301,Science,PharmacyandPharmaceuticalScience,0.614794909954071,1183,0.6611328125,0.58447265625,6,5,615,8.66,1875,1,PR1301
Human Behaviours: How do 'I' fit in this Social World?,UTW1001G,Non-Faculty-based Departments,Center for Engl Lang Comms,0.614794909954071,1183,0.630859375,0.59765625,3,8,1257,17.7,1335,1,UTW1001G
Building Communities: Exploring Global Connections,UTC2410,Residential College,College of Alice and Peter Tan,0.614794909954071,1183,0.62744140625,0.61083984375,6,5,2358,33.21,699,1,UTC2410
Planting Design and Horticulture,LAD2004,College of Design and Engineering,Architecture,0.614794909954071,1183,0.6640625,0.58837890625,5,6,620,8.73,1870,1,LAD2004
Evidence Implementation in Healthcare,NUR4101C,Yong Loo Lin Sch of Medicine,Alice Lee Center for Nursing Studies,0.614794909954071,1183,0.619140625,0.60791015625,4,7,770,10.84,1734,1,NUR4101C
Practical Data Science for Economics,DSE3101,Science,Statistics and Data Science,0.614794909954071,1183,0.67822265625,0.59912109375,5,6,650,9.15,1844,1,DSE3101
Basic UROPS in Statistics and Applied Probability I,ST2288,Science,Statistics and Data Science,0.61474609375,1184,0.62939453125,0.6064453125,4,7,842,11.86,1670,1,ST2288
Computational and Systems Biology,YSC3241,Yale-NUS College,Yale-NUS College,0.61474609375,1184,0.62939453125,0.6083984375,5,6,451,6.35,2030,1,YSC3241
Introduction to Chinese Art (taught in English),CH2293,Arts and Social Science,Chinese Studies,0.61474609375,1184,0.64697265625,0.59765625,4,7,329,4.63,2148,1,CH2293
Independent Project,TIC4901,Cont and Lifelong Education,SCALE Dean's Office,0.614697277545929,1185,0.63037109375,0.60791015625,5,6,2566,36.14,612,2,TIC4901; UIS3953R
Game Development Project,CS4350,Computing,Computer Science,0.6146484613418579,1186,0.650390625,0.6064453125,5,6,1909,26.88,921,1,CS4350
Live Sound Reinforcement Project,MUA3189,YST Conservatory of Music,YSTCM Dean's Office,0.6146484613418579,1186,0.6318359375,0.5986328125,8,3,3091,43.53,418,1,MUA3189
Psycholinguistics,EL3206,Arts and Social Science,"English,Ling.andTheatre Studies",0.6145995855331421,1187,0.64599609375,0.5771484375,2,9,132,1.86,2343,1,EL3206
Chinese Politics,PS2248,Arts and Social Science,Political Science,0.6145995855331421,1187,0.654296875,0.59716796875,4,7,865,12.18,1649,2,PS2248; YSS3212
Robot Control,RB2203,College of Design and Engineering,Mechanical Engineering,0.614501953125,1188,0.68408203125,0.58251953125,4,7,137,1.93,2338,1,RB2203
Company Law (H),LC2008H,Law,FoL Dean's Office,0.614453136920929,1189,0.66796875,0.59912109375,2,9,1827,25.73,967,1,LC2008H
Principles of Mechanics and Materials,ME1103,College of Design and Engineering,Mechanical Engineering,0.6143554449081421,1190,0.64501953125,0.6064453125,2,9,1150,16.19,1415,1,ME1103
Advanced UROPS in Statistics & Applied Probability I,ST3288,Science,Statistics and Data Science,0.6143554449081421,1190,0.6279296875,0.60791015625,4,7,1052,14.81,1492,1,ST3288
Mechanics of Materials,ME2114,College of Design and Engineering,Mechanical Engineering,0.614306628704071,1191,0.64208984375,0.6015625,3,8,918,12.93,1601,1,ME2114
Computer Networks and Applications,TIC2501,Cont and Lifelong Education,SCALE Dean's Office,0.614306628704071,1191,0.6279296875,0.61083984375,5,6,362,5.1,2115,1,TIC2501
Topics in Chinese Literature 1,CH3881,Arts and Social Science,Chinese Studies,0.614306628704071,1191,0.64453125,0.6025390625,5,6,483,6.8,2000,1,CH3881
Palliative and End-of-Life Care,NUR3119,Yong Loo Lin Sch of Medicine,Alice Lee Center for Nursing Studies,0.6142578125,1192,0.673828125,0.5927734375,6,5,567,7.98,1920,1,NUR3119
Intermediate Studies on Principal Instrument,MUA3162,YST Conservatory of Music,YSTCM Dean's Office,0.6142578125,1192,0.64501953125,0.59619140625,3,8,412,5.8,2068,1,MUA3162
Polymer Chemistry 2,CM4252,Science,Chemistry,0.614208996295929,1193,0.6806640625,0.59375,3,8,503,7.08,1981,1,CM4252
Thai for Academic Purposes,LAT4204,Arts and Social Science,Centre for Language Studies,0.614208996295929,1193,0.62548828125,0.603515625,6,5,1025,14.43,1514,2,LAT4204; LAT4204HM
Linear and Network Optimisation,MA3252,Science,Mathematics,0.614208996295929,1193,0.6435546875,0.5966796875,7,4,2730,38.45,547,1,MA3252
"Dengue, Deforestation and Displacement",UTC2421,Residential College,College of Alice and Peter Tan,0.6141601800918579,1194,0.65966796875,0.5908203125,4,7,762,10.73,1742,1,UTC2421
Southeast Asian Languages as Research Tools,SE4201,Arts and Social Science,Southeast Asian Studies,0.6141601800918579,1194,0.658203125,0.59814453125,5,6,396,5.58,2082,2,SE4201; SE4201HM
Bioengineering Data Analysis,BN2102,College of Design and Engineering,Biomedical Engineering,0.6141113042831421,1195,0.642578125,0.60400390625,5,6,878,12.36,1637,1,BN2102
International Public Monetary and Payment Systems Law,LL4211,Law,FoL Dean's Office,0.614062488079071,1196,0.6494140625,0.59326171875,7,4,1199,16.88,1378,1,LL4211
China and International Economic Law,LL4352,Law,FoL Dean's Office,0.614013671875,1197,0.642578125,0.59716796875,5,6,1389,19.56,1243,2,LL4352; LL4352V
Strength of Materials,ME2112,College of Design and Engineering,Mechanical Engineering,0.614013671875,1197,0.6298828125,0.603515625,2,9,637,8.97,1856,2,ME2112; ME2116
Stability of Slopes and Earth Retention Systems,CE3115,College of Design and Engineering,Civil and Environmental Engineering,0.613964855670929,1198,0.6416015625,0.60791015625,1,10,709,9.98,1789,1,CE3115
Media Technology Project II,CS3284,Computing,Computer Science,0.6139160394668579,1199,0.6416015625,0.5859375,8,3,849,11.96,1663,1,CS3284
"Food Environments, Nutrition & Health: Understanding Key Drivers, Actors and Solutions",SPH2203,SSH School of Public Health,SSH School of Public Health Dean's Office,0.6138671636581421,1200,0.6181640625,0.61083984375,3,8,2761,38.88,532,1,SPH2203
Arabic 2,LAR2201,Arts and Social Science,Centre for Language Studies,0.6138671636581421,1200,0.642578125,0.59814453125,1,10,496,6.98,1988,1,LAR2201
Applied Secondary,MUA2255A,YST Conservatory of Music,YSTCM Dean's Office,0.6138671636581421,1200,0.64208984375,0.5869140625,4,7,306,4.31,2171,8,MUA2255A; MUA2255B; MUA2256A; MUA2256B; MUA3255A; MUA3255B; MUA3256A; MUA3256B
International Business Transactions,LL4220,Law,FoL Dean's Office,0.6138671636581421,1200,0.63818359375,0.60498046875,5,6,1097,15.45,1462,1,LL4220
Sonic Circuits,MUA3275,YST Conservatory of Music,YSTCM Dean's Office,0.6138671636581421,1200,0.63525390625,0.6005859375,4,7,619,8.72,1871,1,MUA3275
Keywords in S'pore and M'sian Chinese Literary Studies,CH3225,Arts and Social Science,Chinese Studies,0.613818347454071,1201,0.6552734375,0.59912109375,6,5,1146,16.14,1418,1,CH3225
Research and Evidence-based Healthcare,NUR3202C,Yong Loo Lin Sch of Medicine,Alice Lee Center for Nursing Studies,0.613818347454071,1201,0.65087890625,0.60205078125,5,6,1764,24.84,1006,1,NUR3202C
Tamil 2,LAL2201,Arts and Social Science,Centre for Language Studies,0.613818347454071,1201,0.6337890625,0.60302734375,2,9,330,4.65,2147,1,LAL2201
Singapore's Military History,HY2242,Arts and Social Science,History,0.61376953125,1202,0.67578125,0.6025390625,2,9,1002,14.11,1533,2,HY2242; SSA2208
Physicochemical and Biochemical Principles of Drug Action,PHS2102,Science,PharmacyandPharmaceuticalScience,0.61376953125,1202,0.6396484375,0.60009765625,6,5,386,5.44,2092,1,PHS2102
The Diplomat's Toolbox for Int'l Conflicts and Claims,LL4501,Law,FoL Dean's Office,0.613720715045929,1203,0.6953125,0.59326171875,2,9,1348,18.98,1272,2,LL4501; LL4501V
Random Signals,EE4131,College of Design and Engineering,Electrical and Computer Engineering,0.613720715045929,1203,0.6787109375,0.59326171875,3,8,1011,14.24,1526,1,EE4131
Design 6 (Landscape Architecture Emphasis),AR3102A,College of Design and Engineering,Architecture,0.613720715045929,1203,0.68359375,0.59130859375,2,9,442,6.22,2038,1,AR3102A
"Music, Mathematics, and Code",HS2901,Arts and Social Science,Communications and New Media,0.6136718988418579,1204,0.65234375,0.60400390625,6,5,495,6.97,1989,1,HS2901
Methods of Social Research,SC2101,Arts and Social Science,Sociology and Anthropology,0.6136718988418579,1204,0.65771484375,0.6044921875,4,7,765,10.77,1739,1,SC2101
What Works? Program Evaluation and Research,SW4103,Arts and Social Science,Social Work,0.6136718988418579,1204,0.640625,0.58935546875,4,7,586,8.25,1902,2,SW4103; SW4103HM
"Topics in Economics: Empire, Economics, and Identity",EC3880D,Arts and Social Science,Economics,0.6136718988418579,1204,0.6435546875,0.6083984375,6,5,2656,37.4,573,1,EC3880D
Charity Law Today,LL4371,Law,FoL Dean's Office,0.6136718988418579,1204,0.619140625,0.603515625,1,10,1292,18.19,1307,2,LL4371; LL4371V
Experimental Syntax,EL4880D,Arts and Social Science,"English,Ling.andTheatre Studies",0.6136718988418579,1204,0.642578125,0.5849609375,3,8,1238,17.43,1348,2,EL4880D; EL4880DHM
Engaging Communities in Sustainability,RVN1000,Residential College,Ridge View Residential College,0.6136230230331421,1205,0.64892578125,0.58837890625,4,7,1441,20.29,1213,2,RVN1000; RVN2000
Biomedical Engineering Principles and Practice I,BN1111,College of Design and Engineering,Biomedical Engineering,0.6136230230331421,1205,0.662109375,0.59912109375,4,7,1160,16.34,1409,1,BN1111
Simulation and Control of Manufacturing Systems,ME4248,College of Design and Engineering,Mechanical Engineering,0.6136230230331421,1205,0.62646484375,0.609375,1,10,778,10.96,1727,1,ME4248
Biophysics II,PC3267,Science,Physics,0.613574206829071,1206,0.6669921875,0.58984375,2,9,203,2.86,2272,1,PC3267
A Global Perspective on Chinese Identities,CH2242,Arts and Social Science,Chinese Studies,0.613525390625,1207,0.6318359375,0.59130859375,6,5,1266,17.83,1328,1,CH2242
National Arts Council Externship,LL4463,Law,FoL Dean's Office,0.613525390625,1207,0.62451171875,0.60302734375,9,2,1948,27.43,902,2,LL4463; LL4463V
Introduction to Quantitative Biology,LSM2234,Science,Biological Sciences,0.613476574420929,1208,0.642578125,0.5966796875,5,6,290,4.08,2187,1,LSM2234
Basic UROPS in Food Science & Technology II (REx),FST2289R,Science,Food Science and Technology,0.613476574420929,1208,0.65478515625,0.58251953125,2,9,1124,15.83,1437,1,FST2289R
Approaches to Singapore History,HY3250,Arts and Social Science,History,0.613476574420929,1208,0.673828125,0.59521484375,4,7,558,7.86,1928,1,HY3250
Introduction to Real Estate Valuation,RE2704,NUS Business School,Real Estate,0.613476574420929,1208,0.6328125,0.60107421875,3,8,629,8.86,1863,1,RE2704
"Business, International Commerce and the European Union",LL4288V,Law,FoL Dean's Office,0.613476574420929,1208,0.64111328125,0.5986328125,5,6,1431,20.15,1216,1,LL4288V
Social Media Analytics,TBA3241,Cont and Lifelong Education,SCALE Dean's Office,0.613476574420929,1208,0.70849609375,0.5869140625,7,4,615,8.66,1875,1,TBA3241
Singapore - A Smart Nation in Context : IoT & Big Data,UTC2708,Residential College,Residential College 4,0.6134277582168579,1209,0.6279296875,0.60693359375,5,6,1633,23.0,1083,2,UTC2708; UTS2702
Instrumental Analysis I,CM3241,Science,Chemistry,0.6134277582168579,1209,0.6552734375,0.59130859375,4,7,317,4.46,2160,1,CM3241
Asian Business Environments,BSP2011,NUS Business School,Strategy and Policy,0.6133788824081421,1210,0.6337890625,0.609375,4,7,3009,42.37,447,1,BSP2011
Introduction to Chinese Art (taught in Chinese),CH2272,Arts and Social Science,Chinese Studies,0.6133788824081421,1210,0.640625,0.59521484375,4,7,210,2.96,2265,1,CH2272
Econometrics Modeling for Business Analytics,BT2101,Computing,Information Systems and Analytics,0.613330066204071,1211,0.63671875,0.59765625,5,6,347,4.89,2130,1,BT2101
Science and Medicine in China (in English),CH3294,Arts and Social Science,Chinese Studies,0.61328125,1212,0.64794921875,0.5986328125,5,6,676,9.52,1821,1,CH3294
Asian Legal Studies Colloquium,LL4218V,Law,FoL Dean's Office,0.61328125,1212,0.6318359375,0.60546875,2,9,1218,17.15,1363,1,LL4218V
Islamic Finance Law,LL4204,Law,FoL Dean's Office,0.61328125,1212,0.6298828125,0.60498046875,2,9,719,10.13,1779,1,LL4204
The Evolution of Music for the Stage,MUH3203,YST Conservatory of Music,YSTCM Dean's Office,0.61328125,1212,0.64013671875,0.60205078125,4,7,962,13.55,1565,1,MUH3203
Organisational Psychology,YSS3285,Yale-NUS College,Yale-NUS College,0.613232433795929,1213,0.6220703125,0.6015625,4,7,2465,34.71,649,1,YSS3285
Applied Solid State Physics,PC3235B,Science,Physics,0.613232433795929,1213,0.6396484375,0.60009765625,3,8,280,3.94,2197,1,PC3235B
Bioengineering Design Workshop,BN2103,College of Design and Engineering,Biomedical Engineering,0.6131836175918579,1214,0.6513671875,0.59521484375,2,9,797,11.22,1711,1,BN2103
Engineering Cells: Parts to Behaviour,SP2718C,Science,FoS Dean's Office,0.6131836175918579,1214,0.6240234375,0.60302734375,4,7,989,13.93,1544,1,SP2718C
Foundations of Artificial Intelligence,CS3263,Computing,Computer Science,0.6131347417831421,1215,0.64208984375,0.60205078125,4,7,149,2.1,2326,1,CS3263
Environmental Impact Assessment,ESE4408,College of Design and Engineering,Civil and Environmental Engineering,0.6131347417831421,1215,0.65380859375,0.58251953125,4,7,830,11.69,1680,2,ESE4408; TCE4408
Autism Spectrum and Related Conditions,PL4236,Arts and Social Science,Psychology,0.613085925579071,1216,0.65283203125,0.59814453125,2,9,326,4.59,2151,2,PL4236; PL4236HM
Design Thinking,DTK1234,College of Design and Engineering,Industrial Design,0.613085925579071,1216,0.63037109375,0.59912109375,5,6,443,6.24,2037,2,DTK1234; DTK1234A
Engineering Co-Op Immersion Programme I,EG1611,College of Design and Engineering,CDE Dean's Office,0.613037109375,1217,0.63671875,0.603515625,5,6,2926,41.21,474,1,EG1611
Foundation of Body Systems in Health and Diseases I,MD1140,Yong Loo Lin Sch of Medicine,NUS Medicine Dean's Office,0.613037109375,1217,0.6328125,0.59521484375,4,7,866,12.2,1648,1,MD1140
Biomedical Imaging Systems,EE4603,College of Design and Engineering,Electrical and Computer Engineering,0.613037109375,1217,0.63427734375,0.5947265625,3,8,337,4.75,2140,1,EE4603
Computer Engineering Capstone Project,CG4002,Multi Disciplinary Programme,Computing and Engineering Programme,0.612988293170929,1218,0.62646484375,0.599609375,3,8,961,13.53,1566,1,CG4002
"Ecospirituality: Religion, Nature, Culture",UTW1001X,Non-Faculty-based Departments,Center for Engl Lang Comms,0.612988293170929,1218,0.6162109375,0.6064453125,3,8,1578,22.22,1122,1,UTW1001X
Modern Microelectronic Devices & Sensors,EE4409,College of Design and Engineering,Electrical and Computer Engineering,0.6129394769668579,1219,0.6474609375,0.58984375,6,5,344,4.84,2133,1,EE4409
"Law, FinTech and the Platform Economy",LL4460,Law,FoL Dean's Office,0.6128906011581421,1220,0.6396484375,0.59228515625,6,5,768,10.82,1736,2,LL4460; LL4460V
"Asset Pricing, Financial Markets & Behavioural Finance",YSS4258,Yale-NUS College,Yale-NUS College,0.612841784954071,1221,0.6298828125,0.595703125,2,9,435,6.13,2045,1,YSS4258
Urban Spatial Representation,YSS3235,Yale-NUS College,Yale-NUS College,0.612841784954071,1221,0.62353515625,0.60888671875,5,6,899,12.66,1618,1,YSS3235
Data Modelling and Computation,MA4270,Science,Mathematics,0.61279296875,1222,0.64306640625,0.59765625,4,7,401,5.65,2077,1,MA4270
Bahasa Indonesia 3,LAB3201,Arts and Social Science,Centre for Language Studies,0.6126953363418579,1223,0.625,0.60400390625,5,6,427,6.01,2053,1,LAB3201
Community Leadership,CLC3303,Non-Faculty-based Departments,Chua Thian Poh Comm Leader Center,0.6126953363418579,1223,0.63525390625,0.60595703125,3,8,1952,27.49,900,3,CLC3303; UTC2400; UTS2414
Strategic Asset Management,RE3803,NUS Business School,Real Estate,0.6126953363418579,1223,0.64013671875,0.60107421875,4,7,958,13.49,1569,1,RE3803
Chinese Dialectology,CH4203,Arts and Social Science,Chinese Studies,0.6126464605331421,1224,0.634765625,0.591796875,3,8,217,3.06,2258,2,CH4203; CH4203HM
Introduction to Public Health Communication,SPH3501,SSH School of Public Health,SSH School of Public Health Dean's Office,0.6126464605331421,1224,0.62451171875,0.607421875,4,7,2474,34.84,646,1,SPH3501
Transitions - Understanding College and College Life,YCT1201,Yale-NUS College,Yale-NUS College,0.612597644329071,1225,0.61669921875,0.6083984375,2,9,1882,26.5,937,1,YCT1201
Topics in Business and Transnational Cultures,GL4880,Arts and Social Science,Political Science,0.612597644329071,1225,0.65380859375,0.60791015625,2,9,3022,42.56,441,2,GL4880; GL4880HM
Data Literacy for Healthcare,SPH1904,SSH School of Public Health,SSH School of Public Health Dean's Office,0.612548828125,1226,0.64013671875,0.599609375,6,5,1002,14.11,1533,2,SPH1904; SPH1904C
Advanced Coordination Chemistry,CM4211,Science,Chemistry,0.612548828125,1226,0.63671875,0.59130859375,4,7,885,12.46,1631,1,CM4211
Mediation,LL4044,Law,FoL Dean's Office,0.612548828125,1226,0.66015625,0.599609375,5,6,1676,23.6,1058,2,LL4044; LL4044V
Architectural Materials and Construction,AR1328,College of Design and Engineering,Architecture,0.612500011920929,1227,0.6318359375,0.6015625,4,7,664,9.35,1832,2,AR1328; AR1328A
Company Law (G),LC2008G,Law,FoL Dean's Office,0.612500011920929,1227,0.66357421875,0.60302734375,2,9,1792,25.24,989,1,LC2008G
Biomedical Electronics & Systems,BN3401,College of Design and Engineering,Biomedical Engineering,0.612500011920929,1227,0.6728515625,0.59033203125,5,6,428,6.03,2052,1,BN3401
A social critique of markets in Singapore,UTC2714,Residential College,Residential College 4,0.6124511957168579,1228,0.615234375,0.60888671875,3,8,1164,16.39,1405,2,UTC2714; UTS2706
Advanced Process Control,CN4227E,Cont and Lifelong Education,SCALE Dean's Office,0.6124511957168579,1228,0.6298828125,0.59912109375,1,10,588,8.28,1900,3,CN4227E; CN4227R; TCN4227
Wild Asia: Conservation Matters,RVN2002,Residential College,Ridge View Residential College,0.6124511957168579,1228,0.6650390625,0.59130859375,6,5,1455,20.49,1204,1,RVN2002
Advanced UROPS in Mathematics II,MA3289,Science,Mathematics,0.6124511957168579,1228,0.6474609375,0.60009765625,7,4,2342,32.98,709,1,MA3289
Labour Market and Employment Relations,SC3232,Arts and Social Science,Sociology and Anthropology,0.6124023199081421,1229,0.63134765625,0.6083984375,4,7,5217,73.47,43,1,SC3232
Art of Modern and Contemporary China (in English),CH2299,Arts and Social Science,Chinese Studies,0.6124023199081421,1229,0.64306640625,0.60009765625,6,5,1102,15.52,1457,1,CH2299
The Science of Music,HSI2013,Science,Physics,0.612353503704071,1230,0.62744140625,0.59375,2,9,195,2.75,2280,1,HSI2013
Leading in the 21st Century,MNO3703,NUS Business School,Management and Organisation,0.612353503704071,1230,0.61767578125,0.60595703125,1,10,1385,19.5,1247,1,MNO3703
Introduction To Landscape Architecture,AR1724,College of Design and Engineering,Architecture,0.612353503704071,1230,0.6845703125,0.58935546875,4,7,441,6.21,2039,1,AR1724
Issues in Testing and Research,PL4880C,Arts and Social Science,Psychology,0.612353503704071,1230,0.62158203125,0.6083984375,6,5,812,11.44,1697,2,PL4880C; PL4880CHM
Energy Arbitration,LL4349,Law,FoL Dean's Office,0.6123046875,1231,0.65380859375,0.59130859375,7,4,1062,14.96,1485,2,LL4349; LL4349V
Economics in a Globalized World,EC4342,Arts and Social Science,Economics,0.6123046875,1231,0.63916015625,0.6025390625,6,5,1359,19.14,1264,2,EC4342; EC4342HM
Quantitative Reasoning with Data,GEA1000,Non-Faculty-based Departments,Office of the Provost,0.6123046875,1231,0.6591796875,0.591796875,5,6,781,11.0,1725,2,GEA1000; GEA1000N
Professional Concepts in Orchestral Repertoire,MUA4181,YST Conservatory of Music,YSTCM Dean's Office,0.6123046875,1231,0.64794921875,0.5966796875,4,7,2103,29.62,824,1,MUA4181
Electronic Circuits,EE2027,College of Design and Engineering,Electrical and Computer Engineering,0.612255871295929,1232,0.66259765625,0.59619140625,4,7,605,8.52,1885,2,EE2027; TEE2027
Unleashing the Power of Social Group Work Practice,SW2106,Arts and Social Science,Social Work,0.612255871295929,1232,0.626953125,0.60595703125,3,8,2213,31.16,767,1,SW2106
Sense-making Case Analysis: Economics,DSA4265A,Science,Statistics and Data Science,0.6121581792831421,1233,0.64453125,0.60302734375,5,6,526,7.41,1959,1,DSA4265A
"Modelling Singlehood, Marriage & Fertility in Singapore",UTC2713,Residential College,Residential College 4,0.6121581792831421,1233,0.6279296875,0.6044921875,6,5,1793,25.25,988,2,UTC2713; UTS2705
Families and Households - Lived Experiences,MS2213,Arts and Social Science,Malay Studies,0.6121581792831421,1233,0.640625,0.6044921875,4,7,2233,31.45,760,1,MS2213
The Pro Bono Family Law Litigation Clinic,LL4094,Law,FoL Dean's Office,0.6121581792831421,1233,0.63330078125,0.5986328125,4,7,673,9.48,1823,2,LL4094; LL4094V
International Commercial Arbitration,LL4029,Law,FoL Dean's Office,0.612109363079071,1234,0.64892578125,0.5986328125,4,7,1578,22.22,1122,4,LL4029; LL4029AV; LL4029BV; LL4029V
Adelaide to Zhuhai: Cities in Comparative Perspective,YSS2220,Yale-NUS College,Yale-NUS College,0.612060546875,1235,0.62744140625,0.60400390625,4,7,2444,34.42,662,1,YSS2220
Health Communication,NM3237,Arts and Social Science,Communications and New Media,0.612011730670929,1236,0.62060546875,0.60302734375,5,6,1645,23.17,1078,3,NM3237; NM4258; NM4258HM
Solid State Physics I,PC3235,Science,Physics,0.612011730670929,1236,0.6611328125,0.5771484375,3,8,252,3.55,2224,1,PC3235
Documentary Photography,YHU2223,Yale-NUS College,Yale-NUS College,0.612011730670929,1236,0.638671875,0.5859375,7,4,323,4.55,2154,1,YHU2223
EU Maritime Law,LL4307,Law,FoL Dean's Office,0.6119629144668579,1237,0.654296875,0.59033203125,6,5,207,2.92,2268,1,LL4307
Advanced Contract Law,LL4276,Law,FoL Dean's Office,0.6119629144668579,1237,0.62841796875,0.60498046875,3,8,1788,25.18,992,2,LL4276; LL4276V
"Think Global, Act Local: Understanding Global Singapore",UTC2419,Residential College,College of Alice and Peter Tan,0.6119629144668579,1237,0.61572265625,0.607421875,2,9,1191,16.77,1384,2,UTC2419; UTS2413
Knowledge Discovery Methods in Bioinformatics,CS4220,Computing,Computer Science,0.6119629144668579,1237,0.63134765625,0.5966796875,4,7,284,4.0,2193,2,CS4220; CS4220R
Sense-making Case Analysis: Science,DSA4266A,Science,Statistics and Data Science,0.6119140386581421,1238,0.6318359375,0.60009765625,4,7,478,6.73,2005,1,DSA4266A
Classical Music Recording Production,MUA1170,YST Conservatory of Music,YSTCM Dean's Office,0.611865222454071,1239,0.6396484375,0.59912109375,8,3,1200,16.9,1377,1,MUA1170
Mechanics of Solids,ME3211E,Cont and Lifelong Education,SCALE Dean's Office,0.611865222454071,1239,0.642578125,0.59814453125,2,9,815,11.48,1694,2,ME3211E; TME3211
Sensory and Flavour Science,FST3106,Science,Food Science and Technology,0.611865222454071,1239,0.65673828125,0.58642578125,4,7,442,6.22,2038,1,FST3106
"Jr Sem: Games, Game Communities and Society",UTC1416,Residential College,College of Alice and Peter Tan,0.61181640625,1240,0.68017578125,0.5947265625,5,6,2308,32.5,724,1,UTC1416
Practice of Palliative and End-of-Life Care,NUR3500,Yong Loo Lin Sch of Medicine,Alice Lee Center for Nursing Studies,0.61181640625,1240,0.6640625,0.5849609375,5,6,392,5.52,2086,1,NUR3500
Advanced Independent Study in Ops & Supply Chain Mgt (2 Unit),DOS4752,NUS Business School,Analytics and Operations,0.6117187738418579,1241,0.6259765625,0.60302734375,5,6,2769,38.99,526,1,DOS4752
Degradation and Failure of Materials,MLE3102,College of Design and Engineering,Materials Science and Engineering,0.6116698980331421,1242,0.64306640625,0.5908203125,5,6,936,13.18,1587,2,MLE3102; MLE4224
Building Energy Analysis and Simulation,PF4213,College of Design and Engineering,Built Environment,0.6116698980331421,1242,0.66259765625,0.59765625,4,7,615,8.66,1875,1,PF4213
Playwriting: Practice and Production,TS4212,Arts and Social Science,"English,Ling.andTheatre Studies",0.6116698980331421,1242,0.62841796875,0.59814453125,8,3,1659,23.36,1067,2,TS4212; TS4212HM
Introduction to Computer Networks,CS2105,Computing,Computer Science,0.6116698980331421,1242,0.63916015625,0.59423828125,4,7,552,7.77,1934,2,CS2105; CS2105R
Programming Tools for Economics,EC3305,Arts and Social Science,Economics,0.6116698980331421,1242,0.6455078125,0.59326171875,6,5,812,11.44,1697,1,EC3305
Multimedia Information Retrieval,CS4241,Computing,Computer Science,0.611621081829071,1243,0.6279296875,0.6025390625,8,3,678,9.55,1819,1,CS4241
Engineering Principles for Drug Delivery,CN4241R,College of Design and Engineering,Chemical and Biomolecular Engineering,0.611621081829071,1243,0.625,0.599609375,5,6,1114,15.69,1447,1,CN4241R
"Art Studio Research, Experimentation and Critique",YHU4243,Yale-NUS College,Yale-NUS College,0.611621081829071,1243,0.64306640625,0.59423828125,6,5,1142,16.08,1421,1,YHU4243
Industrial & Systems Engrg Principles & Practice II,IE2111,College of Design and Engineering,Industrial Systems Engineering and Management,0.611621081829071,1243,0.62158203125,0.60498046875,6,5,2434,34.28,669,1,IE2111
Admiralty Law & Practice,LL4002,Law,FoL Dean's Office,0.611572265625,1244,0.66845703125,0.5908203125,3,8,418,5.89,2062,2,LL4002; LL4002V
Environmental Engineering Fundamentals,ESE1001,College of Design and Engineering,Civil and Environmental Engineering,0.611572265625,1244,0.69287109375,0.58837890625,3,8,677,9.53,1820,1,ESE1001
Lab in Clinical Translational Science,PL3287B,Arts and Social Science,Psychology,0.6114746332168579,1245,0.63427734375,0.59912109375,6,5,1162,16.36,1407,1,PL3287B
Evidence-based Health Care Practice,NUR4101B,Yong Loo Lin Sch of Medicine,Alice Lee Center for Nursing Studies,0.6114746332168579,1245,0.6328125,0.59814453125,4,7,793,11.17,1714,1,NUR4101B
AI Strategies in Business,DBA4813,NUS Business School,Analytics and Operations,0.6114746332168579,1245,0.62158203125,0.60302734375,4,7,371,5.22,2107,1,DBA4813
Multiculturalism in Singapore and Its Contested Meanings,NHS2043,NUS College,NUS College Dean's Office,0.6114257574081421,1246,0.6240234375,0.6044921875,5,6,1407,19.81,1231,1,NHS2043
The Tembusu Senior Learning Experience Project,UTC3103,Residential College,Tembusu College,0.6114257574081421,1246,0.61865234375,0.6064453125,7,4,3313,46.66,358,2,UTC3103; UTC3103A
Transport Phenomena in Energy Systems,ESP4403,College of Design and Engineering,Engineering Science Programme,0.6114257574081421,1246,0.62548828125,0.60009765625,3,8,1397,19.67,1236,1,ESP4403
Advanced Experiments In Organic & Inorganic Chemistry,CM3291,Science,Chemistry,0.6114257574081421,1246,0.6318359375,0.5986328125,7,4,302,4.25,2175,1,CM3291
Exchange Course - YCS (4 units),YCI2931D,Yale-NUS College,Yale-NUS College,0.611376941204071,1247,0.61767578125,0.60546875,7,4,3932,55.37,208,2,YCI2931D; YCI2931E
MLA Studio: Quarter,LA4701,College of Design and Engineering,Architecture,0.611376941204071,1247,0.64892578125,0.5986328125,6,5,1186,16.7,1388,1,LA4701
Equilibrium and Kinetic Bioprocesses,BN3501,College of Design and Engineering,Biomedical Engineering,0.611328125,1248,0.65283203125,0.591796875,4,7,245,3.45,2231,1,BN3501
Introduction to Computational Biology,CS2220,Computing,Computer Science,0.6112304925918579,1249,0.63818359375,0.59228515625,5,6,434,6.11,2046,2,CS2220; CS2220R
Industrial Practice,TCX3901,Cont and Lifelong Education,SCALE Dean's Office,0.6112304925918579,1249,0.63232421875,0.59814453125,8,3,3529,49.7,295,6,TCX3901; TG3001; TG3002; TIC3901; TTG3001; TTG3002
Engineering Principles and Practice I,BN1101,College of Design and Engineering,Biomedical Engineering,0.611132800579071,1250,0.669921875,0.59375,4,7,1115,15.7,1446,5,BN1101; CG1111; CG1111A; EE1111; ME1102
Women's Professional Development,CFG1500,NUS,Centre for Future-ready Grads,0.611083984375,1251,0.62548828125,0.607421875,7,4,3213,45.25,386,1,CFG1500
Networked and Mobile Gaming,CS4344,Computing,Computer Science,0.611083984375,1251,0.63720703125,0.60107421875,6,5,1007,14.18,1529,1,CS4344
Interfaces and the Liquid State,CM4237,Science,Chemistry,0.611083984375,1251,0.6484375,0.5908203125,2,9,590,8.31,1898,1,CM4237
Digital Narratives,YHU2222,Yale-NUS College,Yale-NUS College,0.611083984375,1251,0.6455078125,0.587890625,8,3,147,2.07,2328,1,YHU2222
Design & Analysis of Clinical Trials,ST4241,Science,Statistics and Data Science,0.611035168170929,1252,0.634765625,0.58935546875,4,7,805,11.34,1703,1,ST4241
Gender and Sexuality: A Singaporean History,GESS1037,Arts and Social Science,History,0.6109863519668579,1253,0.65869140625,0.6015625,6,5,1299,18.29,1305,1,GESS1037
Computer Organisation,CS2100,Computing,Computer Science,0.6109374761581421,1254,0.630859375,0.60107421875,8,3,1989,28.01,880,3,CS2100; CS2100DE; CS2100R
Chinese Diasporas (in English),CH2390,Arts and Social Science,Chinese Studies,0.6109374761581421,1254,0.6376953125,0.5986328125,4,7,1184,16.67,1390,1,CH2390
Game Theory and Strategic Analysis,MKT3812,NUS Business School,Marketing,0.610888659954071,1255,0.62646484375,0.6015625,6,5,1915,26.97,919,1,MKT3812
Game Theory And Strategic Analysis,MKT3513,NUS Business School,Marketing,0.610888659954071,1255,0.62646484375,0.6015625,6,5,1915,26.97,919,1,MKT3513
Alternative Lives in Contemporary Japan,JS3213,Arts and Social Science,Japanese Studies,0.610888659954071,1255,0.63623046875,0.591796875,6,5,1898,26.73,928,1,JS3213
Introduction to Information Security,CS2107,Computing,Computer Science,0.61083984375,1256,0.63525390625,0.59619140625,5,6,363,5.11,2114,2,CS2107; TIC2301
Advanced UROPS in Physics II,PC3289,Science,Physics,0.61083984375,1256,0.634765625,0.6025390625,6,5,2577,36.29,604,1,PC3289
Econometrics for Business I,BSE3703,NUS Business School,Strategy and Policy,0.610791027545929,1257,0.630859375,0.5986328125,6,5,1153,16.24,1414,1,BSE3703
Interpreting Tourism Spaces and Cultures,GE4218,Arts and Social Science,Geography,0.610791027545929,1257,0.62548828125,0.60498046875,4,7,2337,32.91,711,2,GE4218; GE4218HM
Projects Against Threat to Community,GEN2002Y,NUS,Office of the Provost,0.6107422113418579,1258,0.62158203125,0.59716796875,3,8,634,8.93,1858,1,GEN2002Y
French for Musicians 1,MUL2107,YST Conservatory of Music,YSTCM Dean's Office,0.6107422113418579,1258,0.6806640625,0.5859375,2,9,407,5.73,2071,1,MUL2107
Dancing Communities,NHT2210,NUS College,NUS College Dean's Office,0.6107422113418579,1258,0.66650390625,0.591796875,6,5,1347,18.97,1273,1,NHT2210
Intercultural Dance Praxis,CFA1220,YST Conservatory of Music,YSTCM Dean's Office,0.6107422113418579,1258,0.66796875,0.5947265625,8,3,1540,21.69,1146,1,CFA1220
Energy Resources,CM4282,Science,Chemistry,0.6106933355331421,1259,0.63818359375,0.59228515625,2,9,649,9.14,1845,1,CM4282
Foundations of Vocal Accompaniment / Sight-Reading,MUA1115,YST Conservatory of Music,YSTCM Dean's Office,0.6106933355331421,1259,0.65771484375,0.59130859375,5,6,792,11.15,1715,1,MUA1115
Basic UROPS in Food Science & Technology II,FST2289,Science,Food Science and Technology,0.6106933355331421,1259,0.6669921875,0.5830078125,3,8,1086,15.29,1469,1,FST2289
Feeding the belly of a nation,RVSS1002,Residential College,Ridge View Residential College,0.6106933355331421,1259,0.62548828125,0.60009765625,7,4,1308,18.42,1297,1,RVSS1002
Functional Genomics,LSM4241,Yong Loo Lin Sch of Medicine,Biochemistry,0.6106933355331421,1259,0.638671875,0.59521484375,4,7,289,4.07,2188,1,LSM4241
Lab in Early Childhood Development,PL3283C,Arts and Social Science,Psychology,0.610644519329071,1260,0.6240234375,0.60302734375,1,10,363,5.11,2114,1,PL3283C
Financial Accounting for Economists,EC2204,Arts and Social Science,Economics,0.610595703125,1261,0.6279296875,0.59912109375,4,7,563,7.93,1924,1,EC2204
Virtue And Leadership,NHS2019,NUS College,NUS College Dean's Office,0.610595703125,1261,0.611328125,0.60986328125,1,10,1388,19.55,1244,1,NHS2019
Chinese Phonology,CL3208,Arts and Social Science,Chinese Studies,0.610546886920929,1262,0.63134765625,0.59912109375,3,8,175,2.46,2300,1,CL3208
The Story of Indian Business,SN3281,Arts and Social Science,South Asian Studies,0.6104980707168579,1263,0.6123046875,0.60498046875,4,7,2887,40.66,488,1,SN3281
Introduction to Translation and Interpreting,TRA2111,Arts and Social Science,Chinese Studies,0.6104491949081421,1264,0.64111328125,0.59619140625,4,7,1073,15.11,1478,1,TRA2111
Electronic Gaming,EE3702,College of Design and Engineering,Electrical and Computer Engineering,0.6104491949081421,1264,0.6396484375,0.59619140625,6,5,1446,20.36,1211,1,EE3702
"Industry, Digitization, and AI",BSE3713,NUS Business School,Strategy and Policy,0.610400378704071,1265,0.623046875,0.59619140625,5,6,1857,26.15,952,1,BSE3713
"Conducting, Directing and Coaching Musical Ensembles",MUA3105,YST Conservatory of Music,YSTCM Dean's Office,0.610400378704071,1265,0.63427734375,0.591796875,4,7,2379,33.5,689,1,MUA3105
Junior Seminar From the Fire to the Frying Pan: Cooking and Eating in Human Culture(s),UTC1114,Residential College,Tembusu College,0.610400378704071,1265,0.62255859375,0.60400390625,5,6,1007,14.18,1529,1,UTC1114
Statics and Mechanics of Materials,CE1109X,College of Design and Engineering,Civil and Environmental Engineering,0.6103515625,1266,0.62890625,0.6044921875,3,8,1318,18.56,1288,2,CE1109X; EG1109M
Statics And Mechanics Of Materials,EG1109,College of Design and Engineering,Civil and Environmental Engineering,0.6103515625,1266,0.62890625,0.6044921875,3,8,1318,18.56,1288,1,EG1109
Dynamic Pricing & Revenue Management,DBA3712,NUS Business School,Analytics and Operations,0.610302746295929,1267,0.63525390625,0.59912109375,6,5,1971,27.76,888,2,DBA3712; DSC3224
Jr Sem: Pathways to Adulthood,UTC1402,Residential College,College of Alice and Peter Tan,0.610302746295929,1267,0.61376953125,0.609375,3,8,2976,41.91,453,1,UTC1402
Gastrointestinal System: Science & Therapeutics,PR2152,Science,PharmacyandPharmaceuticalScience,0.6102539300918579,1268,0.6220703125,0.60009765625,5,6,1181,16.63,1392,1,PR2152
Independent Study in Ops & Supply Chain Mgt,DSC3229,NUS Business School,Analytics and Operations,0.6102050542831421,1269,0.64306640625,0.59716796875,7,4,2314,32.59,721,2,DSC3229; DSC3239
Prevention and Control of Non-Communicable Diseases,SPH3203,SSH School of Public Health,SSH School of Public Health Dean's Office,0.6102050542831421,1269,0.63916015625,0.59375,4,7,421,5.93,2059,1,SPH3203
Development and Environment in Southeast Asia,GE4219,Arts and Social Science,Geography,0.6102050542831421,1269,0.64111328125,0.59521484375,5,6,1559,21.95,1133,2,GE4219; GE4219HM
Patient and Health Care,PL4234,Arts and Social Science,Psychology,0.610107421875,1270,0.625,0.6015625,5,6,571,8.04,1916,2,PL4234; PL4234HM
Political Culture of the Malays,MS3211,Arts and Social Science,Malay Studies,0.610107421875,1270,0.64306640625,0.6005859375,3,8,2820,39.71,511,1,MS3211
Programming Methodology II,CS2030,Computing,Computer Science,0.610058605670929,1271,0.6337890625,0.6005859375,1,10,524,7.38,1961,3,CS2030; CS2030DE; CS2030S
"Migrant Workers, Rhetoric, and Performance",UTC2115,Residential College,Tembusu College,0.610058605670929,1271,0.64599609375,0.6005859375,8,3,3248,45.74,376,2,UTC2115; UTS2115
Remote Sensing of Environment,GE4214,Arts and Social Science,Geography,0.6100097894668579,1272,0.62939453125,0.58837890625,4,7,821,11.56,1689,2,GE4214; GE4214HM
Selected Topics in Systems Engineering,IE4259,College of Design and Engineering,Industrial Systems Engineering and Management,0.6100097894668579,1272,0.63427734375,0.59423828125,5,6,1234,17.38,1350,2,IE4259; TIE4259
Introduction to GIS,GE2215,Arts and Social Science,Geography,0.6099609136581421,1273,0.63720703125,0.59912109375,5,6,1349,19.0,1271,1,GE2215
Material and Design,LA4301,College of Design and Engineering,Architecture,0.609912097454071,1274,0.662109375,0.595703125,4,7,474,6.68,2008,1,LA4301
Quantitative Physiology for Bioengineers,BN2201,College of Design and Engineering,Biomedical Engineering,0.609912097454071,1274,0.64697265625,0.58740234375,4,7,722,10.17,1777,1,BN2201
FS: Contemporary Issues in Trade Policy,FMA1201D,Arts and Social Science,Economics,0.609912097454071,1274,0.6123046875,0.60693359375,2,9,2485,35.0,643,1,FMA1201D
Systems Programming,TCX3222,Cont and Lifelong Education,SCALE Dean's Office,0.60986328125,1275,0.62255859375,0.60205078125,5,6,366,5.15,2111,1,TCX3222
Mathematics for Chemical Engineers 1,TC1411,Cont and Lifelong Education,SCALE Dean's Office,0.60986328125,1275,0.62158203125,0.599609375,2,9,548,7.72,1938,2,TC1411; TCN1411
Biodiversity,LSM2252,Science,Biological Sciences,0.60986328125,1275,0.61669921875,0.60205078125,4,7,1226,17.27,1357,2,LSM2252; LSM2252A
Daily Themes,YHU2286,Yale-NUS College,Yale-NUS College,0.60986328125,1275,0.63671875,0.5986328125,3,8,1022,14.39,1517,1,YHU2286
Adv Independent Study in Leadership & Human Capital Mgt,MNO4319,NUS Business School,Management and Organisation,0.60986328125,1275,0.6201171875,0.6025390625,4,7,2104,29.63,823,3,MNO4319; MNO4329; MNO4751
Brides of the Sea: Asia's Port Cities,HY3256,Arts and Social Science,History,0.609814465045929,1276,0.62451171875,0.60107421875,8,3,1660,23.38,1066,1,HY3256
Noon Recital Series 2A,MUA2153,YST Conservatory of Music,YSTCM Dean's Office,0.609814465045929,1276,0.62158203125,0.60107421875,4,7,768,10.82,1736,1,MUA2153
GIS for Real Estate,RE3903,NUS Business School,Real Estate,0.609814465045929,1276,0.65087890625,0.5869140625,6,5,768,10.82,1736,1,RE3903
Value Creation in Innovation,CDE2301,College of Design and Engineering,CDE Dean's Office,0.609814465045929,1276,0.6328125,0.6015625,5,6,2160,30.42,792,2,CDE2301; EG2301
Research Seminar,YSC3215,Yale-NUS College,Yale-NUS College,0.6097656488418579,1277,0.6279296875,0.599609375,5,6,1433,20.18,1215,1,YSC3215
Sound for Film and Television 1,MUA4173,YST Conservatory of Music,YSTCM Dean's Office,0.6097656488418579,1277,0.67138671875,0.58349609375,6,5,261,3.68,2215,1,MUA4173
Introduction to Systems Thinking and Dynamics,IE1114,College of Design and Engineering,Industrial Systems Engineering and Management,0.6097656488418579,1277,0.63330078125,0.6005859375,2,9,1087,15.31,1468,1,IE1114
Collaborative Piano - Chamber Music 5,MUA4443,YST Conservatory of Music,YSTCM Dean's Office,0.6097656488418579,1277,0.67626953125,0.587890625,1,10,569,8.01,1918,1,MUA4443
Topics in CNM,NM3880,Arts and Social Science,Communications and New Media,0.6097656488418579,1277,0.630859375,0.60009765625,6,5,1317,18.55,1289,2,NM3880; NM4880
Noon Recital Series 1A,MUA1153,YST Conservatory of Music,YSTCM Dean's Office,0.6097656488418579,1277,0.62548828125,0.599609375,4,7,712,10.03,1786,1,MUA1153
Preparing for International Competition,MUA3301,YST Conservatory of Music,YSTCM Dean's Office,0.6097656488418579,1277,0.65673828125,0.59326171875,8,3,3224,45.4,382,1,MUA3301
Globalisation and the Imagination of Work,GL4880B,Arts and Social Science,Political Science,0.609667956829071,1278,0.64453125,0.60107421875,7,4,3253,45.81,374,2,GL4880B; GL4880BHM
Advanced Contemporary Music Performance,MUA3201,YST Conservatory of Music,YSTCM Dean's Office,0.609667956829071,1278,0.64794921875,0.5908203125,3,8,833,11.73,1679,2,MUA3201; MUA3202
Global City Tokyo,JS2226,Arts and Social Science,Japanese Studies,0.609619140625,1279,0.6328125,0.60400390625,5,6,1776,25.01,1001,2,JS2226; JS3232
Introduction to Polymer Science,CM3252,Science,Chemistry,0.609570324420929,1280,0.64599609375,0.59765625,3,8,198,2.79,2277,1,CM3252
Comparative Legal Traditions (D),LC2001D,Law,FoL Dean's Office,0.6095215082168579,1281,0.62646484375,0.60205078125,1,10,854,12.03,1659,1,LC2001D
FS : The Civilization of Islam in the Malay World,FMA1201K,Arts and Social Science,Malay Studies,0.6095215082168579,1281,0.6455078125,0.58740234375,6,5,887,12.49,1629,1,FMA1201K
Food & Health,GEH1019,Science,Food Science and Technology,0.6095215082168579,1281,0.6259765625,0.6005859375,6,5,1717,24.18,1033,2,GEH1019; GEK1529
The Profession of Music 1,MUA1163,YST Conservatory of Music,YSTCM Dean's Office,0.6094726324081421,1282,0.662109375,0.58740234375,3,8,1095,15.42,1464,1,MUA1163
Southeast Asia Studies: Theory and Practice,SE4101,Arts and Social Science,Southeast Asian Studies,0.6094726324081421,1282,0.62353515625,0.6015625,5,6,1498,21.1,1175,2,SE4101; SE4101HM
Topics in Tropical Forest Ecology,LA4212,College of Design and Engineering,Architecture,0.6094726324081421,1282,0.6396484375,0.5908203125,6,5,1367,19.25,1259,1,LA4212
Special Topics II,ST4262,Science,Statistics and Data Science,0.609423816204071,1283,0.63134765625,0.59814453125,7,4,2176,30.64,783,1,ST4262
Bahasa Indonesia 4,LAB3202,Arts and Social Science,Centre for Language Studies,0.609423816204071,1283,0.6337890625,0.6005859375,6,5,1016,14.31,1522,1,LAB3202
Blockchain and Distributed Ledger Technologies,IS4302,Computing,Information Systems and Analytics,0.609423816204071,1283,0.64697265625,0.58837890625,4,7,586,8.25,1902,1,IS4302
Topics on Chinese Linguistics II,CL3205,Arts and Social Science,Chinese Studies,0.609375,1284,0.63427734375,0.59619140625,3,8,214,3.01,2261,1,CL3205
"Eyes from above: Guidance, Navigation and Control",EE4314,College of Design and Engineering,Electrical and Computer Engineering,0.609326183795929,1285,0.6328125,0.59375,3,8,1040,14.65,1501,1,EE4314
Intellectual Property: Harnessing Innovation,EE4031,College of Design and Engineering,Electrical and Computer Engineering,0.609326183795929,1285,0.625,0.60205078125,7,4,1835,25.84,963,1,EE4031
Field Course in Environmental Studies,ENV3102,Science,Biological Sciences,0.609326183795929,1285,0.64404296875,0.58935546875,6,5,1758,24.76,1009,1,ENV3102
Fuzzy/Neural Systems for Intelligent Robotics,EE4305,College of Design and Engineering,Electrical and Computer Engineering,0.6092773675918579,1286,0.6513671875,0.59228515625,4,7,348,4.9,2129,1,EE4305
Transportation Management,TSC3226,Cont and Lifelong Education,SCALE Dean's Office,0.6092773675918579,1286,0.64208984375,0.58984375,4,7,462,6.51,2019,1,TSC3226
Exploring Chinese Cinema: Shanghai‐Hong Kong‐Singapore,GEC1008,Arts and Social Science,Chinese Studies,0.6092284917831421,1287,0.6318359375,0.59423828125,6,5,888,12.51,1628,1,GEC1008
Corporate Real Estate Strategies,RE3811,NUS Business School,Real Estate,0.6092284917831421,1287,0.63427734375,0.58740234375,7,4,1330,18.73,1283,1,RE3811
Selected Experiments in Analytical Chemistry,CM3295,Science,Chemistry,0.6092284917831421,1287,0.654296875,0.599609375,5,6,333,4.69,2144,1,CM3295
Company Law (A),LC2008A,Law,FoL Dean's Office,0.609130859375,1288,0.66845703125,0.59716796875,2,9,1836,25.86,962,1,LC2008A
From Tropical Medicine to Bioscience,HY3252,Arts and Social Science,History,0.609130859375,1288,0.64892578125,0.5830078125,4,7,373,5.25,2105,1,HY3252
Heat And Mass Transfer,CN2125E,Cont and Lifelong Education,SCALE Dean's Office,0.609130859375,1288,0.615234375,0.59765625,3,8,623,8.77,1867,2,CN2125E; TCN2125
Decision Analysis in Industrial & Operations Management,TIE4203,Cont and Lifelong Education,SCALE Dean's Office,0.609082043170929,1289,0.6181640625,0.5966796875,6,5,1228,17.29,1355,1,TIE4203
Urban Planning,RE2701,NUS Business School,Real Estate,0.6090332269668579,1290,0.62158203125,0.60009765625,9,2,1856,26.14,953,2,RE2701; RE3705
Professional Practice 1: The Foundations of Health Professionalism,MD1902,Yong Loo Lin Sch of Medicine,NUS Medicine Dean's Office,0.6090332269668579,1290,0.62939453125,0.5986328125,4,7,1623,22.86,1090,2,MD1902; MD1902C
Power of Connection: Social Networks and Social Support,SW4213,Arts and Social Science,Social Work,0.6090332269668579,1290,0.6376953125,0.5986328125,3,8,1460,20.56,1201,2,SW4213; SW4213HM
Islam and Contemporary Malay Society,GES1014,Arts and Social Science,Malay Studies,0.6090332269668579,1290,0.62646484375,0.60400390625,6,5,1481,20.86,1187,3,GES1014; GESS1012; SSA2206
Noon Recital Series 4A,MUA4153,YST Conservatory of Music,YSTCM Dean's Office,0.6089843511581421,1291,0.62158203125,0.60107421875,3,8,602,8.48,1888,1,MUA4153
"Comparative Antitrust Law: Taiwan, China and Beyond",LL4521,Law,FoL Dean's Office,0.6089843511581421,1291,0.63720703125,0.5947265625,3,8,1140,16.05,1423,1,LL4521
International Finance I,EC3343,Arts and Social Science,Economics,0.6089843511581421,1291,0.625,0.6015625,3,8,484,6.82,1999,1,EC3343
Independent Study in Leadership & Human Capital Mgmt,MNO3329,NUS Business School,Management and Organisation,0.6089843511581421,1291,0.62255859375,0.60595703125,3,8,1499,21.11,1174,3,MNO3329; MNO3339; MNO3751
Collaborative Practice and Artist Collectives,YHU3386,Yale-NUS College,Yale-NUS College,0.6089843511581421,1291,0.6474609375,0.587890625,7,4,1061,14.94,1486,1,YHU3386
Arabic 5,LAR4201,Arts and Social Science,Centre for Language Studies,0.608935534954071,1292,0.623046875,0.5966796875,5,6,1273,17.93,1321,2,LAR4201; LAR4201HM
Advanced Real Estate Economics,RE3703,NUS Business School,Real Estate,0.608935534954071,1292,0.65869140625,0.58935546875,7,4,620,8.73,1870,1,RE3703
"Information Systems, Management and Organisations",TCX2005,Cont and Lifelong Education,SCALE Dean's Office,0.608935534954071,1292,0.6279296875,0.60205078125,4,7,823,11.59,1687,1,TCX2005
Principles Of Conflict Of Laws,LL4049,Law,FoL Dean's Office,0.60888671875,1293,0.63232421875,0.59765625,2,9,214,3.01,2261,2,LL4049; LL4049V
Independent Introduction to CS Research (Odyssey),CP2107,Computing,Computer Science,0.608837902545929,1294,0.630859375,0.59912109375,5,6,967,13.62,1562,1,CP2107
Visual Ethnography: Theory and Practice,SC3213,Arts and Social Science,Sociology and Anthropology,0.608837902545929,1294,0.64501953125,0.5771484375,7,4,295,4.15,2182,1,SC3213
Regeneration: Paradigm & Practice for Planetary Health,NHS2098,NUS College,NUS College Dean's Office,0.6087890863418579,1295,0.62548828125,0.59375,4,7,872,12.28,1643,1,NHS2098
"Governance, Risk Management and Sustainability",ACC3706,NUS Business School,Accounting,0.6087890863418579,1295,0.61474609375,0.60400390625,4,7,1672,23.55,1060,1,ACC3706
Business for Musicians,MUA3209,YST Conservatory of Music,YSTCM Dean's Office,0.6087402105331421,1296,0.6337890625,0.6015625,6,5,2755,38.8,535,1,MUA3209
Game Development,CS3247,Computing,Computer Science,0.6087402105331421,1296,0.65234375,0.59423828125,5,6,774,10.9,1730,1,CS3247
Music Initiatives and Projects 2,MUA1189,YST Conservatory of Music,YSTCM Dean's Office,0.6087402105331421,1296,0.63330078125,0.6025390625,6,5,1894,26.67,930,1,MUA1189
Formulation & Technology I,PR2114,Science,PharmacyandPharmaceuticalScience,0.608691394329071,1297,0.63525390625,0.591796875,6,5,493,6.94,1991,2,PR2114; PR2114A
Law and Society,SC3215,Arts and Social Science,Sociology and Anthropology,0.608691394329071,1297,0.6162109375,0.60400390625,3,8,726,10.22,1774,1,SC3215
Transition to Clean and Just Energy,HS2920,Arts and Social Science,Geography,0.608691394329071,1297,0.6669921875,0.58837890625,3,8,491,6.91,1993,1,HS2920
Chinese Classical Phonology,CH4201,Arts and Social Science,Chinese Studies,0.608691394329071,1297,0.6279296875,0.59912109375,3,8,199,2.8,2276,2,CH4201; CH4201HM
Foundations in Applied Linguistics,EL3261,Arts and Social Science,"English,Ling.andTheatre Studies",0.608642578125,1298,0.6259765625,0.59814453125,6,5,680,9.58,1817,1,EL3261
Optimizing Performance,PLS8004,Arts and Social Science,Psychology,0.608642578125,1298,0.62060546875,0.6015625,7,4,3607,50.8,276,1,PLS8004
Applied Microeconomic Analysis,EC4306,Arts and Social Science,Economics,0.608593761920929,1299,0.6279296875,0.60205078125,6,5,2927,41.22,473,2,EC4306; EC4306HM
Interpreting Consumerism,NTW2009,NUS College,NUS College Dean's Office,0.608593761920929,1299,0.6142578125,0.6044921875,3,8,2653,37.36,575,1,NTW2009
Advanced Independent Study in Ops & Supply Chain Mgt,DOS4751,NUS Business School,Analytics and Operations,0.608593761920929,1299,0.62158203125,0.599609375,5,6,2684,37.8,563,3,DOS4751; DSC4219; DSC4229
Lab in Health Psychology,PL3286,Arts and Social Science,Psychology,0.608593761920929,1299,0.6201171875,0.59375,6,5,578,8.14,1909,1,PL3286
History & Theory Of Modern Architecture,AR2226,College of Design and Engineering,Architecture,0.608593761920929,1299,0.62109375,0.59716796875,4,7,364,5.13,2113,2,AR2226; GEK2045
Quantitative Reasoning Foundation: Calculating Risks,NST2039,NUS,NUS College Dean's Office,0.608593761920929,1299,0.65771484375,0.59228515625,5,6,563,7.93,1924,1,NST2039
Prominent Chinese in Colonial Singapore,GES1040,Arts and Social Science,Chinese Studies,0.6084960699081421,1300,0.61181640625,0.6025390625,3,8,840,11.83,1672,2,GES1040; GESS1032
Collaborative Piano - Chamber Music 6,MUA4543,YST Conservatory of Music,YSTCM Dean's Office,0.608447253704071,1301,0.67529296875,0.58349609375,1,10,488,6.87,1995,1,MUA4543
"Beyond China: Sinophone Literature, Film, and Culture",YHU3289,Yale-NUS College,Yale-NUS College,0.608447253704071,1301,0.646484375,0.58935546875,5,6,384,5.41,2094,1,YHU3289
Biostatistics for Public Health,SPH3101,SSH School of Public Health,SSH School of Public Health Dean's Office,0.608447253704071,1301,0.640625,0.5888671875,6,5,262,3.69,2214,1,SPH3101
Singapore as ‘Model’ City?,GEM2905X,Residential College,Tembusu College,0.608447253704071,1301,0.63330078125,0.599609375,4,7,1609,22.66,1099,3,GEM2905X; UTC2105; UTS2105
Basic UROPS in Statistics and Applied Probability II,ST2289,Science,Statistics and Data Science,0.608447253704071,1301,0.626953125,0.6025390625,5,6,1045,14.72,1497,1,ST2289
"City, Culture and Community",CLC3304A,Non-Faculty-based Departments,Chua Thian Poh Comm Leader Center,0.6083984375,1302,0.61083984375,0.60546875,3,8,2067,29.11,844,1,CLC3304A
Integumentary & Ocular Systems: Science and Therapeutics,PR2156,Science,PharmacyandPharmaceuticalScience,0.6083984375,1302,0.6455078125,0.59814453125,1,10,404,5.69,2074,1,PR2156
Special Studies on Southeast Asia,SE4220,Arts and Social Science,Southeast Asian Studies,0.608349621295929,1303,0.63427734375,0.5966796875,9,2,640,9.01,1854,2,SE4220; SE4220HM
Visual Culture: Seeing and Representing,SC3223,Arts and Social Science,Sociology and Anthropology,0.608349621295929,1303,0.630859375,0.59130859375,6,5,1613,22.72,1097,1,SC3223
Communication and Cultural Diversity,NUR1110A,Yong Loo Lin Sch of Medicine,Alice Lee Center for Nursing Studies,0.6083008050918579,1304,0.6455078125,0.5830078125,3,8,828,11.66,1682,1,NUR1110A
The Document in Image-Making,YHU3377,Yale-NUS College,Yale-NUS College,0.6082519292831421,1305,0.6298828125,0.587890625,7,4,416,5.86,2064,1,YHU3377
Haematological & Musculoskeletal Systems: Science & Therapeutics,PR3154,Science,PharmacyandPharmaceuticalScience,0.6082519292831421,1305,0.6181640625,0.6015625,4,7,684,9.63,1813,1,PR3154
Advanced Studies on Principal Instrument,MUA4161,YST Conservatory of Music,YSTCM Dean's Office,0.6082519292831421,1305,0.638671875,0.5908203125,3,8,258,3.63,2218,1,MUA4161
Biofluid Dynamics,BN4202,College of Design and Engineering,Biomedical Engineering,0.608203113079071,1306,0.630859375,0.58740234375,6,5,546,7.69,1940,1,BN4202
Analytical Chemistry 1,CM2142,Science,Chemistry,0.608203113079071,1306,0.65087890625,0.59912109375,5,6,364,5.13,2113,1,CM2142
Community Health Assessment and Improvement,YSS3260,Yale-NUS College,Yale-NUS College,0.608203113079071,1306,0.6318359375,0.59326171875,5,6,983,13.84,1549,1,YSS3260
Social Practice Art,YHU3327,Yale-NUS College,Yale-NUS College,0.608203113079071,1306,0.65625,0.5830078125,6,5,830,11.69,1680,1,YHU3327
Advanced Urban Planning,RE3901,NUS Business School,Real Estate,0.608105480670929,1307,0.619140625,0.6005859375,7,4,2827,39.81,508,1,RE3901
“Green” Cities and Urban Natures,YSS3297,Yale-NUS College,Yale-NUS College,0.608105480670929,1307,0.6162109375,0.59814453125,4,7,1353,19.05,1267,1,YSS3297
Ethics in Finance,LL4516,Law,FoL Dean's Office,0.608105480670929,1307,0.61669921875,0.60498046875,4,7,1132,15.94,1430,2,LL4516; LL4516V
Introduction to Optimization,DBA3701,NUS Business School,Analytics and Operations,0.6080566644668579,1308,0.64697265625,0.599609375,7,4,3165,44.57,399,1,DBA3701
Understanding China: Past and Present (in English),CH3295,Arts and Social Science,Chinese Studies,0.6080566644668579,1308,0.634765625,0.5888671875,5,6,461,6.49,2020,1,CH3295
Radiation Laboratory,PC3294,Science,Physics,0.6080077886581421,1309,0.62841796875,0.59716796875,4,7,425,5.99,2055,1,PC3294
Network Security,TIC4305,Cont and Lifelong Education,SCALE Dean's Office,0.6080077886581421,1309,0.658203125,0.59228515625,5,6,165,2.32,2310,1,TIC4305
Physics IE,PC1431,Science,Physics,0.607958972454071,1310,0.6181640625,0.603515625,3,8,1091,15.36,1466,2,PC1431; PC1431X
Water Science & Technology,ESE2401,College of Design and Engineering,Civil and Environmental Engineering,0.607958972454071,1310,0.642578125,0.5888671875,6,5,493,6.94,1991,1,ESE2401
Introduction to RF and Microwave Systems & Circuits,EE3104C,College of Design and Engineering,Electrical and Computer Engineering,0.607958972454071,1310,0.67578125,0.58740234375,3,8,211,2.97,2264,1,EE3104C
Mechanics Of Machines,ME2115,College of Design and Engineering,Mechanical Engineering,0.60791015625,1311,0.63427734375,0.58837890625,3,8,509,7.17,1975,1,ME2115
Mechanics of Machines,ME2115E,Cont and Lifelong Education,SCALE Dean's Office,0.60791015625,1311,0.63427734375,0.58837890625,3,8,509,7.17,1975,5,ME2115E; ME3112E; ME3115; TME2115; TME3112
Port Economics,EC3386,Arts and Social Science,Economics,0.60791015625,1311,0.66162109375,0.58154296875,8,3,897,12.63,1620,1,EC3386
Digital Trade and Digital Economy,LL4442,Law,FoL Dean's Office,0.607861340045929,1312,0.6484375,0.59619140625,8,3,1497,21.08,1176,2,LL4442; LL4442V
Multimodal Processing in Mobile Platforms,CS3218,Computing,Computer Science,0.607861340045929,1312,0.6513671875,0.5869140625,5,6,829,11.67,1681,1,CS3218
Strangers in Chinese Fiction and Film (in English),CH2391,Arts and Social Science,Chinese Studies,0.607861340045929,1312,0.65185546875,0.595703125,7,4,1004,14.14,1531,1,CH2391
Women and Children Health,NUR2204C,Yong Loo Lin Sch of Medicine,Alice Lee Center for Nursing Studies,0.6078125238418579,1313,0.62353515625,0.599609375,5,6,1003,14.12,1532,1,NUR2204C
Modes Of Invention,GET1010,College of Design and Engineering,Electrical and Computer Engineering,0.6077636480331421,1314,0.62060546875,0.60009765625,3,8,1207,17.0,1371,1,GET1010
"Sea, Islands, Vessels: A Voyage of Exploration",SE3234,Arts and Social Science,Southeast Asian Studies,0.607714831829071,1315,0.61572265625,0.60107421875,6,5,1313,18.49,1292,1,SE3234
Special Physics Class 3,FDP2022,Science,FoS Dean's Office,0.607714831829071,1315,0.62353515625,0.59423828125,5,6,1250,17.6,1339,1,FDP2022
Law Of Contract,LC1003,Law,FoL Dean's Office,0.607714831829071,1315,0.6142578125,0.6005859375,2,9,883,12.43,1633,1,LC1003
Sustainable Urbanism in Asia,AR3614,College of Design and Engineering,Architecture,0.607714831829071,1315,0.6455078125,0.58349609375,7,4,1382,19.46,1249,1,AR3614
Independent Project II,CP3111,Computing,SoC Dean's Office,0.607666015625,1316,0.62158203125,0.603515625,5,6,1961,27.62,895,1,CP3111
GEx Bali/Lombok,NEX3008S,NUS College,NUS College Dean's Office,0.607617199420929,1317,0.63330078125,0.59423828125,5,6,2300,32.39,728,1,NEX3008S
Doing Research In Southeast Asia,SE2223,Arts and Social Science,Southeast Asian Studies,0.607617199420929,1317,0.634765625,0.58935546875,6,5,911,12.83,1607,1,SE2223
Introduction To Optimisation,DSC3214,NUS Business School,Analytics and Operations,0.607617199420929,1317,0.646484375,0.59765625,8,3,2830,39.85,506,1,DSC3214
Climate Hope and Resiliency,YID3229,Yale-NUS College,Yale-NUS College,0.6075683832168579,1318,0.67724609375,0.59228515625,3,8,2716,38.25,552,1,YID3229
Real-Time Graphics,CS4351,Computing,Computer Science,0.6075683832168579,1318,0.62744140625,0.59619140625,4,7,399,5.62,2079,1,CS4351
MS / MCP 3rd Year Project,MUA3178,YST Conservatory of Music,YSTCM Dean's Office,0.607470691204071,1319,0.615234375,0.59716796875,7,4,1527,21.5,1155,1,MUA3178
Bahasa Indonesia 6,LAB4202,Arts and Social Science,Centre for Language Studies,0.607470691204071,1319,0.62109375,0.59765625,7,4,814,11.46,1695,2,LAB4202; LAB4202HM
Topics in Applied Econometrics,YSS4227,Yale-NUS College,Yale-NUS College,0.607470691204071,1319,0.654296875,0.5791015625,5,6,342,4.82,2135,1,YSS4227
French Immersion Programme,FDP2023,Science,FoS Dean's Office,0.607421875,1320,0.68115234375,0.591796875,6,5,803,11.31,1705,1,FDP2023
Advanced Independent Study in Business Economics,BSE4751,NUS Business School,Strategy and Policy,0.607421875,1320,0.62646484375,0.59716796875,5,6,1918,27.01,916,1,BSE4751
Caring for Ourselves: Being Well in the World,NHS2072,NUS College,NUS College Dean's Office,0.607421875,1320,0.6767578125,0.58544921875,6,5,856,12.05,1657,1,NHS2072
Science of Everyday Cooking,YSC1223,Yale-NUS College,Yale-NUS College,0.607421875,1320,0.62451171875,0.59619140625,4,7,291,4.1,2186,1,YSC1223
Video Processing,EE4701,College of Design and Engineering,Electrical and Computer Engineering,0.6073242425918579,1321,0.66650390625,0.57470703125,6,5,163,2.3,2312,1,EE4701
Selected Topics In Industrial Engineering,IE4299,College of Design and Engineering,Industrial Systems Engineering and Management,0.6073242425918579,1321,0.65771484375,0.5927734375,4,7,2029,28.57,862,1,IE4299
Exchange Unrestricted Elective,ESP9310,College of Design and Engineering,Engineering Science Programme,0.6073242425918579,1321,0.61669921875,0.60009765625,5,6,3931,55.36,209,6,ESP9310; ESP9320; ESP9330; ESP9340; ESP9350; ESP9360
Legal History: Themes and Perspectives,LL4448,Law,FoL Dean's Office,0.6072753667831421,1322,0.63037109375,0.5947265625,2,9,200,2.82,2275,2,LL4448; LL4448V
Programming Language Design and Implementation,YSC4230,Yale-NUS College,Yale-NUS College,0.6072753667831421,1322,0.61376953125,0.60107421875,4,7,633,8.91,1859,1,YSC4230
Chinese Cultural History,CH3243,Arts and Social Science,Chinese Studies,0.6072753667831421,1322,0.63623046875,0.5927734375,5,6,222,3.13,2253,2,CH3243; CH3243S
Digital Media Technologies,EE4703,College of Design and Engineering,Electrical and Computer Engineering,0.6072753667831421,1322,0.65625,0.5791015625,8,3,307,4.32,2170,1,EE4703
The University Today,UTC2116,Residential College,Tembusu College,0.6072753667831421,1322,0.619140625,0.60107421875,4,7,1367,19.25,1259,2,UTC2116; UTS2116
Biotechnology and Biotherapeutics,LSM4218,Science,Biological Sciences,0.607226550579071,1323,0.63330078125,0.59228515625,5,6,104,1.46,2371,1,LSM4218
Singapore Urban History & Architecture,GES1013,College of Design and Engineering,Architecture,0.607226550579071,1323,0.6474609375,0.58837890625,6,5,900,12.67,1617,3,GES1013; GESS1011; SSD2213
Computational Reasoning,GEI1001,Arts and Social Science,Philosophy,0.607177734375,1324,0.6318359375,0.599609375,6,5,959,13.51,1568,2,GEI1001; GET1050
Mind and Machine: Brain-Computer Interfaces,YSS4295,Yale-NUS College,Yale-NUS College,0.607177734375,1324,0.623046875,0.5927734375,3,8,631,8.89,1861,1,YSS4295
Behavioural Public Policy,EC4399,Arts and Social Science,Economics,0.607177734375,1324,0.62646484375,0.60107421875,5,6,2114,29.77,816,2,EC4399; EC4399HM
Introducing Malaysia (with Introductory Malay),SFI2024,NUS,Office of the Provost,0.607177734375,1324,0.63134765625,0.59521484375,5,6,1566,22.05,1128,1,SFI2024
Recalibrating Multilateral Trading Regime,LL4500,Law,FoL Dean's Office,0.607177734375,1324,0.65673828125,0.58740234375,8,3,1732,24.39,1023,2,LL4500; LL4500V
Credit & Security,LL4019,Law,FoL Dean's Office,0.607128918170929,1325,0.63427734375,0.59716796875,5,6,1083,15.25,1472,2,LL4019; LL4019V
Consolidated Clinical Practice,NUR4102B,Yong Loo Lin Sch of Medicine,Alice Lee Center for Nursing Studies,0.607128918170929,1325,0.62841796875,0.5966796875,4,7,895,12.6,1622,2,NUR4102B; NUR4102C
Noon Recital Series 3A,MUA3153,YST Conservatory of Music,YSTCM Dean's Office,0.607128918170929,1325,0.6171875,0.59765625,4,7,595,8.38,1894,1,MUA3153
Undergraduate Project in Mathematics,MA4288D,Science,Mathematics,0.6070801019668579,1326,0.64892578125,0.5947265625,7,4,1380,19.43,1251,3,MA4288D; MA4288O; MA4288P
Basic UROPS in Physics II,PC2289,Science,Physics,0.6070801019668579,1326,0.63330078125,0.59716796875,7,4,2591,36.49,597,1,PC2289
Theory and Politics of AI,PS4299,Arts and Social Science,Political Science,0.6070801019668579,1326,0.630859375,0.5966796875,4,7,131,1.84,2344,1,PS4299
Bioelectromechanical Systems - Biomems,BN4404,College of Design and Engineering,Biomedical Engineering,0.6070312261581421,1327,0.64208984375,0.591796875,4,7,460,6.48,2021,1,BN4404
Field Studies in Biodiversity,LSM4263,Science,Biological Sciences,0.606982409954071,1328,0.68359375,0.57275390625,6,5,423,5.96,2057,1,LSM4263
Optimization for Large Scale Machine Learning,YSC4236,Yale-NUS College,Yale-NUS College,0.606982409954071,1328,0.6474609375,0.59521484375,6,5,264,3.72,2212,1,YSC4236
International Legal Process,LL4033,Law,FoL Dean's Office,0.606982409954071,1328,0.64697265625,0.59228515625,1,10,674,9.49,1822,2,LL4033; LL4033V
Sense-making Case Analysis: Society,DSA4264B,Science,Statistics and Data Science,0.60693359375,1329,0.63037109375,0.5927734375,5,6,500,7.04,1984,1,DSA4264B
Social Change in the Malay World,MS4201,Arts and Social Science,Malay Studies,0.60693359375,1329,0.6396484375,0.58740234375,6,5,791,11.14,1716,2,MS4201; MS4201HM
China’s Energy and Environmental Sustainability,YID3207,Yale-NUS College,Yale-NUS College,0.606884777545929,1330,0.6328125,0.59130859375,4,7,802,11.29,1706,1,YID3207
The Online Politician: The Use of Social Media in Political Communication,UTW1001W,Non-Faculty-based Departments,Center for Engl Lang Comms,0.606884777545929,1330,0.654296875,0.59130859375,4,7,629,8.86,1863,1,UTW1001W
Senior Recital - Instrumental Performance Capstone,MUA4162,YST Conservatory of Music,YSTCM Dean's Office,0.6068359613418579,1331,0.62939453125,0.58642578125,3,8,612,8.62,1878,1,MUA4162
Heavenly Mathematics and Cultural Astronomy,UTC2711,Residential College,Residential College 4,0.6068359613418579,1331,0.6796875,0.59375,4,7,1028,14.48,1511,1,UTC2711
Bahasa Indonesia 5,LAB4201,Arts and Social Science,Centre for Language Studies,0.6067870855331421,1332,0.61962890625,0.59619140625,5,6,741,10.44,1761,2,LAB4201; LAB4201HM
Creative Computing,ID4400,College of Design and Engineering,Industrial Design,0.6067870855331421,1332,0.671875,0.58837890625,5,6,287,4.04,2190,1,ID4400
"Representing Live(s): Research, Performance and Stories",HS2913,Arts and Social Science,"English,Ling.andTheatre Studies",0.6067870855331421,1332,0.6953125,0.58349609375,6,5,1448,20.39,1209,1,HS2913
Energy Systems and Climate Change Mitigation,ESE4406,College of Design and Engineering,Civil and Environmental Engineering,0.606738269329071,1333,0.62841796875,0.58837890625,3,8,197,2.77,2278,1,ESE4406
AAS Project 1,MUA2175,YST Conservatory of Music,YSTCM Dean's Office,0.606738269329071,1333,0.623046875,0.595703125,6,5,1729,24.35,1025,1,MUA2175
Science Fiction and Hope,UTC2106,Residential College,Tembusu College,0.606689453125,1334,0.640625,0.59033203125,7,4,1115,15.7,1446,2,UTC2106; UTS2106
Chinese Semasiology,CH4202,Arts and Social Science,Chinese Studies,0.606689453125,1334,0.62255859375,0.59228515625,9,2,916,12.9,1603,2,CH4202; CH4202HM
Korean 6,LAK4202,Arts and Social Science,Centre for Language Studies,0.606689453125,1334,0.61767578125,0.59814453125,8,3,767,10.8,1737,2,LAK4202; LAK4202HM
Manufact'G Simulat'N & Data Communicat'N,TM4263,Cont and Lifelong Education,SCALE Dean's Office,0.606689453125,1334,0.6259765625,0.59814453125,2,9,1516,21.35,1164,2,TM4263; TME4263
"Singapore Biodiversity: Past, Present and Future",YID3218,Yale-NUS College,Yale-NUS College,0.606640636920929,1335,0.6552734375,0.583984375,6,5,521,7.34,1964,1,YID3218
Lab in Development of Communication,PL3283B,Arts and Social Science,Psychology,0.606640636920929,1335,0.625,0.58447265625,3,8,525,7.39,1960,1,PL3283B
Lab in Adolescent Psychology,PL3283A,Arts and Social Science,Psychology,0.6065918207168579,1336,0.625,0.60107421875,5,6,1149,16.18,1416,1,PL3283A
Ethics In Engineering,TG2415,Cont and Lifelong Education,SCALE Dean's Office,0.6065429449081421,1337,0.61767578125,0.599609375,3,8,1791,25.22,990,2,TG2415; TTG2415
GEx Upper Mekong,NEX3012S,NUS College,NUS College Dean's Office,0.6064453125,1338,0.626953125,0.59423828125,4,7,1877,26.43,939,1,NEX3012S
Human Performance,PL3250,Arts and Social Science,Psychology,0.6064453125,1338,0.62744140625,0.59326171875,4,7,2395,33.73,684,1,PL3250
Statistics for Engineering Applications,TIE3101,Cont and Lifelong Education,SCALE Dean's Office,0.606396496295929,1339,0.62841796875,0.59912109375,6,5,1962,27.63,894,1,TIE3101
"SILHCM: Industry 4.0, Technology, & Mgt Implications",MNO4313K,NUS Business School,Management and Organisation,0.606396496295929,1339,0.626953125,0.59716796875,6,5,2048,28.84,853,2,MNO4313K; MNO4761D
Professional Leadership Skills in an Orchestral Context,MUA4208,YST Conservatory of Music,YSTCM Dean's Office,0.6063476800918579,1340,0.61376953125,0.59619140625,4,7,2921,41.14,477,1,MUA4208
Design Process & Research,ID2123,College of Design and Engineering,Industrial Design,0.6062988042831421,1341,0.623046875,0.59814453125,6,5,640,9.01,1854,1,ID2123
Itadakimasu - Food In Japan,JS2230,Arts and Social Science,Japanese Studies,0.606249988079071,1342,0.61572265625,0.6015625,6,5,687,9.67,1810,1,JS2230
Visual Storytelling,YHU2248,Yale-NUS College,Yale-NUS College,0.606201171875,1343,0.63671875,0.58203125,8,3,173,2.44,2302,1,YHU2248
Numerical Methods and Statistics,ESP2107,College of Design and Engineering,Engineering Science Programme,0.606152355670929,1344,0.61865234375,0.595703125,5,6,771,10.86,1733,1,ESP2107
"Science, Medical Technology and Society",HSI2014,Science,Physics,0.6061035394668579,1345,0.63525390625,0.59326171875,6,5,249,3.51,2227,1,HSI2014
Public International Law Externship,LL4367,Law,FoL Dean's Office,0.6061035394668579,1345,0.63720703125,0.58984375,4,7,1049,14.77,1494,2,LL4367; LL4367V
RNA Biology and Technology,LSM3245,Yong Loo Lin Sch of Medicine,Microbiology and Immunology,0.6061035394668579,1345,0.6474609375,0.59326171875,5,6,246,3.46,2230,1,LSM3245
Civil Society and Civic Engagement,SC3230,Arts and Social Science,Sociology and Anthropology,0.6061035394668579,1345,0.62939453125,0.587890625,6,5,809,11.39,1700,1,SC3230
Bioenergy,ESE4404,College of Design and Engineering,Civil and Environmental Engineering,0.6060546636581421,1346,0.6396484375,0.5859375,5,6,385,5.42,2093,1,ESE4404
Social Origins and Consequences of Financial Crises,SC4219,Arts and Social Science,Sociology and Anthropology,0.6060546636581421,1346,0.63623046875,0.5908203125,6,5,2058,28.98,848,2,SC4219; SC4219HM
"Language, Gender and Sexual Identities",EL4253,Arts and Social Science,"English,Ling.andTheatre Studies",0.6060546636581421,1346,0.6259765625,0.59375,8,3,1703,23.98,1041,2,EL4253; EL4253HM
Capstone Project in Data Science and Economics II,DSE4201,Science,Mathematics,0.606005847454071,1347,0.63427734375,0.59765625,3,8,1323,18.63,1287,1,DSE4201
Powering the Planet,YID3223,Yale-NUS College,Yale-NUS College,0.60595703125,1348,0.626953125,0.59619140625,4,7,1098,15.46,1461,1,YID3223
Topics in Chinese Literature II,CH4881,Arts and Social Science,Chinese Studies,0.605908215045929,1349,0.62548828125,0.5927734375,5,6,516,7.27,1968,2,CH4881; CH4881HM
Advanced Independent Study in Marketing,MKT4419,NUS Business School,Marketing,0.605908215045929,1349,0.62109375,0.6015625,5,6,3064,43.15,429,3,MKT4419; MKT4429; MKT4751
Sociology of Migration,SC4210,Arts and Social Science,Sociology and Anthropology,0.605908215045929,1349,0.640625,0.5927734375,9,2,2076,29.24,838,2,SC4210; SC4210HM
Italian for Musicians 2,MUL1106,YST Conservatory of Music,YSTCM Dean's Office,0.6058593988418579,1350,0.63330078125,0.59228515625,5,6,566,7.97,1921,1,MUL1106
Undergraduate Research Project in Computing (REx),CP3209R,Computing,SoC Dean's Office,0.6058105230331421,1351,0.62109375,0.59423828125,3,8,1547,21.79,1142,1,CP3209R
"International Patent Law, Policy and Practice",LL4071,Law,FoL Dean's Office,0.605761706829071,1352,0.609375,0.59912109375,5,6,2386,33.6,686,2,LL4071; LL4071V
TIF: Physical Commodity Markets and Assets,FIN3761D,NUS Business School,Finance,0.605761706829071,1352,0.61669921875,0.591796875,4,7,491,6.91,1993,1,FIN3761D
Managerial Economics,BSP1703,NUS Business School,Strategy and Policy,0.605761706829071,1352,0.61083984375,0.6005859375,2,9,894,12.59,1623,2,BSP1703; BSP1703X
Cities and nature,UTC2406,Residential College,College of Alice and Peter Tan,0.605664074420929,1353,0.61962890625,0.59375,2,9,491,6.91,1993,2,UTC2406; UTS2404
Phy Chem of the Solid State & Interfaces,CM3232,Science,Chemistry,0.605664074420929,1353,0.6494140625,0.58935546875,2,9,294,4.14,2183,1,CM3232
Atomic & Molecular Physics II,PC4243,Science,Physics,0.605664074420929,1353,0.6337890625,0.59912109375,4,7,647,9.11,1847,1,PC4243
Wisdom: Concepts and Contemporary Contexts,NHS2106,NUS College,NUS College Dean's Office,0.6055663824081421,1354,0.607421875,0.603515625,2,9,1753,24.69,1012,1,NHS2106
Mathematical Methods in Genomics,MA3259,Science,Mathematics,0.6055663824081421,1354,0.65185546875,0.578125,3,8,169,2.38,2306,1,MA3259
Advanced Sociological Analysis of Singapore Society,SC4880B,Arts and Social Science,Sociology and Anthropology,0.605517566204071,1355,0.6328125,0.59521484375,6,5,1207,17.0,1371,2,SC4880B; SC4880BHM
Performing Arts in Practice (Music) 3,CFA3101A,YST Conservatory of Music,YSTCM Dean's Office,0.605517566204071,1355,0.62255859375,0.58154296875,4,7,1705,24.01,1039,1,CFA3101A
Selected Topics In Engineering Management,IE4249,College of Design and Engineering,Industrial Systems Engineering and Management,0.60546875,1356,0.62451171875,0.59765625,3,8,2121,29.87,813,1,IE4249
Selected Topics in Engineering Management,TIE4249,Cont and Lifelong Education,SCALE Dean's Office,0.60546875,1356,0.62451171875,0.59765625,3,8,2121,29.87,813,1,TIE4249
Thai 3,LAT3201,Arts and Social Science,Centre for Language Studies,0.60546875,1356,0.6162109375,0.599609375,7,4,744,10.48,1759,1,LAT3201
Research Report,AR4142,College of Design and Engineering,Architecture,0.60546875,1356,0.64599609375,0.58447265625,4,7,395,5.56,2083,1,AR4142
Strategic Thinking: Economic Applications,BSE3711,NUS Business School,Strategy and Policy,0.605419933795929,1357,0.62060546875,0.59814453125,5,6,1973,27.78,887,1,BSE3711
Music and Health,MUA2229,YST Conservatory of Music,YSTCM Dean's Office,0.605419933795929,1357,0.63427734375,0.5927734375,5,6,745,10.49,1758,1,MUA2229
Performance and Interaction,MUA3216,YST Conservatory of Music,YSTCM Dean's Office,0.605419933795929,1357,0.6171875,0.60009765625,8,3,3834,53.99,228,1,MUA3216
Science at the Nanoscale,SP2251,Science,Chemistry,0.605419933795929,1357,0.63671875,0.58203125,1,10,279,3.93,2198,1,SP2251
Piano Ensemble 1A,MUA1111,YST Conservatory of Music,YSTCM Dean's Office,0.605419933795929,1357,0.6728515625,0.5869140625,2,9,129,1.82,2346,1,MUA1111
Cross-Border Insolvency Law,LL4478,Law,FoL Dean's Office,0.6053711175918579,1358,0.662109375,0.59228515625,2,9,231,3.25,2245,2,LL4478; LL4478V
Computational Thinking: Performance Based Design,AR2522,College of Design and Engineering,Architecture,0.6053711175918579,1358,0.62744140625,0.59765625,5,6,464,6.53,2017,1,AR2522
Critical Listening,MUA1172,YST Conservatory of Music,YSTCM Dean's Office,0.6053711175918579,1358,0.6220703125,0.60107421875,4,7,1393,19.62,1239,1,MUA1172
Understanding Experimental Data,ME3273E,Cont and Lifelong Education,SCALE Dean's Office,0.6053711175918579,1358,0.62890625,0.5986328125,5,6,741,10.44,1761,2,ME3273E; TME3273
Religion in Public Life,NTW2026,NUS College,NUS College Dean's Office,0.6053222417831421,1359,0.62353515625,0.5927734375,7,4,1756,24.73,1011,1,NTW2026
Community Development Practicum I,CLC2201,Non-Faculty-based Departments,Chua Thian Poh Comm Leader Center,0.605273425579071,1360,0.6279296875,0.5908203125,5,6,2443,34.4,663,2,CLC2201; CLC2203
Distributed Databases,CS4224,Computing,Computer Science,0.605273425579071,1360,0.67236328125,0.58740234375,5,6,359,5.06,2118,1,CS4224
Thai 6,LAT4202,Arts and Social Science,Centre for Language Studies,0.605224609375,1361,0.62548828125,0.591796875,6,5,517,7.28,1967,2,LAT4202; LAT4202HM
Central Nervous System: Science & Therapeutics,PR3153,Science,PharmacyandPharmaceuticalScience,0.605224609375,1361,0.62451171875,0.58251953125,4,7,428,6.03,2052,1,PR3153
Computational Methods In Fluid Mechanics,ME4233,College of Design and Engineering,Mechanical Engineering,0.605224609375,1361,0.671875,0.587890625,4,7,630,8.87,1862,1,ME4233
Nutritional Biochemistry,FST4202,Science,Food Science and Technology,0.605224609375,1361,0.6201171875,0.595703125,3,8,219,3.08,2256,1,FST4202
Special Topics in Business,BST3761,NUS Business School,BIZ Dean's Office,0.605175793170929,1362,0.619140625,0.6015625,6,5,2559,36.04,616,1,BST3761
Media Policy and Regulation,NM4206,Arts and Social Science,Communications and New Media,0.605175793170929,1362,0.634765625,0.5908203125,7,4,821,11.56,1689,2,NM4206; NM4206HM
"Money, Business and Social Networks",SC2209,Arts and Social Science,Sociology and Anthropology,0.6051269769668579,1363,0.6201171875,0.599609375,4,7,3269,46.04,371,1,SC2209
Solid State Devices,PC3241,Science,Physics,0.6050781011581421,1364,0.625,0.59716796875,3,8,254,3.58,2222,2,PC3241; PC4264
Electricity & Magnetism II,PC3231,Science,Physics,0.6050781011581421,1364,0.6220703125,0.59814453125,5,6,778,10.96,1727,1,PC3231
Topics in Chinese History 1,CH3882,Arts and Social Science,Chinese Studies,0.6050781011581421,1364,0.6318359375,0.58984375,5,6,345,4.86,2132,1,CH3882
The Heterogeneous Indians of Contemporary Singapore,NHS2053,NUS College,NUS College Dean's Office,0.605029284954071,1365,0.61669921875,0.5986328125,5,6,1581,22.26,1119,1,NHS2053
Lab in Speech and Language Processes,PL3281E,Arts and Social Science,Psychology,0.605029284954071,1365,0.6240234375,0.587890625,3,8,245,3.45,2231,1,PL3281E
Collaborative Piano - Chamber Music 4,MUA4343,YST Conservatory of Music,YSTCM Dean's Office,0.604931652545929,1366,0.67236328125,0.58154296875,1,10,435,6.13,2045,1,MUA4343
South Asian Literatures in English,EN4266,Arts and Social Science,"English,Ling.andTheatre Studies",0.604931652545929,1366,0.67236328125,0.587890625,4,7,481,6.77,2002,2,EN4266; EN4266HM
Fundamental Biochemistry,LSM2106,Yong Loo Lin Sch of Medicine,Biochemistry,0.604931652545929,1366,0.65966796875,0.58837890625,3,8,144,2.03,2331,1,LSM2106
Modelling and Optimization,YSC2254,Yale-NUS College,Yale-NUS College,0.604931652545929,1366,0.626953125,0.59033203125,5,6,1037,14.6,1504,1,YSC2254
Sport and Socialization,UTW2001M,Non-Faculty-based Departments,Center for Engl Lang Comms,0.604931652545929,1366,0.6162109375,0.6015625,5,6,1869,26.32,945,1,UTW2001M
Chronic Disease Management,NUR3504,Yong Loo Lin Sch of Medicine,Alice Lee Center for Nursing Studies,0.6048828363418579,1367,0.626953125,0.5908203125,7,4,511,7.2,1973,1,NUR3504
Sleep: A Cognitive Neuroscience Perspective,PL4244,Arts and Social Science,Psychology,0.6048828363418579,1367,0.63427734375,0.59326171875,6,5,1191,16.77,1384,2,PL4244; PL4244HM
Advanced UROPS in Data Science and Analytics II (REx),DSA3289R,Science,Statistics and Data Science,0.6048828363418579,1367,0.6337890625,0.5947265625,4,7,1235,17.39,1349,1,DSA3289R
Drug Discovery and Clinical Trials,LSM4221,Yong Loo Lin Sch of Medicine,Pharmacology,0.6048828363418579,1367,0.6279296875,0.591796875,4,7,515,7.25,1969,1,LSM4221
Industrial Organisation I,EC3322,Arts and Social Science,Economics,0.6048828363418579,1367,0.62890625,0.59619140625,5,6,3077,43.33,422,1,EC3322
Law Of Insurance,LL4407,Law,FoL Dean's Office,0.6048339605331421,1368,0.61865234375,0.59228515625,4,7,461,6.49,2020,1,LL4407
Debating Singapore's Social and Economic History,UTC1400,Residential College,College of Alice and Peter Tan,0.604785144329071,1369,0.63916015625,0.5986328125,7,4,1653,23.28,1071,1,UTC1400
Special Topics: Sustainability,UTC1112G,Residential College,Tembusu College,0.604785144329071,1369,0.64013671875,0.5927734375,3,8,1042,14.67,1500,1,UTC1112G
International & Comparative Oil & Gas Law,LL4214,Law,FoL Dean's Office,0.604687511920929,1370,0.6484375,0.58642578125,5,6,755,10.63,1749,1,LL4214
Systems Thinking and Design,TIE3010,Cont and Lifelong Education,SCALE Dean's Office,0.604687511920929,1370,0.61669921875,0.59912109375,5,6,1453,20.46,1205,1,TIE3010
Predictive Analytics in Business,DBA3803,NUS Business School,Analytics and Operations,0.6046386957168579,1371,0.640625,0.587890625,6,5,684,9.63,1813,2,DBA3803; DSC3216
Cross-cultural Experience for Nursing Students (OCIP),NUR2442,Yong Loo Lin Sch of Medicine,Alice Lee Center for Nursing Studies,0.6046386957168579,1371,0.625,0.59228515625,5,6,3117,43.9,414,1,NUR2442
Chinese Economic History in a Global Context,FAS2882I,Arts and Social Science,FASS DO/Office of Programmes,0.6046386957168579,1371,0.61474609375,0.59228515625,6,5,952,13.41,1573,1,FAS2882I
Beyond the Frame: Arts and Lives in Southeast Asia,SE2214,Arts and Social Science,Southeast Asian Studies,0.6045898199081421,1372,0.64697265625,0.587890625,7,4,1121,15.79,1440,1,SE2214
Forensic Science,FSC2101,Science,Biological Sciences,0.6045898199081421,1372,0.63916015625,0.59521484375,6,5,1302,18.34,1302,1,FSC2101
Vietnamese 3,LAV3201,Arts and Social Science,Centre for Language Studies,0.6045898199081421,1372,0.61279296875,0.60009765625,3,8,463,6.52,2018,1,LAV3201
Gender Issues in Social Work Practice,SW3206,Arts and Social Science,Social Work,0.604541003704071,1373,0.6318359375,0.58984375,2,9,274,3.86,2203,1,SW3206
Distributed Autonomous Robotic Systems,EE4306,College of Design and Engineering,Electrical and Computer Engineering,0.604541003704071,1373,0.6435546875,0.58740234375,4,7,187,2.63,2288,1,EE4306
Topics in Chinese Philosophy I,CH3883,Arts and Social Science,Chinese Studies,0.604541003704071,1373,0.63037109375,0.5908203125,4,7,647,9.11,1847,1,CH3883
Treatment Plant Hydraulics,ESE4402,College of Design and Engineering,Civil and Environmental Engineering,0.6044921875,1374,0.68505859375,0.58056640625,5,6,532,7.49,1954,2,ESE4402; TCE4247
FDI and Local Development: Japanese Firms in Asia,JS4232,Arts and Social Science,Japanese Studies,0.6044921875,1374,0.619140625,0.59716796875,5,6,968,13.63,1561,2,JS4232; JS4232HM
Introduction to Structure of Materials,MLE2101,College of Design and Engineering,Materials Science and Engineering,0.604443371295929,1375,0.65283203125,0.57861328125,3,8,380,5.35,2098,1,MLE2101
Intelligent Medical Robotics,BN4601,College of Design and Engineering,Biomedical Engineering,0.604443371295929,1375,0.62255859375,0.59375,2,9,511,7.2,1973,1,BN4601
Japanese Society and Social Institutions,JS2222,Arts and Social Science,Japanese Studies,0.604443371295929,1375,0.62646484375,0.587890625,8,3,813,11.45,1696,1,JS2222
"Topics in Biomedical Science: Brain, Metabolism, Ageing",LSM4210,Science,Biological Sciences,0.604443371295929,1375,0.63916015625,0.58740234375,3,8,184,2.59,2291,1,LSM4210
Fundamentals of Bioinstrumentation,BN2402,College of Design and Engineering,Biomedical Engineering,0.6043945550918579,1376,0.6279296875,0.59033203125,6,5,663,9.34,1833,1,BN2402
Piano Ensemble 1B,MUA1112,YST Conservatory of Music,YSTCM Dean's Office,0.6043945550918579,1376,0.67626953125,0.583984375,2,9,184,2.59,2291,1,MUA1112
Inferential Data Analytics,DSA3361,Science,Statistics and Data Science,0.6043456792831421,1377,0.64208984375,0.58349609375,5,6,252,3.55,2224,1,DSA3361
Advanced Independent Study in Real Estate,RE4751,NUS Business School,Real Estate,0.604296863079071,1378,0.62744140625,0.591796875,8,3,1960,27.6,896,1,RE4751
The Evolution of a Global City-State,GES1011,Arts and Social Science,History,0.604296863079071,1378,0.6337890625,0.59375,3,8,868,12.22,1646,3,GES1011; GESS1009; SSA2211
Understanding Communities: Theory & Practice,UTC2409,Residential College,College of Alice and Peter Tan,0.604296863079071,1378,0.634765625,0.595703125,5,6,1170,16.48,1400,2,UTC2409; UTS2407
Architectural Construction and Tectonics,AR2328,College of Design and Engineering,Architecture,0.604248046875,1379,0.6240234375,0.58349609375,4,7,287,4.04,2190,1,AR2328
Food Microbiology and Fermentation,FST2110,Science,Food Science and Technology,0.604248046875,1379,0.61767578125,0.58935546875,5,6,205,2.89,2270,1,FST2110
"Philanthropy, Non-profit Organizations, and the Law",LL4227,Law,FoL Dean's Office,0.604248046875,1379,0.61962890625,0.59375,3,8,1427,20.1,1219,1,LL4227
Data Mining and Machine Learning in Business Analytics,TCX3213,Cont and Lifelong Education,SCALE Dean's Office,0.604248046875,1379,0.64208984375,0.591796875,6,5,289,4.07,2188,1,TCX3213
Advanced Analytical Techniques,CM4242,Science,Chemistry,0.6041504144668579,1380,0.62353515625,0.59033203125,4,7,249,3.51,2227,1,CM4242
Thai 4,LAT3202,Arts and Social Science,Centre for Language Studies,0.6041015386581421,1381,0.61669921875,0.59619140625,6,5,721,10.15,1778,1,LAT3202
Engineering Professionalism,EG2401A,College of Design and Engineering,CDE Dean's Office,0.6041015386581421,1381,0.63232421875,0.59423828125,5,6,1234,17.38,1350,1,EG2401A
Independent Study in Real Estate,RE3751,NUS Business School,Real Estate,0.6041015386581421,1381,0.6376953125,0.5849609375,8,3,1995,28.09,876,1,RE3751
Numerical Methods In Engineering,ME3291,College of Design and Engineering,Mechanical Engineering,0.6041015386581421,1381,0.61669921875,0.599609375,3,8,916,12.9,1603,1,ME3291
Food and Sustainability,YSS3312,Yale-NUS College,Yale-NUS College,0.604052722454071,1382,0.63671875,0.5849609375,2,9,320,4.51,2157,1,YSS3312
Advanced Juried Performance Presentation,MUA2161,YST Conservatory of Music,YSTCM Dean's Office,0.604052722454071,1382,0.638671875,0.5859375,3,8,521,7.34,1964,1,MUA2161
Composition Major Study 1B,MUA1102,YST Conservatory of Music,YSTCM Dean's Office,0.604052722454071,1382,0.6416015625,0.59033203125,2,9,913,12.86,1605,1,MUA1102
Design 3,AR2101,College of Design and Engineering,Architecture,0.60400390625,1383,0.615234375,0.5927734375,6,5,1074,15.12,1477,3,AR2101; LAD2001; LAD2006
Operations Research II,IE4210,College of Design and Engineering,Industrial Systems Engineering and Management,0.603955090045929,1384,0.63330078125,0.59228515625,5,6,1120,15.77,1441,1,IE4210
Creating 'Reality',NHS2008,NUS College,NUS College Dean's Office,0.603955090045929,1384,0.64990234375,0.5869140625,7,4,776,10.93,1729,1,NHS2008
Special Topics,ST4261,Science,Statistics and Data Science,0.6039062738418579,1385,0.63037109375,0.59228515625,7,4,1867,26.29,946,1,ST4261
Technology For Better Social Habitats,GEK2023,College of Design and Engineering,Architecture,0.6038573980331421,1386,0.611328125,0.591796875,6,5,1418,19.97,1224,1,GEK2023
Independent Study (Nutrition),FST3201A,Science,Food Science and Technology,0.603808581829071,1387,0.6220703125,0.5927734375,8,3,2804,39.49,517,1,FST3201A
"Port Cities: Logistics, Transnationality, Urbanization",YSS3304,Yale-NUS College,Yale-NUS College,0.603808581829071,1387,0.6513671875,0.59228515625,6,5,1389,19.56,1243,1,YSS3304
Search Theory and Applications,EC4313,Arts and Social Science,Economics,0.603808581829071,1387,0.61669921875,0.59765625,4,7,3684,51.88,261,2,EC4313; EC4313HM
Situations (Contemporary Art in Today’s Society),YHU3376,Yale-NUS College,Yale-NUS College,0.603808581829071,1387,0.638671875,0.59033203125,8,3,1524,21.46,1158,1,YHU3376
Environmental Research Paper,YID4202,Yale-NUS College,Yale-NUS College,0.603808581829071,1387,0.63720703125,0.58740234375,2,9,532,7.49,1954,1,YID4202
The Art and Science of Negotiation,UTC2120,Residential College,Tembusu College,0.603808581829071,1387,0.6220703125,0.591796875,7,4,2191,30.85,777,1,UTC2120
Resilience and Success In College,YCT3201,Yale-NUS College,Yale-NUS College,0.603759765625,1388,0.61279296875,0.5947265625,1,10,909,12.8,1609,1,YCT3201
Legal Aspects of Information Technology,IS4233,Computing,Information Systems and Analytics,0.603759765625,1388,0.64404296875,0.587890625,2,9,966,13.6,1563,1,IS4233
Legal Aspects of Paperless Trade,LL4548,Law,FoL Dean's Office,0.603759765625,1388,0.62646484375,0.59619140625,5,6,1197,16.86,1380,1,LL4548
Molecular Microbiology in Human Diseases,LSM3225,Yong Loo Lin Sch of Medicine,Microbiology and Immunology,0.603759765625,1388,0.6240234375,0.5908203125,5,6,221,3.11,2254,1,LSM3225
Approaches to Japanese Studies II,JS3101,Arts and Social Science,Japanese Studies,0.603710949420929,1389,0.68408203125,0.57421875,7,4,254,3.58,2222,1,JS3101
Digital Platform Strategy and Architecture,IS3240,Computing,Information Systems and Analytics,0.603710949420929,1389,0.6318359375,0.59423828125,5,6,1486,20.93,1182,1,IS3240
Recording as Creative Practice,MUA1164,YST Conservatory of Music,YSTCM Dean's Office,0.603710949420929,1389,0.640625,0.58935546875,6,5,923,13.0,1597,1,MUA1164
Physical Sciences Research Seminar,YSC4209,Yale-NUS College,Yale-NUS College,0.603710949420929,1389,0.6259765625,0.591796875,2,9,359,5.06,2118,1,YSC4209
Environmental Challenges in Asia,ENV3101,Science,Biological Sciences,0.6036621332168579,1390,0.63720703125,0.58349609375,3,8,934,13.15,1589,1,ENV3101
Causal Impact Analytics for Business Applications,BT4241,Computing,Information Systems and Analytics,0.6036132574081421,1391,0.62158203125,0.5908203125,6,5,965,13.59,1564,1,BT4241
Culture and Sustainability in Southeast Asia,RVC2000,Residential College,Ridge View Residential College,0.6036132574081421,1391,0.6376953125,0.595703125,4,7,1702,23.97,1042,1,RVC2000
Transnational Law,LL4213,Law,FoL Dean's Office,0.6036132574081421,1391,0.62451171875,0.5908203125,2,9,216,3.04,2259,2,LL4213; LL4213V
Applying Psychology In Education,PL4880T,Arts and Social Science,Psychology,0.6036132574081421,1391,0.625,0.5859375,5,6,235,3.31,2241,2,PL4880T; PL4880THM
Biomedical Engineering Principles and Practice II,BN2111,College of Design and Engineering,Biomedical Engineering,0.603564441204071,1392,0.6748046875,0.58984375,5,6,1024,14.42,1515,1,BN2111
Trace Analysis,CM4241,Science,Chemistry,0.603564441204071,1392,0.6416015625,0.5966796875,3,8,279,3.93,2198,1,CM4241
Advanced UROPS in Data Science and Analytics I (REx),DSA3288R,Science,Statistics and Data Science,0.603564441204071,1392,0.6318359375,0.5927734375,4,7,1138,16.03,1425,1,DSA3288R
Organometallic Chemistry,CM3211,Science,Chemistry,0.603564441204071,1392,0.642578125,0.5908203125,3,8,264,3.72,2212,2,CM3211; YSC4205
Polymeric and Composite Materials,MLE3104,College of Design and Engineering,Materials Science and Engineering,0.603564441204071,1392,0.65234375,0.5771484375,3,8,497,7.0,1987,1,MLE3104
Comparative Trade Mark Law,LL4324,Law,FoL Dean's Office,0.603564441204071,1392,0.61181640625,0.60107421875,3,8,1882,26.5,937,1,LL4324
Mental Health and Distress in Children,PL4224,Arts and Social Science,Psychology,0.603515625,1393,0.6162109375,0.58935546875,5,6,299,4.21,2178,2,PL4224; PL4224HM
Multidisciplinary Approach to Crime & Criminal Justice,LL4514,Law,FoL Dean's Office,0.603515625,1393,0.6083984375,0.59619140625,3,8,1608,22.64,1100,2,LL4514; LL4514V
Quantitative Reasoning Foundation: Pursuit of Happiness,NST2042,NUS,NUS College Dean's Office,0.603515625,1393,0.64208984375,0.595703125,7,4,2080,29.29,835,1,NST2042
Special Topics in Social Work,SW3880,Arts and Social Science,Social Work,0.603515625,1393,0.6298828125,0.58349609375,3,8,269,3.79,2208,3,SW3880; SW4880; SW4880HM
Independent Study,AN4660,Arts and Social Science,Sociology and Anthropology,0.603466808795929,1394,0.6123046875,0.59375,8,3,2787,39.25,520,50,AN4660; BN2001; CH4660; CH4660HM; EC4660; EC4660HM; EL4660; EL4660HM; EN4660; EN4660HM; EU4660; EU4660HM; GE4660; GE4660HM; GL4660; GL4660HM; HY4660; HY4660HM; JS4660; JS4660HM; MS4660; MS4660HM; NM4660; NM4660HM; PE4660E; PE4660EHM; PE4660P; PE4660PHM; PE4660S; PE4660SHM; PH4660; PH4660HM; PL4660; PL4660HM; PS4660; PS4660HM; SC4660; SC4660HM; SE2660; SE3660; SE4660; SE4660HM; SN4660; SN4660HM; SW4660; SW4660HM; TS4660; TS4660HM; UTC3101; UTC3400
Women and Work around the World,YSS2240,Yale-NUS College,Yale-NUS College,0.603466808795929,1394,0.61083984375,0.59814453125,5,6,3913,55.1,215,1,YSS2240
Intercultural Communication,NM2201,Arts and Social Science,Communications and New Media,0.603466808795929,1394,0.60791015625,0.59912109375,3,8,2327,32.77,716,1,NM2201
Managerial Accounting,ACC2706,NUS Business School,Accounting,0.603320300579071,1395,0.61474609375,0.59814453125,3,8,910,12.82,1608,1,ACC2706
Basics of Ecology,LAD3006,College of Design and Engineering,Architecture,0.603320300579071,1395,0.6298828125,0.58837890625,6,5,447,6.29,2033,1,LAD3006
Engineering Thermodynamics,ME2121E,Cont and Lifelong Education,SCALE Dean's Office,0.603271484375,1396,0.6494140625,0.587890625,2,9,592,8.34,1896,2,ME2121E; TME2121
Computational Thinking for Scientists,COS1000,Science,Physics,0.603271484375,1396,0.6318359375,0.59130859375,7,4,461,6.49,2020,1,COS1000
Molecular Courtship,NST2025,NUS,NUS College Dean's Office,0.603222668170929,1397,0.62548828125,0.58349609375,4,7,249,3.51,2227,1,NST2025
Economics of IT and AI,IS2238,Computing,Information Systems and Analytics,0.6031738519668579,1398,0.62158203125,0.59423828125,6,5,538,7.58,1948,1,IS2238
Language Planning and Policy,EL3252,Arts and Social Science,"English,Ling.andTheatre Studies",0.6031738519668579,1398,0.62255859375,0.59326171875,6,5,743,10.46,1760,1,EL3252
Resilience in Restoration,GEN2007,Arts and Social Science,Geography,0.6031738519668579,1398,0.640625,0.5830078125,5,6,945,13.31,1578,1,GEN2007
Agree to Disagree Well: Disagreement in Singapore,HS2927,Arts and Social Science,Philosophy,0.6031249761581421,1399,0.66650390625,0.59521484375,3,8,1695,23.87,1045,1,HS2927
Organisation of Japanese Business,JS2221,Arts and Social Science,Japanese Studies,0.6031249761581421,1399,0.61669921875,0.5947265625,7,4,1997,28.12,874,1,JS2221
Living & Dying as Japanese in WWII Anime and Drama,YHU3286,Yale-NUS College,Yale-NUS College,0.6031249761581421,1399,0.63525390625,0.57763671875,9,2,1011,14.24,1526,1,YHU3286
Understanding the Contemporary Malay World,MS1102E,Arts and Social Science,Malay Studies,0.603076159954071,1400,0.62841796875,0.58544921875,5,6,1146,16.14,1418,1,MS1102E
Causal Econometrics for Business,BSE4713,NUS Business School,Strategy and Policy,0.603076159954071,1400,0.61328125,0.58984375,7,4,1357,19.11,1265,1,BSE4713
Fuzzy Logic and Neuro Fuzzy Systems,EE4311,College of Design and Engineering,Electrical and Computer Engineering,0.60302734375,1401,0.6337890625,0.5908203125,4,7,229,3.22,2247,1,EE4311
Advanced Epigenetics and Chromatin Biology,LSM4245,Yong Loo Lin Sch of Medicine,Biochemistry,0.602978527545929,1402,0.615234375,0.5908203125,3,8,129,1.82,2346,1,LSM4245
Hydraulics,TCE2134,Cont and Lifelong Education,SCALE Dean's Office,0.602978527545929,1402,0.6865234375,0.5859375,4,7,789,11.11,1717,1,TCE2134
Foundations of Instrumental Accompaniment,MUA1116,YST Conservatory of Music,YSTCM Dean's Office,0.6029297113418579,1403,0.6787109375,0.58349609375,4,7,384,5.41,2094,1,MUA1116
Quantitative Methods for Economic Analysis,EC2104,Arts and Social Science,Economics,0.6029297113418579,1403,0.626953125,0.5830078125,7,4,294,4.14,2183,1,EC2104
Biomedical Applications of Human Epigenetics,LSM3235,Yong Loo Lin Sch of Medicine,Physiology,0.6029297113418579,1403,0.61865234375,0.591796875,3,8,149,2.1,2326,1,LSM3235
"Sound, Grammar and Meaning",JS2203,Arts and Social Science,Japanese Studies,0.6029297113418579,1403,0.6640625,0.5712890625,7,4,201,2.83,2274,1,JS2203
Thai 2,LAT2201,Arts and Social Science,Centre for Language Studies,0.602832019329071,1404,0.6083984375,0.5966796875,2,9,420,5.91,2060,1,LAT2201
Principles of Financial Regulation,LL4492,Law,FoL Dean's Office,0.602734386920929,1405,0.61376953125,0.59619140625,6,5,626,8.82,1864,2,LL4492; LL4492V
"Class, Culture & Capitalism in Transnational Japan",JS4227,Arts and Social Science,Japanese Studies,0.602734386920929,1405,0.6396484375,0.59228515625,7,4,1381,19.45,1250,2,JS4227; JS4227HM
"What, When and Where is Art?",GET1039,YST Conservatory of Music,YSTCM Dean's Office,0.602734386920929,1405,0.64697265625,0.59326171875,5,6,1478,20.81,1189,2,GET1039; GEX1021
Global and Community Health,NUR2503,Yong Loo Lin Sch of Medicine,Alice Lee Center for Nursing Studies,0.602734386920929,1405,0.61181640625,0.591796875,5,6,1848,26.02,956,1,NUR2503
Financial Stability and the Regulation of Banks,LL4241,Law,FoL Dean's Office,0.602734386920929,1405,0.611328125,0.59326171875,6,5,664,9.35,1832,1,LL4241
Teaching Music Online 2,MUT3225,YST Conservatory of Music,YSTCM Dean's Office,0.6026855707168579,1406,0.63671875,0.580078125,4,7,239,3.37,2237,1,MUT3225
China's Imperial Past: History & Culture,HY2206,Arts and Social Science,History,0.6026855707168579,1406,0.62890625,0.591796875,6,5,409,5.76,2070,1,HY2206
Junior Recital,MUA3161,YST Conservatory of Music,YSTCM Dean's Office,0.6026366949081421,1407,0.6298828125,0.5849609375,3,8,491,6.91,1993,1,MUA3161
"Labour Economics: Work, Human Capital, and Income Inequality",YSS3244,Yale-NUS College,Yale-NUS College,0.602587878704071,1408,0.65869140625,0.59130859375,6,5,2110,29.71,818,1,YSS3244
Environmental Forensics,ESE4407,College of Design and Engineering,Civil and Environmental Engineering,0.602587878704071,1408,0.646484375,0.5830078125,6,5,440,6.2,2040,1,ESE4407
Human-Centred Design,ID1121,College of Design and Engineering,Industrial Design,0.6025390625,1409,0.61767578125,0.58447265625,3,8,739,10.41,1762,1,ID1121
The Financial System,FIN4723,NUS Business School,Finance,0.6025390625,1409,0.61767578125,0.58740234375,4,7,480,6.76,2003,1,FIN4723
Introduction to Media Computing,CS2108,Computing,Computer Science,0.602490246295929,1410,0.62744140625,0.58935546875,7,4,625,8.8,1865,1,CS2108
Reflection and Reflexivity in Disciplinary Practices,NHS4002,NUS College,NUS College Dean's Office,0.602490246295929,1410,0.6162109375,0.59521484375,3,8,952,13.41,1573,3,NHS4002; NHS4002A; NHS4002B
Topics in Chinese History II,CH4882,Arts and Social Science,Chinese Studies,0.6024414300918579,1411,0.63818359375,0.583984375,5,6,381,5.37,2097,2,CH4882; CH4882HM
Cities and Economic Development,YSS3303,Yale-NUS College,Yale-NUS College,0.6023925542831421,1412,0.6142578125,0.595703125,5,6,2190,30.84,778,1,YSS3303
Probability Models With Applications,IE2100,College of Design and Engineering,Industrial Systems Engineering and Management,0.6023925542831421,1412,0.611328125,0.5966796875,6,5,2456,34.59,654,1,IE2100
"Energy Humanities: Culture, Energy, and the Environment",YID3210,Yale-NUS College,Yale-NUS College,0.6023925542831421,1412,0.65234375,0.56982421875,4,7,194,2.73,2281,1,YID3210
Geographical Research: Developing Ideas,GE3240,Arts and Social Science,Geography,0.6023925542831421,1412,0.61865234375,0.59375,3,8,925,13.03,1596,1,GE3240
Ideas and Approaches in Design,AR2224,College of Design and Engineering,Architecture,0.602343738079071,1413,0.63427734375,0.5859375,4,7,827,11.65,1683,1,AR2224
Chinese Migrations to Southeast Asia,YHU2218,Yale-NUS College,Yale-NUS College,0.602343738079071,1413,0.640625,0.58544921875,7,4,1275,17.96,1319,1,YHU2218
Applied Heat Transfer,ME4225,College of Design and Engineering,Mechanical Engineering,0.602343738079071,1413,0.61279296875,0.59228515625,4,7,1025,14.43,1514,3,ME4225; ME4225E; TME4225
"Health Equity: Global Insights, Asian Applications",SPH2801,SSH School of Public Health,SSH School of Public Health Dean's Office,0.602343738079071,1413,0.6318359375,0.5927734375,6,5,998,14.05,1535,1,SPH2801
Matrix Computation,MA4230,Science,Mathematics,0.602294921875,1414,0.61279296875,0.59375,5,6,523,7.37,1962,1,MA4230
Introduction to Biotransport,BN2202,College of Design and Engineering,Biomedical Engineering,0.602294921875,1414,0.64697265625,0.58251953125,6,5,652,9.18,1843,2,BN2202; BN2202S
Engineering Principles and Practice II,BN1102,College of Design and Engineering,Biomedical Engineering,0.6021972894668579,1415,0.66796875,0.5859375,5,6,1044,14.7,1498,5,BN1102; CG1112; CG2111A; EE1112; ME2104
Music Criticism,MUH4203,YST Conservatory of Music,YSTCM Dean's Office,0.6021972894668579,1415,0.6328125,0.58935546875,7,4,843,11.87,1669,1,MUH4203
Social Work and Infectious Diseases,SW4880A,Arts and Social Science,Social Work,0.6021972894668579,1415,0.6328125,0.583984375,3,8,213,3.0,2262,2,SW4880A; SW4880AHM
Advanced Independent Study in Marketing (2 Units),MKT4752,NUS Business School,Marketing,0.6021484136581421,1416,0.61962890625,0.59375,6,5,3129,44.06,410,1,MKT4752
Jr Sem Special Topics: Humanising Technology,UTC1112A,Residential College,Tembusu College,0.6021484136581421,1416,0.6142578125,0.59765625,7,4,2936,41.35,468,1,UTC1112A
Women's Health: A Global Perspective,NHS2086,NUS College,NUS College Dean's Office,0.602099597454071,1417,0.61181640625,0.59423828125,6,5,1477,20.8,1190,1,NHS2086
Mathematical Mtds in Physics I,PC2134,Science,Physics,0.60205078125,1418,0.63427734375,0.57568359375,5,6,413,5.82,2067,1,PC2134
Theatre-Making,NHT2209,NUS College,NUS College Dean's Office,0.6019531488418579,1419,0.6552734375,0.5791015625,7,4,837,11.79,1675,1,NHT2209
Field Research,YSC2235,Yale-NUS College,Yale-NUS College,0.6019531488418579,1419,0.64453125,0.58154296875,3,8,355,5.0,2122,1,YSC2235
Intro. to Geometric Modelling,MA3229,Science,Mathematics,0.6019042730331421,1420,0.61669921875,0.5966796875,4,7,543,7.65,1943,1,MA3229
"Green Communities in Action: Climate, Species, Crisis",GEN2004,Arts and Social Science,"English,Ling.andTheatre Studies",0.6019042730331421,1420,0.62939453125,0.58740234375,5,6,1153,16.24,1414,1,GEN2004
Transnational Environmental Campaigns,GL4885B,Arts and Social Science,Political Science,0.6019042730331421,1420,0.62060546875,0.58984375,6,5,1872,26.36,944,2,GL4885B; GL4885BHM
Theory and Practice in Malay Studies,MS4101,Arts and Social Science,Malay Studies,0.6019042730331421,1420,0.64111328125,0.5908203125,6,5,1209,17.03,1369,2,MS4101; MS4101HM
"Vice, the State & Society",NTW2025,NUS College,NUS College Dean's Office,0.601855456829071,1421,0.6357421875,0.59375,8,3,1546,21.77,1143,1,NTW2025
Ecology of Aquatic Environments,LSM3254,Science,Biological Sciences,0.601855456829071,1421,0.64501953125,0.58154296875,5,6,710,10.0,1788,1,LSM3254
Pop Music Practice and Analysis 2,MUA4177,YST Conservatory of Music,YSTCM Dean's Office,0.601855456829071,1421,0.6240234375,0.58935546875,7,4,1851,26.07,954,1,MUA4177
Lab in Biological Psychology,PL3285,Arts and Social Science,Psychology,0.601806640625,1422,0.6240234375,0.5859375,5,6,287,4.04,2190,1,PL3285
Exploratory Satellite Design,EG1310,College of Design and Engineering,CDE Dean's Office,0.601806640625,1422,0.62646484375,0.58837890625,4,7,829,11.67,1681,1,EG1310
Modern Astrophysics,YSC3246,Yale-NUS College,Yale-NUS College,0.601806640625,1422,0.623046875,0.58935546875,4,7,793,11.17,1714,1,YSC3246
"Working on Interdisciplinary Science, Pythonically",SP2273,Science,FoS Dean's Office,0.601806640625,1422,0.6279296875,0.58984375,6,5,322,4.53,2155,1,SP2273
Molecular Biophysics,LSM3243,Science,Biological Sciences,0.601806640625,1422,0.650390625,0.57373046875,3,8,121,1.7,2354,1,LSM3243
Chemical Engineering Thermodynamics,CN2104,College of Design and Engineering,Chemical and Biomolecular Engineering,0.601757824420929,1423,0.611328125,0.587890625,3,8,572,8.06,1915,4,CN2104; CN2121; CN2121E; TCN2121
Undergraduate Teaching Opportunities Programme (UTOP),UTOA2001,Arts and Social Science,FASS DO/Office of Programmes,0.6017090082168579,1424,0.615234375,0.59521484375,7,4,1793,25.25,988,68,UTOA2001; UTOA2001CLS; UTOA2001EL; UTOA2001HY; UTOA2001JS; UTOA2001NM; UTOA2001PH; UTOA2001PL; UTOA2001SW; UTOA2002; UTOA2002CLS; UTOA2002EL; UTOA2002HY; UTOA2002NM; UTOA2002PH; UTOA2002PL; UTOA2002SW; UTOA2201; UTOA2201EL; UTOA2201HY; UTOA2201JS; UTOA2201NM; UTOA2201PH; UTOA2201PL; UTOA2201SW; UTOB2001; UTOB2001AIS; UTOB2002; UTOB2201; UTOC2001; UTOC2002; UTOC2201; UTOD2001; UTOD2002; UTOD2201; UTOE2001; UTOE2002; UTOE2201; UTOM2001; UTOM2002; UTOM2201; UTON2001; UTON2002; UTON2201; UTOS2001; UTOS2001B; UTOS2001C; UTOS2001F; UTOS2001M; UTOS2001P; UTOS2001R; UTOS2001S; UTOS2002; UTOS2002B; UTOS2002C; UTOS2002F; UTOS2002M; UTOS2002P; UTOS2002R; UTOS2002S; UTOS2201; UTOS2201B; UTOS2201C; UTOS2201F; UTOS2201M; UTOS2201P; UTOS2201R; UTOS2201S
Stochastic Models in Management,DBA3711,NUS Business School,Analytics and Operations,0.6015625,1425,0.6171875,0.591796875,7,4,1701,23.95,1043,1,DBA3711
Sensory and Consumer Science,FST3107,Science,Food Science and Technology,0.6015625,1425,0.619140625,0.59033203125,4,7,1208,17.01,1370,1,FST3107
Stochastic Models In Management,DSC3215,NUS Business School,Analytics and Operations,0.6015625,1425,0.6171875,0.591796875,7,4,1701,23.95,1043,1,DSC3215
Inquiry into Current Sporting Beliefs and Practices,HSI2002,Yong Loo Lin Sch of Medicine,Physiology,0.6015625,1425,0.62353515625,0.59326171875,4,7,2040,28.73,856,1,HSI2002
Theories of Communications and New Media,NM2101,Arts and Social Science,Communications and New Media,0.601513683795929,1426,0.64111328125,0.58544921875,5,6,879,12.38,1636,1,NM2101
Special Topics in Community Development & Leadership,CLC3304,Non-Faculty-based Departments,Chua Thian Poh Comm Leader Center,0.601513683795929,1426,0.630859375,0.587890625,7,4,1427,20.1,1219,1,CLC3304
Fluid Mechanics I,ME2134,College of Design and Engineering,Mechanical Engineering,0.601513683795929,1426,0.62158203125,0.587890625,3,8,620,8.73,1870,3,ME2134; ME2134E; TME2134
Food Safety and Regulation,FST3108,Science,Food Science and Technology,0.601513683795929,1426,0.6201171875,0.5869140625,6,5,194,2.73,2281,1,FST3108
Special Topics: Asia's Edible Ocean,YID3202H,Yale-NUS College,Yale-NUS College,0.601513683795929,1426,0.6171875,0.5927734375,5,6,1154,16.25,1413,1,YID3202H
Computer-Aided Chemical Process Simulation,CN3104,College of Design and Engineering,Chemical and Biomolecular Engineering,0.6014648675918579,1427,0.63671875,0.5791015625,3,8,345,4.86,2132,1,CN3104
Microeconomic Analysis II,EC3101,Arts and Social Science,Economics,0.6014648675918579,1427,0.62158203125,0.5908203125,7,4,2102,29.6,825,1,EC3101
NUS-State Courts Judicial Clerkship Programme,LL4094B,Law,FoL Dean's Office,0.6014159917831421,1428,0.6103515625,0.59423828125,5,6,661,9.31,1835,2,LL4094B; LL4094BV
Topics in International Communications,GL4884,Arts and Social Science,Political Science,0.6014159917831421,1428,0.62646484375,0.5888671875,9,2,2283,32.15,736,2,GL4884; GL4884HM
Science of Life,YSC2256,Yale-NUS College,Yale-NUS College,0.601318359375,1429,0.6142578125,0.58837890625,6,5,498,7.01,1986,1,YSC2256
Urban Political Ecology,YSS3251,Yale-NUS College,Yale-NUS College,0.601318359375,1429,0.66748046875,0.5810546875,3,8,619,8.72,1871,1,YSS3251
Solar Photovoltaic Energy Systems,EE4510,College of Design and Engineering,Electrical and Computer Engineering,0.601269543170929,1430,0.64306640625,0.58642578125,3,8,96,1.35,2379,1,EE4510
Competitive Programming,CS3233,Computing,Computer Science,0.601269543170929,1430,0.64111328125,0.58837890625,8,3,908,12.79,1610,2,CS3233; CS3233R
Sociology of Language & Communication,SC4205,Arts and Social Science,Sociology and Anthropology,0.601269543170929,1430,0.61865234375,0.59375,7,4,1274,17.94,1320,2,SC4205; SC4205HM
Topics in Sciences and Technologies,NST3001,NUS College,NUS College Dean's Office,0.6012207269668579,1431,0.61474609375,0.59619140625,7,4,1345,18.94,1275,2,NST3001; NST3801
Sound and Music Computing,CS4347,Computing,Computer Science,0.6012207269668579,1431,0.65673828125,0.58984375,3,8,278,3.91,2199,1,CS4347
Fixed Income Securities,FIN3131,NUS Business School,Finance,0.6012207269668579,1431,0.62646484375,0.5888671875,4,7,366,5.15,2111,2,FIN3131; FIN3717
Advanced Waste Water Treatment,CE4240,College of Design and Engineering,Civil and Environmental Engineering,0.6012207269668579,1431,0.63671875,0.5869140625,6,5,660,9.29,1836,1,CE4240
Sense-making Case Analysis: Public Policy,DSA4264A,Science,Statistics and Data Science,0.6011718511581421,1432,0.62890625,0.583984375,5,6,454,6.39,2027,1,DSA4264A
Energy for a Better World,PC2423,Science,Physics,0.6011718511581421,1432,0.62353515625,0.58837890625,4,7,751,10.58,1753,1,PC2423
Cultural Performance in Asia,TS4217,Arts and Social Science,"English,Ling.andTheatre Studies",0.6011718511581421,1432,0.625,0.58935546875,8,3,1608,22.64,1100,2,TS4217; TS4217HM
Chinese Pragmatics,CL3203,Arts and Social Science,Chinese Studies,0.6011718511581421,1432,0.62255859375,0.58447265625,3,8,326,4.59,2151,1,CL3203
Geospatial Analytics,BT4015,Computing,Information Systems and Analytics,0.6011718511581421,1432,0.630859375,0.58740234375,4,7,164,2.31,2311,2,BT4015; TBA4220
Applied Data Science,YSC4224,Yale-NUS College,Yale-NUS College,0.601123034954071,1433,0.63232421875,0.58349609375,3,8,294,4.14,2183,1,YSC4224
Construction 3D Printing,PF4211,College of Design and Engineering,Built Environment,0.60107421875,1434,0.62548828125,0.591796875,5,6,548,7.72,1938,1,PF4211
Introductory Mathematics,MA1301,Science,Mathematics,0.60107421875,1434,0.66943359375,0.57763671875,4,7,225,3.17,2250,4,MA1301; MA1301X; TCX1101; TMA1001
Experiments in Chemistry 1,CM1191,Science,Chemistry,0.601025402545929,1435,0.62158203125,0.5869140625,4,7,334,4.7,2143,1,CM1191
Advanced Live Sound Reinforcement 2,MUA4272,YST Conservatory of Music,YSTCM Dean's Office,0.601025402545929,1435,0.64453125,0.58447265625,9,2,2550,35.91,618,1,MUA4272
Devices for Electric Energy Generation,EE4432,College of Design and Engineering,Electrical and Computer Engineering,0.601025402545929,1435,0.6220703125,0.58740234375,6,5,391,5.51,2087,1,EE4432
Reinventing Intercultural Exchanges,NHS2009,NUS College,NUS College Dean's Office,0.601025402545929,1435,0.63427734375,0.58544921875,7,4,2079,29.28,836,1,NHS2009
Installation Art,YHU3288,Yale-NUS College,Yale-NUS College,0.6009765863418579,1436,0.64697265625,0.56982421875,6,5,400,5.63,2078,1,YHU3288
Computational Methods in Biomedical Engineering,BN4206,College of Design and Engineering,Biomedical Engineering,0.6009765863418579,1436,0.654296875,0.58447265625,7,4,392,5.52,2086,1,BN4206
Continuing Study in a Performing Arts Area (Music),CFA2111A,YST Conservatory of Music,YSTCM Dean's Office,0.6009765863418579,1436,0.64892578125,0.56982421875,3,8,398,5.6,2080,1,CFA2111A
Computational Thinking and Modelling,NST2032,NUS College,NUS College Dean's Office,0.6009765863418579,1436,0.6142578125,0.58837890625,4,7,906,12.76,1612,1,NST2032
Statistical Computing and Programming,ST2137,Science,Statistics and Data Science,0.6009277105331421,1437,0.6201171875,0.58740234375,6,5,399,5.62,2079,1,ST2137
Reading Classical Chinese Texts,CH2162,Arts and Social Science,Chinese Studies,0.6009277105331421,1437,0.642578125,0.57568359375,6,5,130,1.83,2345,1,CH2162
IT Governance,IS4204,Computing,Information Systems and Analytics,0.600878894329071,1438,0.6650390625,0.58447265625,5,6,301,4.24,2176,1,IS4204
Total Building Performance,PF3210,College of Design and Engineering,Built Environment,0.600878894329071,1438,0.61572265625,0.595703125,4,7,1436,20.22,1214,1,PF3210
Writing Pedagogy and Practice,YHU3244,Yale-NUS College,Yale-NUS College,0.600878894329071,1438,0.62060546875,0.58544921875,4,7,662,9.32,1834,1,YHU3244
Chinese Overseas: Sojourners & Settlers,HY4223,Arts and Social Science,History,0.600830078125,1439,0.62646484375,0.58544921875,6,5,1020,14.36,1519,2,HY4223; HY4223HM
"Atmosphere, Ocean and Climate Dynamics",PC3240,Science,Physics,0.600781261920929,1440,0.65283203125,0.58349609375,5,6,379,5.34,2099,1,PC3240
Clinical Experience IV,NUR3205C,Yong Loo Lin Sch of Medicine,Alice Lee Center for Nursing Studies,0.6007324457168579,1441,0.62158203125,0.5859375,5,6,716,10.08,1782,2,NUR3205C; NUR3205D
FS: Chinatowns: History and Myth,FMA1201B,Arts and Social Science,Chinese Studies,0.600634753704071,1442,0.61962890625,0.5859375,6,5,974,13.72,1557,1,FMA1201B
From Traveller to Tourist,GEC1052,Arts and Social Science,History,0.6005859375,1443,0.61279296875,0.59423828125,3,8,1294,18.22,1306,1,GEC1052
Sense-making Case Analysis: Public Policy and Society,DSA4264,Science,Statistics and Data Science,0.6005859375,1443,0.62255859375,0.58544921875,5,6,462,6.51,2019,1,DSA4264
Dominating the Battlefield: Fundamentals of Combat Robotics,CDE1301C,College of Design and Engineering,CDE Dean's Office,0.6005859375,1443,0.642578125,0.5810546875,3,8,339,4.77,2138,1,CDE1301C
Introducing Thailand,SFI2032,NUS,Office of the Provost,0.6005859375,1443,0.62158203125,0.59326171875,4,7,1063,14.97,1484,1,SFI2032
"Design 1: Seeing, Thinking, Making",AR1101A,College of Design and Engineering,Architecture,0.600537121295929,1444,0.6376953125,0.58642578125,5,6,483,6.8,2000,1,AR1101A
Sustainable Consumption,YSS3311,Yale-NUS College,Yale-NUS College,0.600537121295929,1444,0.62158203125,0.59423828125,3,8,1685,23.73,1052,1,YSS3311
Exploring Chinese Cinema: Shanghai-Hong Kong-Singapore,GEH1023,Arts and Social Science,Chinese Studies,0.6004883050918579,1445,0.62451171875,0.58544921875,6,5,751,10.58,1753,2,GEH1023; GEK2047
Cities for All,CDE2502,College of Design and Engineering,CDE Dean's Office,0.6004883050918579,1445,0.609375,0.59716796875,7,4,3347,47.13,348,1,CDE2502
Industrial Symbiosis and Decarbonisation,CE4001,College of Design and Engineering,Civil and Environmental Engineering,0.6004394292831421,1446,0.6318359375,0.5849609375,5,6,778,10.96,1727,1,CE4001
Lab in Reading Processes,PL3281C,Arts and Social Science,Psychology,0.600390613079071,1447,0.6162109375,0.587890625,5,6,699,9.84,1799,1,PL3281C
Conserving marine spaces - it takes a village,NST2063,NUS College,NUS College Dean's Office,0.600341796875,1448,0.6357421875,0.587890625,5,6,583,8.21,1905,1,NST2063
InnoVenture - Leadership & Innovation Challenge,EG2603,College of Design and Engineering,CDE Dean's Office,0.600341796875,1448,0.64208984375,0.59326171875,3,8,2411,33.95,678,1,EG2603
Protein Structure and Function,LSM3231,Yong Loo Lin Sch of Medicine,Biochemistry,0.600292980670929,1449,0.62548828125,0.5732421875,3,8,168,2.37,2307,1,LSM3231
Voice and Text,TS3244,Arts and Social Science,"English,Ling.andTheatre Studies",0.6002441644668579,1450,0.63330078125,0.58837890625,8,3,1141,16.07,1422,1,TS3244
Remote Sensing,PC4262,Science,Physics,0.6002441644668579,1450,0.6171875,0.58837890625,4,7,1105,15.56,1455,1,PC4262
Food Commodities in Costa Rica,FST2202,Science,Food Science and Technology,0.6001952886581421,1451,0.6103515625,0.59619140625,3,8,1305,18.38,1300,1,FST2202
Modern Technology in Medicine and Health,GEH1032,Science,Physics,0.6001952886581421,1451,0.625,0.58837890625,8,3,587,8.27,1901,1,GEH1032
TILHCM: Crisis Management,MNO3313L,NUS Business School,Management and Organisation,0.6001952886581421,1451,0.63427734375,0.5888671875,7,4,887,12.49,1629,2,MNO3313L; MNO3761C
Introduction to Clinical Psychology,PL3257,Arts and Social Science,Psychology,0.600146472454071,1452,0.64013671875,0.5849609375,6,5,870,12.25,1644,1,PL3257
Thinking in Systems: Sustainability and Us,UTC1702C,Residential College,Residential College 4,0.600146472454071,1452,0.6083984375,0.58642578125,4,7,306,4.31,2171,1,UTC1702C
Digital Communications,EE4102,College of Design and Engineering,Electrical and Computer Engineering,0.60009765625,1453,0.65087890625,0.5830078125,6,5,905,12.74,1613,1,EE4102
Principles of Real Estate Valuation,RE3706,NUS Business School,Real Estate,0.60009765625,1453,0.6201171875,0.5927734375,2,9,257,3.62,2219,1,RE3706
Foundations of Machine Learning,CS3264,Computing,Computer Science,0.60009765625,1453,0.6474609375,0.576171875,4,7,127,1.79,2348,1,CS3264
Advanced UROPS in Astrophysics II (REx),PC3289AR,Science,Physics,0.60009765625,1453,0.61767578125,0.59033203125,6,5,1431,20.15,1216,1,PC3289AR
Physical Sciences Capstone Project,YSC4101,Yale-NUS College,Yale-NUS College,0.600048840045929,1454,0.64208984375,0.58642578125,2,9,820,11.55,1690,1,YSC4101
Southeast Asia as a Field of Study,SE2229,Arts and Social Science,Southeast Asian Studies,0.600048840045929,1454,0.6103515625,0.58837890625,6,5,1339,18.86,1277,1,SE2229
Formal Semantics,CS4214,Computing,Computer Science,0.600048840045929,1454,0.61376953125,0.58984375,3,8,840,11.83,1672,1,CS4214
Understanding and Critiquing Sustainability,GEM1917,Residential College,Ridge View Residential College,0.600048840045929,1454,0.6142578125,0.5830078125,3,8,273,3.84,2204,2,GEM1917; GEQ1917
Introduction to Machine Learning,EE2211,College of Design and Engineering,Electrical and Computer Engineering,0.5999511480331421,1455,0.63818359375,0.58447265625,6,5,252,3.55,2224,1,EE2211
Introduction to the Neurocognition of Language,EL3207,Arts and Social Science,"English,Ling.andTheatre Studies",0.5999511480331421,1455,0.6220703125,0.5849609375,4,7,237,3.34,2239,1,EL3207
Computer Architecture,CG3207,Multi Disciplinary Programme,Computing and Engineering Programme,0.599902331829071,1456,0.6357421875,0.5791015625,3,8,287,4.04,2190,4,CG3207; CS3220; EE3207E; TEE3207
"The Law of Cybersecurity, Privacy and Data Compliance",LL4370,Law,FoL Dean's Office,0.599902331829071,1456,0.65478515625,0.58154296875,6,5,240,3.38,2236,2,LL4370; LL4370V
Medicinal Chemistry for Drug Design,PR2115,Science,PharmacyandPharmaceuticalScience,0.599853515625,1457,0.66357421875,0.580078125,6,5,279,3.93,2198,2,PR2115; PR2115A
Independent Study in Leadership & Human Capital Mgmt (2 Units),MNO3752,NUS Business School,Management and Organisation,0.599853515625,1457,0.60107421875,0.5986328125,1,10,2016,28.39,867,1,MNO3752
CommsLab Public Speaking (FoS),CFG1600S,NUS,Centre for Future-ready Grads,0.599853515625,1457,0.615234375,0.59130859375,5,6,2079,29.28,836,1,CFG1600S
International Economic Law for the Digital Economy,LL4544,Law,FoL Dean's Office,0.599853515625,1457,0.62744140625,0.58984375,5,6,1305,18.38,1300,1,LL4544
Sustainable Ethical Businesses With AI,BSN4713,NUS Business School,Strategy and Policy,0.599853515625,1457,0.6171875,0.5927734375,3,8,1186,16.7,1388,1,BSN4713
Ethnic Diversity in Japan,YSS2230,Yale-NUS College,Yale-NUS College,0.599853515625,1457,0.62548828125,0.58642578125,8,3,705,9.93,1793,1,YSS2230
Physics for Life Sciences,PC1421,Science,Physics,0.599804699420929,1458,0.625,0.58544921875,7,4,357,5.03,2120,1,PC1421
Public Health in Action,GEC1015,SSH School of Public Health,SSH School of Public Health Dean's Office,0.599804699420929,1458,0.6171875,0.5859375,4,7,473,6.66,2009,3,GEC1015; GEH1049; GEK1900
Literature and the other Arts,EN3246,Arts and Social Science,"English,Ling.andTheatre Studies",0.599804699420929,1458,0.6376953125,0.57421875,5,6,387,5.45,2091,2,EN3246; GEM3003
Renewable Generation and Smart Grid,EE4511,College of Design and Engineering,Electrical and Computer Engineering,0.599804699420929,1458,0.6162109375,0.58544921875,3,8,362,5.1,2115,1,EE4511
Basic UROPS in Mathematics II (REx),MA2289R,Science,Mathematics,0.5997558832168579,1459,0.61474609375,0.5927734375,6,5,1785,25.14,994,1,MA2289R
"Modern China: Literature, Culture, History",CH2245,Arts and Social Science,Chinese Studies,0.5997558832168579,1459,0.6337890625,0.58642578125,4,7,395,5.56,2083,1,CH2245
Knowledge and Expertise,UTC2108,Residential College,Tembusu College,0.5997558832168579,1459,0.61181640625,0.58447265625,7,4,1884,26.53,935,1,UTC2108
BBA Dissertation,BHD4002,NUS Business School,BIZ Dean's Office,0.5997070074081421,1460,0.615234375,0.57861328125,2,9,623,8.77,1867,1,BHD4002
Organic Chemistry 2,CM2121,Science,Chemistry,0.5997070074081421,1460,0.6337890625,0.58056640625,6,5,870,12.25,1644,1,CM2121
"Asian Medicine, the Body and Globalization",YSS3223,Yale-NUS College,Yale-NUS College,0.5997070074081421,1460,0.61962890625,0.5830078125,4,7,219,3.08,2256,1,YSS3223
Economics of Entrepreneurship,EC4391,Arts and Social Science,Economics,0.5997070074081421,1460,0.6123046875,0.583984375,3,8,1708,24.05,1038,2,EC4391; EC4391HM
How to Get Humans and Machines to Talk to Each Other,HS2914,Arts and Social Science,"English,Ling.andTheatre Studies",0.599658191204071,1461,0.6533203125,0.58056640625,4,7,234,3.3,2242,1,HS2914
GEx Stockholm,NEX3002,NUS College,NUS College Dean's Office,0.599658191204071,1461,0.63037109375,0.5859375,5,6,782,11.01,1724,2,NEX3002; NEX3002S
Film and Television Subtitling Translation,TRA3203,Arts and Social Science,Chinese Studies,0.599658191204071,1461,0.615234375,0.59130859375,7,4,1239,17.45,1347,1,TRA3203
Introduction to Molecular Bioinformatics,BMI3308,Yong Loo Lin Sch of Medicine,NUS Medicine Dean's Office,0.599560558795929,1462,0.6259765625,0.58251953125,3,8,128,1.8,2347,1,BMI3308
Molecular Nutrition and Metabolic Biology,LSM4216,Yong Loo Lin Sch of Medicine,Biochemistry,0.599560558795929,1462,0.6328125,0.58203125,2,9,194,2.73,2281,1,LSM4216
Advanced UROPS in Statistics & Applied Probability II,ST3289,Science,Statistics and Data Science,0.599560558795929,1462,0.6162109375,0.5927734375,4,7,891,12.55,1625,1,ST3289
Food Microbiology & Fermentation,FST3101,Science,Food Science and Technology,0.5995117425918579,1463,0.61328125,0.5849609375,5,6,202,2.84,2273,1,FST3101
Depth and Dialogue: Expanding Therapeutic Insight,SW3214,Arts and Social Science,Social Work,0.5995117425918579,1463,0.6201171875,0.58935546875,5,6,927,13.05,1594,1,SW3214
Field Methods in Linguistics,EL4212,Arts and Social Science,"English,Ling.andTheatre Studies",0.5995117425918579,1463,0.65283203125,0.5849609375,6,5,652,9.18,1843,2,EL4212; EL4212HM
Social and Behavioural Foundations of Health,YSS3266,Yale-NUS College,Yale-NUS College,0.599414050579071,1464,0.6298828125,0.580078125,5,6,590,8.31,1898,1,YSS3266
Life Sciences Capstone Project,YSC4102,Yale-NUS College,Yale-NUS College,0.599365234375,1465,0.6669921875,0.58203125,5,6,810,11.41,1699,1,YSC4102
Performance & Social Space,TS3232,Arts and Social Science,"English,Ling.andTheatre Studies",0.599365234375,1465,0.64990234375,0.5849609375,8,3,1292,18.19,1307,1,TS3232
Water and Waste in Urban Environments,YSS3269,Yale-NUS College,Yale-NUS College,0.599316418170929,1466,0.60888671875,0.59521484375,6,5,1861,26.21,949,1,YSS3269
Sight Interpreting,INT3201,Arts and Social Science,Chinese Studies,0.5992676019668579,1467,0.62060546875,0.59130859375,6,5,2576,36.28,605,1,INT3201
Introduction to Performance Studies,TS2217,Arts and Social Science,"English,Ling.andTheatre Studies",0.5992676019668579,1467,0.61181640625,0.59375,5,6,1273,17.93,1321,1,TS2217
Socio-ecological Determinants of Health,SPH1901,SSH School of Public Health,SSH School of Public Health Dean's Office,0.5992187261581421,1468,0.60888671875,0.5927734375,5,6,760,10.7,1744,2,SPH1901; SPH1901C
Cultivating the Self,PLS8002,Arts and Social Science,Psychology,0.5992187261581421,1468,0.6142578125,0.5908203125,4,7,1449,20.41,1208,3,PLS8002; PLS8002A; PLS8002B
Public Health Economics,SPH3403,SSH School of Public Health,SSH School of Public Health Dean's Office,0.5992187261581421,1468,0.60888671875,0.5947265625,5,6,422,5.94,2058,1,SPH3403
AAS Project 2,MUA2176,YST Conservatory of Music,YSTCM Dean's Office,0.599169909954071,1469,0.6142578125,0.58984375,7,4,1121,15.79,1440,1,MUA2176
The Internationalisation of Higher Education: Impact and Challenges,UTW1001F,Non-Faculty-based Departments,Center for Engl Lang Comms,0.599169909954071,1469,0.62158203125,0.580078125,7,4,1282,18.05,1314,1,UTW1001F
Facts or Feelings: What Drives Environmental Decisions,HS2929,Arts and Social Science,Geography,0.59912109375,1470,0.6279296875,0.5849609375,7,4,948,13.35,1576,1,HS2929
Residential College 4 Senior Projects,UTC3700,Residential College,Residential College 4,0.59912109375,1470,0.63525390625,0.58984375,6,5,1813,25.53,975,1,UTC3700
Principles of Real Estate Economics,RE1704,NUS Business School,Real Estate,0.599072277545929,1471,0.63427734375,0.57958984375,6,5,452,6.37,2029,1,RE1704
Government and Politics of Singapore,GEK2003,Arts and Social Science,Political Science,0.5990234613418579,1472,0.6064453125,0.59619140625,6,5,1759,24.77,1008,3,GEK2003; PS2249; SSA2209
Fundamentals of Biomechanics,BN2204,College of Design and Engineering,Biomedical Engineering,0.5989745855331421,1473,0.64111328125,0.580078125,4,7,585,8.24,1903,2,BN2204; BN2204S
Applied Research Methods,NUR4103B,Yong Loo Lin Sch of Medicine,Alice Lee Center for Nursing Studies,0.5989745855331421,1473,0.61279296875,0.58642578125,3,8,376,5.3,2102,1,NUR4103B
Polysemic Migration,NHS2102,NUS College,NUS College Dean's Office,0.598925769329071,1474,0.61474609375,0.5947265625,4,7,1878,26.45,938,2,NHS2102; NST2066
Space And Health,GEK1050,College of Design and Engineering,Architecture,0.598876953125,1475,0.62939453125,0.58203125,7,4,2038,28.7,857,1,GEK1050
Mathematical Analysis I (S),MA2108S,Science,Mathematics,0.598828136920929,1476,0.63427734375,0.58251953125,7,4,440,6.2,2040,1,MA2108S
SIAC and Institutional Arbitration,LL4359Z,Law,FoL Dean's Office,0.5987793207168579,1477,0.673828125,0.58203125,6,5,1017,14.32,1521,1,LL4359Z
Introduction to Numerical Methods for Engineers,CE2407B,College of Design and Engineering,Civil and Environmental Engineering,0.5987793207168579,1477,0.6298828125,0.5869140625,3,8,1099,15.48,1460,1,CE2407B
Junior Seminar Engineering Marvels,UTC1115,Residential College,Tembusu College,0.5987793207168579,1477,0.61083984375,0.59326171875,3,8,1261,17.76,1332,1,UTC1115
Week 7: Experiential Learning Field Trip,YCC1133,Yale-NUS College,Yale-NUS College,0.5987304449081421,1478,0.61083984375,0.59130859375,6,5,1353,19.05,1267,1,YCC1133
Cancer Pharmacology,LSM4214,Yong Loo Lin Sch of Medicine,Pharmacology,0.5987304449081421,1478,0.63916015625,0.58251953125,7,4,425,5.99,2055,1,LSM4214
Comparative Corporate Law,LL4173V,Law,FoL Dean's Office,0.598681628704071,1479,0.60888671875,0.59130859375,1,10,1012,14.25,1525,2,LL4173V; LL4173X
CommsLab Public Speaking,CFG1600,NUS,Centre for Future-ready Grads,0.5986328125,1480,0.60986328125,0.58642578125,5,6,1359,19.14,1264,1,CFG1600
Environmental Economics and Policy,EC4383,Arts and Social Science,Economics,0.5986328125,1480,0.6279296875,0.5810546875,7,4,495,6.97,1989,2,EC4383; EC4383HM
Innovation and Productivity (with Econometrics),BSN4811A,NUS Business School,Strategy and Policy,0.598583996295929,1481,0.63623046875,0.5771484375,5,6,574,8.08,1913,2,BSN4811A; BSS4003B
Integrated Science Project,SP3172,Science,FoS Dean's Office,0.5985351800918579,1482,0.65283203125,0.57958984375,5,6,493,6.94,1991,1,SP3172
Topics in Economics: Miracle and Crisis in East Asia,EC2880B,Arts and Social Science,Economics,0.5985351800918579,1482,0.6123046875,0.5888671875,6,5,1903,26.8,925,1,EC2880B
Music Initiatives and Projects 3,MUA2188,YST Conservatory of Music,YSTCM Dean's Office,0.5984863042831421,1483,0.62646484375,0.58984375,7,4,1543,21.73,1144,1,MUA2188
Vietnamese 1,LAV1201,Arts and Social Science,Centre for Language Studies,0.5984863042831421,1483,0.62890625,0.5869140625,4,7,483,6.8,2000,1,LAV1201
Topics in Economics: Economics of Careers,EC4880A,Arts and Social Science,Economics,0.5984863042831421,1483,0.61328125,0.591796875,4,7,1886,26.56,933,2,EC4880A; EC4880AHM
Jr Sem: Social Capital and Life Outcomes,UTC1421,Residential College,College of Alice and Peter Tan,0.5984863042831421,1483,0.62109375,0.5908203125,5,6,2301,32.4,727,1,UTC1421
Sensors and Actuators for Robots,RB2201,College of Design and Engineering,Mechanical Engineering,0.5984863042831421,1483,0.62744140625,0.57958984375,4,7,323,4.55,2154,1,RB2201
Mathematical Signal Processing,YSC4206,Yale-NUS College,Yale-NUS College,0.598437488079071,1484,0.6357421875,0.5712890625,5,6,310,4.37,2167,1,YSC4206
Technologies and Traditional Japanese Theatre,JS4231,Arts and Social Science,Japanese Studies,0.598437488079071,1484,0.6240234375,0.5810546875,7,4,514,7.24,1970,2,JS4231; JS4231HM
Communication Systems,EE3131C,College of Design and Engineering,Electrical and Computer Engineering,0.598437488079071,1484,0.63427734375,0.583984375,4,7,480,6.76,2003,3,EE3131C; EE3131E; TEE3131
Indonesian Law,LL4024,Law,FoL Dean's Office,0.598437488079071,1484,0.60986328125,0.591796875,3,8,792,11.15,1715,2,LL4024; LL4024V
The Social Lives of Plants in Southeast Asia,HS2933,Arts and Social Science,Malay Studies,0.598388671875,1485,0.63720703125,0.5771484375,4,7,1209,17.03,1369,1,HS2933
Spatial - Visual Communication,AR1121,College of Design and Engineering,Architecture,0.598388671875,1485,0.61083984375,0.58447265625,7,4,2287,32.21,734,1,AR1121
Public Finance,EC3351,Arts and Social Science,Economics,0.598339855670929,1486,0.62451171875,0.58740234375,5,6,940,13.24,1583,1,EC3351
Industrial and Organisational Psychology,PL3239,Arts and Social Science,Psychology,0.598339855670929,1486,0.61279296875,0.58837890625,4,7,2415,34.01,677,1,PL3239
Seminars in Entrepreneurship,ETP4221,Non-Faculty-based Departments,NUS Enterprise Academy,0.5982910394668579,1487,0.60693359375,0.5859375,3,8,1691,23.81,1047,2,ETP4221; TR4049
Advanced UROPS in Pharmacy I (REx),PR3288R,Science,PharmacyandPharmaceuticalScience,0.5982910394668579,1487,0.6259765625,0.58544921875,7,4,696,9.8,1802,1,PR3288R
Topics in Economics: Introduction to Health Economics,EC3880G,Arts and Social Science,Economics,0.5982910394668579,1487,0.6123046875,0.58642578125,4,7,468,6.59,2013,1,EC3880G
ICC Arbitration,LL4358Z,Law,FoL Dean's Office,0.5982910394668579,1487,0.6552734375,0.56640625,3,8,714,10.05,1784,1,LL4358Z
Pharmacy Foundations: Science and Therapeutics III,PR1154,Science,PharmacyandPharmaceuticalScience,0.5982421636581421,1488,0.6142578125,0.58642578125,8,3,351,4.94,2126,1,PR1154
Diversity and Inclusion,CLC3302,Non-Faculty-based Departments,Chua Thian Poh Comm Leader Center,0.5982421636581421,1488,0.60791015625,0.58837890625,4,7,1593,22.43,1112,1,CLC3302
Engineering a Life-like Cell,SP2274,Science,FoS Dean's Office,0.5982421636581421,1488,0.6318359375,0.58056640625,4,7,713,10.04,1785,1,SP2274
Introductory Bioinformatics,LSM2241,Science,Biological Sciences,0.598193347454071,1489,0.64013671875,0.58447265625,6,5,247,3.48,2229,2,LSM2241; ZB2101
Writing for Chinese Ensembles,MUT3221,YST Conservatory of Music,YSTCM Dean's Office,0.598193347454071,1489,0.63720703125,0.587890625,3,8,227,3.2,2249,1,MUT3221
Composition Major Study 1A,MUA1101,YST Conservatory of Music,YSTCM Dean's Office,0.59814453125,1490,0.630859375,0.580078125,2,9,641,9.03,1853,1,MUA1101
Environmental Conflict and Collaboration,YID3213,Yale-NUS College,Yale-NUS College,0.59814453125,1490,0.64111328125,0.576171875,6,5,751,10.58,1753,1,YID3213
Biochemistry,YSC3214,Yale-NUS College,Yale-NUS College,0.598095715045929,1491,0.62744140625,0.58837890625,4,7,160,2.25,2315,1,YSC3214
Actuarial Statistics,ST3234,Science,Statistics and Data Science,0.598095715045929,1491,0.6630859375,0.57763671875,6,5,765,10.77,1739,1,ST3234
Chinese Migrations in World History,HY3260,Arts and Social Science,History,0.598095715045929,1491,0.62158203125,0.58544921875,6,5,588,8.28,1900,1,HY3260
Introduction to Cyber Physical Systems,EE3306,College of Design and Engineering,Electrical and Computer Engineering,0.598095715045929,1491,0.60400390625,0.58984375,5,6,844,11.89,1668,2,EE3306; ME3163
Foundations of Environmental Humanities,YHU2320,Yale-NUS College,Yale-NUS College,0.598095715045929,1491,0.62548828125,0.58154296875,2,9,540,7.6,1946,1,YHU2320
Compiler Design,CS4212,Computing,Computer Science,0.5980468988418579,1492,0.61181640625,0.58740234375,3,8,853,12.01,1660,1,CS4212
Small Aircraft and Unmanned Aerial Vehicles,ME4232,College of Design and Engineering,Mechanical Engineering,0.5980468988418579,1492,0.62255859375,0.58447265625,4,7,445,6.27,2035,1,ME4232
Foundation for Medicinal and Synthetic Chemistry,PHS1110,Science,PharmacyandPharmaceuticalScience,0.5980468988418579,1492,0.6513671875,0.5751953125,3,8,173,2.44,2302,1,PHS1110
Specialised Topics in Family Law,LL4452,Law,FoL Dean's Office,0.5979980230331421,1493,0.61279296875,0.59033203125,1,10,433,6.1,2047,2,LL4452; LL4452V
Sustainable Water Harvesting Technologies,MLE4227,College of Design and Engineering,Materials Science and Engineering,0.5979980230331421,1493,0.62548828125,0.5888671875,6,5,511,7.2,1973,1,MLE4227
Integrated Honours Project,XFA4401,Arts and Social Science,Economics,0.5979980230331421,1493,0.6044921875,0.59375,7,4,1883,26.52,936,4,XFA4401; XFS4199C; XFS4199M; XFS4199S
Young People and Children: Global Perspectives,GE4225,Arts and Social Science,Geography,0.5979980230331421,1493,0.62060546875,0.58544921875,5,6,1280,18.03,1315,2,GE4225; GE4225HM
Collaborative Piano - Piano Ensemble 6,MUA4540,YST Conservatory of Music,YSTCM Dean's Office,0.5979980230331421,1493,0.669921875,0.57666015625,2,9,288,4.06,2189,1,MUA4540
Multilingualism,EL4256,Arts and Social Science,"English,Ling.andTheatre Studies",0.597949206829071,1494,0.62841796875,0.5869140625,5,6,561,7.9,1925,2,EL4256; EL4256HM
Essential Topics in Pharmaceutical Chemistry,PHS1120,Science,PharmacyandPharmaceuticalScience,0.597949206829071,1494,0.62109375,0.5830078125,5,6,132,1.86,2343,1,PHS1120
Materials Technology,PF2504,College of Design and Engineering,Built Environment,0.597949206829071,1494,0.63720703125,0.583984375,4,7,787,11.08,1719,1,PF2504
Advanced Topics in Bioinformatics,ZB4171,Science,Biological Sciences,0.597949206829071,1494,0.6181640625,0.57568359375,3,8,215,3.03,2260,1,ZB4171
Evidence with Empathy: Social Work Research Methods,SW3101,Arts and Social Science,Social Work,0.597900390625,1495,0.64013671875,0.5830078125,4,7,578,8.14,1909,1,SW3101
World Englishes,EL4880E,Arts and Social Science,"English,Ling.andTheatre Studies",0.597900390625,1495,0.6279296875,0.5830078125,6,5,261,3.68,2215,2,EL4880E; EL4880EHM
Composition Major Study 4B,MUA4102,YST Conservatory of Music,YSTCM Dean's Office,0.597900390625,1495,0.61962890625,0.58837890625,3,8,1314,18.5,1291,1,MUA4102
Molecular Modelling: Theory & Practice,CM3296,Science,Chemistry,0.597851574420929,1496,0.6259765625,0.57373046875,2,9,398,5.6,2080,1,CM3296
Ethics in Communication and New Media,NM2222,Arts and Social Science,Communications and New Media,0.597851574420929,1496,0.62451171875,0.5869140625,7,4,724,10.2,1776,1,NM2222
Task Force,GL4102,Arts and Social Science,Political Science,0.597851574420929,1496,0.61181640625,0.59033203125,7,4,2027,28.55,863,2,GL4102; GL4102HM
Autonomous Robot Systems,EE4308,College of Design and Engineering,Electrical and Computer Engineering,0.5978027582168579,1497,0.65869140625,0.564453125,3,8,79,1.11,2396,1,EE4308
Traditional Chinese Taxonomy of Learning,CH2161,Arts and Social Science,Chinese Studies,0.5978027582168579,1497,0.626953125,0.5859375,7,4,519,7.31,1965,1,CH2161
"Decarbonisation: Principles, Metrics and Cases",IE4246,College of Design and Engineering,Industrial Systems Engineering and Management,0.5978027582168579,1497,0.654296875,0.5810546875,5,6,1276,17.97,1318,1,IE4246
Signal Analytics,EE3731C,College of Design and Engineering,Electrical and Computer Engineering,0.5978027582168579,1497,0.65283203125,0.5732421875,5,6,223,3.14,2252,1,EE3731C
Composition Major Study 3B,MUA3102,YST Conservatory of Music,YSTCM Dean's Office,0.5977538824081421,1498,0.62060546875,0.57666015625,2,9,595,8.38,1894,1,MUA3102
Fluid Mechanics,CE2134,College of Design and Engineering,Civil and Environmental Engineering,0.5977538824081421,1498,0.6318359375,0.587890625,2,9,650,9.15,1844,5,CE2134; CN2122; CN2122A; CN2122E; TCN2122
Residential College 4 Senior Projects - Part II,UTC3700B,Residential College,Residential College 4,0.597705066204071,1499,0.6220703125,0.59130859375,6,5,2067,29.11,844,1,UTC3700B
Calculus and Statistics,BPM1701,NUS Business School,Finance,0.59765625,1500,0.63916015625,0.58154296875,6,5,1572,22.14,1124,1,BPM1701
Remaking the Global Economy,GE4202,Arts and Social Science,Geography,0.597607433795929,1501,0.62548828125,0.583984375,7,4,1729,24.35,1025,2,GE4202; GE4202HM
Molecular Biotechnology,LSM3244,Science,Biological Sciences,0.597607433795929,1501,0.62841796875,0.5810546875,5,6,510,7.18,1974,1,LSM3244
English as a World Language,EL4255,Arts and Social Science,"English,Ling.andTheatre Studies",0.5975586175918579,1502,0.62451171875,0.58642578125,5,6,191,2.69,2284,2,EL4255; EL4255HM
Smart City / Intelligent Humans,HS2931,Arts and Social Science,"English,Ling.andTheatre Studies",0.5975586175918579,1502,0.6298828125,0.58056640625,5,6,231,3.25,2245,1,HS2931
Machine Learning for Predictive Data Analytics,BT4240,Computing,Information Systems and Analytics,0.597460925579071,1503,0.66259765625,0.57177734375,7,4,169,2.38,2306,1,BT4240
The Psychology of Music Performance,MUA2230,YST Conservatory of Music,YSTCM Dean's Office,0.597460925579071,1503,0.63427734375,0.57177734375,4,7,423,5.96,2057,1,MUA2230
Microbiomes,YSC2236,Yale-NUS College,Yale-NUS College,0.597460925579071,1503,0.69873046875,0.56982421875,4,7,336,4.73,2141,1,YSC2236
Collaborative Piano - Piano Ensemble 5,MUA4440,YST Conservatory of Music,YSTCM Dean's Office,0.597460925579071,1503,0.67041015625,0.5751953125,2,9,332,4.68,2145,1,MUA4440
Consecutive Interpreting,INT3202,Arts and Social Science,Chinese Studies,0.597460925579071,1503,0.6220703125,0.583984375,5,6,1679,23.64,1056,1,INT3202
Real-Time Operating Systems,CG2271,Multi Disciplinary Programme,Computing and Engineering Programme,0.597412109375,1504,0.6318359375,0.58349609375,5,6,1382,19.46,1249,1,CG2271
Quantum Computation,NST2030,NUS College,NUS College Dean's Office,0.597412109375,1504,0.64892578125,0.5830078125,4,7,256,3.61,2220,1,NST2030
Psychological Therapies,PL4229,Arts and Social Science,Psychology,0.597412109375,1504,0.61669921875,0.5791015625,6,5,355,5.0,2122,3,PL4229; PL4229HM; YSS4263
Mathematical Statistics,ST2132,Science,Statistics and Data Science,0.597363293170929,1505,0.61181640625,0.5859375,5,6,534,7.52,1952,1,ST2132
Topics in Design Technology,AR4953,College of Design and Engineering,Architecture,0.5973144769668579,1506,0.62646484375,0.5849609375,5,6,314,4.42,2163,1,AR4953
The Mathematics of Games,GET1018,Science,Mathematics,0.5973144769668579,1506,0.60888671875,0.58349609375,7,4,1638,23.07,1080,1,GET1018
Pharmacokinetics and Biopharmaceutics,PHS3116,Science,PharmacyandPharmaceuticalScience,0.597216784954071,1507,0.62744140625,0.5849609375,6,5,298,4.2,2179,2,PHS3116; PHS4101
Topics in Challenges of Cities,CDE4501,College of Design and Engineering,CDE Dean's Office,0.597119152545929,1508,0.62646484375,0.580078125,6,5,1858,26.17,951,3,CDE4501; CDE4501A; CDE4501B
Basic UROPS in Physics I (REx),PC2288R,Science,Physics,0.597119152545929,1508,0.60693359375,0.587890625,5,6,1501,21.14,1173,1,PC2288R
Residential College 4 Senior Projects - Part I,UTC3700A,Residential College,Residential College 4,0.5970703363418579,1509,0.623046875,0.5888671875,6,5,2111,29.73,817,1,UTC3700A
The Japanese Experience,JS2229,Arts and Social Science,Japanese Studies,0.5970703363418579,1509,0.63818359375,0.5595703125,8,3,354,4.99,2123,1,JS2229
Italian for Musicians 1,MUL1105,YST Conservatory of Music,YSTCM Dean's Office,0.5970703363418579,1509,0.63330078125,0.5859375,5,6,468,6.59,2013,1,MUL1105
Social Entrepreneurship,MNO3330,NUS Business School,Management and Organisation,0.5970703363418579,1509,0.63037109375,0.5859375,7,4,1279,18.01,1316,2,MNO3330; MNO3811
Topics in PS: Human Trafficking in Southeast Asia,PS3880E,Arts and Social Science,Political Science,0.5970703363418579,1509,0.60595703125,0.591796875,7,4,1940,27.32,906,1,PS3880E
Future of Int'l Commercial Arbitration in APAC Region,LL4379,Law,FoL Dean's Office,0.5970214605331421,1510,0.64208984375,0.57861328125,7,4,988,13.91,1545,2,LL4379; LL4379V
Emerging Asia: Successes and Challenges,UTC2405,Residential College,College of Alice and Peter Tan,0.596972644329071,1511,0.6064453125,0.5888671875,2,9,1225,17.25,1358,1,UTC2405
Foundational Studies on Principal Instrument,MUA1161,YST Conservatory of Music,YSTCM Dean's Office,0.596972644329071,1511,0.64013671875,0.57666015625,3,8,267,3.76,2210,1,MUA1161
Psychology of Organizational Processes,PL4232,Arts and Social Science,Psychology,0.596972644329071,1511,0.6083984375,0.58544921875,7,4,1292,18.19,1307,2,PL4232; PL4232HM
Basic Pharmacology,PA1113,Yong Loo Lin Sch of Medicine,Pharmacology,0.596875011920929,1512,0.6455078125,0.5771484375,6,5,385,5.42,2093,1,PA1113
Composition Major Study 4A,MUA4101,YST Conservatory of Music,YSTCM Dean's Office,0.596875011920929,1512,0.62646484375,0.58544921875,2,9,1067,15.03,1482,1,MUA4101
Statistical Models for Actuarial Science,ST3246,Science,Statistics and Data Science,0.596875011920929,1512,0.6328125,0.57470703125,6,5,291,4.1,2186,1,ST3246
Japan: The Green Nation?,JS2234,Arts and Social Science,Japanese Studies,0.596875011920929,1512,0.626953125,0.5791015625,5,6,587,8.27,1901,1,JS2234
Interpretation and Translation,INT2101,Arts and Social Science,Chinese Studies,0.5968261957168579,1513,0.6083984375,0.5927734375,7,4,2057,28.97,849,1,INT2101
A Reporters Toolbox: The Practice of Daily Journalism,YHU2310,Yale-NUS College,Yale-NUS College,0.5967773199081421,1514,0.6533203125,0.5703125,6,5,1032,14.53,1509,1,YHU2310
Foundational Leadership Skills in an Orchestral Context,MUA4201,YST Conservatory of Music,YSTCM Dean's Office,0.596728503704071,1515,0.59912109375,0.59326171875,2,9,1633,23.0,1083,1,MUA4201
Developmental Psychology,PL3104,Arts and Social Science,Psychology,0.596728503704071,1515,0.6123046875,0.59033203125,4,7,1394,19.63,1238,2,PL3104; YSS3219
Text Mining and NLP in Business Analytics,TCX3214,Cont and Lifelong Education,SCALE Dean's Office,0.596728503704071,1515,0.61181640625,0.58349609375,4,7,204,2.87,2271,1,TCX3214
Music Initiatives and Projects 1,MUA1188,YST Conservatory of Music,YSTCM Dean's Office,0.596728503704071,1515,0.61572265625,0.5888671875,6,5,1362,19.18,1263,1,MUA1188
B.Eng. Dissertation,BN4101,College of Design and Engineering,Biomedical Engineering,0.5966796875,1516,0.6171875,0.58642578125,3,8,730,10.28,1770,9,BN4101; BN4101R; CN4118; CN4118R; EE4001; ESE4502; MLE4101; MLE4101B; RB4101A
Environmental Science Communication,YSS3358,Yale-NUS College,Yale-NUS College,0.596630871295929,1517,0.6376953125,0.576171875,6,5,1051,14.8,1493,1,YSS3358
Concepts in Pharmacokinetics and Biopharmaceutics,PR3116,Science,PharmacyandPharmaceuticalScience,0.596630871295929,1517,0.6337890625,0.5810546875,8,3,394,5.55,2084,1,PR3116
Collaboratory B,MUA3227,YST Conservatory of Music,YSTCM Dean's Office,0.596630871295929,1517,0.63623046875,0.587890625,8,3,1342,18.9,1276,1,MUA3227
Compositional Discourse,MUA3133,YST Conservatory of Music,YSTCM Dean's Office,0.5965820550918579,1518,0.6298828125,0.580078125,7,4,1251,17.62,1338,1,MUA3133
Basic Discrete Mathematics (T),MA1100T,Science,Mathematics,0.5965820550918579,1518,0.6279296875,0.580078125,4,7,227,3.2,2249,1,MA1100T
Advanced UROPS in Quantum Technologies II,PC3289Q,Science,Physics,0.5965331792831421,1519,0.64794921875,0.583984375,5,6,1403,19.76,1233,1,PC3289Q
Lab in Decision Science,PL3289,Arts and Social Science,Psychology,0.596484363079071,1520,0.6162109375,0.58740234375,4,7,566,7.97,1921,1,PL3289
Physical Chemistry 2,CM2101,Science,Chemistry,0.596484363079071,1520,0.62939453125,0.5849609375,3,8,214,3.01,2261,1,CM2101
Basic Toolkit of Analytical Chemistry,CM2143,Science,Chemistry,0.596484363079071,1520,0.60791015625,0.5908203125,4,7,389,5.48,2089,1,CM2143
Global Technology and Labour,GL4991,Arts and Social Science,Political Science,0.596484363079071,1520,0.61181640625,0.58740234375,6,5,1947,27.42,903,1,GL4991
Undergraduate Topics in Mathematics I,MA4291,Science,Mathematics,0.596484363079071,1520,0.6171875,0.58251953125,5,6,166,2.34,2309,1,MA4291
Urban ASEAN: The Changing City in Southeast Asia,YSS3364,Yale-NUS College,Yale-NUS College,0.596435546875,1521,0.60693359375,0.5849609375,9,2,1782,25.1,996,1,YSS3364
Performing Arts in Practice (Dance) 3,CFA3101B,YST Conservatory of Music,YSTCM Dean's Office,0.596435546875,1521,0.625,0.5830078125,6,5,2132,30.02,809,1,CFA3101B
"Molecular Neuroscience - Genes, Brains, and Behaviour",YSC4229,Yale-NUS College,Yale-NUS College,0.596435546875,1521,0.61767578125,0.576171875,3,8,612,8.62,1878,1,YSC4229
Mechanics of Materials II,ME2114E,Cont and Lifelong Education,SCALE Dean's Office,0.596435546875,1521,0.62744140625,0.58251953125,2,9,496,6.98,1988,2,ME2114E; TME2114
The Ethics and Politics of Reproduction in the Age of Climate Change,YID3220,Yale-NUS College,Yale-NUS College,0.596386730670929,1522,0.63232421875,0.5849609375,4,7,910,12.82,1608,1,YID3220
Smart Cities,CDE3504,College of Design and Engineering,CDE Dean's Office,0.596386730670929,1522,0.6279296875,0.58642578125,6,5,907,12.77,1611,1,CDE3504
Undergraduate Topics in Mathematics II,MA4292,Science,Mathematics,0.596386730670929,1522,0.615234375,0.57763671875,5,6,189,2.66,2286,1,MA4292
The Search for Life on Other Worlds,GEH1042,Yong Loo Lin Sch of Medicine,Biochemistry,0.596386730670929,1522,0.6240234375,0.58837890625,4,7,1280,18.03,1315,2,GEH1042; GEK1537
Macroeconomic Analysis II,EC3102,Arts and Social Science,Economics,0.596386730670929,1522,0.6044921875,0.58740234375,7,4,961,13.53,1566,1,EC3102
Introducing Indonesia,SFI2012,NUS,Office of the Provost,0.5963379144668579,1523,0.61474609375,0.58984375,5,6,1782,25.1,996,1,SFI2012
The Religious Life of the Malays,MS3218,Arts and Social Science,Malay Studies,0.5963379144668579,1523,0.63330078125,0.58203125,8,3,1033,14.55,1508,1,MS3218
Fluid-Solid Systems,CN3124,College of Design and Engineering,Chemical and Biomolecular Engineering,0.5963379144668579,1523,0.6044921875,0.59130859375,2,9,950,13.38,1574,1,CN3124
Advanced Methods in Cell Biology,YSC4226,Yale-NUS College,Yale-NUS College,0.5962890386581421,1524,0.6123046875,0.5869140625,2,9,158,2.23,2317,1,YSC4226
Selected Topics in Industrial Engineering,TIE4299,Cont and Lifelong Education,SCALE Dean's Office,0.5962890386581421,1524,0.64599609375,0.57763671875,5,6,2133,30.04,808,1,TIE4299
Korean 8,LAK4204,Arts and Social Science,Centre for Language Studies,0.5962890386581421,1524,0.6103515625,0.5869140625,7,4,370,5.21,2108,2,LAK4204; LAK4204HM
Senior Seminar: Technology and the Fate of Knowledge,GEM2908X,Residential College,Tembusu College,0.5962890386581421,1524,0.60888671875,0.58642578125,7,4,980,13.8,1552,1,GEM2908X
Sports Law & Arbitration,LL4328,Law,FoL Dean's Office,0.5962890386581421,1524,0.6064453125,0.58984375,1,10,330,4.65,2147,1,LL4328
Southeast Asia in Context,SE2222,Arts and Social Science,Southeast Asian Studies,0.596240222454071,1525,0.62255859375,0.58251953125,8,3,1408,19.83,1230,1,SE2222
FS: Neuroeconomics: Brain on Money,FMA1202N,Arts and Social Science,Psychology,0.596240222454071,1525,0.62353515625,0.58251953125,4,7,1613,22.72,1097,1,FMA1202N
Advanced UROPS in Quantum Technologies I,PC3288Q,Science,Physics,0.59619140625,1526,0.6513671875,0.5830078125,6,5,1311,18.46,1294,1,PC3288Q
Lab in Adolescent Mental Health,YSS3362,Yale-NUS College,Yale-NUS College,0.59619140625,1526,0.615234375,0.58544921875,6,5,818,11.52,1692,1,YSS3362
Syariah Law in Southeast Asia,MS4208,Arts and Social Science,Malay Studies,0.59619140625,1526,0.60400390625,0.59326171875,4,7,1382,19.46,1249,2,MS4208; MS4208HM
Experimental Physics Laboratory,YSC3213,Yale-NUS College,Yale-NUS College,0.59619140625,1526,0.6171875,0.58154296875,3,8,263,3.7,2213,1,YSC3213
Light and Lenses: Reimagine imaging with technology,NST2050,NUS College,NUS College Dean's Office,0.59619140625,1526,0.61376953125,0.58349609375,4,7,394,5.55,2084,1,NST2050
Pattern Formation and Self-organisation in Biology,LSM3236,Science,Biological Sciences,0.59619140625,1526,0.6416015625,0.5693359375,2,9,300,4.22,2177,1,LSM3236
Fluid Mechanics II,ME2135E,Cont and Lifelong Education,SCALE Dean's Office,0.59619140625,1526,0.6640625,0.57666015625,3,8,1062,14.96,1485,2,ME2135E; TME2135
Advanced UROPS in Pharmacy II (REx),PR3289R,Science,PharmacyandPharmaceuticalScience,0.596142590045929,1527,0.6259765625,0.5830078125,7,4,672,9.46,1824,1,PR3289R
Modern Literature in Taiwan and Hong Kong,CH3229,Arts and Social Science,Chinese Studies,0.5960448980331421,1528,0.646484375,0.58154296875,5,6,575,8.1,1912,1,CH3229
Aging and Health,SC4220,Arts and Social Science,Sociology and Anthropology,0.595947265625,1529,0.60546875,0.5869140625,5,6,841,11.84,1671,2,SC4220; SC4220HM
Quantitative Reasoning Foundation: Quantifying Our Eco-Footprint,NST2038,NUS,NUS College Dean's Office,0.595947265625,1529,0.626953125,0.5859375,4,7,1043,14.69,1499,1,NST2038
Ecology and Environment,LSM2251,Science,Biological Sciences,0.595947265625,1529,0.64208984375,0.56884765625,5,6,242,3.41,2234,1,LSM2251
Mental Health and Distress,PL3106,Arts and Social Science,Psychology,0.595898449420929,1530,0.61767578125,0.5849609375,5,6,373,5.25,2105,1,PL3106
Equality and Justice,PS3215,Arts and Social Science,Political Science,0.595898449420929,1530,0.6044921875,0.59423828125,3,8,1725,24.29,1028,1,PS3215
Advanced UROPS in Astrophysics I (REx),PC3288AR,Science,Physics,0.5958496332168579,1531,0.61474609375,0.58740234375,6,5,1247,17.56,1342,1,PC3288AR
Mediation/Conciliation of Inter- & Investor-State Disputes,LL4313V,Law,FoL Dean's Office,0.5958496332168579,1531,0.68603515625,0.5771484375,3,8,1043,14.69,1499,1,LL4313V
Cartography and Geovisualisation,GE3252,Arts and Social Science,Geography,0.5958496332168579,1531,0.6142578125,0.5859375,5,6,496,6.98,1988,1,GE3252
Communications for Environmental Studies,ENV2302,Non-Faculty-based Departments,Center for Engl Lang Comms,0.5958496332168579,1531,0.6123046875,0.58154296875,8,3,835,11.76,1677,1,ENV2302
Intermediate Leadership Skills in an Orchestral Context,MUA4202,YST Conservatory of Music,YSTCM Dean's Office,0.5958496332168579,1531,0.61572265625,0.583984375,5,6,1797,25.31,985,1,MUA4202
General Biology,LSM1301,Science,Biological Sciences,0.5958496332168579,1531,0.62890625,0.58203125,6,5,347,4.89,2130,1,LSM1301
Mathematical Modelling,MA3264,Science,Mathematics,0.5958496332168579,1531,0.6083984375,0.58642578125,7,4,1160,16.34,1409,1,MA3264
"Law, Institutions, and Business in Greater China",LL4237V,Law,FoL Dean's Office,0.5958007574081421,1532,0.61376953125,0.58251953125,6,5,480,6.76,2003,1,LL4237V
Pharmacotherapeutics II,PR2135,Science,PharmacyandPharmaceuticalScience,0.595703125,1533,0.63037109375,0.58837890625,4,7,404,5.69,2074,1,PR2135
"Techno-Futures: Technology, Progress, and Inequality",NHS2066,NUS College,NUS College Dean's Office,0.595703125,1533,0.6123046875,0.5859375,9,2,753,10.6,1751,1,NHS2066
Tissue Biomechanics,BN4201,College of Design and Engineering,Biomedical Engineering,0.595703125,1533,0.64404296875,0.580078125,4,7,395,5.56,2083,1,BN4201
Environmental Chemistry,CM3261,Science,Chemistry,0.595703125,1533,0.6416015625,0.5791015625,6,5,257,3.62,2219,1,CM3261
Chinese Prose,YHU4237,Yale-NUS College,Yale-NUS College,0.595703125,1533,0.634765625,0.57861328125,4,7,243,3.42,2233,1,YHU4237
The Idea of the University,NTW2023,NUS College,NUS College Dean's Office,0.595703125,1533,0.6123046875,0.5927734375,3,8,1107,15.59,1453,1,NTW2023
Mental Wellness: Perspectives & (World)views,UTC2412,Residential College,College of Alice and Peter Tan,0.595654308795929,1534,0.62353515625,0.5849609375,4,7,597,8.41,1893,2,UTC2412; UTS2409
Economics of Blockchain Applications and Decentralized Finance,FIN4724,NUS Business School,Finance,0.595654308795929,1534,0.62451171875,0.58203125,5,6,443,6.24,2037,1,FIN4724
Linear Algebra for Engineering,MA1508E,Science,Mathematics,0.5955566167831421,1535,0.62353515625,0.58935546875,3,8,1161,16.35,1408,1,MA1508E
Food and Foodways,AN2205,Arts and Social Science,Sociology and Anthropology,0.595507800579071,1536,0.6376953125,0.572265625,5,6,788,11.1,1718,1,AN2205
Intellectual Developmental Disorder,PL4243,Arts and Social Science,Psychology,0.595507800579071,1536,0.6181640625,0.576171875,4,7,277,3.9,2200,2,PL4243; PL4243HM
Transportation Demand Modeling and Economics,IE4221,College of Design and Engineering,Industrial Systems Engineering and Management,0.595507800579071,1536,0.6171875,0.580078125,7,4,583,8.21,1905,1,IE4221
Infection and Immunity,LSM4226,Yong Loo Lin Sch of Medicine,Microbiology and Immunology,0.595458984375,1537,0.64697265625,0.5791015625,4,7,644,9.07,1850,1,LSM4226
Statistical Methods for DNA Microarray Analysis,ST4243,Science,Statistics and Data Science,0.595458984375,1537,0.62890625,0.57861328125,4,7,364,5.13,2113,1,ST4243
China and the Maritime World,HY3224,Arts and Social Science,History,0.595458984375,1537,0.61279296875,0.583984375,9,2,594,8.37,1895,1,HY3224
Composition Major Study 2A,MUA2101,YST Conservatory of Music,YSTCM Dean's Office,0.595458984375,1537,0.626953125,0.58154296875,2,9,678,9.55,1819,1,MUA2101
Fundamental Techniques in Microbiology,LSM2291,Yong Loo Lin Sch of Medicine,Microbiology and Immunology,0.595410168170929,1538,0.625,0.5732421875,2,9,241,3.39,2235,1,LSM2291
Disney and the Theme Park World,GET1041,Arts and Social Science,Sociology and Anthropology,0.595410168170929,1538,0.59765625,0.5908203125,2,9,322,4.53,2155,1,GET1041
Classical Music Recording Production Project,MUA1171,YST Conservatory of Music,YSTCM Dean's Office,0.5953613519668579,1539,0.64111328125,0.5810546875,7,4,712,10.03,1786,1,MUA1171
Water Resources Engineering,TCE3132,Cont and Lifelong Education,SCALE Dean's Office,0.5953613519668579,1539,0.6171875,0.5810546875,3,8,705,9.93,1793,1,TCE3132
Behavioural Design,ID2200,College of Design and Engineering,Industrial Design,0.5953613519668579,1539,0.611328125,0.5810546875,5,6,1113,15.67,1448,1,ID2200
Collaboratory D,MUA4227,YST Conservatory of Music,YSTCM Dean's Office,0.5953124761581421,1540,0.6298828125,0.5849609375,7,4,1042,14.67,1500,1,MUA4227
International Commercial Litigation in Civil Law World,LL4509,Law,FoL Dean's Office,0.5953124761581421,1540,0.66943359375,0.5732421875,2,9,121,1.7,2354,2,LL4509; LL4509V
Climate Change,UTC2102,Residential College,Tembusu College,0.595263659954071,1541,0.66259765625,0.56884765625,5,6,756,10.65,1748,1,UTC2102
Statistics For Engineering Applications,IE3101,College of Design and Engineering,Industrial Systems Engineering and Management,0.59521484375,1542,0.60498046875,0.58984375,6,5,1227,17.28,1356,1,IE3101
Topics in Technology and Globalisation,GL4888,Arts and Social Science,Political Science,0.595166027545929,1543,0.6015625,0.58984375,8,3,1982,27.91,883,2,GL4888; GL4888HM
Systems Thinking for Wicked Problems,UTC2731,Residential College,Residential College 4,0.595166027545929,1543,0.61279296875,0.58740234375,6,5,1611,22.69,1098,2,UTC2731; UTS2716
"Professional, Ethical, and Social Issues in Computing",TIC1101,Cont and Lifelong Education,SCALE Dean's Office,0.595166027545929,1543,0.62890625,0.5771484375,5,6,854,12.03,1659,1,TIC1101
Chinese Heritage: History and Literature,GEH1004,Arts and Social Science,Chinese Studies,0.5951172113418579,1544,0.607421875,0.5859375,3,8,152,2.14,2323,2,GEH1004; GEK1007
Language in Contact,EL3211,Arts and Social Science,"English,Ling.andTheatre Studies",0.5951172113418579,1544,0.6201171875,0.58544921875,4,7,405,5.7,2073,1,EL3211
Cross-Cultural Dialogue: A Global Perspective,FAS2882G,Arts and Social Science,FASS DO/Office of Programmes,0.5950683355331421,1545,0.6162109375,0.58251953125,7,4,1541,21.7,1145,1,FAS2882G
Undergraduate Teaching Opportunities Programme,UTOR2001,Residential College,Residential Colleges,0.595019519329071,1546,0.60595703125,0.58935546875,7,4,1477,20.8,1190,5,UTOR2001; UTOR2001B; UTOR2001C; UTOR2001D; UTOR2001E
Regulation & Political Economy,LL4357,Law,FoL Dean's Office,0.594970703125,1547,0.6279296875,0.576171875,5,6,891,12.55,1625,2,LL4357; LL4357V
Japan's Immigration Politics in Global Perspective,JS4233HM,Arts and Social Science,Japanese Studies,0.594921886920929,1548,0.62744140625,0.58251953125,8,3,1564,22.03,1129,1,JS4233HM
Labour in Capitalist Societies,YSS3334,Yale-NUS College,Yale-NUS College,0.594921886920929,1548,0.6083984375,0.58349609375,7,4,2089,29.42,831,2,YSS3334; YSS4299
"Medicine, Culture and Modernity",YSS2232,Yale-NUS College,Yale-NUS College,0.594921886920929,1548,0.6376953125,0.5751953125,7,4,422,5.94,2058,1,YSS2232
Wildlife Forensics and the Shark Fin Trade,YID3221,Yale-NUS College,Yale-NUS College,0.5948730707168579,1549,0.60595703125,0.58984375,4,7,1514,21.32,1165,1,YID3221
The Birth of the Japanese Department Store,YHU3354,Yale-NUS College,Yale-NUS College,0.5948730707168579,1549,0.60986328125,0.5849609375,7,4,1977,27.84,884,1,YHU3354
Information Systems and Organisations,TIC2101,Cont and Lifelong Education,SCALE Dean's Office,0.5948730707168579,1549,0.6142578125,0.58251953125,7,4,690,9.72,1807,1,TIC2101
A Culture of Sustainability,GEC1040,College of Design and Engineering,Civil and Environmental Engineering,0.594775378704071,1550,0.63818359375,0.58154296875,5,6,678,9.55,1819,2,GEC1040; GEC1040T
Conducting Contemporary Instrumental Music,MUA3204,YST Conservatory of Music,YSTCM Dean's Office,0.594775378704071,1550,0.63818359375,0.58056640625,4,7,824,11.6,1686,1,MUA3204
Advanced UROPS in Nanophysics II,PC3289N,Science,Physics,0.594775378704071,1550,0.61865234375,0.5859375,6,5,1521,21.42,1160,1,PC3289N
Lab in Applied Psychology (Scale Construction),PL3284,Arts and Social Science,Psychology,0.594775378704071,1550,0.6005859375,0.59130859375,3,8,2303,32.43,725,1,PL3284
Nuclear Mechanics and Genome Regulation,LSM4235,Science,Biological Sciences,0.5947265625,1551,0.65234375,0.57470703125,5,6,361,5.08,2116,1,LSM4235
Pharmacogenetics and Drug Responses,LSM4212,Yong Loo Lin Sch of Medicine,Pharmacology,0.5947265625,1551,0.60595703125,0.58544921875,5,6,491,6.91,1993,1,LSM4212
Data Science for Psychology: Methods and Applications,PL4245,Arts and Social Science,Psychology,0.5947265625,1551,0.6416015625,0.5751953125,4,7,263,3.7,2213,2,PL4245; PL4245HM
Japan in Southeast Asia,JS2231,Arts and Social Science,Japanese Studies,0.5947265625,1551,0.6474609375,0.5771484375,7,4,760,10.7,1744,1,JS2231
Development and the Globalisation of Food,GL4882A,Arts and Social Science,Political Science,0.5947265625,1551,0.61669921875,0.5810546875,5,6,854,12.03,1659,2,GL4882A; GL4882AHM
Welfare Economics,SW4211,Arts and Social Science,Social Work,0.5947265625,1551,0.61474609375,0.58837890625,1,10,192,2.7,2283,2,SW4211; SW4211HM
Composition Major Study 2B,MUA2102,YST Conservatory of Music,YSTCM Dean's Office,0.5946289300918579,1552,0.62255859375,0.580078125,2,9,581,8.18,1906,1,MUA2102
Theatre Ecologies,TS3236,Arts and Social Science,"English,Ling.andTheatre Studies",0.5946289300918579,1552,0.62158203125,0.57666015625,3,8,256,3.61,2220,1,TS3236
Social Dynamics in Modern Japan,JS4225,Arts and Social Science,Japanese Studies,0.5945800542831421,1553,0.61865234375,0.580078125,8,3,1060,14.93,1487,2,JS4225; JS4225HM
Korean 2,LAK2201,Arts and Social Science,Centre for Language Studies,0.5945800542831421,1553,0.60888671875,0.58251953125,3,8,270,3.8,2207,1,LAK2201
Materials: The Enabling Substance of Civilization,GEH1057,College of Design and Engineering,Materials Science and Engineering,0.594531238079071,1554,0.6328125,0.5673828125,2,9,311,4.38,2166,1,GEH1057
Creating Wolverine in Real Life,NST2036,NUS College,NUS College Dean's Office,0.594531238079071,1554,0.61962890625,0.58056640625,6,5,521,7.34,1964,1,NST2036
Disney & the Theme Park World,GEX1023,Arts and Social Science,Sociology and Anthropology,0.594531238079071,1554,0.5966796875,0.58984375,2,9,285,4.01,2192,2,GEX1023; GEX1023T
Shareholders' Rights & Remedies,LL4249,Law,FoL Dean's Office,0.594482421875,1555,0.60009765625,0.5888671875,2,9,1579,22.24,1121,1,LL4249
Collaborative Piano - Piano Ensemble 4,MUA4340,YST Conservatory of Music,YSTCM Dean's Office,0.594433605670929,1556,0.666015625,0.57568359375,2,9,279,3.93,2198,1,MUA4340
Advanced Preparation in International Competition,MUA4301,YST Conservatory of Music,YSTCM Dean's Office,0.594433605670929,1556,0.63330078125,0.58349609375,9,2,2576,36.28,605,1,MUA4301
Advanced Leadership Skills in an Orchestral Context,MUA4207,YST Conservatory of Music,YSTCM Dean's Office,0.594433605670929,1556,0.6064453125,0.58984375,6,5,1892,26.64,932,1,MUA4207
Law and Data Science,LL4447,Law,FoL Dean's Office,0.594433605670929,1556,0.64404296875,0.580078125,4,7,308,4.34,2169,2,LL4447; LL4447V
Visual Culture,AN3206,Arts and Social Science,Sociology and Anthropology,0.5943847894668579,1557,0.62158203125,0.576171875,7,4,780,10.98,1726,1,AN3206
Adv Independent Study in Innovation & Entrepreneurship,BSN4751,NUS Business School,Strategy and Policy,0.5943847894668579,1557,0.6064453125,0.5869140625,5,6,1716,24.17,1034,1,BSN4751
Music Initiatives and Projects 4,MUA2189,YST Conservatory of Music,YSTCM Dean's Office,0.5943359136581421,1558,0.623046875,0.58642578125,6,5,1458,20.53,1203,1,MUA2189
Conducting Qualitative Socio-Legal Research,YSS4248,Yale-NUS College,Yale-NUS College,0.5943359136581421,1558,0.60546875,0.5830078125,5,6,1311,18.46,1294,1,YSS4248
(Special Topics): Entertainment for social good,NM4880H,Arts and Social Science,Communications and New Media,0.5943359136581421,1558,0.6064453125,0.58984375,5,6,1903,26.8,925,2,NM4880H; NM4880HHM
Parallel Computing,CS3210,Computing,Computer Science,0.59423828125,1559,0.6337890625,0.5771484375,5,6,777,10.94,1728,1,CS3210
Gender and Ecology in Asia,NHS2050,NUS College,NUS College Dean's Office,0.594189465045929,1560,0.62939453125,0.576171875,5,6,581,8.18,1906,1,NHS2050
Aquatic Invertebrate Diversity,LSM4266,Science,Biological Sciences,0.594189465045929,1560,0.60986328125,0.57861328125,6,5,574,8.08,1913,1,LSM4266
Acoustics and Sound Production for Performers,MUA3271,YST Conservatory of Music,YSTCM Dean's Office,0.5941406488418579,1561,0.6259765625,0.568359375,8,3,348,4.9,2129,1,MUA3271
Technology and Culture in the Asia-Pacific,HY3223,Arts and Social Science,History,0.5940917730331421,1562,0.64794921875,0.57861328125,5,6,1284,18.08,1313,1,HY3223
Japan’s Immigration Politics in Global Perspective,JS4233,Arts and Social Science,Japanese Studies,0.5940917730331421,1562,0.626953125,0.58203125,8,3,1535,21.62,1150,1,JS4233
Operating Systems Design and Pragmatics,CS3221,Computing,Computer Science,0.5940917730331421,1562,0.6064453125,0.58447265625,3,8,1232,17.35,1351,1,CS3221
Experimental Methods in Physical Sciences,YSC2246,Yale-NUS College,Yale-NUS College,0.5940917730331421,1562,0.60205078125,0.58203125,2,9,165,2.32,2310,1,YSC2246
Principles of Equity Financing,LL4250,Law,FoL Dean's Office,0.5940917730331421,1562,0.6162109375,0.5830078125,3,8,634,8.93,1858,1,LL4250
Econometrics for Business II,BSE4711,NUS Business School,Strategy and Policy,0.594042956829071,1563,0.61669921875,0.5810546875,5,6,433,6.1,2047,1,BSE4711
German 4,LAG3202,Arts and Social Science,Centre for Language Studies,0.594042956829071,1563,0.6201171875,0.58203125,6,5,468,6.59,2013,1,LAG3202
Sciences & Technologies Industry Insights,NST3002,NUS College,NUS College Dean's Office,0.594042956829071,1563,0.6103515625,0.5888671875,4,7,2077,29.25,837,2,NST3002; NST3802
Anthropology of Technology,AN3209,Arts and Social Science,Sociology and Anthropology,0.594042956829071,1563,0.61767578125,0.5859375,5,6,570,8.03,1917,1,AN3209
Globalisation and the Asian Cities,GE3219,Arts and Social Science,Geography,0.594042956829071,1563,0.60302734375,0.5859375,9,2,1476,20.79,1191,1,GE3219
GEx Mekong,NEX3006,NUS College,NUS College Dean's Office,0.594042956829071,1563,0.61279296875,0.5859375,7,4,2253,31.73,752,1,NEX3006
Economic Data Analysis with R Programming,EC3305R,Arts and Social Science,Economics,0.594042956829071,1563,0.62646484375,0.57666015625,4,7,200,2.82,2275,1,EC3305R
Sociology of Work,SC2202,Arts and Social Science,Sociology and Anthropology,0.593994140625,1564,0.619140625,0.5869140625,5,6,3108,43.77,416,1,SC2202
Early Colonial Singapore: 1819-1867,YHU3385,Yale-NUS College,Yale-NUS College,0.593994140625,1564,0.6591796875,0.5859375,2,9,858,12.08,1655,1,YHU3385
Light & Vision in Animal Communication,LSM4267,Science,Biological Sciences,0.593945324420929,1565,0.626953125,0.5751953125,4,7,273,3.84,2204,1,LSM4267
Principles of Civil Law: Law of Obligations & Property,LL4364,Law,FoL Dean's Office,0.593945324420929,1565,0.615234375,0.5859375,2,9,77,1.08,2398,2,LL4364; LL4364V
Optimisation for Large-Scale Data-Driven Inference,DSA4212,Science,Statistics and Data Science,0.5938965082168579,1566,0.61328125,0.58544921875,5,6,199,2.8,2276,1,DSA4212
Acoustics for Sound Engineer,MUA2172,YST Conservatory of Music,YSTCM Dean's Office,0.5938965082168579,1566,0.6396484375,0.5712890625,5,6,604,8.51,1886,1,MUA2172
Advanced Household Finance,FIN4127,NUS Business School,Finance,0.5938476324081421,1567,0.611328125,0.58447265625,6,5,383,5.39,2095,2,FIN4127; FIN4722
Musculoskeletal Biomechanics,BN3202,College of Design and Engineering,Biomedical Engineering,0.5938476324081421,1567,0.638671875,0.58154296875,2,9,181,2.55,2294,1,BN3202
Living with Infrastructure,GL4884B,Arts and Social Science,Political Science,0.5938476324081421,1567,0.6083984375,0.58154296875,5,6,851,11.98,1662,2,GL4884B; GL4884BHM
Leadership and Decision Making under Uncertainty,MNO2705,NUS Business School,Management and Organisation,0.59375,1568,0.59716796875,0.59033203125,1,10,1498,21.1,1175,7,MNO2705; MNO2705A; MNO2705B; MNO2705C; MNO2705D; MNO2705E; MNO2705F
Vietnamese 2,LAV2201,Arts and Social Science,Centre for Language Studies,0.59375,1568,0.60546875,0.58447265625,3,8,423,5.96,2057,1,LAV2201
Uncertainty Analysis for Engineers,CE2407A,College of Design and Engineering,Civil and Environmental Engineering,0.59375,1568,0.6064453125,0.58740234375,4,7,1185,16.69,1389,1,CE2407A
Composition Major Study 3A,MUA3101,YST Conservatory of Music,YSTCM Dean's Office,0.593701183795929,1569,0.62060546875,0.57373046875,3,8,548,7.72,1938,1,MUA3101
GEx Paris,NEX3001,NUS College,NUS College Dean's Office,0.593701183795929,1569,0.61279296875,0.578125,6,5,1377,19.39,1254,2,NEX3001; NEX3001S
Selected Topics in Chinese Civilisation (in English),CH3292,Arts and Social Science,Chinese Studies,0.593701183795929,1569,0.611328125,0.5830078125,4,7,243,3.42,2233,1,CH3292
Integrative Music Theory 2,YHU3342,Yale-NUS College,Yale-NUS College,0.5936523675918579,1570,0.62744140625,0.58154296875,3,8,478,6.73,2005,1,YHU3342
Economics of Organization,BSE4712,NUS Business School,Strategy and Policy,0.5936523675918579,1570,0.625,0.58251953125,5,6,2094,29.49,828,1,BSE4712
Exploring Frugal Engineering,EE3030A,College of Design and Engineering,Electrical and Computer Engineering,0.5936034917831421,1571,0.6025390625,0.58935546875,3,8,693,9.76,1804,1,EE3030A
Practice as Research in Applied Theatre,TS4222,Arts and Social Science,"English,Ling.andTheatre Studies",0.5936034917831421,1571,0.66845703125,0.5673828125,9,2,608,8.56,1882,4,TS4222; TS4222A; TS4222AHM; TS4222HM
Maritime Conflict of Laws,LL4205,Law,FoL Dean's Office,0.5936034917831421,1571,0.6513671875,0.56494140625,5,6,183,2.58,2292,2,LL4205; LL4205V
Tourism and Environment,YSS3357,Yale-NUS College,Yale-NUS College,0.5936034917831421,1571,0.6025390625,0.59033203125,2,9,977,13.76,1555,1,YSS3357
Industrial Organisation II,EC4322,Arts and Social Science,Economics,0.593554675579071,1572,0.6171875,0.57763671875,7,4,2038,28.7,857,2,EC4322; EC4322HM
Global and Transnational Urbanism,YSS4247,Yale-NUS College,Yale-NUS College,0.593554675579071,1572,0.62548828125,0.5849609375,3,8,1766,24.87,1005,1,YSS4247
Quantum Technologies,PC3421,Science,Physics,0.593505859375,1573,0.6513671875,0.5712890625,5,6,409,5.76,2070,1,PC3421
"Markets, Morality and Politics",YSS2244,Yale-NUS College,Yale-NUS College,0.593505859375,1573,0.59521484375,0.591796875,1,10,1038,14.62,1503,1,YSS2244
Entrepreneurial Strategy,BSN3703,NUS Business School,Strategy and Policy,0.593457043170929,1574,0.59912109375,0.5859375,5,6,1265,17.81,1329,1,BSN3703
International Economic Law & Relations,LL4195V,Law,FoL Dean's Office,0.593457043170929,1574,0.62255859375,0.578125,3,8,707,9.96,1791,1,LL4195V
Critical Perspectives in Advertising,GET1035,Arts and Social Science,Communications and New Media,0.5934082269668579,1575,0.60205078125,0.5908203125,3,8,2141,30.15,804,2,GET1035; GEX1018
Cityscapes and Urban Form,YSS3250,Yale-NUS College,Yale-NUS College,0.593310534954071,1576,0.625,0.5849609375,6,5,687,9.67,1810,1,YSS3250
Polymer Chemistry,YSC4218,Yale-NUS College,Yale-NUS College,0.593310534954071,1576,0.638671875,0.5625,3,8,140,1.97,2335,1,YSC4218
Infection: Optimising Prevention & Treatment,PR3151,Science,PharmacyandPharmaceuticalScience,0.59326171875,1577,0.63037109375,0.578125,6,5,695,9.79,1803,1,PR3151
Deals: The Economic Structure of Business Transactions,LL4321,Law,FoL Dean's Office,0.59326171875,1577,0.60400390625,0.58740234375,6,5,2714,38.22,553,1,LL4321
Cryptography Theory and Practice,CS4236,Computing,Computer Science,0.59326171875,1577,0.64599609375,0.568359375,6,5,301,4.24,2176,1,CS4236
Junior Recital in Voice,MUA3191,YST Conservatory of Music,YSTCM Dean's Office,0.59326171875,1577,0.60693359375,0.58251953125,3,8,415,5.84,2065,1,MUA3191
Optical Communications,EE4114,College of Design and Engineering,Electrical and Computer Engineering,0.593212902545929,1578,0.6044921875,0.576171875,4,7,304,4.28,2173,1,EE4114
Air Quality in Changing Environments,ESE3201,College of Design and Engineering,Civil and Environmental Engineering,0.593212902545929,1578,0.60791015625,0.5869140625,4,7,1039,14.63,1502,1,ESE3201
The Good Company,YSS2234,Yale-NUS College,Yale-NUS College,0.593212902545929,1578,0.60302734375,0.59033203125,2,9,2250,31.69,754,1,YSS2234
Predictive Analytics,TBA2104,Cont and Lifelong Education,SCALE Dean's Office,0.593212902545929,1578,0.609375,0.57373046875,6,5,209,2.94,2266,2,TBA2104; TCX3212
Organic Chemistry for Engineers,CM1501,Science,Chemistry,0.593212902545929,1578,0.609375,0.58544921875,4,7,940,13.24,1583,1,CM1501
Structural Biology,LSM4231,Science,Biological Sciences,0.593212902545929,1578,0.62060546875,0.57666015625,2,9,161,2.27,2314,1,LSM4231
Animals and the City,UTC2112,Residential College,Tembusu College,0.5931152105331421,1579,0.61376953125,0.58203125,7,4,1138,16.03,1425,2,UTC2112; UTS2112
Art and the Attention Economy,NTW2035,NUS College,NUS College Dean's Office,0.5931152105331421,1579,0.609375,0.57275390625,8,3,891,12.55,1625,1,NTW2035
Korean Corporate Law: Cases and Theories,LL4550,Law,FoL Dean's Office,0.5931152105331421,1579,0.60693359375,0.58740234375,2,9,452,6.37,2029,1,LL4550
Vietnamese 4,LAV3202,Arts and Social Science,Centre for Language Studies,0.593066394329071,1580,0.60107421875,0.583984375,8,3,969,13.65,1560,1,LAV3202
Topics in Chinese Philosophy II,CH4883,Arts and Social Science,Chinese Studies,0.593066394329071,1580,0.61865234375,0.58251953125,4,7,451,6.35,2030,2,CH4883; CH4883HM
Advanced UROPS in Nanophysics I,PC3288N,Science,Physics,0.593066394329071,1580,0.62060546875,0.5849609375,6,5,1386,19.52,1246,1,PC3288N
Gender and Society in South Asia,SN2234,Arts and Social Science,South Asian Studies,0.593017578125,1581,0.61328125,0.58447265625,9,2,2294,32.31,731,1,SN2234
Introduction to Industrial System,IE2010E,Cont and Lifelong Education,SCALE Dean's Office,0.593017578125,1581,0.6298828125,0.57421875,5,6,784,11.04,1722,2,IE2010E; TIE2010
Geospatial Data Collection and Digital Mapping,GE2234,Arts and Social Science,Geography,0.593017578125,1581,0.61376953125,0.57958984375,4,7,770,10.84,1734,1,GE2234
A Pianist's Toolbox 2,MUA2159,YST Conservatory of Music,YSTCM Dean's Office,0.592968761920929,1582,0.63818359375,0.57568359375,3,8,310,4.37,2167,1,MUA2159
Managing Social Networks in Markets and Organizations,BSN4712,NUS Business School,Strategy and Policy,0.592968761920929,1582,0.60009765625,0.58984375,6,5,2136,30.08,807,3,BSN4712; BSP4515; BSP4516
Global Environmental Change,ENV2101,Science,Biological Sciences,0.5929199457168579,1583,0.61474609375,0.5712890625,4,7,523,7.37,1962,1,ENV2101
Technology and Culture,YSS3309,Yale-NUS College,Yale-NUS College,0.5928710699081421,1584,0.6328125,0.5732421875,6,5,443,6.24,2037,1,YSS3309
Copyright in the Internet Age,LL4300,Law,FoL Dean's Office,0.5928710699081421,1584,0.6083984375,0.5849609375,6,5,274,3.86,2203,1,LL4300
Organisational Behaviour,MNO1706,NUS Business School,Management and Organisation,0.5928710699081421,1584,0.6005859375,0.5869140625,3,8,1513,21.31,1166,10,MNO1706; MNO1706A; MNO1706B; MNO1706C; MNO1706D; MNO1706E; MNO1706F; MNO1706G; MNO1706X; MNO3301
Music Notation and Engraving,MUA3213,YST Conservatory of Music,YSTCM Dean's Office,0.5928710699081421,1584,0.638671875,0.5859375,3,8,547,7.7,1939,1,MUA3213
"Science, Technology & Society",SC3211,Arts and Social Science,Sociology and Anthropology,0.5928710699081421,1584,0.62255859375,0.57666015625,3,8,332,4.68,2145,1,SC3211
Algorithmic Culture and its Discontents,UTW1001Y,Non-Faculty-based Departments,Center for Engl Lang Comms,0.5928710699081421,1584,0.61181640625,0.583984375,5,6,728,10.25,1772,1,UTW1001Y
Basic UROPS in Life Sciences II (REx),LSM2289R,Science,Biological Sciences,0.5928710699081421,1584,0.60546875,0.58251953125,4,7,1294,18.22,1306,1,LSM2289R
"The Baby, the Philosopher, and the Cognitive Scientist",NHS2088,NUS College,NUS College Dean's Office,0.592822253704071,1585,0.61181640625,0.58056640625,3,8,536,7.55,1950,1,NHS2088
Heroes of China,GEH1078,Arts and Social Science,History,0.592822253704071,1585,0.609375,0.580078125,5,6,491,6.91,1993,2,GEH1078; HY2266
Situating Singapore in the Wider World,NHS2048,NUS College,NUS College Dean's Office,0.592822253704071,1585,0.63330078125,0.58349609375,6,5,1038,14.62,1503,1,NHS2048
Introducing Indonesia (with introductory Indonesian),SFI2014,NUS,Office of the Provost,0.5927734375,1586,0.59912109375,0.5859375,5,6,1455,20.49,1204,1,SFI2014
Independent Study Module (Ride-On),UIS3951CS,Computing,Computer Science,0.592724621295929,1587,0.60693359375,0.5830078125,9,2,2441,34.38,665,4,UIS3951CS; UIS3951R; UIS3952CS; UIS3952R
German 3,LAG3201,Arts and Social Science,Centre for Language Studies,0.592724621295929,1587,0.63525390625,0.57958984375,4,7,764,10.76,1740,1,LAG3201
Selected Topics in Physical Chemistry,CM4238,Science,Chemistry,0.5926758050918579,1588,0.6103515625,0.57421875,4,7,138,1.94,2337,1,CM4238
Introduction to Human Nutrition,FST2201,Science,Food Science and Technology,0.5926758050918579,1588,0.60693359375,0.58447265625,5,6,704,9.91,1794,1,FST2201
French for Academic Purposes,LAF3203,Arts and Social Science,Centre for Language Studies,0.5926269292831421,1589,0.6435546875,0.57470703125,7,4,387,5.45,2091,1,LAF3203
Social and Cultural Studies through Music,GEC1014,YST Conservatory of Music,YSTCM Dean's Office,0.592578113079071,1590,0.6162109375,0.58251953125,3,8,192,2.7,2283,2,GEC1014; GEH1047
Residential College 4 Senior Projects - Part IV,UTC3700D,Residential College,Residential College 4,0.592578113079071,1590,0.6181640625,0.58642578125,7,4,1842,25.94,959,1,UTC3700D
Contemporary Performance Practices,TS4880C,Arts and Social Science,"English,Ling.andTheatre Studies",0.592578113079071,1590,0.6728515625,0.576171875,6,5,1137,16.01,1426,2,TS4880C; TS4880CHM
Advanced UROPS in Life Sciences II (REx),LSM3289R,Science,Biological Sciences,0.592578113079071,1590,0.60791015625,0.58203125,4,7,1015,14.29,1523,1,LSM3289R
Epidemics,NST2037,NUS,NUS College Dean's Office,0.592578113079071,1590,0.64599609375,0.5712890625,5,6,433,6.1,2047,1,NST2037
Optimization Methods for Business Analytics,BT3104,Computing,Information Systems and Analytics,0.592578113079071,1590,0.62353515625,0.5791015625,5,6,209,2.94,2266,1,BT3104
Human Ageing,LSM3217,Yong Loo Lin Sch of Medicine,Physiology,0.592578113079071,1590,0.62451171875,0.57421875,2,9,262,3.69,2214,1,LSM3217
Physical Chemistry,YSC2225,Yale-NUS College,Yale-NUS College,0.592529296875,1591,0.6337890625,0.5751953125,5,6,269,3.79,2208,2,YSC2225; YSC3262
Introduction to Machine Learning and Applications,IT3011,Computing,Computer Science,0.592480480670929,1592,0.615234375,0.58447265625,5,6,204,2.87,2271,1,IT3011
The Sociology of Food,SC2215,Arts and Social Science,Sociology and Anthropology,0.592480480670929,1592,0.6357421875,0.56591796875,4,7,564,7.94,1923,1,SC2215
Topics in Entrepreneurship,ETP3222,Non-Faculty-based Departments,NUS Enterprise Academy,0.592480480670929,1592,0.6142578125,0.58740234375,6,5,1740,24.5,1018,8,ETP3222; ETP3222A; ETP3222B; ETP3225; ETP3225A; TR3049; TR3049A; TR3049B
Asset-Based Financing: Quasi-Security Devices,LL4389,Law,FoL Dean's Office,0.592480480670929,1592,0.60791015625,0.5869140625,5,6,1243,17.5,1344,2,LL4389; LL4389V
Trade Remedy Law & Practice,LL4255V,Law,FoL Dean's Office,0.5924316644668579,1593,0.62548828125,0.56982421875,6,5,473,6.66,2009,1,LL4255V
Independent Study 2,ME3001,College of Design and Engineering,Mechanical Engineering,0.5924316644668579,1593,0.60595703125,0.5791015625,6,5,922,12.98,1598,1,ME3001
Engaging and Building Communities,CLC1101,Non-Faculty-based Departments,Chua Thian Poh Comm Leader Center,0.5924316644668579,1593,0.64697265625,0.5751953125,7,4,1347,18.97,1273,3,CLC1101; CLC2101; NHS2027
Principles and Approaches to Design,ID1223,College of Design and Engineering,Industrial Design,0.5924316644668579,1593,0.59912109375,0.587890625,2,9,363,5.11,2114,1,ID1223
Human-Robot Interaction,EE4705,College of Design and Engineering,Electrical and Computer Engineering,0.5923827886581421,1594,0.6298828125,0.5751953125,5,6,204,2.87,2271,1,EE4705
Political Communication,NM4245,Arts and Social Science,Communications and New Media,0.59228515625,1595,0.6318359375,0.57373046875,5,6,735,10.35,1765,2,NM4245; NM4245HM
Public Organisation Theory and Practice,PS4209,Arts and Social Science,Political Science,0.592236340045929,1596,0.6279296875,0.57666015625,8,3,1224,17.24,1359,2,PS4209; PS4209HM
Museums and Libraries as Cultural Institutions,YHU4247,Yale-NUS College,Yale-NUS College,0.592236340045929,1596,0.67041015625,0.5673828125,8,3,400,5.63,2078,1,YHU4247
International Economic Law Clinic,LL4356,Law,FoL Dean's Office,0.592236340045929,1596,0.619140625,0.580078125,3,8,918,12.93,1601,2,LL4356; LL4356V
"Youth Urbanism: Global Trends, Local Perspectives",YSS3256,Yale-NUS College,Yale-NUS College,0.5921875238418579,1597,0.62060546875,0.5810546875,4,7,1268,17.86,1326,1,YSS3256
Lab in Social and Educational Interventions,YSS3335,Yale-NUS College,Yale-NUS College,0.5921875238418579,1597,0.6064453125,0.58154296875,5,6,389,5.48,2089,1,YSS3335
Topics in Asian Studies (for FASStrack),FAS2880,Arts and Social Science,FASS DO/Office of Programmes,0.5921875238418579,1597,0.5986328125,0.58740234375,8,3,1183,16.66,1391,1,FAS2880
Introduction to Building Performance,IPM2101,College of Design and Engineering,Built Environment,0.5921386480331421,1598,0.6005859375,0.58251953125,4,7,610,8.59,1880,2,IPM2101; PF1108
Vietnamese 6,LAV4202,Arts and Social Science,Centre for Language Studies,0.5921386480331421,1598,0.61083984375,0.5869140625,6,5,713,10.04,1785,2,LAV4202; LAV4202HM
Machine Learning and Economic Forecasting,EC4308,Arts and Social Science,Economics,0.592041015625,1599,0.62255859375,0.5693359375,6,5,163,2.3,2312,2,EC4308; EC4308HM
Thinking in Systems,UTC1702,Residential College,Residential College 4,0.592041015625,1599,0.6123046875,0.5830078125,8,3,1752,24.67,1013,1,UTC1702
Topics in History & Theory of Architecture,AR4951,College of Design and Engineering,Architecture,0.592041015625,1599,0.6279296875,0.5810546875,5,6,238,3.35,2238,1,AR4951
Electricity & Magnetism I,PC2031,Science,Physics,0.591992199420929,1600,0.60205078125,0.58642578125,5,6,599,8.44,1891,1,PC2031
"Leadership, Creativity and Innovation",UTC1112D,Residential College,Tembusu College,0.591992199420929,1600,0.62353515625,0.5810546875,4,7,1680,23.66,1055,1,UTC1112D
Digital Propaganda and Public Opinion,NM4239,Arts and Social Science,Communications and New Media,0.591992199420929,1600,0.62158203125,0.5859375,3,8,203,2.86,2272,1,NM4239
Statics And Mechanics of Materials,TCE1109,Cont and Lifelong Education,SCALE Dean's Office,0.591992199420929,1600,0.6298828125,0.57275390625,2,9,438,6.17,2042,1,TCE1109
Biosignals Processing,BN2401,College of Design and Engineering,Biomedical Engineering,0.591992199420929,1600,0.61572265625,0.5810546875,4,7,441,6.21,2039,1,BN2401
Thinking in Systems: Ecosystems and Natural Resources,GEM1918,Residential College,Residential College 4,0.591992199420929,1600,0.6142578125,0.57763671875,4,7,640,9.01,1854,3,GEM1918; UTC1700; UTC1702A
Mental Health and Illness,SW3217,Arts and Social Science,Social Work,0.5919433832168579,1601,0.61572265625,0.58154296875,4,7,424,5.97,2056,1,SW3217
Urban Ecological Systems,YID3214,Yale-NUS College,Yale-NUS College,0.5919433832168579,1601,0.60986328125,0.57568359375,4,7,624,8.79,1866,1,YID3214
Advances in Antimicrobial Strategies,LSM4223,Yong Loo Lin Sch of Medicine,Microbiology and Immunology,0.5918945074081421,1602,0.6552734375,0.5615234375,4,7,144,2.03,2331,1,LSM4223
Basic Discrete Mathematics,MA1100,Science,Mathematics,0.591845691204071,1603,0.63037109375,0.57373046875,5,6,225,3.17,2250,1,MA1100
"Law, Governance and Development in Asia",YSS4275,Yale-NUS College,Yale-NUS College,0.591845691204071,1603,0.61083984375,0.583984375,3,8,724,10.2,1776,1,YSS4275
Water-Food-Energy Nexus,CE3001,College of Design and Engineering,Civil and Environmental Engineering,0.591845691204071,1603,0.6181640625,0.57421875,3,8,138,1.94,2337,1,CE3001
Minorities in Southeast Asia,HY3225,Arts and Social Science,History,0.591845691204071,1603,0.6005859375,0.583984375,6,5,763,10.74,1741,1,HY3225
Fundamentals of Biosignals and Bioinstrumentation,BN2403,College of Design and Engineering,Biomedical Engineering,0.591796875,1604,0.61376953125,0.578125,5,6,513,7.22,1971,1,BN2403
Gender and Sexuality in Japan,JS2228,Arts and Social Science,Japanese Studies,0.591796875,1604,0.61572265625,0.5771484375,7,4,748,10.53,1756,1,JS2228
Vocal Pedagogy,MUA4215,YST Conservatory of Music,YSTCM Dean's Office,0.591796875,1604,0.60791015625,0.5830078125,3,8,576,8.11,1911,1,MUA4215
Behavioural Biology,LSM3267,Science,Biological Sciences,0.591748058795929,1605,0.6435546875,0.56982421875,4,7,648,9.13,1846,1,LSM3267
Coastal Management,GE4207,Arts and Social Science,Geography,0.591748058795929,1605,0.62255859375,0.576171875,5,6,665,9.36,1831,2,GE4207; GE4207HM
Advanced UROPS in Life Sciences I (REx),LSM3288R,Science,Biological Sciences,0.591748058795929,1605,0.60595703125,0.58251953125,4,7,982,13.83,1550,1,LSM3288R
"Anatomy, Physiology and Physical Assessment II",NUR1124,Yong Loo Lin Sch of Medicine,Alice Lee Center for Nursing Studies,0.5916992425918579,1606,0.6083984375,0.580078125,5,6,752,10.59,1752,1,NUR1124
Architectural Tectonics and Structural Systems,AR2328A,College of Design and Engineering,Architecture,0.5916992425918579,1606,0.60546875,0.5791015625,4,7,221,3.11,2254,1,AR2328A
Basic Legal Positions,LL4525,Law,FoL Dean's Office,0.5916503667831421,1607,0.6005859375,0.58642578125,2,9,1350,19.01,1270,2,LL4525; LL4525V
German 2,LAG2201,Arts and Social Science,Centre for Language Studies,0.5916503667831421,1607,0.61376953125,0.5791015625,5,6,283,3.99,2194,1,LAG2201
Methods in the Social Sciences,YSS3231,Yale-NUS College,Yale-NUS College,0.591601550579071,1608,0.62255859375,0.57373046875,4,7,578,8.14,1909,1,YSS3231
Synthesis and Signal Processing,MUA2270,YST Conservatory of Music,YSTCM Dean's Office,0.591601550579071,1608,0.6103515625,0.576171875,3,8,400,5.63,2078,1,MUA2270
Lab in Perception and Attention,PL3281A,Arts and Social Science,Psychology,0.591552734375,1609,0.6328125,0.578125,4,7,186,2.62,2289,1,PL3281A
Topics in PS: Quantitative Approaches to Intl Relations,PS3880F,Arts and Social Science,Political Science,0.591552734375,1609,0.623046875,0.57666015625,5,6,700,9.86,1798,1,PS3880F
Residential College 4 Senior Projects - Part III,UTC3700C,Residential College,Residential College 4,0.591552734375,1609,0.61572265625,0.583984375,7,4,1720,24.22,1031,1,UTC3700C
Harmonic Practices,MUT2201,YST Conservatory of Music,YSTCM Dean's Office,0.591503918170929,1610,0.61865234375,0.5751953125,2,9,96,1.35,2379,1,MUT2201
Introduction To Biomechanics,BN3201,College of Design and Engineering,Biomedical Engineering,0.591503918170929,1610,0.63037109375,0.57568359375,4,7,442,6.22,2038,1,BN3201
Communication Practices in Popular Science,SP1541,Non-Faculty-based Departments,Center for Engl Lang Comms,0.591503918170929,1610,0.60205078125,0.5859375,5,6,1419,19.98,1223,2,SP1541; SP1541X
Collaboratory C,MUA4226,YST Conservatory of Music,YSTCM Dean's Office,0.591503918170929,1610,0.63232421875,0.58154296875,6,5,1213,17.08,1367,1,MUA4226
Opera Workshop 2,MUA3197,YST Conservatory of Music,YSTCM Dean's Office,0.591503918170929,1610,0.63623046875,0.5703125,3,8,450,6.34,2031,1,MUA3197
Heritage Law,LL4381,Law,FoL Dean's Office,0.591503918170929,1610,0.6064453125,0.576171875,1,10,83,1.17,2392,2,LL4381; LL4381V
Innovation and Intellectual Property,BSN3712,NUS Business School,Strategy and Policy,0.5914551019668579,1611,0.603515625,0.583984375,6,5,1832,25.8,965,1,BSN3712
Lab in Memory and Cognition,PL3281B,Arts and Social Science,Psychology,0.5914551019668579,1611,0.61865234375,0.57958984375,4,7,945,13.31,1578,1,PL3281B
Independent Language Study and Research,YIR3401,Yale-NUS College,Yale-NUS College,0.5914551019668579,1611,0.60888671875,0.57470703125,5,6,402,5.66,2076,10,YIR3401; YIR3401G; YIR3402; YIR3402G; YIR3403; YIR3403G; YIR3404; YIR3404G; YIR3405; YIR3405G
Numerical Methods for Meteorology,PC3441,Science,Physics,0.5914551019668579,1611,0.66162109375,0.564453125,3,8,239,3.37,2237,1,PC3441
Internet Architecture,CS4226,Computing,Computer Science,0.5914551019668579,1611,0.6279296875,0.5693359375,3,8,212,2.99,2263,1,CS4226
"Documentary filmmaking: reality, perception and truth",NHT2207,NUS College,NUS College Dean's Office,0.5914062261581421,1612,0.62744140625,0.56396484375,7,4,510,7.18,1974,1,NHT2207
Sites of Tourism,NTW2010,NUS College,NUS College Dean's Office,0.5914062261581421,1612,0.6044921875,0.58642578125,2,9,918,12.93,1601,1,NTW2010
Korean 3,LAK3201,Arts and Social Science,Centre for Language Studies,0.591357409954071,1613,0.60498046875,0.583984375,7,4,363,5.11,2114,1,LAK3201
Nutrition and Disease Prevention,FST3202,Science,Food Science and Technology,0.59130859375,1614,0.6240234375,0.576171875,3,8,491,6.91,1993,1,FST3202
Qualitative Communication Research Methods,NM2104,Arts and Social Science,Communications and New Media,0.591259777545929,1615,0.60302734375,0.5849609375,6,5,1937,27.28,907,1,NM2104
Ethnography,YSS3202,Yale-NUS College,Yale-NUS College,0.591259777545929,1615,0.60595703125,0.5830078125,6,5,1035,14.58,1506,1,YSS3202
English in the Public Sphere: the Politics of Language,EL4257,Arts and Social Science,"English,Ling.andTheatre Studies",0.591259777545929,1615,0.6064453125,0.580078125,5,6,570,8.03,1917,2,EL4257; EL4257HM
Physiology for Pharmaceutical Science,PHS2101,Science,PharmacyandPharmaceuticalScience,0.591259777545929,1615,0.63525390625,0.580078125,7,4,463,6.52,2018,1,PHS2101
Planting Design,LA4202,College of Design and Engineering,Architecture,0.591259777545929,1615,0.6689453125,0.5625,5,6,93,1.31,2382,1,LA4202
Honours Dissertation,BHD4001,NUS Business School,BIZ Dean's Office,0.591259777545929,1615,0.60498046875,0.58447265625,4,7,950,13.38,1574,2,BHD4001; BHD4001C
Biological Challenges and Opportunities for Humankind,LSM1111,Science,Biological Sciences,0.591259777545929,1615,0.625,0.57275390625,1,10,280,3.94,2197,1,LSM1111
Singapore Film: Performance of Identity,GES1029,Arts and Social Science,"English,Ling.andTheatre Studies",0.5912109613418579,1616,0.63134765625,0.580078125,6,5,631,8.89,1861,2,GES1029; GESS1021
Planning and Navigation,RB3302,College of Design and Engineering,Mechanical Engineering,0.5912109613418579,1616,0.6337890625,0.5751953125,4,7,329,4.63,2148,1,RB3302
Corporate Governance - Law and Theory,LL4523,Law,FoL Dean's Office,0.5912109613418579,1616,0.61279296875,0.58251953125,4,7,679,9.56,1818,1,LL4523
Leadership in a Complex World,NHS2020,NUS College,NUS College Dean's Office,0.5912109613418579,1616,0.6025390625,0.5888671875,3,8,2225,31.33,763,1,NHS2020
Advanced Clinical Psychology,YSS4240,Yale-NUS College,Yale-NUS College,0.5911620855331421,1617,0.60302734375,0.58056640625,7,4,457,6.44,2024,1,YSS4240
Robot Learning,RB4301,College of Design and Engineering,Mechanical Engineering,0.5911620855331421,1617,0.6416015625,0.568359375,5,6,132,1.86,2343,1,RB4301
Digital Communications & Coding,EE4113,College of Design and Engineering,Electrical and Computer Engineering,0.5911620855331421,1617,0.62646484375,0.5703125,5,6,659,9.28,1837,3,EE4113; EE4113E; TEE4113
New Media and Politics,NHS2034,NUS College,NUS College Dean's Office,0.591113269329071,1618,0.6171875,0.57421875,6,5,496,6.98,1988,1,NHS2034
Chinese Vernacular Stories,CH3227,Arts and Social Science,Chinese Studies,0.591113269329071,1618,0.60546875,0.578125,4,7,305,4.3,2172,1,CH3227
Advanced Criminal Litigation - Forensics on Trial,LL4362V,Law,FoL Dean's Office,0.591064453125,1619,0.60498046875,0.5849609375,4,7,349,4.91,2128,1,LL4362V
The Life Aquatic: Machines and the Making of the Ocean,GEC1025,Arts and Social Science,Southeast Asian Studies,0.591015636920929,1620,0.61474609375,0.572265625,5,6,322,4.53,2155,2,GEC1025; GEH1068
Digital Economies,NM4213,Arts and Social Science,Communications and New Media,0.591015636920929,1620,0.61474609375,0.58154296875,7,4,744,10.48,1759,2,NM4213; NM4213HM
Cultivating Resilience,PLS8003,Arts and Social Science,Psychology,0.591015636920929,1620,0.59521484375,0.58984375,3,8,770,10.84,1734,1,PLS8003
Cybersecurity and Privacy Law,LL4474,Law,FoL Dean's Office,0.5909668207168579,1621,0.6064453125,0.5830078125,6,5,137,1.93,2338,2,LL4474; LL4474V
Media Arts for Just Futures,YHU3347,Yale-NUS College,Yale-NUS College,0.5909668207168579,1621,0.6318359375,0.568359375,7,4,418,5.89,2062,1,YHU3347
Remedies,LL4268,Law,FoL Dean's Office,0.5909668207168579,1621,0.60595703125,0.58203125,1,10,219,3.08,2256,2,LL4268; LL4268V
Junior Recital in Collaborative Piano,MUA3121,YST Conservatory of Music,YSTCM Dean's Office,0.5909668207168579,1621,0.64208984375,0.56787109375,4,7,267,3.76,2210,1,MUA3121
Korean 7,LAK4203,Arts and Social Science,Centre for Language Studies,0.5909179449081421,1622,0.6044921875,0.5849609375,6,5,385,5.42,2093,2,LAK4203; LAK4203HM
Dance Narratives,NHS2058,NUS College,NUS College Dean's Office,0.5909179449081421,1622,0.62744140625,0.5810546875,8,3,1118,15.74,1443,2,NHS2058; NHT2204
Data Analysis and Visualization (DAVis) with R,YSC2210,Yale-NUS College,Yale-NUS College,0.5909179449081421,1622,0.623046875,0.576171875,3,8,179,2.52,2296,1,YSC2210
Feasting and Fasting: Global Histories of Food,GEC1043,Arts and Social Science,History,0.5909179449081421,1622,0.60400390625,0.58251953125,3,8,1020,14.36,1519,1,GEC1043
From Lab to Stage: Writing the Science Play,NHS2010,NUS College,NUS College Dean's Office,0.590869128704071,1623,0.6171875,0.576171875,5,6,176,2.48,2299,1,NHS2010
Biology of Sex,YSC4243,Yale-NUS College,Yale-NUS College,0.590869128704071,1623,0.6328125,0.56591796875,6,5,150,2.11,2325,1,YSC4243
Gendered Migration and Carework,YSS4281,Yale-NUS College,Yale-NUS College,0.590869128704071,1623,0.59765625,0.58544921875,6,5,1559,21.95,1133,1,YSS4281
Regulation & Private Law in Banking & Financial Service,LL4376,Law,FoL Dean's Office,0.590869128704071,1623,0.6318359375,0.57568359375,5,6,317,4.46,2160,2,LL4376; LL4376V
Art as Action: Caring about the Climate Crisis in SEA,NTW2030,NUS College,NUS College Dean's Office,0.5908203125,1624,0.62109375,0.57568359375,8,3,824,11.6,1686,1,NTW2030
Amplify! The Craft of Podcasting Your Passion,NHS2105,NUS College,NUS College Dean's Office,0.590771496295929,1625,0.60400390625,0.58447265625,7,4,1517,21.36,1163,1,NHS2105
Maritime History and Culture of Southeast Asia,SE3227,Arts and Social Science,Southeast Asian Studies,0.590771496295929,1625,0.61962890625,0.5771484375,10,1,498,7.01,1986,1,SE3227
Advanced Concepts in Orchestral Repertoire,MUA3181,YST Conservatory of Music,YSTCM Dean's Office,0.590771496295929,1625,0.62451171875,0.568359375,3,8,238,3.35,2238,1,MUA3181
Social Neuroscience,PL4238,Arts and Social Science,Psychology,0.590771496295929,1625,0.6025390625,0.580078125,4,7,1087,15.31,1468,2,PL4238; PL4238HM
Chinese Stylistics,CL3216,Arts and Social Science,Chinese Studies,0.590771496295929,1625,0.62060546875,0.57080078125,5,6,249,3.51,2227,1,CL3216
Sport Psychology,PL4880H,Arts and Social Science,Psychology,0.5907226800918579,1626,0.6015625,0.583984375,6,5,1352,19.04,1268,2,PL4880H; PL4880HHM
Programming Language Implementation,CS4215,Computing,Computer Science,0.5907226800918579,1626,0.6064453125,0.5810546875,4,7,422,5.94,2058,2,CS4215; CS4215R
Inorganic and Organometallic Chemistry,CM3111,Science,Chemistry,0.5907226800918579,1626,0.61767578125,0.576171875,5,6,286,4.03,2191,1,CM3111
Culture and Reproductive Science and Technology,YSS3290,Yale-NUS College,Yale-NUS College,0.5907226800918579,1626,0.626953125,0.58056640625,7,4,770,10.84,1734,1,YSS3290
The Access to Justice Low Bono Litigation Clinic,LL4094C,Law,FoL Dean's Office,0.5907226800918579,1626,0.607421875,0.58349609375,2,9,556,7.83,1930,2,LL4094C; LL4094CV
Heritage and Heritagescapes in Southeast Asia,SE3214,Arts and Social Science,Southeast Asian Studies,0.590624988079071,1627,0.60888671875,0.57861328125,9,2,1123,15.81,1438,1,SE3214
Basic UROPS in Life Sciences I (REx),LSM2288R,Science,Biological Sciences,0.590576171875,1628,0.603515625,0.58056640625,3,8,1178,16.59,1395,1,LSM2288R
Theatre-Making Laboratory,YHU3344,Yale-NUS College,Yale-NUS College,0.590527355670929,1629,0.6357421875,0.56982421875,8,3,688,9.69,1809,1,YHU3344
Advanced Readings in Chinese: Modern Chinese Literature,YLC3206,Yale-NUS College,Yale-NUS College,0.5904785394668579,1630,0.607421875,0.57568359375,4,7,160,2.25,2315,1,YLC3206
Moral Development,PL3260,Arts and Social Science,Psychology,0.5904785394668579,1630,0.603515625,0.58251953125,2,9,647,9.11,1847,3,PL3260; PL4253; PL4253HM
"Empire and Art: India, Singapore, Malaya",AH2203,Arts and Social Science,History,0.5904296636581421,1631,0.6083984375,0.57275390625,6,5,766,10.79,1738,1,AH2203
Visual Anthropology Field-School,SC2224,Arts and Social Science,Sociology and Anthropology,0.590380847454071,1632,0.63037109375,0.578125,8,3,904,12.73,1614,1,SC2224
Communicating about the Arts,GET1040,YST Conservatory of Music,YSTCM Dean's Office,0.590380847454071,1632,0.6591796875,0.56494140625,5,6,867,12.21,1647,2,GET1040; GEX1022
Approaches to Japanese Linguistics,JS3208,Arts and Social Science,Japanese Studies,0.590380847454071,1632,0.65966796875,0.55859375,7,4,131,1.84,2344,1,JS3208
The Biology of Ageing,YSC3255,Yale-NUS College,Yale-NUS College,0.59033203125,1633,0.62255859375,0.578125,3,8,242,3.41,2234,1,YSC3255
Exploring Counselling Approaches: Theories and Practice,SW3209,Arts and Social Science,Social Work,0.590283215045929,1634,0.6298828125,0.55126953125,4,7,121,1.7,2354,1,SW3209
Topics in Computing,CP3101,Computing,SoC Dean's Office,0.5902343988418579,1635,0.63330078125,0.5703125,7,4,711,10.01,1787,1,CP3101
Opera Workshop 1,MUA3196,YST Conservatory of Music,YSTCM Dean's Office,0.5902343988418579,1635,0.63232421875,0.56884765625,4,7,390,5.49,2088,1,MUA3196
Advanced Forensic Science,FSC4208,Science,Chemistry,0.5902343988418579,1635,0.59375,0.58740234375,4,7,1032,14.53,1509,1,FSC4208
Contemporary Politics of Northeast Asia,PS4221,Arts and Social Science,Political Science,0.5902343988418579,1635,0.61328125,0.57763671875,6,5,801,11.28,1707,2,PS4221; PS4221HM
Chinese Temples in Southeast Asia,YHU3371,Yale-NUS College,Yale-NUS College,0.5901855230331421,1636,0.64208984375,0.57568359375,8,3,872,12.28,1643,1,YHU3371
Economic Forecasting,YSS3345,Yale-NUS College,Yale-NUS College,0.5901855230331421,1636,0.61181640625,0.578125,7,4,1113,15.67,1448,1,YSS3345
"Environment, Development and Mobilisation in Asia",YID3216,Yale-NUS College,Yale-NUS College,0.5901855230331421,1636,0.61669921875,0.57666015625,4,7,1147,16.15,1417,1,YID3216
Social Gerontology,SW3223,Arts and Social Science,Social Work,0.5901855230331421,1636,0.63427734375,0.57080078125,3,8,256,3.61,2220,1,SW3223
Urban Ecology,LSM4258,Science,Biological Sciences,0.5901855230331421,1636,0.6298828125,0.56103515625,3,8,162,2.28,2313,2,LSM4258; LSM4265
Electric Vehicles and their Grid Integration,EE4513,College of Design and Engineering,Electrical and Computer Engineering,0.590136706829071,1637,0.6533203125,0.564453125,4,7,462,6.51,2019,1,EE4513
Fundamental Public Health Methods,SPH2001,SSH School of Public Health,SSH School of Public Health Dean's Office,0.590136706829071,1637,0.619140625,0.5751953125,5,6,412,5.8,2068,1,SPH2001
Emerging Markets and Economic Governance,PS4226,Arts and Social Science,Political Science,0.590136706829071,1637,0.6220703125,0.5751953125,4,7,1000,14.08,1534,2,PS4226; PS4226HM
Mathematical Foundations for Data Literacy with R,SP2718D,Science,Mathematics,0.590136706829071,1637,0.619140625,0.56689453125,5,6,195,2.75,2280,1,SP2718D
"Anatomy, Physiology and Physical Assessment I",NUR1123,Yong Loo Lin Sch of Medicine,Alice Lee Center for Nursing Studies,0.590087890625,1638,0.62060546875,0.578125,5,6,629,8.86,1863,1,NUR1123
Systems Thinking and Engineering,MT3001,College of Design and Engineering,Industrial Systems Engineering and Management,0.590087890625,1638,0.59814453125,0.5830078125,5,6,821,11.56,1689,1,MT3001
Infant Development,PL3256,Arts and Social Science,Psychology,0.590087890625,1638,0.62353515625,0.57373046875,2,9,160,2.25,2315,1,PL3256
Improving Health: Beyond Medicine,MIH1102,Yong Loo Lin Sch of Medicine,Biochemistry,0.590039074420929,1639,0.5966796875,0.58154296875,3,8,631,8.89,1861,1,MIH1102
Interdisciplinary Electronic Arts Survey,MUA1270,YST Conservatory of Music,YSTCM Dean's Office,0.590039074420929,1639,0.62255859375,0.57568359375,6,5,392,5.52,2086,1,MUA1270
Tumour Biology,LSM4243,Yong Loo Lin Sch of Medicine,Physiology,0.590039074420929,1639,0.62939453125,0.56982421875,4,7,253,3.56,2223,1,LSM4243
Urban Land Use and Development,RE1701,NUS Business School,Real Estate,0.590039074420929,1639,0.61572265625,0.58251953125,4,7,1116,15.72,1445,1,RE1701
High-Dimensional Statistical Analysis,DSA4211,Science,Statistics and Data Science,0.5899902582168579,1640,0.6103515625,0.57177734375,5,6,282,3.97,2195,1,DSA4211
Advanced UROPS in Mathematics I (REx),MA3288R,Science,Mathematics,0.5899902582168579,1640,0.619140625,0.5810546875,6,5,1149,16.18,1416,1,MA3288R
Global Health Governance and Politics,PS3216,Arts and Social Science,Political Science,0.589892566204071,1641,0.6103515625,0.5791015625,5,6,686,9.66,1811,1,PS3216
The Arts in Singapore Today,GES1036,YST Conservatory of Music,YSTCM Dean's Office,0.589892566204071,1641,0.61083984375,0.58154296875,8,3,757,10.66,1747,2,GES1036; GESS1038
Basic UROPS In Chemistry II (REx),CM2289R,Science,Chemistry,0.58984375,1642,0.60302734375,0.57958984375,5,6,1173,16.52,1399,1,CM2289R
From Modernization to Globalization,SC3202,Arts and Social Science,Sociology and Anthropology,0.58984375,1642,0.59521484375,0.5830078125,4,7,1943,27.36,905,1,SC3202
Theatre and Community Engagement,GEN2001,Arts and Social Science,"English,Ling.andTheatre Studies",0.58984375,1642,0.61767578125,0.5732421875,7,4,697,9.82,1801,1,GEN2001
"Oral & Maxillofacial Medicine, Pathology & Radiology",OMS2100,Dentistry,FoD Dean's Office,0.58984375,1642,0.61083984375,0.576171875,3,8,214,3.01,2261,2,OMS2100; OMS3100
Sensation and Perception,PL3243,Arts and Social Science,Psychology,0.58984375,1642,0.63525390625,0.5712890625,3,8,384,5.41,2094,1,PL3243
Waste and Our Environment,LSM1307,Science,Biological Sciences,0.589794933795929,1643,0.62744140625,0.56787109375,6,5,704,9.91,1794,1,LSM1307
Independent Study in Business Economics,BSE3751,NUS Business School,Strategy and Policy,0.589794933795929,1643,0.60009765625,0.58056640625,4,7,1131,15.93,1431,1,BSE3751
Organisational Behavior,MNO1706H,NUS Business School,Management and Organisation,0.589794933795929,1643,0.5986328125,0.58544921875,3,8,1431,20.15,1216,1,MNO1706H
Statistical Case Studies (with R),YSC4212,Yale-NUS College,Yale-NUS College,0.5897461175918579,1644,0.611328125,0.5751953125,4,7,414,5.83,2066,1,YSC4212
History of Chinese Literature,CH2121,Arts and Social Science,Chinese Studies,0.5897461175918579,1644,0.62646484375,0.5751953125,5,6,75,1.06,2400,2,CH2121; CH2121S
Topics in Law and Economics,LL4155,Law,FoL Dean's Office,0.5897461175918579,1644,0.59716796875,0.58544921875,2,9,461,6.49,2020,1,LL4155
Names as Markers of Socio-cultural Identity,GEC1018,Arts and Social Science,"English,Ling.andTheatre Studies",0.5896972417831421,1645,0.6044921875,0.5859375,3,8,1693,23.84,1046,3,GEC1018; GEH1054; GEM1031
"Reality: Social, Virtual, Alternate and Otherwise",NHS2090,NUS College,NUS College Dean's Office,0.5896972417831421,1645,0.61328125,0.57373046875,7,4,517,7.28,1967,1,NHS2090
How in the world do we get along?,RVC1000,Residential College,Ridge View Residential College,0.589648425579071,1646,0.595703125,0.5830078125,5,6,1949,27.45,901,1,RVC1000
Digital Literacy for Healthcare,BMI1101,Yong Loo Lin Sch of Medicine,NUS Medicine Dean's Office,0.589599609375,1647,0.611328125,0.5654296875,4,7,194,2.73,2281,3,BMI1101; BMI1101A; BMI1101C
Drawing Process,YHU3201,Yale-NUS College,Yale-NUS College,0.589599609375,1647,0.62255859375,0.5654296875,6,5,195,2.75,2280,1,YHU3201
Foresight and Scenario Planning,MNO4715,NUS Business School,Management and Organisation,0.589599609375,1647,0.599609375,0.583984375,6,5,1664,23.43,1065,1,MNO4715
Comparative Constitutional Law,LL4012,Law,FoL Dean's Office,0.589599609375,1647,0.6298828125,0.580078125,1,10,385,5.42,2093,2,LL4012; LL4012V
Modern Music,MUT3201,YST Conservatory of Music,YSTCM Dean's Office,0.589550793170929,1648,0.6171875,0.57861328125,3,8,382,5.38,2096,1,MUT3201
Plants and Society,GEC1016,Science,Biological Sciences,0.5895019769668579,1649,0.62744140625,0.572265625,4,7,556,7.83,1930,2,GEC1016; GEH1050
Theatre Lab,TS3103,Arts and Social Science,"English,Ling.andTheatre Studies",0.5895019769668579,1649,0.6044921875,0.57861328125,7,4,431,6.07,2049,1,TS3103
Opera Workshop 3,MUA4196,YST Conservatory of Music,YSTCM Dean's Office,0.5895019769668579,1649,0.6328125,0.56640625,4,7,386,5.44,2092,1,MUA4196
Formulation & Technology II,PR3117,Science,PharmacyandPharmaceuticalScience,0.5895019769668579,1649,0.6044921875,0.57958984375,5,6,523,7.37,1962,1,PR3117
Survey Methodology,ST3239,Science,Statistics and Data Science,0.5895019769668579,1649,0.61572265625,0.5771484375,3,8,681,9.59,1816,1,ST3239
Special Topic In Bioengineering,BN4109,College of Design and Engineering,Biomedical Engineering,0.5894531011581421,1650,0.619140625,0.5732421875,5,6,564,7.94,1923,1,BN4109
Bio-Instrumentation & Signal Analysis,EE4605,College of Design and Engineering,Electrical and Computer Engineering,0.5894531011581421,1650,0.61376953125,0.56884765625,5,6,216,3.04,2259,1,EE4605
The Art of Chinese Poetry: Past and Present,GEH1073,Arts and Social Science,Chinese Studies,0.5894531011581421,1650,0.599609375,0.57763671875,6,5,282,3.97,2195,1,GEH1073
Systems Thinking and Dynamics,IE2141,College of Design and Engineering,Industrial Systems Engineering and Management,0.589404284954071,1651,0.60302734375,0.58349609375,4,7,1272,17.91,1322,1,IE2141
Asking Questions,GEQ1000,Non-Faculty-based Departments,Office of the Provost,0.58935546875,1652,0.63525390625,0.57666015625,6,5,705,9.93,1793,3,GEQ1000; GEQ1000H; GEQ1000X
The Chinese Economy: Institutions and Policies,FAS2882A,Arts and Social Science,FASS DO/Office of Programmes,0.58935546875,1652,0.62646484375,0.57763671875,8,3,600,8.45,1890,1,FAS2882A
Engaging Asia: A Global History,HY1101E,Arts and Social Science,History,0.58935546875,1652,0.6396484375,0.57861328125,6,5,1413,19.9,1227,1,HY1101E
Operations Research I,IE2110,College of Design and Engineering,Industrial Systems Engineering and Management,0.589306652545929,1653,0.615234375,0.578125,7,4,1067,15.03,1482,2,IE2110; TIE2110
Optimization Methods in Business Analytics,BT2103,Computing,Information Systems and Analytics,0.5892578363418579,1654,0.60693359375,0.5771484375,6,5,196,2.76,2279,1,BT2103
Prescribed Text: The Four Books,CH3261,Arts and Social Science,Chinese Studies,0.5892578363418579,1654,0.61962890625,0.57861328125,6,5,356,5.01,2121,1,CH3261
Performance and Popular Culture,TS3234,Arts and Social Science,"English,Ling.andTheatre Studies",0.5892578363418579,1654,0.623046875,0.57568359375,5,6,1314,18.5,1291,1,TS3234
Quantitative Reasoning Foundation: Quantifying Nuclear Risks,NST2040,NUS College,NUS College Dean's Office,0.589160144329071,1655,0.626953125,0.5703125,6,5,423,5.96,2057,1,NST2040
Structural Methods in Inorganic Chem,CM4214,Science,Chemistry,0.589160144329071,1655,0.6328125,0.56689453125,2,9,100,1.41,2375,1,CM4214
Research Tutorial: Exploring the Psychology of Reading,YSS3365,Yale-NUS College,Yale-NUS College,0.589111328125,1656,0.61865234375,0.57177734375,8,3,656,9.24,1839,1,YSS3365
Transition Metal Chemistry,CM3212,Science,Chemistry,0.589111328125,1656,0.6279296875,0.56298828125,4,7,227,3.2,2249,1,CM3212
French 4,LAF3202,Arts and Social Science,Centre for Language Studies,0.5889648199081421,1657,0.6181640625,0.5791015625,3,8,127,1.79,2348,1,LAF3202
Lab in Applying Psychology to Public Policy,YSS3252,Yale-NUS College,Yale-NUS College,0.5889648199081421,1657,0.6435546875,0.56787109375,7,4,238,3.35,2238,1,YSS3252
Total Defence Project Against Threat to Community,GEN2002,NUS,Office of the Provost,0.5889648199081421,1657,0.5986328125,0.57275390625,4,7,381,5.37,2097,2,GEN2002; GEN2002X
Complexity and Recursion,NST2013,NUS,NUS College Dean's Office,0.588916003704071,1658,0.60009765625,0.58251953125,4,7,516,7.27,1968,1,NST2013
Economic and Financial Forecasting,EC4304,Arts and Social Science,Economics,0.588916003704071,1658,0.59521484375,0.583984375,6,5,336,4.73,2141,2,EC4304; EC4304HM
Sport and competition,UTW1001M,Non-Faculty-based Departments,Center for Engl Lang Comms,0.5888671875,1659,0.58935546875,0.58837890625,1,10,938,13.21,1585,1,UTW1001M
Exploring Sense of Place,RVSS1000,Residential College,Ridge View Residential College,0.5888671875,1659,0.60888671875,0.58056640625,6,5,996,14.03,1537,1,RVSS1000
Econometrics III,EC4303,Arts and Social Science,Economics,0.5888671875,1659,0.6142578125,0.57080078125,5,6,267,3.76,2210,2,EC4303; EC4303HM
Environmental Applications of Adsorption,ESE4409,College of Design and Engineering,Civil and Environmental Engineering,0.5888671875,1659,0.62646484375,0.57421875,4,7,261,3.68,2215,1,ESE4409
Utopia: Ideal Places from Plato to the Smart City,NHS2015,NUS College,NUS College Dean's Office,0.5888671875,1659,0.59765625,0.580078125,5,6,817,11.51,1693,1,NHS2015
Music of the Church and State,MUH2203,YST Conservatory of Music,YSTCM Dean's Office,0.588818371295929,1660,0.60009765625,0.56591796875,3,8,103,1.45,2372,1,MUH2203
The Limits of Money,NTW2040,NUS College,NUS College Dean's Office,0.588818371295929,1660,0.59814453125,0.58642578125,5,6,1655,23.31,1070,1,NTW2040
Cultural Encounters - Bali Excursion and Study Tour,MUA3223,YST Conservatory of Music,YSTCM Dean's Office,0.588818371295929,1660,0.591796875,0.5859375,3,8,813,11.45,1696,1,MUA3223
Government and Politics of Japan,JS2223,Arts and Social Science,Japanese Studies,0.588818371295929,1660,0.61865234375,0.56689453125,9,2,751,10.58,1753,1,JS2223
Global Data Privacy Law,LL4433,Law,FoL Dean's Office,0.588818371295929,1660,0.63818359375,0.57763671875,5,6,663,9.34,1833,2,LL4433; LL4433V
Art and Climate: Artistic Practice in the Anthropocene,YHU3383,Yale-NUS College,Yale-NUS College,0.588671863079071,1661,0.62841796875,0.56982421875,8,3,281,3.96,2196,1,YHU3383
Historical Landscapes and Heritage,GE3234,Arts and Social Science,Geography,0.588671863079071,1661,0.640625,0.568359375,8,3,719,10.13,1779,1,GE3234
Health Promotion in the Community,NUR2124,Yong Loo Lin Sch of Medicine,Alice Lee Center for Nursing Studies,0.588574230670929,1662,0.61181640625,0.5771484375,7,4,1121,15.79,1440,1,NUR2124
Spanish 3,LAS3201,Arts and Social Science,Centre for Language Studies,0.588574230670929,1662,0.60693359375,0.580078125,5,6,223,3.14,2252,1,LAS3201
Conflict and Cooperation in East Asia,YSS3226,Yale-NUS College,Yale-NUS College,0.5885254144668579,1663,0.6396484375,0.57470703125,6,5,1180,16.62,1393,1,YSS3226
Korean 1,LAK1201,Arts and Social Science,Centre for Language Studies,0.5885254144668579,1663,0.60205078125,0.5791015625,3,8,377,5.31,2101,1,LAK1201
International Insolvency Law,LL4123,Law,FoL Dean's Office,0.588427722454071,1664,0.64599609375,0.57373046875,2,9,311,4.38,2166,1,LL4123
Developing Meaningful Indicators,NST2020,NUS,NUS College Dean's Office,0.58837890625,1665,0.5986328125,0.57421875,4,7,650,9.15,1844,1,NST2020
Chinese Tales of the Strange,YHU3211,Yale-NUS College,Yale-NUS College,0.588330090045929,1666,0.6025390625,0.5810546875,5,6,229,3.22,2247,1,YHU3211
Thai 5,LAT4201,Arts and Social Science,Centre for Language Studies,0.588330090045929,1666,0.599609375,0.57861328125,7,4,323,4.55,2154,2,LAT4201; LAT4201HM
"Innovation, Entrepreneurship and Law",YSS3352,Yale-NUS College,Yale-NUS College,0.588330090045929,1666,0.59716796875,0.57958984375,4,7,649,9.14,1845,1,YSS3352
Patrons of the Arts,GEC1035,YST Conservatory of Music,YSTCM Dean's Office,0.588330090045929,1666,0.63134765625,0.57080078125,6,5,1628,22.93,1086,2,GEC1035; GET1019
Patent Law & Practice: Perspectives from the U.S,LL4135,Law,FoL Dean's Office,0.5882812738418579,1667,0.6005859375,0.5810546875,2,9,1289,18.15,1309,1,LL4135
Chamber Music 4,MUA4209,YST Conservatory of Music,YSTCM Dean's Office,0.5882812738418579,1667,0.62744140625,0.5732421875,2,9,264,3.72,2212,1,MUA4209
C: A Language for Science and Engineering,YSC2227,Yale-NUS College,Yale-NUS College,0.5882812738418579,1667,0.595703125,0.57958984375,3,8,420,5.91,2060,1,YSC2227
Media and Popular Performance,TS4219,Arts and Social Science,"English,Ling.andTheatre Studies",0.5882323980331421,1668,0.61767578125,0.57373046875,5,6,489,6.89,1994,2,TS4219; TS4219HM
Barriers to Health,MIH2201,Yong Loo Lin Sch of Medicine,Pharmacology,0.5882323980331421,1668,0.61962890625,0.572265625,5,6,680,9.58,1817,1,MIH2201
Sleep Health: A Holistic Approach to Well-being,UTC2722,Residential College,Residential College 4,0.588183581829071,1669,0.609375,0.56884765625,5,6,411,5.79,2069,1,UTC2722
Dialogue: Social Issues in Intergroup Relations,YCT1202,Yale-NUS College,Yale-NUS College,0.588183581829071,1669,0.59716796875,0.5791015625,8,3,1304,18.36,1301,1,YCT1202
Art and Social Change in Postwar Japan,YHU3353,Yale-NUS College,Yale-NUS College,0.588183581829071,1669,0.61865234375,0.57080078125,6,5,663,9.34,1833,1,YHU3353
Japanese Art and Aesthetics,JS3217,Arts and Social Science,Japanese Studies,0.588085949420929,1670,0.607421875,0.5654296875,5,6,173,2.44,2302,1,JS3217
Macroeconomic Analysis I,EC2102,Arts and Social Science,Economics,0.588085949420929,1670,0.6044921875,0.57763671875,5,6,335,4.72,2142,1,EC2102
Southeast Asia in a Globalizing World,SC3212,Arts and Social Science,Sociology and Anthropology,0.587939441204071,1671,0.60205078125,0.57861328125,8,3,1068,15.04,1481,1,SC3212
Integrated Honours Dissertation,XFB4002,NUS Business School,BIZ Dean's Office,0.587890625,1672,0.60009765625,0.5810546875,3,8,1047,14.74,1495,2,XFB4002; XFC4102
French 6,LAF4202,Arts and Social Science,Centre for Language Studies,0.587890625,1672,0.59619140625,0.57470703125,6,5,919,12.94,1600,2,LAF4202; LAF4202HM
Topics in Economic Policy,EC4883,Arts and Social Science,Economics,0.587890625,1672,0.615234375,0.57666015625,6,5,866,12.2,1648,2,EC4883; EC4883HM
Biophysics I,PC2267,Science,Physics,0.587841808795929,1673,0.64111328125,0.56640625,5,6,108,1.52,2367,1,PC2267
Soft Robotics,ME4242,College of Design and Engineering,Mechanical Engineering,0.587841808795929,1673,0.60986328125,0.5712890625,4,7,174,2.45,2301,1,ME4242
Mechanised Reasoning,YSC4217,Yale-NUS College,Yale-NUS College,0.587841808795929,1673,0.60791015625,0.578125,5,6,549,7.73,1937,1,YSC4217
Critical Reflection,NHS4001,NUS,NUS College Dean's Office,0.587841808795929,1673,0.625,0.576171875,5,6,800,11.27,1708,7,NHS4001; NHS4001A; NHS4001B; NHS4001C; NHS4001D; NHS4001E; NHS4001F
Advanced UROPS in Mathematics II (REx),MA3289R,Science,Mathematics,0.5877929925918579,1674,0.60693359375,0.5810546875,6,5,1005,14.15,1530,1,MA3289R
Postwar Japanese Film and Anime,JS2216,Arts and Social Science,Japanese Studies,0.5877929925918579,1674,0.61962890625,0.5595703125,7,4,329,4.63,2148,1,JS2216
The Technology of Life - Machines That Go Squish,NST2024,NUS College,NUS College Dean's Office,0.5877929925918579,1674,0.61669921875,0.56884765625,5,6,439,6.18,2041,1,NST2024
The City in Modern Chinese Literature,CH4226,Arts and Social Science,Chinese Studies,0.5877929925918579,1674,0.63427734375,0.5712890625,6,5,457,6.44,2024,2,CH4226; CH4226HM
Conservatory Orchestra,MUA1107,YST Conservatory of Music,YSTCM Dean's Office,0.5877929925918579,1674,0.638671875,0.5654296875,2,9,46,0.65,2429,8,MUA1107; MUA1108; MUA2107; MUA2108; MUA3107; MUA3108; MUA4107; MUA4108
Intermediate Spanish 1,YLS2201,Yale-NUS College,Yale-NUS College,0.587695300579071,1675,0.62158203125,0.578125,5,6,769,10.83,1735,1,YLS2201
"Special Physics Class 1, 2",FDP2021,Science,FoS Dean's Office,0.587695300579071,1675,0.619140625,0.57177734375,6,5,707,9.96,1791,1,FDP2021
Technology and Artistic Innovators,GEH1048,YST Conservatory of Music,YSTCM Dean's Office,0.587646484375,1676,0.63623046875,0.56884765625,9,2,246,3.46,2230,1,GEH1048
Elites of Southeast Asia,SE4212,Arts and Social Science,Southeast Asian Studies,0.587646484375,1676,0.5966796875,0.57568359375,5,6,1671,23.53,1061,2,SE4212; SE4212HM
"What is a nation? Texts, images and national identity",UTW1001B,Non-Faculty-based Departments,Center for Engl Lang Comms,0.587646484375,1676,0.63330078125,0.5712890625,6,5,508,7.15,1976,1,UTW1001B
Mobile Application and Game Analytics,TBA3150,Cont and Lifelong Education,SCALE Dean's Office,0.587646484375,1676,0.6083984375,0.57470703125,6,5,190,2.68,2285,1,TBA3150
Foundational Study in a Performing Arts Area (Music),CFA1111A,YST Conservatory of Music,YSTCM Dean's Office,0.587597668170929,1677,0.61376953125,0.560546875,4,7,326,4.59,2151,1,CFA1111A
The Art and Methodology in Total Synthesis,CM4274,Science,Chemistry,0.5875488519668579,1678,0.6123046875,0.576171875,6,5,542,7.63,1944,1,CM4274
Applied Nuclear Physics,PC3232B,Science,Physics,0.5875488519668579,1678,0.6044921875,0.576171875,5,6,469,6.6,2012,1,PC3232B
"Law, Governance & Development in Asia",LL4131V,Law,FoL Dean's Office,0.5874999761581421,1679,0.60791015625,0.57568359375,3,8,355,5.0,2122,1,LL4131V
Cities in Transition,GE3248,Arts and Social Science,Geography,0.587451159954071,1680,0.60205078125,0.57861328125,5,6,1631,22.97,1084,1,GE3248
The Chinese Economy,YSS3315,Yale-NUS College,Yale-NUS College,0.587451159954071,1680,0.5966796875,0.57373046875,6,5,599,8.44,1891,1,YSS3315
Opera Workshop 4,MUA4197,YST Conservatory of Music,YSTCM Dean's Office,0.58740234375,1681,0.630859375,0.56689453125,4,7,354,4.99,2123,1,MUA4197
Engineering Mathematics II,TE2002,Cont and Lifelong Education,SCALE Dean's Office,0.58740234375,1681,0.60205078125,0.58251953125,3,8,1149,16.18,1416,5,TE2002; TEE2002; TM2401; TME2401; TTG2401
Int'l Perspectives on Corporate Social Responsibility,LL4508,Law,FoL Dean's Office,0.58740234375,1681,0.6025390625,0.58056640625,4,7,1631,22.97,1084,2,LL4508; LL4508V
Quantum Chemistry,YSC3209,Yale-NUS College,Yale-NUS College,0.58740234375,1681,0.6435546875,0.55810546875,5,6,93,1.31,2382,1,YSC3209
Tales and Performance in Premodern Japan,JS4216,Arts and Social Science,Japanese Studies,0.587353527545929,1682,0.62451171875,0.56103515625,7,4,328,4.62,2149,2,JS4216; JS4216HM
Law and Technology,LC2017,Law,FoL Dean's Office,0.587353527545929,1682,0.6220703125,0.57763671875,6,5,601,8.46,1889,3,LC2017; LL4493; LL4493V
GEx Toronto,NEX3004,NUS College,NUS College Dean's Office,0.5872558355331421,1683,0.6005859375,0.5791015625,9,2,1822,25.66,969,2,NEX3004; NEX3004S
Chemistry - The Central Science,CM1102,Science,Chemistry,0.587207019329071,1684,0.619140625,0.5654296875,5,6,203,2.86,2272,1,CM1102
Korean for Academic Purposes,LAK3203,Arts and Social Science,Centre for Language Studies,0.587158203125,1685,0.61279296875,0.572265625,7,4,413,5.82,2067,1,LAK3203
Selected Advanced Topics on Polymers,MLE4202,College of Design and Engineering,Materials Science and Engineering,0.587158203125,1685,0.62109375,0.576171875,2,9,293,4.13,2184,1,MLE4202
Influence of Migration on Landscapes of Singapore,FAS2882B,Arts and Social Science,FASS DO/Office of Programmes,0.587158203125,1685,0.6103515625,0.57373046875,7,4,931,13.11,1591,1,FAS2882B
Ethics in Outer Space,UTW2001E,Non-Faculty-based Departments,Center for Engl Lang Comms,0.587158203125,1685,0.60302734375,0.58056640625,1,10,344,4.84,2133,1,UTW2001E
Selected Readings in Chinese Prose,CH2222,Arts and Social Science,Chinese Studies,0.587109386920929,1686,0.63232421875,0.57275390625,6,5,223,3.14,2252,2,CH2222; CH3232
"ASEAN Environmental Law, Policy & Governance",LL4171V,Law,FoL Dean's Office,0.587109386920929,1686,0.60107421875,0.5791015625,5,6,741,10.44,1761,1,LL4171V
International Finance II,EC4343,Arts and Social Science,Economics,0.587109386920929,1686,0.60498046875,0.57763671875,5,6,232,3.27,2244,2,EC4343; EC4343HM
A Pianist's Toolbox 3,MUA3159,YST Conservatory of Music,YSTCM Dean's Office,0.587109386920929,1686,0.61865234375,0.572265625,3,8,165,2.32,2310,1,MUA3159
Frontiers of Physics,PC1101,Science,Physics,0.5870605707168579,1687,0.6328125,0.5712890625,3,8,176,2.48,2299,1,PC1101
Mathematics and Reality,NST2015,NUS College,NUS College Dean's Office,0.5870605707168579,1687,0.60693359375,0.57568359375,6,5,399,5.62,2079,1,NST2015
Heat Transfer,ME3122,College of Design and Engineering,Mechanical Engineering,0.5870116949081421,1688,0.6025390625,0.57568359375,4,7,620,8.73,1870,3,ME3122; ME3122E; TME3122
Urban Greening: Technologies and Techniques,LAD4012,College of Design and Engineering,Architecture,0.586962878704071,1689,0.60693359375,0.5693359375,6,5,564,7.94,1923,1,LAD4012
Audio Postproduction Project,MUA3172,YST Conservatory of Music,YSTCM Dean's Office,0.586962878704071,1689,0.59814453125,0.58056640625,7,4,479,6.75,2004,1,MUA3172
Modeling for Sustainability: A Pollution Control Perspective,NST2026,NUS College,NUS College Dean's Office,0.586962878704071,1689,0.6083984375,0.5673828125,7,4,438,6.17,2042,1,NST2026
Human Trafficking and Labour Migration,NTW2006,NUS College,NUS College Dean's Office,0.586865246295929,1690,0.6015625,0.580078125,7,4,2233,31.45,760,1,NTW2006
Statistics in Molecular Biology,ST3245,Science,Statistics and Data Science,0.586865246295929,1690,0.6044921875,0.57666015625,4,7,153,2.15,2322,1,ST3245
Electronic Properties of Materials,MLE2105,College of Design and Engineering,Materials Science and Engineering,0.5867675542831421,1691,0.626953125,0.5654296875,3,8,132,1.86,2343,1,MLE2105
"Climate, Ecology & Architecture",AR1329,College of Design and Engineering,Architecture,0.586718738079071,1692,0.60546875,0.57373046875,4,7,183,2.58,2292,1,AR1329
Literary Translation,TRA3204,Arts and Social Science,Chinese Studies,0.586718738079071,1692,0.61669921875,0.568359375,7,4,219,3.08,2256,1,TRA3204
Mathematics Capstone Project,MA4198,Science,Mathematics,0.586669921875,1693,0.6162109375,0.5791015625,6,5,795,11.2,1712,1,MA4198
Worlds of Work,GE3247,Arts and Social Science,Geography,0.586621105670929,1694,0.6015625,0.57470703125,6,5,1839,25.9,961,1,GE3247
Regulation of Digital Platforms,LL4387,Law,FoL Dean's Office,0.586621105670929,1694,0.6044921875,0.5771484375,6,5,336,4.73,2141,2,LL4387; LL4387V
Independent Study 1,ME3000,College of Design and Engineering,Mechanical Engineering,0.586621105670929,1694,0.603515625,0.5732421875,6,5,659,9.28,1837,1,ME3000
Grammaticalisation,EL3880C,Arts and Social Science,"English,Ling.andTheatre Studies",0.5865722894668579,1695,0.59765625,0.57568359375,6,5,236,3.32,2240,1,EL3880C
Selected Topics in Chinese Art (taught in English),CH3293,Arts and Social Science,Chinese Studies,0.5865722894668579,1695,0.63525390625,0.5693359375,4,7,165,2.32,2310,1,CH3293
Historical Variation in English,EL2111,Arts and Social Science,"English,Ling.andTheatre Studies",0.5865234136581421,1696,0.6025390625,0.5771484375,5,6,200,2.82,2275,1,EL2111
"Special Mathematics Class 1, 2",FDP2011,Science,FoS Dean's Office,0.586474597454071,1697,0.6142578125,0.57275390625,6,5,293,4.13,2184,1,FDP2011
Applied Population Economics,EC4363,Arts and Social Science,Economics,0.586376965045929,1698,0.6142578125,0.576171875,7,4,1531,21.56,1152,2,EC4363; EC4363HM
Chamber Singers,MUA1192,YST Conservatory of Music,YSTCM Dean's Office,0.586376965045929,1698,0.615234375,0.572265625,2,9,427,6.01,2053,4,MUA1192; MUA1193; MUA2192; MUA2193
The Digital Lives of Species,NST2058,NUS College,NUS College Dean's Office,0.5863281488418579,1699,0.64453125,0.5595703125,5,6,233,3.28,2243,1,NST2058
Capstone Project,YSS4107,Yale-NUS College,Yale-NUS College,0.5863281488418579,1699,0.60986328125,0.5791015625,4,7,922,12.98,1598,1,YSS4107
Spatial Computational Thinking,AR2524,College of Design and Engineering,Architecture,0.5863281488418579,1699,0.59765625,0.57958984375,5,6,452,6.37,2029,1,AR2524
"""Fake News"" In the public sphere",GEX1032,Arts and Social Science,Communications and New Media,0.5863281488418579,1699,0.609375,0.5732421875,6,5,371,5.22,2107,1,GEX1032
Probability (T),MA2116T,Science,Mathematics,0.5862792730331421,1700,0.61279296875,0.578125,4,7,481,6.77,2002,1,MA2116T
Chamber Music 6,MUA4409,YST Conservatory of Music,YSTCM Dean's Office,0.5862792730331421,1700,0.63134765625,0.576171875,2,9,309,4.35,2168,1,MUA4409
Foundations of Environmental History,YID2216,Yale-NUS College,Yale-NUS College,0.5862792730331421,1700,0.615234375,0.5673828125,5,6,272,3.83,2205,1,YID2216
Topics in Population and Migration,GL4886,Arts and Social Science,Political Science,0.586230456829071,1701,0.6181640625,0.57666015625,7,4,1414,19.91,1226,2,GL4886; GL4886HM
Law & Economics of Corporate Bankruptcy & Insolvency,LL4441,Law,FoL Dean's Office,0.586181640625,1702,0.658203125,0.5732421875,5,6,422,5.94,2058,2,LL4441; LL4441V
German 6,LAG4202,Arts and Social Science,Centre for Language Studies,0.586181640625,1702,0.60498046875,0.56787109375,5,6,688,9.69,1809,2,LAG4202; LAG4202HM
Introduction to Business History,HY2252,Arts and Social Science,History,0.586181640625,1702,0.59423828125,0.57666015625,4,7,1222,17.21,1360,1,HY2252
Pre-trial Advocacy in Civil Litigation,LL4539,Law,FoL Dean's Office,0.586132824420929,1703,0.6025390625,0.57958984375,2,9,928,13.07,1593,2,LL4539; LL4539V
General Chemistry,YSC1207,Yale-NUS College,Yale-NUS College,0.586132824420929,1703,0.634765625,0.5673828125,4,7,141,1.99,2334,1,YSC1207
"Colours, Materials & Finishing",ID3125,College of Design and Engineering,Industrial Design,0.586132824420929,1703,0.59912109375,0.578125,5,6,492,6.93,1992,1,ID3125
Arts and Artists in the Nusantara,MS2220,Arts and Social Science,Malay Studies,0.5860840082168579,1704,0.6181640625,0.5654296875,9,2,631,8.89,1861,1,MS2220
Computational Methods in Physical Sciences,YSC2237,Yale-NUS College,Yale-NUS College,0.5860351324081421,1705,0.6015625,0.5732421875,3,8,224,3.15,2251,2,YSC2237; YSC3264
Introducing Malaysia,SFI2022,NUS,Office of the Provost,0.5860351324081421,1705,0.60986328125,0.57568359375,7,4,1331,18.74,1282,1,SFI2022
Engineering Economy,IE2140,College of Design and Engineering,Industrial Systems Engineering and Management,0.5860351324081421,1705,0.6005859375,0.57568359375,6,5,1123,15.81,1438,2,IE2140; TIE2140
Advanced Econometrics,YSS3207,Yale-NUS College,Yale-NUS College,0.585986316204071,1706,0.625,0.56396484375,6,5,143,2.01,2332,1,YSS3207
Chinese Fiction,CH2223,Arts and Social Science,Chinese Studies,0.585986316204071,1706,0.6162109375,0.57373046875,4,7,171,2.41,2304,2,CH2223; CH3231
"Philosophy, Politics and Economics Capstone Project",YSS4106,Yale-NUS College,Yale-NUS College,0.5859375,1707,0.59423828125,0.58203125,4,7,991,13.96,1542,1,YSS4106
Introduction to The World of Plastics,SP2718H,Science,Chemistry,0.5859375,1707,0.6171875,0.56982421875,4,7,167,2.35,2308,1,SP2718H
Topics in CP: Money and Politics,PS4881D,Arts and Social Science,Political Science,0.585888683795929,1708,0.60546875,0.578125,5,6,1119,15.76,1442,2,PS4881D; PS4881DHM
Theatre Directing,YHU4261,Yale-NUS College,Yale-NUS College,0.585888683795929,1708,0.634765625,0.56689453125,7,4,552,7.77,1934,1,YHU4261
Principles of Environmental Science,YSC2253,Yale-NUS College,Yale-NUS College,0.585888683795929,1708,0.62841796875,0.56298828125,5,6,237,3.34,2239,1,YSC2253
IT Law II,LL4077V,Law,FoL Dean's Office,0.5858398675918579,1709,0.5966796875,0.57666015625,5,6,883,12.43,1633,1,LL4077V
Chamber Music 5,MUA4309,YST Conservatory of Music,YSTCM Dean's Office,0.5858398675918579,1709,0.62451171875,0.57373046875,2,9,301,4.24,2176,1,MUA4309
Applied Time Series Analysis,ST4253,Science,Statistics and Data Science,0.585644543170929,1710,0.63525390625,0.55859375,6,5,240,3.38,2236,1,ST4253
Basic UROPS in Mathematics I,MA2288,Science,Mathematics,0.585644543170929,1710,0.5986328125,0.572265625,7,4,306,4.31,2171,1,MA2288
Basic UROPS in Physics I,PC2288,Science,Physics,0.585644543170929,1710,0.5947265625,0.57177734375,6,5,939,13.22,1584,1,PC2288
Machine Learning,CS3244,Computing,Computer Science,0.585644543170929,1710,0.6396484375,0.56689453125,5,6,61,0.86,2414,3,CS3244; CS3244R; YSC4216
Positive Psychology,PL4880G,Arts and Social Science,Psychology,0.5855957269668579,1711,0.6123046875,0.5810546875,5,6,477,6.72,2006,2,PL4880G; PL4880GHM
Geospatial Mapping for Public Health,SPH3108,SSH School of Public Health,SSH School of Public Health Dean's Office,0.5855957269668579,1711,0.6162109375,0.57666015625,4,7,73,1.03,2402,1,SPH3108
Climate Science and Climate Change Fundamentals,PC4441,Science,Physics,0.5855957269668579,1711,0.6552734375,0.56494140625,5,6,195,2.75,2280,1,PC4441
Affective Computing,IS4152,Computing,Information Systems and Analytics,0.5855468511581421,1712,0.6103515625,0.57470703125,6,5,695,9.79,1803,1,IS4152
"Language, Cognition, and Culture",NHS2021,NUS College,NUS College Dean's Office,0.5855468511581421,1712,0.6083984375,0.56494140625,5,6,262,3.69,2214,1,NHS2021
Biomolecules,CM3225,Science,Chemistry,0.5855468511581421,1712,0.62646484375,0.5712890625,4,7,108,1.52,2367,1,CM3225
Macroeconomic Analysis III,EC4302,Arts and Social Science,Economics,0.5855468511581421,1712,0.60595703125,0.5751953125,6,5,542,7.63,1944,2,EC4302; EC4302HM
Musical Concepts and Materials 1,MUT1101,YST Conservatory of Music,YSTCM Dean's Office,0.585498034954071,1713,0.59619140625,0.57666015625,2,9,365,5.14,2112,1,MUT1101
GEx Chiang Mai,NEX3015,NUS College,NUS College Dean's Office,0.585498034954071,1713,0.59521484375,0.580078125,7,4,1198,16.87,1379,1,NEX3015
Legal Technology & Innovation,LL4456,Law,FoL Dean's Office,0.585498034954071,1713,0.6162109375,0.56494140625,5,6,301,4.24,2176,2,LL4456; LL4456V
The Global Renaissance,YHU4254,Yale-NUS College,Yale-NUS College,0.585498034954071,1713,0.62060546875,0.57177734375,8,3,836,11.77,1676,1,YHU4254
Undergraduate Seminar in Mathematics,MA3291,Science,Mathematics,0.585498034954071,1713,0.6171875,0.5673828125,4,7,279,3.93,2198,1,MA3291
Economics of Ageing,EC4355,Arts and Social Science,Economics,0.58544921875,1714,0.6083984375,0.57470703125,8,3,728,10.25,1772,2,EC4355; EC4355HM
Industrialising Singapore and SE Asia,SE3218,Arts and Social Science,Southeast Asian Studies,0.585400402545929,1715,0.58984375,0.58203125,3,8,1206,16.98,1372,1,SE3218
Malay-Islamic Cultural Encounters: Arts and Aesthetics,MS2218,Arts and Social Science,Malay Studies,0.585400402545929,1715,0.603515625,0.568359375,6,5,466,6.56,2015,1,MS2218
Econometrics,YSS2211,Yale-NUS College,Yale-NUS College,0.5853515863418579,1716,0.61376953125,0.57177734375,6,5,164,2.31,2311,1,YSS2211
Drawing Methods,YHU2215,Yale-NUS College,Yale-NUS College,0.5853515863418579,1716,0.63916015625,0.55615234375,7,4,203,2.86,2272,1,YHU2215
Agents of Complexity: Modelling complex systems,NST2068,NUS College,NUS College Dean's Office,0.5853515863418579,1716,0.62451171875,0.57470703125,2,9,580,8.17,1907,1,NST2068
Managerial Economics: Exposure,BSP1707,NUS Business School,Strategy and Policy,0.5853027105331421,1717,0.58740234375,0.580078125,3,8,457,6.44,2024,3,BSP1707; BSP1707A; BSP1707B
Korean 4,LAK3202,Arts and Social Science,Centre for Language Studies,0.5853027105331421,1717,0.59716796875,0.5771484375,6,5,281,3.96,2196,1,LAK3202
Law of Money and Central Banking,LL4494,Law,FoL Dean's Office,0.5853027105331421,1717,0.6298828125,0.56591796875,5,6,349,4.91,2128,2,LL4494; LL4494V
Love by Numbers: The Science of Surveying Love,NST2061,NUS College,NUS College Dean's Office,0.585253894329071,1718,0.630859375,0.57177734375,7,4,495,6.97,1989,1,NST2061
Geography in the Contemporary World,GE4233,Arts and Social Science,Geography,0.585205078125,1719,0.60498046875,0.56884765625,3,8,441,6.21,2039,2,GE4233; GE4233HM
Environmental Studies Capstone Project,YID4101,Yale-NUS College,Yale-NUS College,0.585156261920929,1720,0.6171875,0.5673828125,5,6,470,6.62,2011,1,YID4101
Basic Human Pathology,PX2108,Yong Loo Lin Sch of Medicine,Pathology,0.585156261920929,1720,0.65966796875,0.55908203125,6,5,174,2.45,2301,1,PX2108
Interactional Discourse,EL4252,Arts and Social Science,"English,Ling.andTheatre Studies",0.5851074457168579,1721,0.5986328125,0.57666015625,4,7,529,7.45,1957,2,EL4252; EL4252HM
Social Transformations in Modern China,SC3222,Arts and Social Science,Sociology and Anthropology,0.5851074457168579,1721,0.6025390625,0.57470703125,8,3,991,13.96,1542,1,SC3222
Advanced UROPS in Mathematics I,MA3288,Science,Mathematics,0.5850585699081421,1722,0.6162109375,0.5771484375,5,6,692,9.75,1805,1,MA3288
Selected Topics in Economics and Service Systems,IE4269,College of Design and Engineering,Industrial Systems Engineering and Management,0.5850585699081421,1722,0.5888671875,0.58056640625,6,5,819,11.53,1691,1,IE4269
Transport Economics,EC4382,Arts and Social Science,Economics,0.585009753704071,1723,0.607421875,0.5615234375,9,2,658,9.27,1838,2,EC4382; EC4382HM
Chemical Biology,CM4227,Science,Chemistry,0.5849609375,1724,0.65380859375,0.56005859375,4,7,104,1.46,2371,1,CM4227
Law of Agency,LL4323,Law,FoL Dean's Office,0.5849609375,1724,0.60400390625,0.5751953125,6,5,2043,28.77,855,2,LL4323; LL4323V
Spatial Health,GE4241,Arts and Social Science,Geography,0.5849609375,1724,0.60986328125,0.57080078125,4,7,282,3.97,2195,2,GE4241; GE4241HM
Non-Linear Programming,MA3236,Science,Mathematics,0.5849609375,1724,0.60498046875,0.572265625,3,8,1204,16.96,1374,1,MA3236
Web Analytics,TBA3204,Cont and Lifelong Education,SCALE Dean's Office,0.584912121295929,1725,0.60205078125,0.5732421875,7,4,210,2.96,2265,1,TBA3204
Issues and Events in Malaysian History,HY4210,Arts and Social Science,History,0.584912121295929,1725,0.65283203125,0.56689453125,6,5,794,11.18,1713,2,HY4210; HY4210HM
Technological Innovation,BSN3701,NUS Business School,Strategy and Policy,0.584912121295929,1725,0.64013671875,0.5732421875,8,3,1139,16.04,1424,6,BSN3701; BSN3701A; BSN3701B; TR3008; TR3008A; TR3008B
Approaches to Japanese Studies I,JS2101,Arts and Social Science,Japanese Studies,0.584912121295929,1725,0.64794921875,0.55859375,8,3,297,4.18,2180,1,JS2101
Optimisation Algorithms,CS4234,Computing,Computer Science,0.5848633050918579,1726,0.59716796875,0.576171875,7,4,993,13.98,1540,2,CS4234; CS4234R
Computer Systems for Audio,MUA2178,YST Conservatory of Music,YSTCM Dean's Office,0.5848633050918579,1726,0.63232421875,0.5712890625,5,6,867,12.21,1647,1,MUA2178
Firms' Strategies and Market Competition,YSS2212,Yale-NUS College,Yale-NUS College,0.5848633050918579,1726,0.60107421875,0.57470703125,7,4,1553,21.87,1138,1,YSS2212
Fair Use in Theory and Practice,LL4332,Law,FoL Dean's Office,0.5848633050918579,1726,0.59033203125,0.5791015625,2,9,739,10.41,1762,1,LL4332
Social Psychology of New Media,NM2209,Arts and Social Science,Communications and New Media,0.5848633050918579,1726,0.6044921875,0.57373046875,6,5,965,13.59,1564,1,NM2209
Jr Sem: Chances in Life,UTC1418,Residential College,College of Alice and Peter Tan,0.584765613079071,1727,0.60302734375,0.578125,6,5,1234,17.38,1350,1,UTC1418
Directed Language Study: Intermediate Sanskrit,YIL2201S,Yale-NUS College,Yale-NUS College,0.584765613079071,1727,0.59130859375,0.578125,3,8,334,4.7,2143,1,YIL2201S
Global Economy,BSP2701,NUS Business School,Strategy and Policy,0.584716796875,1728,0.58984375,0.57861328125,3,8,395,5.56,2083,1,BSP2701
Selected Topics in Chinese Art (taught in Chinese),CH3272,Arts and Social Science,Chinese Studies,0.584716796875,1728,0.6298828125,0.56884765625,4,7,133,1.87,2342,1,CH3272
Crime and Companies,LL4280V,Law,FoL Dean's Office,0.584667980670929,1729,0.615234375,0.5791015625,5,6,2187,30.8,779,1,LL4280V
"Life, Disrupted: The Sharing Revolution",GEH1075,Arts and Social Science,Economics,0.584667980670929,1729,0.59423828125,0.58203125,4,7,1469,20.69,1194,2,GEH1075; GEX1002
Explain This: Why are Complex Ideas Hard to Explain?,HS2930,Arts and Social Science,Communications and New Media,0.5846191644668579,1730,0.60888671875,0.5751953125,5,6,1163,16.38,1406,1,HS2930
Analytics in Digital Marketplaces,DBA4814,NUS Business School,Analytics and Operations,0.5846191644668579,1730,0.6025390625,0.5751953125,5,6,181,2.55,2294,1,DBA4814
Advanced Mathematics for Engineers,TE2003,Cont and Lifelong Education,SCALE Dean's Office,0.5846191644668579,1730,0.59619140625,0.57666015625,2,9,1074,15.12,1477,2,TE2003; TEE2003
Physics of Everyday Phenomena,PC2421,Science,Physics,0.5846191644668579,1730,0.6142578125,0.5673828125,6,5,798,11.24,1710,1,PC2421
Law and Economics of Climate Change,LL4534,Law,FoL Dean's Office,0.5845702886581421,1731,0.6591796875,0.56689453125,3,8,205,2.89,2270,2,LL4534; LL4534V
Sporting Bodies,HS2903,Arts and Social Science,Communications and New Media,0.5845702886581421,1731,0.59375,0.5751953125,5,6,955,13.45,1571,1,HS2903
Statistical Thermodynamics,YSC3224,Yale-NUS College,Yale-NUS College,0.5845702886581421,1731,0.62158203125,0.5615234375,4,7,133,1.87,2342,1,YSC3224
Agrarian Change and Environmental Transformations,YID3206,Yale-NUS College,Yale-NUS College,0.584521472454071,1732,0.6083984375,0.5576171875,3,8,245,3.45,2231,1,YID3206
International Law & Asia,LL4109,Law,FoL Dean's Office,0.584423840045929,1733,0.61572265625,0.5703125,4,7,322,4.53,2155,2,LL4109; LL4109V
Applying Cognitive Psychology to Learning & Instruction,PL4880L,Arts and Social Science,Psychology,0.584423840045929,1733,0.599609375,0.57421875,6,5,616,8.67,1874,2,PL4880L; PL4880LHM
Lab in Personality and Psychopathology,PL3287A,Arts and Social Science,Psychology,0.584423840045929,1733,0.5986328125,0.57763671875,7,4,1126,15.86,1435,1,PL3287A
Identities in Asia,UTC2417,Residential College,College of Alice and Peter Tan,0.584423840045929,1733,0.59423828125,0.57275390625,2,9,1149,16.18,1416,2,UTC2417; UTS2400
Introduction to Vocal Technique and Performance,YHU2308,Yale-NUS College,Yale-NUS College,0.584423840045929,1733,0.609375,0.57275390625,5,6,1357,19.11,1265,1,YHU2308
Engineering Mathematics,DTS2701,Temasek Defence Sys. Institute,Temasek Defence Systems Inst,0.5843750238418579,1734,0.59912109375,0.5771484375,5,6,759,10.69,1745,1,DTS2701
The Int'l Litigation & Procedure of State Disputes,LL4325,Law,FoL Dean's Office,0.5843261480331421,1735,0.6708984375,0.5615234375,3,8,219,3.08,2256,1,LL4325
Emerging Topics in Computing V,CP4285,Computing,Computer Science,0.584277331829071,1736,0.6025390625,0.57958984375,5,6,1656,23.32,1069,1,CP4285
Spanish 2,LAS2201,Arts and Social Science,Centre for Language Studies,0.584228515625,1737,0.59326171875,0.5771484375,3,8,211,2.97,2264,1,LAS2201
Database Management Systems,YSC3263,Yale-NUS College,Yale-NUS College,0.584228515625,1737,0.6337890625,0.55615234375,5,6,274,3.86,2203,1,YSC3263
Ecology and Ecosystems,YSC2247,Yale-NUS College,Yale-NUS College,0.584179699420929,1738,0.62744140625,0.54443359375,5,6,155,2.18,2320,1,YSC2247
Fungi and Society,GEC1054,Science,Biological Sciences,0.5841308832168579,1739,0.63671875,0.564453125,4,7,171,2.41,2304,2,GEC1054; YSC2258
The Chinese Script : History and Issues,CL2101,Arts and Social Science,Chinese Studies,0.5841308832168579,1739,0.60693359375,0.5654296875,4,7,114,1.61,2361,1,CL2101
Functional Materials and Devices,ME4256,College of Design and Engineering,Mechanical Engineering,0.5840820074081421,1740,0.62353515625,0.56298828125,2,9,155,2.18,2320,3,ME4256; ME4256E; TME4256
Citizen Speak: Persuasion and Polarization in Society,RVX1000,Non-Faculty-based Departments,Center for Engl Lang Comms,0.5840820074081421,1740,0.611328125,0.5673828125,7,4,489,6.89,1994,1,RVX1000
Introduction to Piano Technology,MUA3218,YST Conservatory of Music,YSTCM Dean's Office,0.584033191204071,1741,0.62939453125,0.5654296875,4,7,614,8.65,1876,1,MUA3218
Information and Coding Theory,MA4261,Science,Mathematics,0.584033191204071,1741,0.6181640625,0.56884765625,4,7,295,4.15,2182,1,MA4261
"Jr Sem: Documentary Photography: Awareness, Spectatorship, and Storytelling",UTC1423,Residential College,College of Alice and Peter Tan,0.583984375,1742,0.6005859375,0.56640625,8,3,208,2.93,2267,1,UTC1423
Beginning Spanish 2,YLS1202,Yale-NUS College,Yale-NUS College,0.583984375,1742,0.5947265625,0.57275390625,2,9,231,3.25,2245,1,YLS1202
The Genomics of Human History,YSC3247,Yale-NUS College,Yale-NUS College,0.583935558795929,1743,0.650390625,0.5546875,4,7,165,2.32,2310,1,YSC3247
Analysis of Longitudinal Data,ST4242,Science,Statistics and Data Science,0.583935558795929,1743,0.60986328125,0.5703125,5,6,340,4.79,2137,1,ST4242
Sociology of Organizations,SC4203,Arts and Social Science,Sociology and Anthropology,0.5838867425918579,1744,0.59619140625,0.580078125,5,6,2268,31.94,744,2,SC4203; SC4203HM
Honours Project in Statistics,ST4199,Science,Statistics and Data Science,0.5838867425918579,1744,0.6015625,0.57763671875,5,6,550,7.75,1936,2,ST4199; ST4288
Medical Ethics,GEK2035,Arts and Social Science,Philosophy,0.5838378667831421,1745,0.6025390625,0.56884765625,3,8,346,4.87,2131,2,GEK2035; PH2221
Topics in Econometrics,EC4881,Arts and Social Science,Economics,0.583789050579071,1746,0.62060546875,0.5703125,7,4,577,8.13,1910,2,EC4881; EC4881HM
Topics in Policy Making,GL4885,Arts and Social Science,Political Science,0.583789050579071,1746,0.6005859375,0.57568359375,7,4,980,13.8,1552,2,GL4885; GL4885HM
Multimodal Transport Law,LL4226,Law,FoL Dean's Office,0.583789050579071,1746,0.59130859375,0.578125,4,7,556,7.83,1930,2,LL4226; LL4226V
Integrated Honours Thesis,XFA4402,Arts and Social Science,Economics,0.583789050579071,1746,0.60791015625,0.56640625,7,4,1047,14.74,1495,19,XFA4402; XFA4403; XFA4404; XFA4404HM; XFA4405; XFA4405HM; XFA4406; XFA4408; XFA4411; XFA4412; XFA4413; XFA4414; XFA4415; XFA4416; XFA4417; XFA4417EC; XFA4417PL; XFA4417SE; XFC4101
Organic Chemistry,CM2122,Science,Chemistry,0.583789050579071,1746,0.63330078125,0.5595703125,5,6,204,2.87,2271,1,CM2122
Chinese Women in Context (in English),CH2392,Arts and Social Science,Chinese Studies,0.583740234375,1747,0.59912109375,0.5732421875,4,7,228,3.21,2248,1,CH2392
Marine Microorganisms and Biogeochemistry,YSC4245,Yale-NUS College,Yale-NUS College,0.583740234375,1747,0.64208984375,0.560546875,5,6,192,2.7,2283,1,YSC4245
Performing Interculturalism Onstage,TS3242,Arts and Social Science,"English,Ling.andTheatre Studies",0.583740234375,1747,0.603515625,0.5732421875,6,5,911,12.83,1607,1,TS3242
Global Comparative Constitutional Law,LL4304,Law,FoL Dean's Office,0.5836426019668579,1748,0.60205078125,0.57470703125,2,9,352,4.96,2125,1,LL4304
Junior Seminar: The Bio‐tech Future: Sci‐Fi Film and Society,UTC1102N,Residential College,Tembusu College,0.5836426019668579,1748,0.59814453125,0.5791015625,4,7,489,6.89,1994,1,UTC1102N
Independent Study in Business,BIS3751,NUS Business School,BIZ Dean's Office,0.5836426019668579,1748,0.59228515625,0.578125,4,7,618,8.7,1872,1,BIS3751
Waste: An Overlooked Sustainability Issue,SP2718E,Science,Biological Sciences,0.5835937261581421,1749,0.5966796875,0.578125,7,4,111,1.56,2364,1,SP2718E
Special Mathematics Class 3,FDP2012,Science,FoS Dean's Office,0.583544909954071,1750,0.60498046875,0.5732421875,6,5,429,6.04,2051,1,FDP2012
Engineering Thermodynamics and Heat Transfer,ME2121,College of Design and Engineering,Mechanical Engineering,0.583544909954071,1750,0.6123046875,0.57421875,3,8,603,8.49,1887,1,ME2121
Alien Invasions in Singapore,UTC2730,Residential College,Residential College 4,0.583544909954071,1750,0.62060546875,0.57177734375,5,6,903,12.72,1615,2,UTC2730; UTS2715
FS: Travel and the Historian,FMA1206H,Arts and Social Science,History,0.58349609375,1751,0.603515625,0.5751953125,4,7,786,11.07,1720,1,FMA1206H
Science and Society,NSS2001,NUS College,NUS College Dean's Office,0.58349609375,1751,0.61474609375,0.56689453125,4,7,203,2.86,2272,13,NSS2001; NSS2001A; NSS2001B; NSS2001C; NSS2001D; NSS2001E; NSS2001F; NSS2001G; NSS2001H; NSS2001I; NSS2001J; NSS2001K; NSS2001L
Pharmacotherapeutics III,PR3124,Science,PharmacyandPharmaceuticalScience,0.583447277545929,1752,0.60205078125,0.57177734375,7,4,427,6.01,2053,1,PR3124
Architecture and Society,YSS3282,Yale-NUS College,Yale-NUS College,0.5833984613418579,1753,0.6123046875,0.56982421875,3,8,283,3.99,2194,1,YSS3282
Malay Culture & Society,MS2210,Arts and Social Science,Malay Studies,0.5833495855331421,1754,0.61328125,0.56103515625,7,4,501,7.06,1983,1,MS2210
Pedagogy for Orchestral Instrumentalists,MUA3116,YST Conservatory of Music,YSTCM Dean's Office,0.5833495855331421,1754,0.634765625,0.5673828125,4,7,188,2.65,2287,1,MUA3116
"Citizenship, Nation and Globalization",SC4882B,Arts and Social Science,Sociology and Anthropology,0.5833495855331421,1754,0.6103515625,0.5712890625,4,7,637,8.97,1856,2,SC4882B; SC4882BHM
Lab in Music Psychology,YSS3363,Yale-NUS College,Yale-NUS College,0.5833495855331421,1754,0.61328125,0.56640625,5,6,212,2.99,2263,1,YSS3363
"FS: Producing Nature, Consuming Nature",FMA1202G,Arts and Social Science,Geography,0.5833495855331421,1754,0.60107421875,0.56396484375,3,8,554,7.8,1932,1,FMA1202G
Directed Language Study: Beginning Italian 2,YIL1202I,Yale-NUS College,Yale-NUS College,0.583300769329071,1755,0.59521484375,0.57470703125,5,6,274,3.86,2203,1,YIL1202I
Changing Economic Landscape of SE Asia,SE2218,Arts and Social Science,Southeast Asian Studies,0.583300769329071,1755,0.599609375,0.56787109375,5,6,607,8.55,1883,1,SE2218
The U.S.: From Settlement to Superpower,AS2237,Arts and Social Science,History,0.583251953125,1756,0.60400390625,0.57470703125,2,9,518,7.29,1966,3,AS2237; GEK2000; HY2237
Comparative Social Inquiry,YCC1121,Yale-NUS College,Yale-NUS College,0.583251953125,1756,0.6064453125,0.5732421875,6,5,724,10.2,1776,1,YCC1121
Pharmacy Foundations: Science & Therapeutics II,PR1153,Science,PharmacyandPharmaceuticalScience,0.5831543207168579,1757,0.60400390625,0.578125,6,5,437,6.15,2043,1,PR1153
"Samurai, Geisha, Yakuza as Self or Other",GEC1004,Arts and Social Science,Japanese Studies,0.5831543207168579,1757,0.59716796875,0.57373046875,9,2,1063,14.97,1484,3,GEC1004; GEH1014; GEK2022
International Geographical Indications Protection (IP),LL4465,Law,FoL Dean's Office,0.5831543207168579,1757,0.59033203125,0.58056640625,6,5,1636,23.04,1081,2,LL4465; LL4465V
Basic UROPS in Mathematics I (REx),MA2288R,Science,Mathematics,0.5831054449081421,1758,0.60302734375,0.5732421875,6,5,952,13.41,1573,1,MA2288R
Basic UROPS in Chemistry I (REx),CM2288R,Science,Chemistry,0.5831054449081421,1758,0.59716796875,0.5732421875,5,6,1106,15.58,1454,1,CM2288R
Analytics Driven Design of Adaptive Systems,BT4014,Computing,Information Systems and Analytics,0.583056628704071,1759,0.60107421875,0.57275390625,8,3,346,4.87,2131,1,BT4014
Quantum Optics,PC4246,Science,Physics,0.583056628704071,1759,0.60888671875,0.5537109375,4,7,63,0.89,2412,1,PC4246
Climate Policy and Politics,YSS3359,Yale-NUS College,Yale-NUS College,0.583056628704071,1759,0.6455078125,0.56689453125,5,6,351,4.94,2126,1,YSS3359
Essential Data Analytics Tools: Convex Optimisation,DSA3102,Science,Mathematics,0.583056628704071,1759,0.59912109375,0.5751953125,3,8,229,3.22,2247,1,DSA3102
Advanced Control Systems,EE4302,College of Design and Engineering,Electrical and Computer Engineering,0.5830078125,1760,0.5888671875,0.57568359375,3,8,206,2.9,2269,1,EE4302
Regional Conflict & Cooperation in Asia,SN4221,Arts and Social Science,South Asian Studies,0.5830078125,1760,0.59619140625,0.57275390625,8,3,611,8.6,1879,2,SN4221; SN4221HM
Acting I,YHU2319,Yale-NUS College,Yale-NUS College,0.5830078125,1760,0.62158203125,0.57470703125,4,7,679,9.56,1818,1,YHU2319
Selected Authors/Texts II,CH3223,Arts and Social Science,Chinese Studies,0.582958996295929,1761,0.61669921875,0.57177734375,4,7,335,4.72,2142,1,CH3223
Seminars in Analytics,DBA4761,NUS Business School,Analytics and Operations,0.5829101800918579,1762,0.6103515625,0.564453125,4,7,341,4.8,2136,2,DBA4761; DSN4761
Understanding the Changing Global Economic Landscape,GEC1034,Arts and Social Science,Southeast Asian Studies,0.5829101800918579,1762,0.60107421875,0.57177734375,6,5,1407,19.81,1231,4,GEC1034; GEC1034T; GEM1052; GET1016
"Health, Society and the Social Determinants",SPH2005,SSH School of Public Health,SSH School of Public Health Dean's Office,0.5829101800918579,1762,0.61279296875,0.56787109375,4,7,331,4.66,2146,1,SPH2005
Understanding The Changing Global Economic Landscape,GET1016T,Cont and Lifelong Education,SCALE Dean's Office,0.5829101800918579,1762,0.60107421875,0.57177734375,6,5,1407,19.81,1231,1,GET1016T
Methods and Techniques for Environmental Studies,ENV2301,Science,Biological Sciences,0.5828613042831421,1763,0.63134765625,0.55712890625,4,7,140,1.97,2335,1,ENV2301
Directed Language Study: Beginning Sanskrit,YIL1201S,Yale-NUS College,Yale-NUS College,0.5828613042831421,1763,0.58935546875,0.56787109375,1,10,232,3.27,2244,1,YIL1201S
Advanced Organic Chemistry,CM3121,Science,Chemistry,0.582812488079071,1764,0.63818359375,0.5595703125,5,6,207,2.92,2268,2,CM3121; YSC4219
Seminars in Business Economics,BSE4761,NUS Business School,Strategy and Policy,0.582812488079071,1764,0.6044921875,0.57568359375,3,8,1414,19.91,1226,2,BSE4761; BSE4761X
Selected Topics in Socio'gy & Anthrop'gy,SC4880HM,Arts and Social Science,Sociology and Anthropology,0.582763671875,1765,0.5888671875,0.57470703125,7,4,1254,17.66,1337,1,SC4880HM
Power and influence in Organizations,MNO3319,NUS Business School,Management and Organisation,0.582763671875,1765,0.591796875,0.5791015625,2,9,1249,17.59,1340,1,MNO3319
A Pianist's Toolbox 1,MUA1159,YST Conservatory of Music,YSTCM Dean's Office,0.582714855670929,1766,0.61767578125,0.564453125,4,7,332,4.68,2145,1,MUA1159
Cyberpsychology: Technology and the Human Mind,FAS2882F,Arts and Social Science,FASS DO/Office of Programmes,0.582714855670929,1766,0.59228515625,0.5771484375,6,5,497,7.0,1987,1,FAS2882F
Advanced Topics in Molecular Biology,YSC4211E,Yale-NUS College,Yale-NUS College,0.5826660394668579,1767,0.5947265625,0.57373046875,4,7,170,2.39,2305,1,YSC4211E
Public and Private International Copyright Law,LL4344,Law,FoL Dean's Office,0.5826660394668579,1767,0.59765625,0.5732421875,3,8,276,3.89,2201,2,LL4344; LL4344V
"Programming Operating Systems, Interfaces & eXtras",YSC3217,Yale-NUS College,Yale-NUS College,0.5826171636581421,1768,0.6064453125,0.57421875,3,8,334,4.7,2143,1,YSC3217
Topics in Theatre,TS2880,Arts and Social Science,"English,Ling.andTheatre Studies",0.582568347454071,1769,0.59326171875,0.57568359375,7,4,1012,14.25,1525,3,TS2880; TS4880; TS4880HM
Tropical Conservation Biology,LSM4262,Science,Biological Sciences,0.582568347454071,1769,0.65478515625,0.55712890625,6,5,243,3.42,2233,1,LSM4262
China's State Capitalism & Future of Int'l Economic Law,LL4487,Law,FoL Dean's Office,0.582470715045929,1770,0.6064453125,0.57080078125,6,5,348,4.9,2129,2,LL4487; LL4487V
Methods in Mathematical Biology,LSM4255,Science,Biological Sciences,0.582470715045929,1770,0.63525390625,0.5546875,4,7,109,1.53,2366,1,LSM4255
Culture and Society,AN2202,Arts and Social Science,Sociology and Anthropology,0.582470715045929,1770,0.591796875,0.578125,5,6,1802,25.38,981,1,AN2202
Communicating through Chinese Rhetoric and Metaphors,CL3201,Arts and Social Science,Chinese Studies,0.582470715045929,1770,0.59765625,0.57666015625,7,4,613,8.63,1877,1,CL3201
Transition and the Rule of Law in Myanmar,LL4231,Law,FoL Dean's Office,0.582470715045929,1770,0.5888671875,0.57763671875,4,7,977,13.76,1555,1,LL4231
Perspectives on State & Society,SC4882A,Arts and Social Science,Sociology and Anthropology,0.5824218988418579,1771,0.59765625,0.57080078125,7,4,624,8.79,1866,2,SC4882A; SC4882AHM
Topics in Group Practice Research,TS3880,Arts and Social Science,"English,Ling.andTheatre Studies",0.5823730230331421,1772,0.61083984375,0.56640625,5,6,398,5.6,2080,1,TS3880
Foundations of Physical Chemistry,CM2133,Science,Chemistry,0.582324206829071,1773,0.6181640625,0.568359375,3,8,184,2.59,2291,1,CM2133
Radiation-Scientific Understanding and Public Perception,GEC1036,Science,Physics,0.582324206829071,1773,0.5927734375,0.57568359375,3,8,225,3.17,2250,2,GEC1036; GET1024
Language Documentation,EL3214,Arts and Social Science,"English,Ling.andTheatre Studies",0.582324206829071,1773,0.64892578125,0.56396484375,5,6,239,3.37,2237,1,EL3214
Global Justice and Bioethics,YHU2324,Yale-NUS College,Yale-NUS College,0.582275390625,1774,0.59375,0.57470703125,7,4,489,6.89,1994,1,YHU2324
Theatre Criticism,TS3240,Arts and Social Science,"English,Ling.andTheatre Studies",0.582275390625,1774,0.5966796875,0.56787109375,7,4,498,7.01,1986,1,TS3240
The Chinese Script: History and Issues,CL2101S,Arts and Social Science,Chinese Studies,0.582275390625,1774,0.60595703125,0.56396484375,4,7,101,1.42,2374,1,CL2101S
Thinking in Systems: Energy Systems,UTC1702E,Residential College,Residential College 4,0.5821777582168579,1775,0.6171875,0.5673828125,2,9,190,2.68,2285,1,UTC1702E
"Migration, Diaspora and Refugees in Southeast Asia",SE3216,Arts and Social Science,Southeast Asian Studies,0.5821777582168579,1775,0.60400390625,0.57421875,8,3,1136,16.0,1427,1,SE3216
Ecology of Terrestrial Environments,LSM3255,Science,Biological Sciences,0.5821288824081421,1776,0.646484375,0.5478515625,6,5,133,1.87,2342,1,LSM3255
Resource and Energy Economics I,EC3384,Arts and Social Science,Economics,0.5821288824081421,1776,0.6123046875,0.5576171875,4,7,208,2.93,2267,1,EC3384
Cultural Borrowing: Japan and China,GEC1005,Arts and Social Science,Japanese Studies,0.582080066204071,1777,0.59521484375,0.57568359375,6,5,769,10.83,1735,3,GEC1005; GEH1015; GEK2042
Ideas and the Malay World,HS2932,Arts and Social Science,Malay Studies,0.58203125,1778,0.61865234375,0.56201171875,5,6,448,6.31,2032,1,HS2932
Field Investigation in Physical Geography,GE4220,Arts and Social Science,Geography,0.58203125,1778,0.59130859375,0.57568359375,6,5,763,10.74,1741,2,GE4220; GE4220HM
Harmonic Hearing for Performers,MUA2206,YST Conservatory of Music,YSTCM Dean's Office,0.58203125,1778,0.6005859375,0.5673828125,3,8,204,2.87,2271,1,MUA2206
Independent Study in Innovation & Entrepreneurship,BSN3751,NUS Business School,Strategy and Policy,0.581982433795929,1779,0.59765625,0.572265625,4,7,1101,15.5,1458,1,BSN3751
Martial Arts in Southeast Asia,SE3233,Arts and Social Science,Southeast Asian Studies,0.5819336175918579,1780,0.5966796875,0.56787109375,5,6,545,7.67,1941,2,SE3233; SE3880B
Learning by (un)doing - Artistic Practice in Grim Times,YHU2336,Yale-NUS College,Yale-NUS College,0.5818847417831421,1781,0.60546875,0.5625,7,4,822,11.58,1688,1,YHU2336
Understanding Consumption,GEC1006,Arts and Social Science,Japanese Studies,0.5818847417831421,1781,0.6044921875,0.57177734375,3,8,1963,27.64,893,3,GEC1006; GEH1016; GEM1047
Geographies of Life and Death,GE3249,Arts and Social Science,Geography,0.5818847417831421,1781,0.63037109375,0.564453125,6,5,592,8.34,1896,1,GE3249
The Lands Below the Winds: Southeast Asia in the World,GEK1008,Arts and Social Science,Southeast Asian Studies,0.581835925579071,1782,0.60986328125,0.5693359375,6,5,700,9.86,1798,3,GEK1008; SE1101E; SSA1202
"Urban Heritage: Place, Memory, Identity",YSS4234,Yale-NUS College,Yale-NUS College,0.581835925579071,1782,0.6259765625,0.56396484375,7,4,718,10.11,1780,1,YSS4234
Introduction to Southeast Asian History,HY2250,Arts and Social Science,History,0.581787109375,1783,0.6259765625,0.572265625,2,9,437,6.15,2043,1,HY2250
Data Mining,ST4240,Science,Statistics and Data Science,0.581738293170929,1784,0.607421875,0.56201171875,3,8,204,2.87,2271,1,ST4240
Malays Encountering Globalization: Culture and Identity,MS4880B,Arts and Social Science,Malay Studies,0.581738293170929,1784,0.58935546875,0.57568359375,4,7,1228,17.29,1355,2,MS4880B; MS4880BHM
Sex in the Media,NM4244,Arts and Social Science,Communications and New Media,0.5816894769668579,1785,0.59326171875,0.5712890625,6,5,336,4.73,2141,2,NM4244; NM4244HM
Cancer Biology,YSC3261,Yale-NUS College,Yale-NUS College,0.5816894769668579,1785,0.611328125,0.5625,5,6,139,1.96,2336,1,YSC3261
Colonial Southeast Asia Through European Literature,SE3231,Arts and Social Science,Southeast Asian Studies,0.5816894769668579,1785,0.63037109375,0.572265625,6,5,453,6.38,2028,1,SE3231
Generative Syntax,NST2019,NUS,NUS College Dean's Office,0.5816894769668579,1785,0.61962890625,0.552734375,5,6,128,1.8,2347,1,NST2019
Lab in Interpersonal Relationships,PL3282A,Arts and Social Science,Psychology,0.5816406011581421,1786,0.59326171875,0.57080078125,8,3,1097,15.45,1462,1,PL3282A
Magnetic Recording Systems,EE4506,College of Design and Engineering,Electrical and Computer Engineering,0.581591784954071,1787,0.603515625,0.5693359375,3,8,743,10.46,1760,1,EE4506
Quantitative Reasoning Foundation: Quantifying Environmental Quality,NST2041,NUS,NUS College Dean's Office,0.581591784954071,1787,0.615234375,0.5634765625,6,5,462,6.51,2019,1,NST2041
Selected Readings in Chinese Verse,CH3221,Arts and Social Science,Chinese Studies,0.581591784954071,1787,0.60888671875,0.5673828125,6,5,171,2.41,2304,1,CH3221
Introduction to Computing and Programming I,TIC1001,Cont and Lifelong Education,SCALE Dean's Office,0.581591784954071,1787,0.6025390625,0.56982421875,4,7,289,4.07,2188,1,TIC1001
Indep Study in Mkting (2 Units),MKT3752,NUS Business School,Marketing,0.581591784954071,1787,0.58935546875,0.576171875,5,6,1513,21.31,1166,1,MKT3752
Smart Cities: History of Urban Data in Urban Planning,YSS3337,Yale-NUS College,Yale-NUS College,0.581591784954071,1787,0.59228515625,0.5732421875,7,4,510,7.18,1974,2,YSS3337; YSS4284
Comics and Graphic Novels,YHU2322,Yale-NUS College,Yale-NUS College,0.58154296875,1788,0.60693359375,0.56396484375,4,7,266,3.75,2211,1,YHU2322
Jr Sem: Technology and Human Progress,UTC1408,Residential College,College of Alice and Peter Tan,0.581494152545929,1789,0.59375,0.57421875,7,4,1430,20.14,1217,1,UTC1408
Grammar and Language Processing,EL4880F,Arts and Social Science,"English,Ling.andTheatre Studies",0.581494152545929,1789,0.64697265625,0.55224609375,6,5,167,2.35,2308,2,EL4880F; EL4880FHM
Taxation Law & the Global Digital Economy,LL4385,Law,FoL Dean's Office,0.581494152545929,1789,0.60791015625,0.56689453125,4,7,805,11.34,1703,2,LL4385; LL4385V
Independent Study Course in Business,BIS3001,NUS Business School,BIZ Dean's Office,0.5814453363418579,1790,0.591796875,0.57421875,4,7,476,6.7,2007,2,BIS3001; BIS3001A
"Language, Society and Identity",EL3251,Arts and Social Science,"English,Ling.andTheatre Studies",0.5814453363418579,1790,0.599609375,0.5673828125,6,5,463,6.52,2018,1,EL3251
"Leisure, Recreation and Tourism",GE2218,Arts and Social Science,Geography,0.5813964605331421,1791,0.5859375,0.5732421875,5,6,1323,18.63,1287,1,GE2218
Stochastic Processes I (S),MA3238S,Science,Mathematics,0.581347644329071,1792,0.591796875,0.56982421875,3,8,486,6.84,1997,1,MA3238S
Research Methods for Community Development,CLC2202,Non-Faculty-based Departments,Chua Thian Poh Comm Leader Center,0.581298828125,1793,0.60400390625,0.57275390625,7,4,715,10.07,1783,1,CLC2202
Comparative Evidence in International Arbitration,LL4339,Law,FoL Dean's Office,0.581298828125,1793,0.65673828125,0.55078125,3,8,262,3.69,2214,1,LL4339
Cardiopulmonary Pharmacology,LSM3218,Yong Loo Lin Sch of Medicine,Pharmacology,0.581298828125,1793,0.646484375,0.55712890625,9,2,129,1.82,2346,1,LSM3218
Writing Food,NHS2067,NUS College,NUS College Dean's Office,0.581250011920929,1794,0.60888671875,0.564453125,3,8,736,10.36,1764,1,NHS2067
Introduction to Programming,TCX1002,Cont and Lifelong Education,SCALE Dean's Office,0.581250011920929,1794,0.6123046875,0.5712890625,3,8,390,5.49,2088,1,TCX1002
Politics of Southeast Asia,YSS4272,Yale-NUS College,Yale-NUS College,0.581250011920929,1794,0.61376953125,0.5693359375,9,2,581,8.18,1906,1,YSS4272
Statistics for Life Sciences,ST1232,Science,Statistics and Data Science,0.5812011957168579,1795,0.61572265625,0.5703125,8,3,209,2.94,2266,2,ST1232; YSC2255
Jr Sem Special Topics: Quality Journalism and Critical Reading,GEM1912B,Residential College,Tembusu College,0.5812011957168579,1795,0.59619140625,0.5732421875,6,5,534,7.52,1952,2,GEM1912B; UTC1112B
Advanced Interpreting,INT3204,Arts and Social Science,Chinese Studies,0.5812011957168579,1795,0.61376953125,0.5673828125,7,4,1094,15.41,1465,1,INT3204
"Introduction to Visual Culture: Art, Film and Media",EN3249,Arts and Social Science,"English,Ling.andTheatre Studies",0.5811523199081421,1796,0.64208984375,0.56396484375,7,4,407,5.73,2071,1,EN3249
Ethnicity and Religion in Asian Politics,PS3236,Arts and Social Science,Political Science,0.5811523199081421,1796,0.59912109375,0.57470703125,5,6,706,9.94,1792,1,PS3236
Communication in Small Groups,GET1038,Arts and Social Science,Communications and New Media,0.5811523199081421,1796,0.6015625,0.576171875,6,5,1214,17.1,1366,2,GET1038; GEX1020
Critical Theory and Cultural Studies in New Media,NM4251,Arts and Social Science,Communications and New Media,0.581103503704071,1797,0.60302734375,0.57177734375,7,4,331,4.66,2146,1,NM4251
Beginning Acting for the Stage,NHT2212,NUS College,NUS College Dean's Office,0.581103503704071,1797,0.611328125,0.57470703125,4,7,795,11.2,1712,1,NHT2212
Human Neuroanatomy,LSM3222,Yong Loo Lin Sch of Medicine,Anatomy,0.581103503704071,1797,0.63037109375,0.5625,6,5,224,3.15,2251,1,LSM3222
Technology Of Digital Entertainment,EE4217,College of Design and Engineering,Electrical and Computer Engineering,0.581005871295929,1798,0.60693359375,0.56298828125,9,2,208,2.93,2267,1,EE4217
Infection and Immunology,MIC2000,Yong Loo Lin Sch of Medicine,Microbiology and Immunology,0.581005871295929,1798,0.60009765625,0.56884765625,5,6,131,1.84,2344,2,MIC2000; MIC2000A
Advanced Cell Biology,LSM4232,Yong Loo Lin Sch of Medicine,Physiology,0.5809570550918579,1799,0.6279296875,0.55908203125,4,7,99,1.39,2376,1,LSM4232
Human Microscopic Anatomy,LSM4236,Yong Loo Lin Sch of Medicine,Anatomy,0.5809570550918579,1799,0.61279296875,0.56689453125,3,8,172,2.42,2303,1,LSM4236
Peoples & Cultures of Southeast Asia,SC2207,Arts and Social Science,Sociology and Anthropology,0.5809081792831421,1800,0.60205078125,0.5693359375,7,4,891,12.55,1625,1,SC2207
Malays and Modernization,MS3215,Arts and Social Science,Malay Studies,0.5809081792831421,1800,0.6298828125,0.55615234375,6,5,347,4.89,2130,1,MS3215
Risk and Crisis Communication,NM4228,Arts and Social Science,Communications and New Media,0.580859363079071,1801,0.60302734375,0.56640625,6,5,919,12.94,1600,2,NM4228; NM4228HM
"Media, Discourse and Society",EL3254,Arts and Social Science,"English,Ling.andTheatre Studies",0.580859363079071,1801,0.6044921875,0.56298828125,6,5,230,3.24,2246,1,EL3254
Evolutionary Genetics of Reproduction,LSM4259,Science,Biological Sciences,0.580859363079071,1801,0.63720703125,0.5546875,5,6,140,1.97,2335,1,LSM4259
Personalities in Modern Chinese History,CH4882A,Arts and Social Science,Chinese Studies,0.580859363079071,1801,0.60986328125,0.56494140625,6,5,276,3.89,2201,2,CH4882A; CH4882AHM
Taoist and Buddhist Apocalypses,YHU4269,Yale-NUS College,Yale-NUS College,0.580810546875,1802,0.63037109375,0.57080078125,8,3,637,8.97,1856,1,YHU4269
Clinical Skills Foundation Programme,MD2150,Yong Loo Lin Sch of Medicine,NUS Medicine Dean's Office,0.580810546875,1802,0.60986328125,0.572265625,4,7,486,6.84,1997,1,MD2150
"Personality Biology, Economics and Wellbeing",PL4231,Arts and Social Science,Psychology,0.580810546875,1802,0.59033203125,0.56494140625,5,6,573,8.07,1914,2,PL4231; PL4231HM
Trendy Chinese,CL3212,Arts and Social Science,Chinese Studies,0.580810546875,1802,0.599609375,0.5625,3,8,131,1.84,2344,1,CL3212
"Knowledge, Modernity and Global Change",PH3213,Arts and Social Science,Philosophy,0.580761730670929,1803,0.59765625,0.5703125,5,6,283,3.99,2194,1,PH3213
Music Performance Elective: Introduction to Voice,YHU2278,Yale-NUS College,Yale-NUS College,0.580761730670929,1803,0.6044921875,0.57080078125,6,5,419,5.9,2061,1,YHU2278
Exhibitions and Their Audiences,NHS2079,NUS College,NUS College Dean's Office,0.5807129144668579,1804,0.64599609375,0.5625,7,4,846,11.91,1666,1,NHS2079
Networks and the Malay World,MS2219,Arts and Social Science,Malay Studies,0.5807129144668579,1804,0.59521484375,0.56982421875,9,2,1183,16.66,1391,1,MS2219
Culture & Society,SC2206,Arts and Social Science,Sociology and Anthropology,0.5807129144668579,1804,0.5859375,0.578125,5,6,1608,22.64,1100,1,SC2206
Combinatorial Methods in Bioinformatics,CS3225,Computing,Computer Science,0.5807129144668579,1804,0.59912109375,0.56201171875,3,8,97,1.37,2378,2,CS3225; CS4330
The Biomolecular Revolution,NST2001,NUS College,NUS College Dean's Office,0.580615222454071,1805,0.61376953125,0.5625,4,7,193,2.72,2282,1,NST2001
Self Care,PR2134,Science,PharmacyandPharmaceuticalScience,0.580615222454071,1805,0.6171875,0.5625,6,5,203,2.86,2272,1,PR2134
Empirical Qualitative Analysis in Global Affairs,YSS3331,Yale-NUS College,Yale-NUS College,0.580615222454071,1805,0.62646484375,0.56689453125,6,5,734,10.34,1766,1,YSS3331
Junior Seminar: Murals: Expressions from/on the Walls,UTC1102P,Residential College,Tembusu College,0.580517590045929,1806,0.5947265625,0.57275390625,5,6,823,11.59,1687,1,UTC1102P
Communication and Social Structure,SC4880A,Arts and Social Science,Sociology and Anthropology,0.580517590045929,1806,0.60546875,0.57568359375,5,6,1914,26.95,920,2,SC4880A; SC4880AHM
Forensic Entomology,FSC4207,Science,Biological Sciences,0.5804687738418579,1807,0.62109375,0.5732421875,6,5,320,4.51,2157,1,FSC4207
Applied Theatre,TS3222,Arts and Social Science,"English,Ling.andTheatre Studies",0.5804198980331421,1808,0.60107421875,0.564453125,6,5,757,10.66,1747,1,TS3222
Intermediate Spanish 2,YLS2202,Yale-NUS College,Yale-NUS College,0.5804198980331421,1808,0.59716796875,0.5673828125,3,8,239,3.37,2237,1,YLS2202
Numerical Analysis I,MA2213,Science,Mathematics,0.5804198980331421,1808,0.591796875,0.5712890625,4,7,318,4.48,2159,1,MA2213
Economic Analysis of Technology and Innovation Policy,FAS2882K,Arts and Social Science,FASS DO/Office of Programmes,0.580371081829071,1809,0.62255859375,0.5703125,5,6,688,9.69,1809,1,FAS2882K
Spanish 6,LAS4202,Arts and Social Science,Centre for Language Studies,0.580273449420929,1810,0.6181640625,0.56494140625,5,6,454,6.39,2027,2,LAS4202; LAS4202HM
Emerging Topics in Computing I,CP4281,Computing,Computer Science,0.580273449420929,1810,0.61181640625,0.56982421875,5,6,1364,19.21,1261,1,CP4281
Comparative Political Behaviour,PS3276,Arts and Social Science,Political Science,0.580273449420929,1810,0.59326171875,0.57470703125,4,7,1511,21.28,1168,1,PS3276
Independent Research Project,PL3231,Arts and Social Science,Psychology,0.580273449420929,1810,0.59765625,0.57177734375,7,4,880,12.39,1635,1,PL3231
Invertebrate Innovations,NST2008,NUS College,NUS College Dean's Office,0.5802246332168579,1811,0.60400390625,0.55859375,4,7,157,2.21,2318,1,NST2008
Applications of GIS & Remote Sensing,GE3216,Arts and Social Science,Geography,0.5802246332168579,1811,0.60498046875,0.56982421875,3,8,422,5.94,2058,1,GE3216
The Belt & Road Initiative & Int’l Trade Governance,LL4472,Law,FoL Dean's Office,0.5802246332168579,1811,0.62060546875,0.55517578125,5,6,511,7.2,1973,2,LL4472; LL4472V
Sociology of Popular Culture,SC2210,Arts and Social Science,Sociology and Anthropology,0.5802246332168579,1811,0.58984375,0.5771484375,5,6,863,12.15,1651,1,SC2210
Global History of Capitalism,YHU3363,Yale-NUS College,Yale-NUS College,0.5801757574081421,1812,0.59033203125,0.57763671875,3,8,1156,16.28,1411,1,YHU3363
Topics in South Asian Studies,SN3880,Arts and Social Science,South Asian Studies,0.5801757574081421,1812,0.59326171875,0.56884765625,7,4,335,4.72,2142,3,SN3880; SN4880; SN4880HM
Tamil 1,LAL1201,Arts and Social Science,Centre for Language Studies,0.5801757574081421,1812,0.59912109375,0.568359375,3,8,263,3.7,2213,1,LAL1201
Junior Seminar: Green Capitalism: A Critical Engagement,UTC1102R,Residential College,Tembusu College,0.580126941204071,1813,0.609375,0.56982421875,4,7,919,12.94,1600,1,UTC1102R
Geographies of Social Life,GE3241,Arts and Social Science,Geography,0.580078125,1814,0.60009765625,0.56982421875,6,5,584,8.22,1904,1,GE3241
Environmental Chemistry: How The Science Informs Our Policies,YSC3259,Yale-NUS College,Yale-NUS College,0.580078125,1814,0.626953125,0.55859375,6,5,138,1.94,2337,1,YSC3259
Wild and Simple: Living and Thinking Sustainably,NTW2034,NUS College,NUS College Dean's Office,0.580029308795929,1815,0.59423828125,0.56298828125,7,4,1074,15.12,1477,1,NTW2034
Reproductive Biology,LSM4252,Science,Biological Sciences,0.5799804925918579,1816,0.62109375,0.55859375,4,7,99,1.39,2376,1,LSM4252
TILHCM: Employee and Organizational Misbehaviours,MNO3313J,NUS Business School,Management and Organisation,0.5799804925918579,1816,0.60693359375,0.57080078125,7,4,1796,25.29,986,2,MNO3313J; MNO3761A
TIBE: Economic System in Asian Business Environment,BSE3761A,NUS Business School,Strategy and Policy,0.5799804925918579,1816,0.6083984375,0.57373046875,7,4,649,9.14,1845,1,BSE3761A
Atomic & Molecular Physics I,PC3233,Science,Physics,0.5799804925918579,1816,0.6171875,0.5625,4,7,228,3.21,2248,1,PC3233
Group Dynamics,PL3240,Arts and Social Science,Psychology,0.5799316167831421,1817,0.59423828125,0.5732421875,3,8,1189,16.74,1385,1,PL3240
Mobility and New Media,NM2302,Arts and Social Science,Communications and New Media,0.5799316167831421,1817,0.60302734375,0.572265625,5,6,568,8.0,1919,1,NM2302
Chinese Classical Novels,CH4222,Arts and Social Science,Chinese Studies,0.579882800579071,1818,0.61083984375,0.568359375,4,7,205,2.89,2270,2,CH4222; CH4222HM
Lab in Self-Regulation and Goal Pursuit,PL3282E,Arts and Social Science,Psychology,0.579833984375,1819,0.59814453125,0.56884765625,6,5,846,11.91,1666,1,PL3282E
Bach Suites,MUT3216,YST Conservatory of Music,YSTCM Dean's Office,0.579833984375,1819,0.63037109375,0.55126953125,2,9,86,1.21,2389,1,MUT3216
Asian Architecture and Urban History,AR4222,College of Design and Engineering,Architecture,0.579833984375,1819,0.61474609375,0.5546875,6,5,196,2.76,2279,1,AR4222
Urban Economics,EC3381,Arts and Social Science,Economics,0.579785168170929,1820,0.60009765625,0.56591796875,6,5,572,8.06,1915,3,EC3381; RE2705; YSS3265
Intermediate Ancient Greek,YLG2202,Yale-NUS College,Yale-NUS College,0.5797363519668579,1821,0.5986328125,0.56640625,3,8,100,1.41,2375,1,YLG2202
International Construction Contracts and Arbitration,LL4522,Law,FoL Dean's Office,0.5796874761581421,1822,0.5966796875,0.5673828125,6,5,445,6.27,2035,2,LL4522; LL4522V
Electrophysiology,BN4402,College of Design and Engineering,Biomedical Engineering,0.57958984375,1823,0.60107421875,0.5673828125,5,6,330,4.65,2147,1,BN4402
Urban Studies Capstone Project,YSS4105,Yale-NUS College,Yale-NUS College,0.579541027545929,1824,0.60302734375,0.56884765625,8,3,749,10.55,1755,1,YSS4105
The Classical Empires of Southeast Asia,HY4215,Arts and Social Science,History,0.579541027545929,1824,0.62646484375,0.56787109375,6,5,660,9.29,1836,2,HY4215; HY4215HM
Interdisciplinary Policy-Making: A Case Study Approach,NHS2077,NUS College,NUS College Dean's Office,0.579541027545929,1824,0.6220703125,0.56005859375,6,5,639,9.0,1855,1,NHS2077
Continuing Study in a Performing Arts Area (Dance),CFA2111B,YST Conservatory of Music,YSTCM Dean's Office,0.5794922113418579,1825,0.625,0.55908203125,5,6,299,4.21,2178,1,CFA2111B
Geographical Journeys: Exploring World Environments,GE1101E,Arts and Social Science,Geography,0.5794922113418579,1825,0.60595703125,0.56982421875,8,3,869,12.24,1645,2,GE1101E; GEK1001
Waves in Nature,NST2010,NUS College,NUS College Dean's Office,0.5794922113418579,1825,0.60595703125,0.568359375,3,8,275,3.87,2202,1,NST2010
Introductory Mathematics with R,MA2401,Science,Mathematics,0.5794433355331421,1826,0.61376953125,0.5625,6,5,152,2.14,2323,1,MA2401
Ethics in Social Work Practice,SW4225,Arts and Social Science,Social Work,0.5794433355331421,1826,0.59228515625,0.57568359375,2,9,430,6.06,2050,2,SW4225; SW4225HM
Senior Recital in Voice,MUA4191,YST Conservatory of Music,YSTCM Dean's Office,0.579296886920929,1827,0.6103515625,0.56982421875,5,6,351,4.94,2126,1,MUA4191
Quantum Reality and Appearance,NST2014,NUS College,NUS College Dean's Office,0.579296886920929,1827,0.60693359375,0.56689453125,5,6,184,2.59,2291,1,NST2014
Gender and Islam,MS3216,Arts and Social Science,Malay Studies,0.5792480707168579,1828,0.6171875,0.5615234375,5,6,606,8.53,1884,1,MS3216
Multinational Enterprises and International Law,LL4335V,Law,FoL Dean's Office,0.5792480707168579,1828,0.58837890625,0.56787109375,4,7,329,4.63,2148,1,LL4335V
Pharmacy Foundations: Science & Therapeutics I,PR1152,Science,PharmacyandPharmaceuticalScience,0.5791991949081421,1829,0.595703125,0.56982421875,7,4,287,4.04,2190,1,PR1152
"International Trade, Resource Use and the Environment",YSS3296,Yale-NUS College,Yale-NUS College,0.5791991949081421,1829,0.59765625,0.5712890625,4,7,824,11.6,1686,1,YSS3296
RISK and Popular Culture,UTW2001H,Non-Faculty-based Departments,Center for Engl Lang Comms,0.579150378704071,1830,0.60400390625,0.564453125,8,3,671,9.45,1825,1,UTW2001H
Medical Anthropology,YSS4236,Yale-NUS College,Yale-NUS College,0.579052746295929,1831,0.609375,0.55322265625,6,5,136,1.92,2339,1,YSS4236
Global Cities and Local Cultures,GEM3002,Arts and Social Science,"English,Ling.andTheatre Studies",0.579052746295929,1831,0.62255859375,0.564453125,6,5,950,13.38,1574,1,GEM3002
Gender in Southeast Asia,SE3222,Arts and Social Science,Southeast Asian Studies,0.5790039300918579,1832,0.60107421875,0.5703125,7,4,786,11.07,1720,1,SE3222
Intertidal Ecology,LSM4270,Science,Biological Sciences,0.578906238079071,1833,0.6220703125,0.5498046875,5,6,88,1.24,2387,1,LSM4270
Special Topics in Chinese Literature (in English),CH2292,Arts and Social Science,Chinese Studies,0.578857421875,1834,0.61572265625,0.5615234375,6,5,104,1.46,2371,1,CH2292
Economy and Business of Japan and Korea,EC3375,Arts and Social Science,Economics,0.578857421875,1834,0.60107421875,0.57177734375,8,3,786,11.07,1720,1,EC3375
Biosemiotics: Signs In Nature,NST2004,NUS,NUS College Dean's Office,0.578857421875,1834,0.6201171875,0.55126953125,3,8,155,2.18,2320,1,NST2004
Digital Archiving and Performance,TS3247,Arts and Social Science,"English,Ling.andTheatre Studies",0.578808605670929,1835,0.6474609375,0.55810546875,8,3,381,5.37,2097,1,TS3247
Econometrics I,EC3303,Arts and Social Science,Economics,0.578808605670929,1835,0.62158203125,0.5615234375,6,5,101,1.42,2374,1,EC3303
Topics in Humanities (for FASStrack),FAS2881,Arts and Social Science,FASS DO/Office of Programmes,0.578808605670929,1835,0.6025390625,0.5712890625,6,5,639,9.0,1855,1,FAS2881
Mathematical Thinking,GET1017,Science,Mathematics,0.578808605670929,1835,0.61376953125,0.5537109375,7,4,41,0.58,2434,1,GET1017
"Knowing Me, Knowing You: Venturing into the Genomic Age",NST2060,NUS College,NUS College Dean's Office,0.578808605670929,1835,0.5986328125,0.5625,4,7,172,2.42,2303,1,NST2060
Contemporary Musicianship B,MUA2158,YST Conservatory of Music,YSTCM Dean's Office,0.5787597894668579,1836,0.62158203125,0.56591796875,1,10,172,2.42,2303,1,MUA2158
Topics in CP: Chinese Politics,PS4881H,Arts and Social Science,Political Science,0.5787109136581421,1837,0.59619140625,0.56591796875,6,5,461,6.49,2020,2,PS4881H; PS4881HHM
Worldly Words: Written Image and Visual Text,EN3254,Arts and Social Science,"English,Ling.andTheatre Studies",0.578662097454071,1838,0.63330078125,0.5625,9,2,364,5.13,2113,1,EN3254
Healthy Cities,CDE2506,College of Design and Engineering,CDE Dean's Office,0.578662097454071,1838,0.60595703125,0.5654296875,4,7,659,9.28,1837,1,CDE2506
Postcolonial Art,YHU3341,Yale-NUS College,Yale-NUS College,0.57861328125,1839,0.62109375,0.5576171875,8,3,375,5.28,2103,1,YHU3341
"China, India and International Law",LL4003V,Law,FoL Dean's Office,0.57861328125,1839,0.615234375,0.5517578125,5,6,283,3.99,2194,1,LL4003V
Introductory Data Structures and Algorithms,YSC2229,Yale-NUS College,Yale-NUS College,0.57861328125,1839,0.58740234375,0.572265625,3,8,514,7.24,1970,1,YSC2229
Southeast Asian Postcolonialism,SE4221,Arts and Social Science,Southeast Asian Studies,0.57861328125,1839,0.625,0.56640625,6,5,545,7.67,1941,1,SE4221
Topics in Humanities and Social Sciences,NHS3006,NUS College,NUS College Dean's Office,0.578564465045929,1840,0.6025390625,0.5703125,7,4,567,7.98,1920,2,NHS3006; NHS3801
Vitamins & Minerals in Health & Diseases,FST3203,Science,Food Science and Technology,0.578564465045929,1840,0.60498046875,0.56787109375,5,6,683,9.62,1814,1,FST3203
Goodbye Mao: China's Post Socialist Transformations,YHU3336,Yale-NUS College,Yale-NUS College,0.578564465045929,1840,0.59033203125,0.5693359375,6,5,492,6.93,1992,1,YHU3336
Understanding and Describing Music,MUH1100,YST Conservatory of Music,YSTCM Dean's Office,0.5785156488418579,1841,0.6015625,0.55517578125,5,6,343,4.83,2134,1,MUH1100
Postconflict Cambodia,NHS2061,NUS College,NUS College Dean's Office,0.5785156488418579,1841,0.58447265625,0.5751953125,4,7,825,11.62,1685,2,NHS2061; NHS2061R
Screening Historical Trauma,NTW2038,NUS College,NUS College Dean's Office,0.5785156488418579,1841,0.59765625,0.56494140625,8,3,224,3.15,2251,1,NTW2038
Directed Language Study: Beginning Bangla 2,YIL1202B,Yale-NUS College,Yale-NUS College,0.5784667730331421,1842,0.59033203125,0.5693359375,1,10,246,3.46,2230,1,YIL1202B
Linear Algebra for Computing,MA1522,Science,Mathematics,0.5784667730331421,1842,0.5966796875,0.56787109375,6,5,240,3.38,2236,1,MA1522
Text and Music,MUT2205,YST Conservatory of Music,YSTCM Dean's Office,0.578417956829071,1843,0.61865234375,0.5576171875,6,5,161,2.27,2314,1,MUT2205
FS: Contemplating Theme Parks,FMA1203Q,Arts and Social Science,Sociology and Anthropology,0.578417956829071,1843,0.5869140625,0.57666015625,2,9,1166,16.42,1404,1,FMA1203Q
Contemporary China: 1949 to Present,CH3248,Arts and Social Science,Chinese Studies,0.578369140625,1844,0.60205078125,0.56982421875,5,6,353,4.97,2124,1,CH3248
Economics and Ethics,EC3395,Arts and Social Science,Economics,0.578320324420929,1845,0.5791015625,0.572265625,2,9,478,6.73,2005,1,EC3395
Vietnamese 5,LAV4201,Arts and Social Science,Centre for Language Studies,0.578320324420929,1845,0.591796875,0.568359375,9,2,493,6.94,1991,2,LAV4201; LAV4201HM
Taxation of Cross-Border Commercial Transactions II,LL4455,Law,FoL Dean's Office,0.578320324420929,1845,0.59912109375,0.5634765625,6,5,464,6.53,2017,2,LL4455; LL4455V
Culture and Human Development,PL4880V,Arts and Social Science,Psychology,0.578320324420929,1845,0.59765625,0.57373046875,5,6,937,13.2,1586,2,PL4880V; PL4880VHM
Towards an Understanding of the Complex World,GET1011,College of Design and Engineering,Chemical and Biomolecular Engineering,0.578320324420929,1845,0.59765625,0.5703125,4,7,807,11.36,1702,1,GET1011
Mindful Psychology,PL4230,Arts and Social Science,Psychology,0.5782226324081421,1846,0.63037109375,0.55322265625,7,4,287,4.04,2190,2,PL4230; PL4230HM
The Theatre Experience,GEC1021,Arts and Social Science,"English,Ling.andTheatre Studies",0.5782226324081421,1846,0.59765625,0.56884765625,5,6,798,11.24,1710,3,GEC1021; GEH1058; GEK1055
Socio-Cultural Dimensions of Cross-Strait Relations,CH2247,Arts and Social Science,Chinese Studies,0.578173816204071,1847,0.59228515625,0.5693359375,8,3,686,9.66,1811,1,CH2247
"Private Law in East Asia (Korea, Taiwan, Japan)",LL4477,Law,FoL Dean's Office,0.578076183795929,1848,0.591796875,0.57177734375,1,10,78,1.1,2397,2,LL4477; LL4477V
German 1,LAG1201,Arts and Social Science,Centre for Language Studies,0.578076183795929,1848,0.60986328125,0.5625,5,6,217,3.06,2258,1,LAG1201
Solid State Physics,YSC4207,Yale-NUS College,Yale-NUS College,0.578076183795929,1848,0.62109375,0.5458984375,3,8,92,1.3,2383,1,YSC4207
Global Health Governance,YSS3324,Yale-NUS College,Yale-NUS College,0.5780273675918579,1849,0.5908203125,0.56591796875,5,6,468,6.59,2013,1,YSS3324
Thinking 4.0,NST2033,NUS,NUS College Dean's Office,0.5780273675918579,1849,0.58837890625,0.56591796875,5,6,469,6.6,2012,1,NST2033
Gaming Life,UTC2113,Residential College,Tembusu College,0.5780273675918579,1849,0.62109375,0.5703125,7,4,1312,18.48,1293,1,UTC2113
Voices from the ground: stories & community narratives,GEN2009,Arts and Social Science,Malay Studies,0.5780273675918579,1849,0.59130859375,0.5703125,7,4,1179,16.6,1394,1,GEN2009
Beyond the Lab: How science fits in society,NHS2080,NUS College,NUS College Dean's Office,0.5779784917831421,1850,0.59716796875,0.5693359375,4,7,263,3.7,2213,1,NHS2080
Microeconomic Analysis I,EC2101,Arts and Social Science,Economics,0.5779784917831421,1850,0.59765625,0.56787109375,4,7,350,4.93,2127,1,EC2101
Programming Methodology,CS1010,Computing,Computer Science,0.577929675579071,1851,0.59375,0.56640625,4,7,258,3.63,2218,11,CS1010; CS1010A; CS1010E; CS1010J; CS1010R; CS1010S; CS1010X; CS1010XCP; CS1101S; TE2101; TEE2101
Rhythmic Devices in Performance 1,MUA2205,YST Conservatory of Music,YSTCM Dean's Office,0.577880859375,1852,0.61669921875,0.55615234375,3,8,131,1.84,2344,1,MUA2205
Musical Concepts and Materials 3,MUT2101,YST Conservatory of Music,YSTCM Dean's Office,0.577880859375,1852,0.60546875,0.55810546875,3,8,333,4.69,2144,1,MUT2101
Creative Projects: Translating the Past,YHU4270,Yale-NUS College,Yale-NUS College,0.577880859375,1852,0.60791015625,0.55712890625,10,1,502,7.07,1982,1,YHU4270
Social Perspectives on the Digital Era,SC2228,Arts and Social Science,Sociology and Anthropology,0.577832043170929,1853,0.603515625,0.56884765625,6,5,592,8.34,1896,1,SC2228
"Oh, behave! Scarcity and Environmental Sustainability",NHS2092,NUS College,NUS College Dean's Office,0.5777832269668579,1854,0.607421875,0.56787109375,5,6,757,10.66,1747,1,NHS2092
Eating Right(s): The Politics of Food,UTW1001H,Non-Faculty-based Departments,Center for Engl Lang Comms,0.5777832269668579,1854,0.595703125,0.56201171875,2,9,598,8.42,1892,1,UTW1001H
Trial Advocacy,LC2012,Law,FoL Dean's Office,0.5777343511581421,1855,0.58984375,0.5703125,5,6,1106,15.58,1454,1,LC2012
Confronting Social Injustice with Social Psychology,YSS4271,Yale-NUS College,Yale-NUS College,0.577685534954071,1856,0.59765625,0.5654296875,7,4,636,8.96,1857,1,YSS4271
The Popularity of Korean Culture,NTW2041,NUS College,NUS College Dean's Office,0.577685534954071,1856,0.5947265625,0.57275390625,4,7,798,11.24,1710,1,NTW2041
Stem Cell Biology,LSM4227,Science,Biological Sciences,0.57763671875,1857,0.60107421875,0.5595703125,5,6,159,2.24,2316,1,LSM4227
Working with Loss and Grief,SW4232,Arts and Social Science,Social Work,0.57763671875,1857,0.60546875,0.5625,5,6,513,7.22,1971,2,SW4232; SW4232HM
Signal Processing Methods,EE3731E,Cont and Lifelong Education,SCALE Dean's Office,0.577587902545929,1858,0.638671875,0.54833984375,5,6,83,1.17,2392,2,EE3731E; TEE3731
Special Project in Science,YIR4301,Yale-NUS College,Yale-NUS College,0.577587902545929,1858,0.60791015625,0.56884765625,5,6,468,6.59,2013,18,YIR4301; YIR4301G; YIR4302; YIR4302G; YIR4303; YIR4303G; YIR4304; YIR4304G; YIR4305; YIR4305G; YIR4306; YIR4306G; YIR4307; YIR4307G; YIR4308; YIR4308G; YIR4309; YIR4309G
History and Things,HY3268,Arts and Social Science,History,0.577587902545929,1858,0.619140625,0.55224609375,5,6,436,6.14,2044,1,HY3268
Democracy and Inequality,NHS2051,NUS College,NUS College Dean's Office,0.5775390863418579,1859,0.580078125,0.57373046875,7,4,759,10.69,1745,1,NHS2051
Modern and Contemporary Chinese Popular Literature,CH3273,Arts and Social Science,Chinese Studies,0.5775390863418579,1859,0.607421875,0.5595703125,4,7,134,1.89,2341,1,CH3273
Chamber Music,MUA2109,YST Conservatory of Music,YSTCM Dean's Office,0.5775390863418579,1859,0.642578125,0.5556640625,2,9,51,0.72,2424,3,MUA2109; MUA3109; MUA4109
Psychometrics and Psychological Testing,PL4201,Arts and Social Science,Psychology,0.5775390863418579,1859,0.603515625,0.56884765625,6,5,518,7.29,1966,2,PL4201; PL4201HM
"South Asia : Development, Issues, Debates",SN3232,Arts and Social Science,South Asian Studies,0.5775390863418579,1859,0.59814453125,0.568359375,6,5,1085,15.28,1470,1,SN3232
Rudiments of Musicianship,MUA1201,YST Conservatory of Music,YSTCM Dean's Office,0.5775390863418579,1859,0.61962890625,0.5625,1,10,173,2.44,2302,1,MUA1201
Technology and International Security,YSS3325,Yale-NUS College,Yale-NUS College,0.577441394329071,1860,0.61865234375,0.564453125,7,4,184,2.59,2291,1,YSS3325
Country Studies: Island Southeast Asia,SE3219,Arts and Social Science,Southeast Asian Studies,0.577392578125,1861,0.5908203125,0.568359375,9,2,465,6.55,2016,1,SE3219
Semantics,EL4203,Arts and Social Science,"English,Ling.andTheatre Studies",0.577343761920929,1862,0.603515625,0.56689453125,6,5,523,7.37,1962,2,EL4203; EL4203HM
Basic UROPS in Statistics and Applied Probability I (REx),ST2288R,Science,Statistics and Data Science,0.577343761920929,1862,0.5830078125,0.568359375,6,5,1084,15.27,1471,1,ST2288R
"Social Psychology, You, and Me",FAS2882E,Arts and Social Science,FASS DO/Office of Programmes,0.577343761920929,1862,0.6025390625,0.57080078125,3,8,997,14.04,1536,1,FAS2882E
Statistical Techniques in Psychological Research,PL3261,Arts and Social Science,Psychology,0.5772949457168579,1863,0.59375,0.56591796875,6,5,452,6.37,2029,1,PL3261
"Poetry, Painting and Photography",YHU2249,Yale-NUS College,Yale-NUS College,0.5772460699081421,1864,0.61474609375,0.55908203125,7,4,125,1.76,2350,1,YHU2249
Race and Ethnic Relations,SC3203,Arts and Social Science,Sociology and Anthropology,0.5772460699081421,1864,0.59619140625,0.56591796875,10,1,1106,15.58,1454,1,SC3203
Global Corporations and Power,GL4882D,Arts and Social Science,Political Science,0.577197253704071,1865,0.58935546875,0.57080078125,6,5,917,12.91,1602,2,GL4882D; GL4882DHM
Topics in IR: Food Politics,PS4882H,Arts and Social Science,Political Science,0.5771484375,1866,0.599609375,0.564453125,5,6,535,7.53,1951,2,PS4882H; PS4882HHM
Electricity and Magnetism III,PC4242,Science,Physics,0.5771484375,1866,0.611328125,0.5595703125,5,6,341,4.8,2136,1,PC4242
Global Socio-environmental Entanglements,GL3203,Arts and Social Science,Political Science,0.5771484375,1866,0.6064453125,0.56103515625,3,8,295,4.15,2182,1,GL3203
Living with Mathematics,GEH1036,Science,Mathematics,0.577099621295929,1867,0.5849609375,0.57275390625,6,5,645,9.08,1849,1,GEH1036
United Nations Law & Practice,LL4059V,Law,FoL Dean's Office,0.577099621295929,1867,0.58349609375,0.568359375,5,6,642,9.04,1852,1,LL4059V
Topics in Economics,EC2880,Arts and Social Science,Economics,0.577099621295929,1867,0.5908203125,0.564453125,9,2,553,7.79,1933,4,EC2880; EC3880; EC4880; EC4880HM
Junior Seminar: Radiation and Society,UTC1117,Residential College,Tembusu College,0.5770508050918579,1868,0.59716796875,0.56884765625,3,8,344,4.84,2133,1,UTC1117
Jr Sem: Beyond Borders: Migrant Community & Resilience,UTC1420,Residential College,College of Alice and Peter Tan,0.5770019292831421,1869,0.59912109375,0.56884765625,8,3,1373,19.34,1256,1,UTC1420
Basic UROPS in Statistics and Applied Probability II (REx),ST2289R,Science,Statistics and Data Science,0.576953113079071,1870,0.583984375,0.572265625,6,5,1091,15.36,1466,1,ST2289R
Science and popular narratives,UTW1001I,Non-Faculty-based Departments,Center for Engl Lang Comms,0.576953113079071,1870,0.60107421875,0.56640625,5,6,279,3.93,2198,1,UTW1001I
Who moved my OB markers?,GES1033,Arts and Social Science,Communications and New Media,0.576953113079071,1870,0.587890625,0.56787109375,8,3,929,13.08,1592,2,GES1033; GESS1023
Global Environmental Governance,YID3205,Yale-NUS College,Yale-NUS College,0.576904296875,1871,0.59619140625,0.560546875,8,3,217,3.06,2258,1,YID3205
Differential Equations for Engineering,MA1512,Science,Mathematics,0.576904296875,1871,0.59326171875,0.56982421875,3,8,557,7.84,1929,1,MA1512
Performance Research,TS4221,Arts and Social Science,"English,Ling.andTheatre Studies",0.576904296875,1871,0.68505859375,0.5556640625,6,5,296,4.17,2181,2,TS4221; TS4221HM
Daoism and Chinese Religion,YHU4264,Yale-NUS College,Yale-NUS College,0.576855480670929,1872,0.62060546875,0.5615234375,7,4,209,2.94,2266,1,YHU4264
Psychology of Ageing,PL3259,Arts and Social Science,Psychology,0.576855480670929,1872,0.58837890625,0.56689453125,4,7,335,4.72,2142,1,PL3259
Arabic 4,LAR3202,Arts and Social Science,Centre for Language Studies,0.5768066644668579,1873,0.60791015625,0.5654296875,6,5,193,2.72,2282,1,LAR3202
Tourism and Culture: A Global Perspective,AN4208,Arts and Social Science,Sociology and Anthropology,0.5768066644668579,1873,0.59912109375,0.56787109375,6,5,1234,17.38,1350,3,AN4208; SC4211; SC4211HM
French 3,LAF3201,Arts and Social Science,Centre for Language Studies,0.5768066644668579,1873,0.60400390625,0.56591796875,3,8,287,4.04,2190,1,LAF3201
"Genes, Genomes and Biomedical Implications",LSM3220,Science,Biological Sciences,0.5767577886581421,1874,0.59619140625,0.55908203125,4,7,96,1.35,2379,1,LSM3220
Idols and Celebrities in Japan and Korea,JS2233,Arts and Social Science,Japanese Studies,0.5767577886581421,1874,0.5947265625,0.56787109375,7,4,700,9.86,1798,1,JS2233
Seeing the World Through Maps,GEK1037,Arts and Social Science,Geography,0.576708972454071,1875,0.62353515625,0.56396484375,7,4,710,10.0,1788,3,GEK1037; GET1001; GEX1003
Honours Thesis,AN4401,Arts and Social Science,Sociology and Anthropology,0.576708972454071,1875,0.58837890625,0.56982421875,8,3,935,13.17,1588,44,AN4401; CH4401; CH4401HM; EC4401; EC4401HM; EL4401; EL4401HM; EN4401; EN4401HM; EU4401; GE4401; GE4401HM; GL4401; GL4401HM; HY4401; HY4401HM; JS4401; JS4401HM; MS4401; MS4401HM; NM4401; NM4401HM; PE4401E; PE4401EHM; PE4401P; PE4401PHM; PE4401S; PE4401SHM; PH4401; PH4401HM; PL4401; PL4401HM; PS4401; PS4401HM; SC4401; SC4401HM; SE4401; SE4401HM; SN4401; SN4401HM; SW4401; SW4401HM; TS4401; TS4401HM
Foundations for Econometrics,EC2303,Arts and Social Science,Economics,0.576708972454071,1875,0.6015625,0.56298828125,6,5,121,1.7,2354,1,EC2303
Molecular Perspectives,YSC1218,Yale-NUS College,Yale-NUS College,0.57666015625,1876,0.60595703125,0.55712890625,5,6,136,1.92,2339,1,YSC1218
Chinese Temples Across Southeast Asia (in English),CH3390,Arts and Social Science,Chinese Studies,0.57666015625,1876,0.60107421875,0.5673828125,4,7,151,2.13,2324,1,CH3390
Law and Empire,LL4515,Law,FoL Dean's Office,0.57666015625,1876,0.58251953125,0.5703125,1,10,247,3.48,2229,2,LL4515; LL4515V
Quantitative Research Methods,NM2103,Arts and Social Science,Communications and New Media,0.5765625238418579,1877,0.6328125,0.55908203125,5,6,189,2.66,2286,1,NM2103
Digital Techniques In Landscape Architecture,LAD4006,College of Design and Engineering,Architecture,0.5765625238418579,1877,0.62255859375,0.5595703125,3,8,166,2.34,2309,1,LAD4006
Migration Policy,YSS4226,Yale-NUS College,Yale-NUS College,0.5765625238418579,1877,0.58935546875,0.56787109375,8,3,938,13.21,1585,1,YSS4226
Hard to secure easy to waste - Singapore’s food story,UTC2712,Residential College,Residential College 4,0.5765625238418579,1877,0.60302734375,0.56884765625,7,4,687,9.67,1810,2,UTC2712; UTS2704
Fast Iterative Solvers with Applications,MA4274,Science,Mathematics,0.5765136480331421,1878,0.583984375,0.5732421875,4,7,372,5.24,2106,1,MA4274
Topics in Economics: The Rise and Fall of Great Cities,EC2880A,Arts and Social Science,Economics,0.576464831829071,1879,0.5908203125,0.5654296875,9,2,1068,15.04,1481,1,EC2880A
Algebra I,MA2202,Science,Mathematics,0.576416015625,1880,0.60546875,0.560546875,5,6,142,2.0,2333,1,MA2202
Collaborative Music Ensembles,CFA2210,YST Conservatory of Music,YSTCM Dean's Office,0.576367199420929,1881,0.642578125,0.55224609375,3,8,94,1.32,2381,4,CFA2210; CFA2211; CFA3210; CFA3211
Picturing and Seeing Development,UTC2111,Residential College,Tembusu College,0.576367199420929,1881,0.5888671875,0.568359375,6,5,708,9.97,1790,1,UTC2111
The Effects of Space and Geography on Regulation,LL4243,Law,FoL Dean's Office,0.576367199420929,1881,0.61572265625,0.56494140625,6,5,695,9.79,1803,2,LL4243; LL4243V
International Conflict Analysis,PS3239,Arts and Social Science,Political Science,0.576367199420929,1881,0.59912109375,0.56494140625,5,6,534,7.52,1952,1,PS3239
Data Structures and Algorithms,CS2040,Computing,Computer Science,0.576367199420929,1881,0.60791015625,0.5625,3,8,376,5.3,2102,7,CS2040; CS2040C; CS2040DE; CS2040HS; CS2040S; TCX2001; TIC2001
Topics On Contemporary China,CH3244,Arts and Social Science,Chinese Studies,0.5763183832168579,1882,0.59326171875,0.56689453125,6,5,205,2.89,2270,1,CH3244
Introduction to Classical Music Composition,MUT1201,YST Conservatory of Music,YSTCM Dean's Office,0.5762695074081421,1883,0.62158203125,0.5634765625,3,8,296,4.17,2181,1,MUT1201
Adv Topics in Ecology & Evolution: Behavioural Ecology,YSC4211D,Yale-NUS College,Yale-NUS College,0.5762695074081421,1883,0.638671875,0.54833984375,5,6,205,2.89,2270,1,YSC4211D
Nuclear & Particle Physics,PC3232,Science,Physics,0.5762695074081421,1883,0.59912109375,0.56787109375,6,5,298,4.2,2179,1,PC3232
Being and Becoming: Concepts and Practices of Childhood,NHS2100,NUS College,NUS College Dean's Office,0.576220691204071,1884,0.58447265625,0.56884765625,1,10,826,11.63,1684,1,NHS2100
From Data to a Galaxy,PC3413,Science,Physics,0.576171875,1885,0.59765625,0.5615234375,4,7,255,3.59,2221,1,PC3413
Making Sense of Regions in South Asia,SN2284,Arts and Social Science,South Asian Studies,0.576123058795929,1886,0.58935546875,0.5693359375,5,6,565,7.96,1922,1,SN2284
Sculpting Movement: Artist in Residence (AIR) Special Project,YHU2317,Yale-NUS College,Yale-NUS College,0.576123058795929,1886,0.6083984375,0.56005859375,6,5,797,11.22,1711,1,YHU2317
International Energy Law,LL4473,Law,FoL Dean's Office,0.576123058795929,1886,0.5927734375,0.56640625,5,6,235,3.31,2241,2,LL4473; LL4473V
Global Environmental Change: Anthropological Approaches,YSS3287,Yale-NUS College,Yale-NUS College,0.5760742425918579,1887,0.5986328125,0.55908203125,3,8,248,3.49,2228,1,YSS3287
Chinese Metaphors,CH4205,Arts and Social Science,Chinese Studies,0.5760253667831421,1888,0.6025390625,0.5654296875,6,5,405,5.7,2073,2,CH4205; CH4205HM
Japanese Public Policy,JS4223,Arts and Social Science,Japanese Studies,0.5760253667831421,1888,0.609375,0.5634765625,8,3,322,4.53,2155,2,JS4223; JS4223HM
Human Development over the Lifespan,SW2104,Arts and Social Science,Social Work,0.575976550579071,1889,0.59423828125,0.57275390625,2,9,668,9.41,1828,1,SW2104
Intermediate Microeconomics,YSS2203,Yale-NUS College,Yale-NUS College,0.575927734375,1890,0.60302734375,0.5595703125,5,6,581,8.18,1906,1,YSS2203
Public Speaking and Critical Reasoning,GEM2027,Arts and Social Science,Communications and New Media,0.575927734375,1890,0.59033203125,0.56640625,6,5,1046,14.73,1496,4,GEM2027; GET1008; GEX1005; GEX1005T
Contemporary Educational Psychology,YSS4291,Yale-NUS College,Yale-NUS College,0.575927734375,1890,0.583984375,0.56884765625,7,4,293,4.13,2184,1,YSS4291
Metabolism and Regulation,LSM3210,Yong Loo Lin Sch of Medicine,Biochemistry,0.575878918170929,1891,0.62451171875,0.55517578125,3,8,179,2.52,2296,3,LSM3210; LSM3210A; LSM3210B
"Aquatic, Riparian and Coastal Systems",GE3255,Arts and Social Science,Geography,0.575878918170929,1891,0.5927734375,0.5498046875,3,8,108,1.52,2367,1,GE3255
State and Company in Legal-Historical Perspective,LL4079,Law,FoL Dean's Office,0.5758301019668579,1892,0.5859375,0.56787109375,1,10,311,4.38,2166,1,LL4079
Social Inequalities : Who Gets Ahead?,SC2204,Arts and Social Science,Sociology and Anthropology,0.5757812261581421,1893,0.58984375,0.56982421875,5,6,1036,14.59,1505,1,SC2204
Discrete Optimization,MA4254,Science,Mathematics,0.575732409954071,1894,0.59521484375,0.56494140625,6,5,703,9.9,1795,1,MA4254
Environmental Challenges in the Anthropocene,ESE2001,College of Design and Engineering,Civil and Environmental Engineering,0.575732409954071,1894,0.61572265625,0.564453125,3,8,185,2.61,2290,1,ESE2001
European Company Law,LL4233,Law,FoL Dean's Office,0.57568359375,1895,0.5927734375,0.56640625,2,9,298,4.2,2179,2,LL4233; LL4233V
Model Organisms,YSC1208,Yale-NUS College,Yale-NUS College,0.57568359375,1895,0.59765625,0.5595703125,4,7,113,1.59,2362,1,YSC1208
Social History of the Piano,GEC1023,YST Conservatory of Music,YSTCM Dean's Office,0.57568359375,1895,0.60595703125,0.54833984375,3,8,57,0.8,2418,2,GEC1023; GEH1060
Public Health Nutrition,SPH2202,SSH School of Public Health,SSH School of Public Health Dean's Office,0.57568359375,1895,0.59228515625,0.56396484375,4,7,127,1.79,2348,1,SPH2202
Human Anatomy & Physiology II,PY1131,Yong Loo Lin Sch of Medicine,Physiology,0.57568359375,1895,0.59423828125,0.57080078125,3,8,502,7.07,1982,1,PY1131
New Venture Creation,BSN3702,NUS Business School,Strategy and Policy,0.57568359375,1895,0.58935546875,0.57275390625,3,8,879,12.38,1636,8,BSN3702; BSN3702X; ETP3211; TR3002; TR3002A; TR3002B; TR3002I; TR3002N
Resource and Energy Economics II,EC4384,Arts and Social Science,Economics,0.575634777545929,1896,0.61572265625,0.5595703125,5,6,146,2.06,2329,2,EC4384; EC4384HM
"Working with Parliaments: Shaping Policy, Driving Laws",NHS2103,NUS College,NUS College Dean's Office,0.575634777545929,1896,0.59228515625,0.56640625,6,5,765,10.77,1739,1,NHS2103
Lab in Clinical Psychology,PL3287,Arts and Social Science,Psychology,0.5755859613418579,1897,0.59619140625,0.55908203125,7,4,164,2.31,2311,1,PL3287
Quantitative Reasoning,GER1000,Non-Faculty-based Departments,Office of the Provost,0.5755370855331421,1898,0.6220703125,0.556640625,6,5,281,3.96,2196,4,GER1000; GER1000B; GER1000H; YCC1122
"Cities for People, not for Profit",GE3204,Arts and Social Science,Geography,0.5755370855331421,1898,0.59033203125,0.568359375,7,4,643,9.06,1851,1,GE3204
Language and the Internet,EL3216,Arts and Social Science,"English,Ling.andTheatre Studies",0.575488269329071,1899,0.583984375,0.57080078125,6,5,253,3.56,2223,1,EL3216
Science of Music,GEH1030,Science,Physics,0.575488269329071,1899,0.59912109375,0.55517578125,2,9,83,1.17,2392,1,GEH1030
The Grammars and Lexicons of the Chinese Dialects,CL3210,Arts and Social Science,Chinese Studies,0.575488269329071,1899,0.6025390625,0.5625,3,8,60,0.84,2415,1,CL3210
Intellectual Property Arbitration,LL4438,Law,FoL Dean's Office,0.575439453125,1900,0.615234375,0.56396484375,2,9,128,1.8,2347,2,LL4438; LL4438V
"Creative Projects: Life-writing, Environment, & Objects",YHU4271,Yale-NUS College,Yale-NUS College,0.575390636920929,1901,0.603515625,0.564453125,8,3,830,11.69,1680,1,YHU4271
"Crime, Society and Inequality (CSI): Singapore Edition",UTC2418,Residential College,College of Alice and Peter Tan,0.575390636920929,1901,0.60009765625,0.56640625,1,10,426,6.0,2054,2,UTC2418; UTS2412
The Rise of Hip-hop from America to Asia,NHS2082,NUS College,NUS College Dean's Office,0.575244128704071,1902,0.58740234375,0.56494140625,5,6,954,13.43,1572,1,NHS2082
Baby or No Baby: Population Dynamics at a Crossroads,SC2208,Arts and Social Science,Sociology and Anthropology,0.575244128704071,1902,0.6103515625,0.5654296875,6,5,778,10.96,1727,1,SC2208
Current Topics in Health and Nutrition,FST3205,Science,Food Science and Technology,0.5751953125,1903,0.59521484375,0.56591796875,3,8,354,4.99,2123,1,FST3205
Introduction to Arts,YHU2291,Yale-NUS College,Yale-NUS College,0.5751953125,1903,0.60986328125,0.5546875,5,6,350,4.93,2127,1,YHU2291
Text and Ideology in the Malay World,MS3212,Arts and Social Science,Malay Studies,0.5751953125,1903,0.63623046875,0.55859375,6,5,220,3.1,2255,1,MS3212
Lab in Cognitive Psychology,PL3281,Arts and Social Science,Psychology,0.5751953125,1903,0.58935546875,0.56396484375,4,7,207,2.92,2268,2,PL3281; YSS3267
Civil Law Tradition,LL4010,Law,FoL Dean's Office,0.575146496295929,1904,0.58349609375,0.56591796875,2,9,228,3.21,2248,1,LL4010
Advanced UROPS in Astrophysics II,PC3289A,Science,Physics,0.575146496295929,1904,0.599609375,0.56640625,8,3,1271,17.9,1323,1,PC3289A
Orientations in Muslim Resurgence Movements,MS4880A,Arts and Social Science,Malay Studies,0.5750976800918579,1905,0.6044921875,0.56494140625,6,5,961,13.53,1566,2,MS4880A; MS4880AHM
The Modern History of Southeast Asia through Fiction,NHS2007,NUS College,NUS College Dean's Office,0.5750976800918579,1905,0.623046875,0.55615234375,9,2,247,3.48,2229,1,NHS2007
"Humans versus Machines: Convergence, Conflict, and Coexistence",UTC1803,Residential College,Acacia College,0.5750488042831421,1906,0.59326171875,0.5595703125,3,8,229,3.22,2247,1,UTC1803
Representation and Media,GEH1061,Arts and Social Science,Communications and New Media,0.574999988079071,1907,0.59228515625,0.56005859375,7,4,674,9.49,1822,2,GEH1061; GEX1001
Fundamentals of Chemistry,CM1417,Science,Chemistry,0.574999988079071,1907,0.61669921875,0.5537109375,3,8,78,1.1,2397,2,CM1417; CM1417X
The Rocky Road to SDGs,RVC1001,Residential College,Ridge View Residential College,0.574999988079071,1907,0.6083984375,0.560546875,4,7,537,7.56,1949,1,RVC1001
Engineering Mathematics I,TG1401,Cont and Lifelong Education,SCALE Dean's Office,0.574902355670929,1908,0.591796875,0.56298828125,5,6,626,8.82,1864,2,TG1401; TTG1401
Directed Language Study: Beginning Russian 2,YIL1202R,Yale-NUS College,Yale-NUS College,0.574902355670929,1908,0.59033203125,0.5595703125,3,8,218,3.07,2257,1,YIL1202R
Social Life of Cities,YSS3275,Yale-NUS College,Yale-NUS College,0.574902355670929,1908,0.5908203125,0.5693359375,5,6,1140,16.05,1423,1,YSS3275
Emerging Topics in Computing II,CP4282,Computing,Computer Science,0.574902355670929,1908,0.5986328125,0.56591796875,4,7,1123,15.81,1438,1,CP4282
"Asia, Development, and Environment",YID3230,Yale-NUS College,Yale-NUS College,0.574902355670929,1908,0.59423828125,0.55517578125,5,6,287,4.04,2190,1,YID3230
"Language, Ideology and Power",EL4254,Arts and Social Science,"English,Ling.andTheatre Studies",0.5748535394668579,1909,0.5908203125,0.56982421875,5,6,320,4.51,2157,2,EL4254; EL4254HM
Fluid Mechanics and Heat Transfer,CN2106,College of Design and Engineering,Chemical and Biomolecular Engineering,0.5748535394668579,1909,0.59033203125,0.56591796875,5,6,398,5.6,2080,1,CN2106
Material Knowledge and Photographic Experimentation,YHU4277,Yale-NUS College,Yale-NUS College,0.5748535394668579,1909,0.58740234375,0.560546875,8,3,250,3.52,2226,1,YHU4277
The Law & Politics of International Courts & Tribunals,LL4222,Law,FoL Dean's Office,0.5748535394668579,1909,0.5927734375,0.55908203125,2,9,106,1.49,2369,1,LL4222
South Asian Interregional Tourism,SN4232,Arts and Social Science,South Asian Studies,0.5748046636581421,1910,0.59521484375,0.56591796875,5,6,685,9.65,1812,2,SN4232; SN4232HM
Introduction to Computer Science,YSC1212,Yale-NUS College,Yale-NUS College,0.5748046636581421,1910,0.60205078125,0.55810546875,7,4,177,2.49,2298,1,YSC1212
Climate Responsive Architecture,AR1721,College of Design and Engineering,Architecture,0.5748046636581421,1910,0.6142578125,0.56103515625,4,7,122,1.72,2353,1,AR1721
Korean 5,LAK4201,Arts and Social Science,Centre for Language Studies,0.574755847454071,1911,0.58544921875,0.56982421875,6,5,595,8.38,1894,2,LAK4201; LAK4201HM
GEx Nagoya-Sendai-Tokyo,NEX3007,NUS College,NUS College Dean's Office,0.574755847454071,1911,0.58349609375,0.5654296875,8,3,709,9.98,1789,2,NEX3007; NEX3007S
"Science, Technology & Modern Warfare",NST2067,NUS College,NUS College Dean's Office,0.574755847454071,1911,0.59033203125,0.56494140625,4,7,330,4.65,2147,1,NST2067
Globalization And International Law,LL4022V,Law,FoL Dean's Office,0.574755847454071,1911,0.6181640625,0.5498046875,5,6,113,1.59,2362,1,LL4022V
Environmental Microbiomes: From Ecosystems to Hosts,LSM4269,Science,Biological Sciences,0.57470703125,1912,0.66796875,0.5439453125,4,7,50,0.7,2425,1,LSM4269
Understanding Modern China Through Film (in English),CH2292A,Arts and Social Science,Chinese Studies,0.57470703125,1912,0.60107421875,0.56591796875,5,6,127,1.79,2348,1,CH2292A
Topics in Global Health and Environment,GL4883,Arts and Social Science,Political Science,0.57470703125,1912,0.587890625,0.56884765625,7,4,1049,14.77,1494,2,GL4883; GL4883HM
A History of Contemporary Art,AH3201,Arts and Social Science,History,0.574658215045929,1913,0.619140625,0.56103515625,6,5,463,6.52,2018,1,AH3201
Toxicology,LSM4211,Yong Loo Lin Sch of Medicine,Pharmacology,0.574658215045929,1913,0.60546875,0.56298828125,5,6,300,4.22,2177,1,LSM4211
Japan and China: Rivals and Partners,JS2227,Arts and Social Science,Japanese Studies,0.574658215045929,1913,0.615234375,0.56298828125,8,3,630,8.87,1862,1,JS2227
Voice Literature 2,MUA3195,YST Conservatory of Music,YSTCM Dean's Office,0.5746093988418579,1914,0.59912109375,0.564453125,5,6,295,4.15,2182,1,MUA3195
Mathematics for Economists,EC3314,Arts and Social Science,Economics,0.5746093988418579,1914,0.6005859375,0.556640625,7,4,262,3.69,2214,1,EC3314
Beyond the Good and Evil of Drugs,HS2915,Science,PharmacyandPharmaceuticalScience,0.5745605230331421,1915,0.59326171875,0.5712890625,5,6,1548,21.8,1141,1,HS2915
Labour Economics I,EC3361,Arts and Social Science,Economics,0.5745605230331421,1915,0.61279296875,0.5634765625,6,5,695,9.79,1803,1,EC3361
Learning to Learn Better,ALS1010,Yong Loo Lin Sch of Medicine,Physiology,0.5745605230331421,1915,0.58642578125,0.57080078125,2,9,382,5.38,2096,2,ALS1010; ALS1010CP
Making Contemporary Performance,TS2233,Arts and Social Science,"English,Ling.andTheatre Studies",0.574511706829071,1916,0.6259765625,0.5546875,7,4,362,5.1,2115,1,TS2233
International Intellectual Property Law,LL4372,Law,FoL Dean's Office,0.574462890625,1917,0.587890625,0.5693359375,2,9,119,1.68,2356,2,LL4372; LL4372V
Majorities and Minorities in SE Asia,SE4218,Arts and Social Science,Southeast Asian Studies,0.574462890625,1917,0.61279296875,0.5625,8,3,552,7.77,1934,2,SE4218; SE4218HM
Literature and Humanities 2,YCC1112,Yale-NUS College,Yale-NUS College,0.574414074420929,1918,0.6396484375,0.556640625,7,4,179,2.52,2296,1,YCC1112
China and Southeast Asia: Past & Present,HY3243,Arts and Social Science,History,0.574414074420929,1918,0.58837890625,0.564453125,7,4,319,4.49,2158,1,HY3243
Musical Concepts and Materials 2,MUT1102,YST Conservatory of Music,YSTCM Dean's Office,0.574414074420929,1918,0.58349609375,0.56591796875,5,6,756,10.65,1748,1,MUT1102
Radar Theory and Techniques,EG2312,College of Design and Engineering,CDE Dean's Office,0.574414074420929,1918,0.62548828125,0.5556640625,5,6,279,3.93,2198,1,EG2312
IT Law I,LL4076,Law,FoL Dean's Office,0.5743652582168579,1919,0.58154296875,0.5693359375,4,7,385,5.42,2093,2,LL4076; LL4076V
Evolution of Economic Thought & Analysis,EC3391,Arts and Social Science,Economics,0.5743163824081421,1920,0.599609375,0.56005859375,6,5,259,3.65,2217,1,EC3391
Exploring Consciousness - Theory and Neuroscience,PL4241HM,Arts and Social Science,Psychology,0.5743163824081421,1920,0.6005859375,0.55517578125,2,9,403,5.68,2075,1,PL4241HM
Networks in Psychology,PL4246,Arts and Social Science,Psychology,0.5743163824081421,1920,0.60009765625,0.55810546875,6,5,275,3.87,2202,2,PL4246; PL4246HM
World Drama,YHU3364,Yale-NUS College,Yale-NUS College,0.574267566204071,1921,0.6533203125,0.55517578125,10,1,759,10.69,1745,1,YHU3364
Glocal Media Worlds,GL4884A,Arts and Social Science,Political Science,0.57421875,1922,0.6025390625,0.55908203125,9,2,539,7.59,1947,2,GL4884A; GL4884AHM
Audio Postproduction Techniques,MUA3170,YST Conservatory of Music,YSTCM Dean's Office,0.57421875,1922,0.5830078125,0.56884765625,7,4,375,5.28,2103,1,MUA3170
Chamber Music: An Interdisciplinary Approach,MUH3205,YST Conservatory of Music,YSTCM Dean's Office,0.5741211175918579,1923,0.61328125,0.5576171875,4,7,302,4.25,2175,1,MUH3205
Topics in Applied Economics,EC4882,Arts and Social Science,Economics,0.5741211175918579,1923,0.59814453125,0.564453125,7,4,656,9.24,1839,2,EC4882; EC4882HM
Model and Systems Thinking for Complex Social Issues,UTC2721,Residential College,Residential College 4,0.5741211175918579,1923,0.60986328125,0.55712890625,3,8,412,5.8,2068,1,UTC2721
Computers and the Humanities,GEI1002,Arts and Social Science,"English,Ling.andTheatre Studies",0.5740722417831421,1924,0.59228515625,0.5595703125,8,3,111,1.56,2364,3,GEI1002; GEK2050; GET1030
Particle Physics,PC4245,Science,Physics,0.5740722417831421,1924,0.60791015625,0.56201171875,4,7,163,2.3,2312,1,PC4245
Introduction to the Geopolitics of South Asia,SN4101,Arts and Social Science,South Asian Studies,0.5740722417831421,1924,0.6064453125,0.5615234375,8,3,560,7.89,1926,1,SN4101
Jr Sem: Bioethics in the 21st Century,UTC1417,Residential College,College of Alice and Peter Tan,0.5740722417831421,1924,0.59912109375,0.556640625,5,6,192,2.7,2283,1,UTC1417
Law of the Sea: Theory and Practice,LL4140,Law,FoL Dean's Office,0.574023425579071,1925,0.59423828125,0.5615234375,5,6,272,3.83,2205,2,LL4140; LL4140V
Polycentric Governance: Possibilities and Pitfalls,NHS2023,NUS College,NUS College Dean's Office,0.573974609375,1926,0.61865234375,0.564453125,9,2,645,9.08,1849,1,NHS2023
Field Investigation in Human Geography,GE4221,Arts and Social Science,Geography,0.573974609375,1926,0.59423828125,0.56298828125,7,4,923,13.0,1597,2,GE4221; GE4221HM
International Litigation: Themes and Practice,LL4432,Law,FoL Dean's Office,0.573925793170929,1927,0.6416015625,0.55517578125,3,8,80,1.13,2395,2,LL4432; LL4432V
Applied Quantum Physics,PC2130B,Science,Physics,0.573925793170929,1927,0.5849609375,0.55859375,5,6,127,1.79,2348,1,PC2130B
The Materiality of Photographs: Craft and Perception,YHU2337,Yale-NUS College,Yale-NUS College,0.573925793170929,1927,0.607421875,0.55712890625,7,4,231,3.25,2245,1,YHU2337
From DNA to Gene Therapy,HSI2003,Yong Loo Lin Sch of Medicine,Biochemistry,0.573925793170929,1927,0.6162109375,0.560546875,5,6,134,1.89,2341,1,HSI2003
The First 3 Minutes of the Universe,PC3411,Science,Physics,0.5738769769668579,1928,0.630859375,0.5546875,6,5,338,4.76,2139,1,PC3411
Macroeconomic Principles in the Global Economy,BSE3701,NUS Business School,Strategy and Policy,0.5738769769668579,1928,0.587890625,0.56005859375,4,7,324,4.56,2153,1,BSE3701
Nature and Environment in Japan,YSS3342,Yale-NUS College,Yale-NUS College,0.5738769769668579,1928,0.5849609375,0.55810546875,6,5,141,1.99,2334,1,YSS3342
Algebra I (S),MA2202S,Science,Mathematics,0.5738769769668579,1928,0.6103515625,0.55419921875,7,4,189,2.66,2286,1,MA2202S
Topics in Landscape Architecture,AR4954,College of Design and Engineering,Architecture,0.5738281011581421,1929,0.6328125,0.5478515625,5,6,70,0.99,2405,2,AR4954; LAD4005
Introduction to Japanese Literature,JS2212,Arts and Social Science,Japanese Studies,0.5738281011581421,1929,0.62109375,0.54150390625,8,3,103,1.45,2372,1,JS2212
Experimental Forensic Science: From Data to Discovery,FSC4210,Science,Biological Sciences,0.5738281011581421,1929,0.58984375,0.55908203125,6,5,186,2.62,2289,1,FSC4210
History and Theory of Southeast Asia Architecture,AR2221,College of Design and Engineering,Architecture,0.57373046875,1930,0.59912109375,0.56005859375,6,5,361,5.08,2116,1,AR2221
Solidarity and Social Change,YHU4256,Yale-NUS College,Yale-NUS College,0.57373046875,1930,0.59521484375,0.56494140625,1,10,1121,15.79,1440,1,YHU4256
Mathematics I,MA1505,Science,Mathematics,0.57373046875,1930,0.60107421875,0.56103515625,5,6,533,7.51,1953,1,MA1505
Arabic 3,LAR3201,Arts and Social Science,Centre for Language Studies,0.573681652545929,1931,0.59228515625,0.55859375,6,5,153,2.15,2322,1,LAR3201
Chinese Local Society: Religion and Lineage,YHU4263,Yale-NUS College,Yale-NUS College,0.5735839605331421,1932,0.609375,0.56396484375,7,4,177,2.49,2298,1,YHU4263
Liability of Corporate Groups and Networks,LL4393,Law,FoL Dean's Office,0.5735839605331421,1932,0.58544921875,0.5595703125,7,4,911,12.83,1607,2,LL4393; LL4393V
The Psychology and Neuroscience of Mindfulness,PL4249,Arts and Social Science,Psychology,0.5735839605331421,1932,0.5908203125,0.5615234375,8,3,301,4.24,2176,2,PL4249; PL4249HM
Political Theologies in Asian Life-Worlds,YSS4285,Yale-NUS College,Yale-NUS College,0.573535144329071,1933,0.5849609375,0.5654296875,6,5,772,10.87,1732,1,YSS4285
Advanced UROPS in Astrophysics I,PC3288A,Science,Physics,0.573535144329071,1933,0.60107421875,0.56298828125,7,4,1161,16.35,1408,1,PC3288A
Methods and Practices in Geography,GE2101,Arts and Social Science,Geography,0.573437511920929,1934,0.5849609375,0.56298828125,5,6,444,6.25,2036,1,GE2101
Psychology Capstone Project,YSS4102,Yale-NUS College,Yale-NUS College,0.573437511920929,1934,0.60107421875,0.56396484375,7,4,633,8.91,1859,1,YSS4102
Hindi 6,LAH4202,Arts and Social Science,Centre for Language Studies,0.573437511920929,1934,0.60107421875,0.55712890625,5,6,162,2.28,2313,2,LAH4202; LAH4202HM
Geopolitics: Southeast Asia and the World,GE3258,Arts and Social Science,Geography,0.5733398199081421,1935,0.6396484375,0.5595703125,8,3,324,4.56,2153,1,GE3258
Introduction to Statistics and Statistical Computing,ST1131,Science,Statistics and Data Science,0.5733398199081421,1935,0.5966796875,0.56005859375,6,5,263,3.7,2213,1,ST1131
Introduction to Chinese Buddhism,CH3255,Arts and Social Science,Chinese Studies,0.573291003704071,1936,0.587890625,0.55712890625,5,6,111,1.56,2364,1,CH3255
Ethics and Politics of Sex,YHU2269,Yale-NUS College,Yale-NUS College,0.573291003704071,1936,0.57861328125,0.5703125,1,10,288,4.06,2189,1,YHU2269
Polymaths: Innovating Between Art and Science,HS2912,Arts and Social Science,"English,Ling.andTheatre Studies",0.5732421875,1937,0.5849609375,0.56298828125,6,5,163,2.3,2312,1,HS2912
Southeast Asia's Cultural Mosaic,SE2880A,Arts and Social Science,Southeast Asian Studies,0.5732421875,1937,0.58642578125,0.5673828125,8,3,626,8.82,1864,1,SE2880A
Arts and Humanities Capstone Project,YHU4104,Yale-NUS College,Yale-NUS College,0.5731445550918579,1938,0.58984375,0.56494140625,8,3,374,5.27,2104,1,YHU4104
Stochastic Processes and Models (SPaM),YSC4225,Yale-NUS College,Yale-NUS College,0.5731445550918579,1938,0.607421875,0.55615234375,6,5,406,5.72,2072,1,YSC4225
Mathematical Methods in Physics I,PC2174A,Science,Physics,0.5731445550918579,1938,0.59326171875,0.55859375,4,7,112,1.58,2363,1,PC2174A
French 2,LAF2201,Arts and Social Science,Centre for Language Studies,0.5730956792831421,1939,0.60498046875,0.5595703125,5,6,158,2.23,2317,1,LAF2201
Global Political Economy,GL2102,Arts and Social Science,Political Science,0.573046863079071,1940,0.60888671875,0.5498046875,7,4,479,6.75,2004,1,GL2102
Critical Perspectives on Technology,NM4242,Arts and Social Science,Communications and New Media,0.573046863079071,1940,0.59130859375,0.55615234375,9,2,173,2.44,2302,2,NM4242; NM4242HM
Exhibitions and the Sites of Display,YHU2300,Yale-NUS College,Yale-NUS College,0.573046863079071,1940,0.62939453125,0.560546875,7,4,466,6.56,2015,1,YHU2300
Health Economics,EC4353,Arts and Social Science,Economics,0.572998046875,1941,0.58251953125,0.56396484375,5,6,243,3.42,2233,2,EC4353; EC4353HM
Selected Topics in Health & Society,SC4881,Arts and Social Science,Sociology and Anthropology,0.572949230670929,1942,0.6220703125,0.5498046875,5,6,166,2.34,2309,2,SC4881; SC4881HM
GEx Manila,NEX3017,NUS College,NUS College Dean's Office,0.572949230670929,1942,0.59765625,0.56201171875,5,6,602,8.48,1888,1,NEX3017
Advanced Topics in Plant-Microbe Interactions,YSC4244,Yale-NUS College,Yale-NUS College,0.572949230670929,1942,0.607421875,0.54248046875,2,9,44,0.62,2431,1,YSC4244
Computation and Philosophy,PH2113,Arts and Social Science,Philosophy,0.572949230670929,1942,0.58740234375,0.56103515625,7,4,108,1.52,2367,1,PH2113
Law & Practice of Investment Treaty Arbitration,LL4078,Law,FoL Dean's Office,0.572949230670929,1942,0.6298828125,0.552734375,5,6,90,1.27,2385,1,LL4078
Public Sector Organisational Behaviour,PS3243,Arts and Social Science,Political Science,0.572949230670929,1942,0.59375,0.56591796875,5,6,839,11.82,1673,1,PS3243
FS: War Memories: From Anne Frank to Changi Prison,FMA1204H,Arts and Social Science,History,0.5729004144668579,1943,0.5830078125,0.5673828125,6,5,693,9.76,1804,1,FMA1204H
Chamber Music in Mixed Ensemble 4,MUA4210,YST Conservatory of Music,YSTCM Dean's Office,0.5729004144668579,1943,0.6171875,0.5615234375,2,9,159,2.24,2316,1,MUA4210
History & Theory of Architecture I,AR2227,College of Design and Engineering,Architecture,0.5728515386581421,1944,0.599609375,0.55419921875,4,7,162,2.28,2313,1,AR2227
Introduction to the Scientific Literature,SP2271,Science,FoS Dean's Office,0.572802722454071,1945,0.57470703125,0.57080078125,7,4,330,4.65,2147,1,SP2271
Language Typology,EL3213,Arts and Social Science,"English,Ling.andTheatre Studies",0.572802722454071,1945,0.5859375,0.5537109375,4,7,76,1.07,2399,3,EL3213; EL4213; EL4213HM
Peoples and Cultures of Southeast Asia,AN2203,Arts and Social Science,Sociology and Anthropology,0.57275390625,1946,0.5888671875,0.56103515625,10,1,447,6.29,2033,1,AN2203
Causal Analytics for Managerial Decisions,DBA4712,NUS Business School,Analytics and Operations,0.57275390625,1946,0.61376953125,0.5576171875,4,7,263,3.7,2213,1,DBA4712
Oil Cities: Past and Futures of Petro-Urbanism,YSS3338,Yale-NUS College,Yale-NUS College,0.572705090045929,1947,0.5869140625,0.56494140625,7,4,577,8.13,1910,1,YSS3338
Apocalyptic Cultures,NTW2007,NUS College,NUS College Dean's Office,0.572705090045929,1947,0.5830078125,0.56298828125,8,3,1003,14.12,1532,1,NTW2007
Introduction to Computing Media in Max,MUA1166,YST Conservatory of Music,YSTCM Dean's Office,0.5726562738418579,1948,0.5927734375,0.56494140625,6,5,304,4.28,2173,1,MUA1166
"Objects of Desire: Consumers, Colonialism, and Global Trade",YHU3277,Yale-NUS College,Yale-NUS College,0.5726073980331421,1949,0.5849609375,0.56787109375,4,7,1504,21.18,1171,1,YHU3277
Equity and Education,NTW2031,NUS College,NUS College Dean's Office,0.572558581829071,1950,0.60302734375,0.56103515625,6,5,365,5.14,2112,1,NTW2031
Introduction to Japan,GEK1002,Arts and Social Science,Japanese Studies,0.572558581829071,1950,0.65771484375,0.541015625,8,3,100,1.41,2375,2,GEK1002; JS1101E
Dialectical Behavior Therapy: Selected Applications,PL4256,Arts and Social Science,Psychology,0.572558581829071,1950,0.64013671875,0.55712890625,5,6,558,7.86,1928,2,PL4256; PL4256HM
Inorganic Chemistry 1,CM1111,Science,Chemistry,0.572509765625,1951,0.60791015625,0.55078125,4,7,129,1.82,2346,1,CM1111
Legal Aspects of Information Security,IFS4101,Computing,Information Systems and Analytics,0.572509765625,1951,0.591796875,0.5654296875,5,6,152,2.14,2323,1,IFS4101
Foundations of Neuroscience,YSC2231,Yale-NUS College,Yale-NUS College,0.572509765625,1951,0.59716796875,0.56298828125,4,7,166,2.34,2309,1,YSC2231
Orchestration,MUT3113,YST Conservatory of Music,YSTCM Dean's Office,0.572509765625,1951,0.61767578125,0.55712890625,3,8,72,1.01,2403,1,MUT3113
Topics in Constitutional Law: Socio-Economic Rights,LL4301,Law,FoL Dean's Office,0.572509765625,1951,0.5791015625,0.56640625,3,8,369,5.2,2109,1,LL4301
Approaches to Chinese History,HY4214,Arts and Social Science,History,0.572460949420929,1952,0.599609375,0.56201171875,8,3,238,3.35,2238,2,HY4214; HY4214HM
Advanced UROPS in Statistics & Applied Probability II (REx),ST3289R,Science,Statistics and Data Science,0.5724121332168579,1953,0.58203125,0.56689453125,6,5,616,8.67,1874,1,ST3289R
Committed to Changing Our World: The Systems Pioneers,UTC2706,Residential College,Residential College 4,0.5724121332168579,1953,0.58349609375,0.56787109375,3,8,691,9.73,1806,1,UTC2706
Political Eco and Land,LAD4007,College of Design and Engineering,Architecture,0.5724121332168579,1953,0.61279296875,0.556640625,4,7,142,2.0,2333,1,LAD4007
Communicating in the Information Age,ES2660,Non-Faculty-based Departments,Center for Engl Lang Comms,0.5723632574081421,1954,0.58740234375,0.5625,5,6,762,10.73,1742,1,ES2660
Writing the Short Film,TS2241,Arts and Social Science,"English,Ling.andTheatre Studies",0.5723632574081421,1954,0.6201171875,0.54541015625,5,6,103,1.45,2372,1,TS2241
Scientific Computing,YSC3267,Yale-NUS College,Yale-NUS College,0.572314441204071,1955,0.5859375,0.56005859375,5,6,228,3.21,2248,1,YSC3267
Keyboard Skills for Piano Majors,MUA3113,YST Conservatory of Music,YSTCM Dean's Office,0.572314441204071,1955,0.6064453125,0.544921875,3,8,130,1.83,2345,1,MUA3113
Neuronal Development and Diseases,LSM3216,Yong Loo Lin Sch of Medicine,Physiology,0.572314441204071,1955,0.58740234375,0.55908203125,5,6,77,1.08,2398,1,LSM3216
GEx Java,NEX3005,NUS College,NUS College Dean's Office,0.572314441204071,1955,0.60498046875,0.56396484375,8,3,1004,14.14,1531,1,NEX3005
Chamber Music in Mixed Ensemble 6,MUA4410,YST Conservatory of Music,YSTCM Dean's Office,0.572265625,1956,0.623046875,0.560546875,3,8,202,2.84,2273,1,MUA4410
Science Skills Workshop,YSC2251,Yale-NUS College,Yale-NUS College,0.572265625,1956,0.60595703125,0.56494140625,7,4,355,5.0,2122,1,YSC2251
Law Of Torts,LC1004,Law,FoL Dean's Office,0.572216808795929,1957,0.58056640625,0.5625,1,10,34,0.48,2441,1,LC1004
Cultural Diversity in the Contemporary World,GEC1020,Arts and Social Science,Sociology and Anthropology,0.572216808795929,1957,0.58154296875,0.5595703125,6,5,804,11.32,1704,3,GEC1020; GEH1056; GEK1005
Japan and the Asia-Pacific Region,JS3223,Arts and Social Science,Japanese Studies,0.572216808795929,1957,0.5986328125,0.55224609375,9,2,99,1.39,2376,1,JS3223
Directed Language Study: Beginning Bangla 1,YIL1201B,Yale-NUS College,Yale-NUS College,0.572216808795929,1957,0.58740234375,0.5625,4,7,259,3.65,2217,1,YIL1201B
Public Persona and Self-presentations,UTW1001N,Non-Faculty-based Departments,Center for Engl Lang Comms,0.572216808795929,1957,0.60888671875,0.5537109375,5,6,202,2.84,2273,1,UTW1001N
Systems Neurobiology,LSM4213,Yong Loo Lin Sch of Medicine,Physiology,0.5721679925918579,1958,0.5849609375,0.5595703125,2,9,247,3.48,2229,1,LSM4213
Special Topic: Ocean and Society in Southeast Asia,YID3202F,Yale-NUS College,Yale-NUS College,0.5721679925918579,1958,0.58642578125,0.5634765625,4,7,290,4.08,2187,1,YID3202F
Conflict of Laws in Int’l Commercial Arbitration,LL4295,Law,FoL Dean's Office,0.5721679925918579,1958,0.61767578125,0.55419921875,3,8,175,2.46,2300,1,LL4295
Hindi 1,LAH1201,Arts and Social Science,Centre for Language Studies,0.5721679925918579,1958,0.6064453125,0.5634765625,6,5,267,3.76,2210,1,LAH1201
Psychology of Bilingualism,PL4880Q,Arts and Social Science,Psychology,0.5721679925918579,1958,0.6083984375,0.56298828125,5,6,266,3.75,2211,2,PL4880Q; PL4880QHM
Global Affairs Capstone Project,YSS4101,Yale-NUS College,Yale-NUS College,0.5721191167831421,1959,0.58984375,0.5615234375,8,3,702,9.89,1796,1,YSS4101
Mathematical Economic Analysis,EC4311,Arts and Social Science,Economics,0.5721191167831421,1959,0.60302734375,0.5537109375,7,4,102,1.44,2373,2,EC4311; EC4311HM
Spread Spectrum Communications,EE4109,College of Design and Engineering,Electrical and Computer Engineering,0.572070300579071,1960,0.61376953125,0.55517578125,6,5,206,2.9,2269,1,EE4109
Death and Dying in the Human Experience,GEC1048,Arts and Social Science,Southeast Asian Studies,0.572070300579071,1960,0.599609375,0.56201171875,6,5,653,9.2,1842,1,GEC1048
Psychology in Everyday Life,GEK1064,Arts and Social Science,Psychology,0.572021484375,1961,0.60888671875,0.5537109375,8,3,441,6.21,2039,2,GEK1064; PLB1201
Chamber Music in Mixed Ensemble 5,MUA4310,YST Conservatory of Music,YSTCM Dean's Office,0.572021484375,1961,0.6162109375,0.56103515625,2,9,174,2.45,2301,1,MUA4310
Conditions of Happiness,NTW2012,NUS College,NUS College Dean's Office,0.572021484375,1961,0.5859375,0.560546875,5,6,848,11.94,1664,1,NTW2012
Networks,YSC1214,Yale-NUS College,Yale-NUS College,0.572021484375,1961,0.5849609375,0.56201171875,6,5,905,12.74,1613,1,YSC1214
The Nuclear Imagination,UTC1123,Residential College,Tembusu College,0.571972668170929,1962,0.587890625,0.560546875,5,6,469,6.6,2012,1,UTC1123
Spanish 1,LAS1201,Arts and Social Science,Centre for Language Studies,0.5719238519668579,1963,0.619140625,0.55859375,5,6,399,5.62,2079,1,LAS1201
Functional Ageing,LSM4217,Yong Loo Lin Sch of Medicine,Physiology,0.5719238519668579,1963,0.5849609375,0.56396484375,5,6,327,4.6,2150,1,LSM4217
Arabic 6,LAR4202,Arts and Social Science,Centre for Language Studies,0.5718749761581421,1964,0.58740234375,0.5625,5,6,157,2.21,2318,2,LAR4202; LAR4202HM
Mechanical Properties of Materials,MLE2104,College of Design and Engineering,Materials Science and Engineering,0.5718749761581421,1964,0.5986328125,0.552734375,3,8,191,2.69,2284,1,MLE2104
Research and Statistical Methods I,PL2131,Arts and Social Science,Psychology,0.5718749761581421,1964,0.5791015625,0.5615234375,6,5,274,3.86,2203,1,PL2131
Hindi 2,LAH2201,Arts and Social Science,Centre for Language Studies,0.571826159954071,1965,0.5859375,0.56201171875,4,7,186,2.62,2289,1,LAH2201
Environmental Impacts of China’s Investments,YSS3313,Yale-NUS College,Yale-NUS College,0.57177734375,1966,0.61669921875,0.537109375,5,6,81,1.14,2394,1,YSS3313
Econometrics II,EC3304,Arts and Social Science,Economics,0.57177734375,1966,0.599609375,0.54833984375,6,5,97,1.37,2378,1,EC3304
Selected Readings,CL2260,Arts and Social Science,Chinese Studies,0.57177734375,1966,0.6064453125,0.5556640625,6,5,177,2.49,2298,1,CL2260
Multitrack Recording Project,MUA2171,YST Conservatory of Music,YSTCM Dean's Office,0.571728527545929,1967,0.58203125,0.564453125,7,4,732,10.31,1768,1,MUA2171
Health and Social Sciences,XD2102,Arts and Social Science,FASS DO/Office of Programmes,0.571728527545929,1967,0.5908203125,0.5595703125,5,6,215,3.03,2260,1,XD2102
Free Radicals and Antioxidant Biology,LSM4224,Yong Loo Lin Sch of Medicine,Biochemistry,0.571728527545929,1967,0.6201171875,0.556640625,2,9,159,2.24,2316,1,LSM4224
Introduction to Space Systems,CDE2311,College of Design and Engineering,CDE Dean's Office,0.5716797113418579,1968,0.6083984375,0.552734375,4,7,398,5.6,2080,2,CDE2311; EG2311
Ideas and Images in Japanese Culture,JS2214,Arts and Social Science,Japanese Studies,0.5716797113418579,1968,0.587890625,0.5625,8,3,360,5.07,2117,1,JS2214
The Evolution of International Arbitration,LL4289V,Law,FoL Dean's Office,0.5716797113418579,1968,0.619140625,0.552734375,4,7,293,4.13,2184,1,LL4289V
International Organisations,PS3251,Arts and Social Science,Political Science,0.5716797113418579,1968,0.578125,0.5654296875,4,7,222,3.13,2253,1,PS3251
Topics in Social Sciences (for FASStrack),FAS2882,Arts and Social Science,FASS DO/Office of Programmes,0.571582019329071,1969,0.5849609375,0.56396484375,7,4,632,8.9,1860,1,FAS2882
Topics in Humanities and Social Sciences: Food and Religious Imaginations,NHS3801A,NUS College,NUS College Dean's Office,0.571533203125,1970,0.6015625,0.55419921875,3,8,234,3.3,2242,1,NHS3801A
The Political Economy of Governance,YSS4278,Yale-NUS College,Yale-NUS College,0.571533203125,1970,0.61669921875,0.54931640625,7,4,166,2.34,2309,1,YSS4278
Oceanic Frameworks: Shifting Currents in Lit. Studies,YHU4228,Yale-NUS College,Yale-NUS College,0.571484386920929,1971,0.59521484375,0.56005859375,7,4,209,2.94,2266,1,YHU4228
The Politics of International Trade,PS4882F,Arts and Social Science,Political Science,0.571484386920929,1971,0.611328125,0.56103515625,5,6,640,9.01,1854,2,PS4882F; PS4882FHM
Computational Thinking for Life Sciences,LSM2302,Science,Biological Sciences,0.5714355707168579,1972,0.6005859375,0.55908203125,4,7,140,1.97,2335,2,LSM2302; ZB2201
Narrative Ethics: Stories and Self-Improvement,YHU2316,Yale-NUS College,Yale-NUS College,0.5714355707168579,1972,0.5771484375,0.56396484375,1,10,375,5.28,2103,1,YHU2316
Regenerative Cities,CDE3507,College of Design and Engineering,CDE Dean's Office,0.5714355707168579,1972,0.59033203125,0.5615234375,5,6,245,3.45,2231,1,CDE3507
Portraiture,YHU4268,Yale-NUS College,Yale-NUS College,0.5713866949081421,1973,0.58935546875,0.556640625,6,5,131,1.84,2344,1,YHU4268
Symbiosis between Society and the Environment,NST2052,NUS College,NUS College Dean's Office,0.5713866949081421,1973,0.61083984375,0.55615234375,5,6,93,1.31,2382,1,NST2052
GEx Mekong Delta,NEX3014,NUS College,NUS College Dean's Office,0.5713866949081421,1973,0.5849609375,0.5615234375,5,6,639,9.0,1855,1,NEX3014
The Human Condition: Psychology & Health in Literature,YSS3259,Yale-NUS College,Yale-NUS College,0.5713866949081421,1973,0.58984375,0.56005859375,7,4,612,8.62,1878,1,YSS3259
Diction for Singers 2,MUA2196,YST Conservatory of Music,YSTCM Dean's Office,0.571337878704071,1974,0.59716796875,0.5625,3,8,154,2.17,2321,1,MUA2196
Selected Topics in Sociology & Anthropology,SC4880,Arts and Social Science,Sociology and Anthropology,0.571337878704071,1974,0.599609375,0.56298828125,7,4,1038,14.62,1503,1,SC4880
Introduction To Trial Advocacy,LC2002,Law,FoL Dean's Office,0.571337878704071,1974,0.58203125,0.5654296875,6,5,921,12.97,1599,1,LC2002
Earth's Climate: Science & Modelling,CE4231,College of Design and Engineering,Civil and Environmental Engineering,0.5712890625,1975,0.6171875,0.5546875,4,7,122,1.72,2353,1,CE4231
Biological Psychology,PL3102,Arts and Social Science,Psychology,0.5712890625,1975,0.59375,0.5595703125,6,5,136,1.92,2339,1,PL3102
Writing Hybrid,YHU3361,Yale-NUS College,Yale-NUS College,0.5711914300918579,1976,0.58154296875,0.5634765625,1,10,102,1.44,2373,1,YHU3361
Global Legal Orders: Interdisciplinary Perspectives,LL4175,Law,FoL Dean's Office,0.5711914300918579,1976,0.5986328125,0.55859375,4,7,230,3.24,2246,2,LL4175; LL4175V
K-drama and Sociological Imagination,SC2229,Arts and Social Science,Sociology and Anthropology,0.5711425542831421,1977,0.59130859375,0.55908203125,7,4,544,7.66,1942,1,SC2229
Introduction to Computing,IT1001,Computing,Information Systems and Analytics,0.571093738079071,1978,0.60107421875,0.5517578125,7,4,343,4.83,2134,2,IT1001; TCX1001
Topics in Public Administration,PS4884,Arts and Social Science,Political Science,0.571044921875,1979,0.591796875,0.56103515625,9,2,572,8.06,1915,2,PS4884; PS4884HM
Skyscapes: Cultural Interpretations of the Sky,GEC1050,Arts and Social Science,History,0.571044921875,1979,0.5830078125,0.56640625,8,3,785,11.05,1721,1,GEC1050
Introduction to Computer Systems,TIC2401,Cont and Lifelong Education,SCALE Dean's Office,0.570996105670929,1980,0.57666015625,0.56591796875,6,5,216,3.04,2259,1,TIC2401
Emerging Topics in Computing III,CP4283,Computing,Computer Science,0.570996105670929,1980,0.6103515625,0.55810546875,5,6,890,12.53,1626,1,CP4283
Public International Law,LL4050,Law,FoL Dean's Office,0.5709472894668579,1981,0.57861328125,0.564453125,4,7,501,7.06,1983,2,LL4050; LL4050V
Vibration Theory & Applications,ME4213E,Cont and Lifelong Education,SCALE Dean's Office,0.5709472894668579,1981,0.6064453125,0.55810546875,4,7,279,3.93,2198,2,ME4213E; TME4213
Absences: Beyond the Edges of the Material World,NTW2037,NUS College,NUS College Dean's Office,0.5709472894668579,1981,0.59375,0.560546875,7,4,574,8.08,1913,1,NTW2037
Emerging Topics in Computing IV,CP4284,Computing,Computer Science,0.5709472894668579,1981,0.60546875,0.5615234375,5,6,1176,16.56,1397,1,CP4284
Health Psychology,PL3242,Arts and Social Science,Psychology,0.5708984136581421,1982,0.599609375,0.55322265625,5,6,86,1.21,2389,2,PL3242; YSS3228
Law & Politics in South Asia,LL4239V,Law,FoL Dean's Office,0.5708984136581421,1982,0.58447265625,0.5654296875,2,9,303,4.27,2174,1,LL4239V
Media & Audiences,NM4249,Arts and Social Science,Communications and New Media,0.5708984136581421,1982,0.5859375,0.56396484375,5,6,297,4.18,2180,2,NM4249; NM4249HM
Introduction to Black Holes,YSC1219,Yale-NUS College,Yale-NUS College,0.570849597454071,1983,0.57861328125,0.56494140625,5,6,1126,15.86,1435,1,YSC1219
Reading Visual Images,AR2225,College of Design and Engineering,Architecture,0.57080078125,1984,0.60791015625,0.55224609375,7,4,264,3.72,2212,2,AR2225; GEK2044
Fundamentals of Plant Biology,LSM2254,Science,Biological Sciences,0.57080078125,1984,0.5888671875,0.55517578125,4,7,161,2.27,2314,1,LSM2254
Introduction To Fuzzy/Neural Systems,EE4305E,Cont and Lifelong Education,SCALE Dean's Office,0.570751965045929,1985,0.58935546875,0.55859375,4,7,237,3.34,2239,2,EE4305E; TEE4305
Selected Topics in Japanese Studies,JS4217,Arts and Social Science,Japanese Studies,0.570751965045929,1985,0.61083984375,0.5537109375,6,5,195,2.75,2280,2,JS4217; JS4217HM
The Law of Global Governance,LL4312V,Law,FoL Dean's Office,0.5707031488418579,1986,0.60888671875,0.5537109375,3,8,186,2.62,2289,1,LL4312V
Climate Change Law & Policy,LL4221,Law,FoL Dean's Office,0.5706542730331421,1987,0.6083984375,0.5517578125,3,8,91,1.28,2384,1,LL4221
Lab in Social Perception,PL3282F,Arts and Social Science,Psychology,0.5706542730331421,1987,0.62255859375,0.5517578125,4,7,310,4.37,2167,1,PL3282F
Comparative Advocacy,LL4081,Law,FoL Dean's Office,0.5706542730331421,1987,0.62744140625,0.55224609375,3,8,130,1.83,2345,1,LL4081
The Nature of Language,EL1101E,Arts and Social Science,"English,Ling.andTheatre Studies",0.5706542730331421,1987,0.5888671875,0.55810546875,4,7,308,4.34,2169,2,EL1101E; GEK1011
Staging Asian Theatres,TS2232,Arts and Social Science,"English,Ling.andTheatre Studies",0.5706542730331421,1987,0.5927734375,0.55712890625,8,3,300,4.22,2177,1,TS2232
The Japanese Empire in Global History,YHU3268,Yale-NUS College,Yale-NUS College,0.570605456829071,1988,0.61083984375,0.54296875,9,2,309,4.35,2168,1,YHU3268
The Philosophy and Economics of Bitcoin,YHU3389,Yale-NUS College,Yale-NUS College,0.570605456829071,1988,0.58251953125,0.55712890625,6,5,151,2.13,2324,1,YHU3389
Research Workshop,EN4271,Arts and Social Science,"English,Ling.andTheatre Studies",0.570556640625,1989,0.619140625,0.5576171875,5,6,206,2.9,2269,2,EN4271; EN4271HM
Topics in Global Economics and Development,GL4882,Arts and Social Science,Political Science,0.570556640625,1989,0.58837890625,0.5615234375,6,5,929,13.08,1592,2,GL4882; GL4882HM
Forest Restoration,YID3225,Yale-NUS College,Yale-NUS College,0.5704101324081421,1990,0.59375,0.54296875,4,7,48,0.68,2427,1,YID3225
Demographic Methods,ST3244,Science,Statistics and Data Science,0.5704101324081421,1990,0.61376953125,0.55810546875,6,5,548,7.72,1938,1,ST3244
Lab in Music Perception and Cognition,PL3281D,Arts and Social Science,Psychology,0.5704101324081421,1990,0.58837890625,0.552734375,4,7,128,1.8,2347,1,PL3281D
Topics in War and Security,GL4889,Arts and Social Science,Political Science,0.5704101324081421,1990,0.591796875,0.56396484375,5,6,891,12.55,1625,2,GL4889; GL4889HM
Musicology,MUH3202,YST Conservatory of Music,YSTCM Dean's Office,0.570361316204071,1991,0.59814453125,0.54833984375,3,8,135,1.9,2340,1,MUH3202
Unmasked! An Introduction to Traditional Dance in SEA,SE2224,Arts and Social Science,Southeast Asian Studies,0.570361316204071,1991,0.61572265625,0.556640625,3,8,215,3.03,2260,1,SE2224
Time Series Analysis,YSS3329,Yale-NUS College,Yale-NUS College,0.570361316204071,1991,0.62939453125,0.5458984375,5,6,97,1.37,2378,1,YSS3329
Simulation,IE3110,College of Design and Engineering,Industrial Systems Engineering and Management,0.5703125,1992,0.62060546875,0.5546875,6,5,426,6.0,2054,4,IE3110; IE3110R; ST3247; TIE3110
The World of Quantum,HSI2011,Science,Physics,0.5703125,1992,0.6103515625,0.5478515625,5,6,79,1.11,2396,1,HSI2011
Principles of Programming Languages,TIC2701,Cont and Lifelong Education,SCALE Dean's Office,0.5703125,1992,0.59033203125,0.55810546875,3,8,186,2.62,2289,1,TIC2701
Neuronal Signaling and Memory Mechanisms,LSM3215,Yong Loo Lin Sch of Medicine,Physiology,0.570263683795929,1993,0.5908203125,0.55224609375,2,9,115,1.62,2360,1,LSM3215
Regional Security in the Asia Pacific,PS4206,Arts and Social Science,Political Science,0.5702148675918579,1994,0.6044921875,0.5615234375,6,5,304,4.28,2173,2,PS4206; PS4206HM
Southeast Asia,GE3251,Arts and Social Science,Geography,0.5702148675918579,1994,0.60009765625,0.56103515625,5,6,456,6.42,2025,1,GE3251
Lab in Social Psychology,PL3282,Arts and Social Science,Psychology,0.5702148675918579,1994,0.583984375,0.55908203125,8,3,370,5.21,2108,1,PL3282
Thinking in systems: Markets and Inequality,UTC1702G,Residential College,Residential College 4,0.5702148675918579,1994,0.59423828125,0.560546875,7,4,908,12.79,1610,1,UTC1702G
Criticism in Modern Malay Literature,MS2211,Arts and Social Science,Malay Studies,0.5701659917831421,1995,0.6142578125,0.546875,4,7,199,2.8,2276,1,MS2211
Advanced Syntax,EL4201,Arts and Social Science,"English,Ling.andTheatre Studies",0.5701659917831421,1995,0.6103515625,0.55078125,3,8,159,2.24,2316,2,EL4201; EL4201HM
News and the Public,NTW2015,NUS,NUS College Dean's Office,0.5701659917831421,1995,0.59912109375,0.55322265625,5,6,177,2.49,2298,1,NTW2015
Decision Trees for Machine Learning and Data Analysis,DSA2362,Science,Statistics and Data Science,0.570068359375,1996,0.60888671875,0.5546875,5,6,152,2.14,2323,1,DSA2362
Chinese Poetry,YHU4218,Yale-NUS College,Yale-NUS College,0.570068359375,1996,0.5869140625,0.5576171875,5,6,154,2.17,2321,1,YHU4218
Modern Art in East Asia,YHU2267,Yale-NUS College,Yale-NUS College,0.570068359375,1996,0.595703125,0.55810546875,7,4,375,5.28,2103,1,YHU2267
Quantum Mechanics III,PC4130,Science,Physics,0.570019543170929,1997,0.6005859375,0.55224609375,5,6,118,1.66,2357,2,PC4130; PC4230
Economics Capstone Project,YSS4104,Yale-NUS College,Yale-NUS College,0.570019543170929,1997,0.6044921875,0.55908203125,7,4,476,6.7,2007,1,YSS4104
Applied Voice Major Studies 1B,MUA1191,YST Conservatory of Music,YSTCM Dean's Office,0.570019543170929,1997,0.5869140625,0.5615234375,7,4,444,6.25,2036,1,MUA1191
Design & Analysis of Experiments,ST3232,Science,Statistics and Data Science,0.5699707269668579,1998,0.58056640625,0.5625,6,5,300,4.22,2177,1,ST3232
Computer Intensive Statistical Methods,ST4231,Science,Statistics and Data Science,0.5699218511581421,1999,0.57958984375,0.55810546875,5,6,438,6.17,2042,1,ST4231
Topics in Business Economics,BSE3761,NUS Business School,Strategy and Policy,0.5699218511581421,1999,0.59130859375,0.5615234375,4,7,1009,14.21,1528,1,BSE3761
The Social Life of Science,NTW2028,NUS College,NUS College Dean's Office,0.5699218511581421,1999,0.59326171875,0.54736328125,3,8,110,1.55,2365,1,NTW2028
History & Theory of Architecture II,AR2228,College of Design and Engineering,Architecture,0.569873034954071,2000,0.60888671875,0.55615234375,6,5,167,2.35,2308,1,AR2228
Evolution and Comparative Genomics,LSM3252,Science,Biological Sciences,0.56982421875,2001,0.60791015625,0.546875,3,8,84,1.18,2391,1,LSM3252
Governing the Internet,YSS4269,Yale-NUS College,Yale-NUS College,0.56982421875,2001,0.6064453125,0.55712890625,7,4,346,4.87,2131,1,YSS4269
Shakespeare and Asian Performances,TS3246,Arts and Social Science,"English,Ling.andTheatre Studies",0.569775402545929,2002,0.6162109375,0.55224609375,6,5,376,5.3,2102,1,TS3246
Introduction to Theatre and Performance,GEM1003,Arts and Social Science,"English,Ling.andTheatre Studies",0.569775402545929,2002,0.59765625,0.5546875,8,3,524,7.38,1961,2,GEM1003; TS1101E
Health and Disease,YSC2260,Yale-NUS College,Yale-NUS College,0.569775402545929,2002,0.5966796875,0.560546875,6,5,332,4.68,2145,1,YSC2260
Multi-core Architectures,CS4223,Computing,Computer Science,0.569775402545929,2002,0.611328125,0.55712890625,4,7,220,3.1,2255,2,CS4223; CS4223R
Agent-Based Modelling,YSC3242,Yale-NUS College,Yale-NUS College,0.5697265863418579,2003,0.6025390625,0.5576171875,3,8,429,6.04,2051,1,YSC3242
Comparative Conflict of Laws,LL4170,Law,FoL Dean's Office,0.5696777105331421,2004,0.60546875,0.55810546875,1,10,87,1.23,2388,1,LL4170
"Race, Media, and Representation",NM4212,Arts and Social Science,Communications and New Media,0.569628894329071,2005,0.59716796875,0.55615234375,7,4,323,4.55,2154,2,NM4212; NM4212HM
Applied Voice Major Study 4A,MUA4190,YST Conservatory of Music,YSTCM Dean's Office,0.569628894329071,2005,0.58984375,0.55859375,7,4,371,5.22,2107,1,MUA4190
ASEAN Law and Policy,LL4287V,Law,FoL Dean's Office,0.569580078125,2006,0.58544921875,0.5576171875,6,5,203,2.86,2272,1,LL4287V
"Community, Culture, Conservation: Insights from Nepal",UTC2410B,Residential College,College of Alice and Peter Tan,0.569580078125,2006,0.59619140625,0.55419921875,7,4,377,5.31,2101,1,UTC2410B
The Environment and Public Health,ENV2103,Science,Biological Sciences,0.569580078125,2006,0.60205078125,0.548828125,7,4,118,1.66,2357,1,ENV2103
Commercial Remedies,LL4495,Law,FoL Dean's Office,0.569580078125,2006,0.59228515625,0.55615234375,3,8,115,1.62,2360,2,LL4495; LL4495V
Topics in Psychology: Love in An Age of Technology,YSS4206B,Yale-NUS College,Yale-NUS College,0.569531261920929,2007,0.59423828125,0.5556640625,8,3,738,10.39,1763,1,YSS4206B
Statistics for Linguistics,EL2217,Arts and Social Science,"English,Ling.andTheatre Studies",0.569531261920929,2007,0.60546875,0.55126953125,5,6,98,1.38,2377,1,EL2217
Digital Technologies and Human Rights,LL4488,Law,FoL Dean's Office,0.569531261920929,2007,0.5791015625,0.56201171875,8,3,145,2.04,2330,2,LL4488; LL4488V
As If: Actors and Acting,TS2237,Arts and Social Science,"English,Ling.andTheatre Studies",0.569531261920929,2007,0.62255859375,0.55419921875,7,4,412,5.8,2068,1,TS2237
Environmental Politics,PS3274,Arts and Social Science,Political Science,0.5694824457168579,2008,0.59814453125,0.5517578125,7,4,205,2.89,2270,1,PS3274
Lab in Mindsets and Motivation,PL3282D,Arts and Social Science,Psychology,0.5694824457168579,2008,0.576171875,0.56494140625,4,7,697,9.82,1801,1,PL3282D
Digital Ethics and Data Privacy,TCX1003,Cont and Lifelong Education,SCALE Dean's Office,0.5694824457168579,2008,0.5849609375,0.5634765625,5,6,522,7.35,1963,1,TCX1003
Public Health Law and Regulation,LL4318V,Law,FoL Dean's Office,0.5694335699081421,2009,0.59033203125,0.5458984375,6,5,174,2.45,2301,1,LL4318V
Public Sector Reforms in China,PS4230,Arts and Social Science,Political Science,0.5694335699081421,2009,0.57958984375,0.56201171875,6,5,417,5.87,2063,2,PS4230; PS4230HM
Music Cognition,MUA3230,YST Conservatory of Music,YSTCM Dean's Office,0.5694335699081421,2009,0.6064453125,0.54931640625,5,6,141,1.99,2334,1,MUA3230
Phonetics,EL3231,Arts and Social Science,"English,Ling.andTheatre Studies",0.569384753704071,2010,0.59423828125,0.55810546875,4,7,90,1.27,2385,1,EL3231
Proof,YSC2209,Yale-NUS College,Yale-NUS College,0.569384753704071,2010,0.5908203125,0.556640625,7,4,168,2.37,2307,1,YSC2209
Student Movements in Asia Since 1950,HY4880B,Arts and Social Science,History,0.5693359375,2011,0.587890625,0.560546875,6,5,566,7.97,1921,2,HY4880B; HY4880BHM
Cell Biology,LSM2233,Yong Loo Lin Sch of Medicine,Biochemistry,0.5693359375,2011,0.58349609375,0.56103515625,3,8,61,0.86,2414,2,LSM2233; YSC3233
Environmental Policy Analysis,YID3234,Yale-NUS College,Yale-NUS College,0.5693359375,2011,0.59130859375,0.5556640625,7,4,155,2.18,2320,1,YID3234
Advanced UROPS in Statistics & Applied Probability I (REx),ST3288R,Science,Statistics and Data Science,0.5693359375,2011,0.57861328125,0.56396484375,6,5,515,7.25,1969,1,ST3288R
Regression Analysis,ST3131,Science,Statistics and Data Science,0.5693359375,2011,0.625,0.541015625,6,5,114,1.61,2361,1,ST3131
Philosophy of Race,YHU3369,Yale-NUS College,Yale-NUS College,0.5693359375,2011,0.5771484375,0.56298828125,9,2,1721,24.24,1030,1,YHU3369
Spanish 7 Language and Spanish Studies,LAS4203,Arts and Social Science,Centre for Language Studies,0.569287121295929,2012,0.59521484375,0.5615234375,4,7,195,2.75,2280,2,LAS4203; LAS4203HM
Earth and Beyond,HS2907,Arts and Social Science,Geography,0.569287121295929,2012,0.58544921875,0.55859375,4,7,308,4.34,2169,1,HS2907
Jnr Sem: Systems Systems Everywhere,UTC1411,Residential College,College of Alice and Peter Tan,0.569287121295929,2012,0.5791015625,0.5673828125,4,7,702,9.89,1796,1,UTC1411
The Rise and Fall and Rise of China,HS2909,Arts and Social Science,Chinese Studies,0.5692383050918579,2013,0.6083984375,0.55517578125,8,3,335,4.72,2142,1,HS2909
Instrumenta Mathematica,NST2054,NUS College,NUS College Dean's Office,0.5691894292831421,2014,0.60009765625,0.55859375,4,7,272,3.83,2205,1,NST2054
Text Analytics,TBA3102,Cont and Lifelong Education,SCALE Dean's Office,0.569140613079071,2015,0.59814453125,0.55712890625,6,5,108,1.52,2367,1,TBA3102
"Gender, Culture & History",HY4238,Arts and Social Science,History,0.569140613079071,2015,0.60986328125,0.5615234375,6,5,457,6.44,2024,2,HY4238; HY4238HM
Worlds of Football,GEC1029,Arts and Social Science,Geography,0.569091796875,2016,0.6015625,0.544921875,3,8,303,4.27,2174,2,GEC1029; GEH1076
Applied Voice Major Study 2A,MUA2190,YST Conservatory of Music,YSTCM Dean's Office,0.569042980670929,2017,0.58056640625,0.55810546875,6,5,400,5.63,2078,1,MUA2190
Acting II,YHU3360,Yale-NUS College,Yale-NUS College,0.5689941644668579,2018,0.6015625,0.55078125,6,5,395,5.56,2083,1,YHU3360
Lab in Developmental Psychology,PL3283,Arts and Social Science,Psychology,0.5689941644668579,2018,0.58349609375,0.55810546875,6,5,423,5.96,2057,1,PL3283
Phy'cal Qns from Everyday Life,GEH1035,Science,Physics,0.5689941644668579,2018,0.58251953125,0.5576171875,4,7,429,6.04,2051,1,GEH1035
Intermediate Fluid Mechanics,ME2135,College of Design and Engineering,Mechanical Engineering,0.5689941644668579,2018,0.6240234375,0.5517578125,5,6,254,3.58,2222,1,ME2135
Selected Authors/Texts I,CH2226,Arts and Social Science,Chinese Studies,0.5689941644668579,2018,0.6083984375,0.54736328125,8,3,164,2.31,2311,1,CH2226
Biological Rhythms of Life,YSC4237,Yale-NUS College,Yale-NUS College,0.5689452886581421,2019,0.59375,0.560546875,8,3,332,4.68,2145,1,YSC4237
The Politics of Global Finance,GL4882C,Arts and Social Science,Political Science,0.568896472454071,2020,0.60009765625,0.5556640625,6,5,192,2.7,2283,2,GL4882C; GL4882CHM
The Law and Politics of Forced Migration,LL4341,Law,FoL Dean's Office,0.568896472454071,2020,0.59130859375,0.560546875,4,7,1021,14.38,1518,2,LL4341; LL4341V
History of Muslim Southeast Asia,HY3246,Arts and Social Science,History,0.56884765625,2021,0.6376953125,0.546875,6,5,218,3.07,2257,1,HY3246
The Marvelous World of Journey to the West (in English),EN2214,Arts and Social Science,"English,Ling.andTheatre Studies",0.56884765625,2021,0.58251953125,0.55859375,6,5,274,3.86,2203,1,EN2214
Live Sound Reinforcement,MUA3188,YST Conservatory of Music,YSTCM Dean's Office,0.56884765625,2021,0.59033203125,0.548828125,7,4,324,4.56,2153,1,MUA3188
System Dynamics Modelling,IE4250,College of Design and Engineering,Industrial Systems Engineering and Management,0.568798840045929,2022,0.58447265625,0.556640625,5,6,494,6.96,1990,1,IE4250
"Space, Time & Matter: The Shape and Size of the Cosmos",NST2009,NUS College,NUS College Dean's Office,0.568798840045929,2022,0.60595703125,0.54833984375,5,6,160,2.25,2315,1,NST2009
Korea in the Twentieth Century,HY2220,Arts and Social Science,History,0.5687500238418579,2023,0.5849609375,0.5517578125,6,5,364,5.13,2113,1,HY2220
The Logic of Language,GET1036,Arts and Social Science,"English,Ling.andTheatre Studies",0.5687500238418579,2023,0.60107421875,0.56103515625,4,7,121,1.7,2354,2,GET1036; GEX1019
Concurrent Programming,CS3211,Computing,Computer Science,0.5687011480331421,2024,0.57275390625,0.564453125,3,8,316,4.45,2161,1,CS3211
Applied Voice Major Study 2B,MUA2191,YST Conservatory of Music,YSTCM Dean's Office,0.5687011480331421,2024,0.58154296875,0.5615234375,8,3,493,6.94,1991,1,MUA2191
Chinese Foreign Policy,YSS4205,Yale-NUS College,Yale-NUS College,0.568652331829071,2025,0.6240234375,0.5478515625,7,4,146,2.06,2329,1,YSS4205
Justice and Emerging Technology,GL4888A,Arts and Social Science,Political Science,0.568652331829071,2025,0.62255859375,0.55224609375,7,4,128,1.8,2347,2,GL4888A; GL4888AHM
Lab in Attitudes,PL3282C,Arts and Social Science,Psychology,0.568652331829071,2025,0.59619140625,0.5634765625,4,7,1147,16.15,1417,1,PL3282C
Language & Cognitive Processes,PL3237,Arts and Social Science,Psychology,0.568603515625,2026,0.5830078125,0.556640625,5,6,108,1.52,2367,3,PL3237; PL4250; PL4250HM
Economics and Psychology,EC3394,Arts and Social Science,Economics,0.568603515625,2026,0.58349609375,0.55517578125,7,4,273,3.84,2204,1,EC3394
Astrophysics II,PC4249,Science,Physics,0.568603515625,2026,0.58740234375,0.5625,5,6,223,3.14,2252,1,PC4249
"Alcohol, Drugs and Behaviour",PL3880C,Arts and Social Science,Psychology,0.568603515625,2026,0.595703125,0.5537109375,7,4,531,7.48,1955,1,PL3880C
Design and Analysis of Algorithms,CS3230,Computing,Computer Science,0.568554699420929,2027,0.59521484375,0.55322265625,8,3,268,3.77,2209,2,CS3230; CS3230R
Globalisation of Social Movements,GL3204,Arts and Social Science,Political Science,0.568554699420929,2027,0.58251953125,0.5556640625,7,4,610,8.59,1880,1,GL3204
Applied Voice Major Study 3B,MUA3190,YST Conservatory of Music,YSTCM Dean's Office,0.5685058832168579,2028,0.57470703125,0.5625,5,6,664,9.35,1832,1,MUA3190
Lab in Applied Cognitive Psychology,YSS3360,Yale-NUS College,Yale-NUS College,0.5685058832168579,2028,0.58740234375,0.55615234375,8,3,315,4.44,2162,1,YSS3360
Directed Language Study: Intermediate Italian 1,YIL2201I,Yale-NUS College,Yale-NUS College,0.5684570074081421,2029,0.6025390625,0.55859375,4,7,211,2.97,2264,1,YIL2201I
Gender and International Development,YSS3316,Yale-NUS College,Yale-NUS College,0.5684570074081421,2029,0.59326171875,0.55712890625,6,5,733,10.32,1767,1,YSS3316
Modern Indonesian Literature,MS3210,Arts and Social Science,Malay Studies,0.5684570074081421,2029,0.630859375,0.55224609375,7,4,281,3.96,2196,1,MS3210
Fundamental Pharmacology,LSM3211,Yong Loo Lin Sch of Medicine,Pharmacology,0.5684570074081421,2029,0.6279296875,0.5458984375,3,8,115,1.62,2360,1,LSM3211
"Humans, Animals and Ecosystems: The One Health Paradigm",UTC2100,Residential College,Tembusu College,0.5684570074081421,2029,0.59375,0.55908203125,8,3,270,3.8,2207,1,UTC2100
Principles of Continua,ESP2106,College of Design and Engineering,Engineering Science Programme,0.568408191204071,2030,0.5791015625,0.55810546875,3,8,397,5.59,2081,1,ESP2106
Asian Interconnections,HSA1000,Arts and Social Science,South Asian Studies,0.568408191204071,2030,0.59375,0.55810546875,7,4,677,9.53,1820,1,HSA1000
International Arbitration & the New York Convention,LL4383Z,Law,FoL Dean's Office,0.568408191204071,2030,0.61572265625,0.54541015625,6,5,260,3.66,2216,1,LL4383Z
"Art in Asia: Through Media, Style, Space and Time",GEC1026,Arts and Social Science,Chinese Studies,0.568359375,2031,0.60009765625,0.5517578125,8,3,247,3.48,2229,2,GEC1026; GEH1069
Senses and Society,AN3207,Arts and Social Science,Sociology and Anthropology,0.568359375,2031,0.58154296875,0.56005859375,4,7,685,9.65,1812,2,AN3207; SC3228
Topics in Psychology: The Pursuit of Happiness,YSS4206C,Yale-NUS College,Yale-NUS College,0.568310558795929,2032,0.583984375,0.55078125,7,4,416,5.86,2064,1,YSS4206C
Are you what you eat? Anthropology of Food and Eating,YSS2229,Yale-NUS College,Yale-NUS College,0.568164050579071,2033,0.59912109375,0.5419921875,1,10,59,0.83,2416,1,YSS2229
Reconstructing Communities: Insights from the Balkans,UTC2410A,Residential College,College of Alice and Peter Tan,0.568164050579071,2033,0.591796875,0.55859375,9,2,847,11.93,1665,1,UTC2410A
Critical Listening 2,MUA1173,YST Conservatory of Music,YSTCM Dean's Office,0.568164050579071,2033,0.6103515625,0.55224609375,6,5,381,5.37,2097,1,MUA1173
The U.S. Presidency,HY3238,Arts and Social Science,History,0.568164050579071,2033,0.61083984375,0.55224609375,3,8,350,4.93,2127,1,HY3238
Advanced Algorithms and Data Structures,YSC3203,Yale-NUS College,Yale-NUS College,0.568115234375,2034,0.58935546875,0.5595703125,4,7,223,3.14,2252,1,YSC3203
Entomology,LSM3265,Science,Biological Sciences,0.568066418170929,2035,0.64453125,0.53466796875,4,7,41,0.58,2434,1,LSM3265
"Media, City and Public Culture",NM4254,Arts and Social Science,Communications and New Media,0.568066418170929,2035,0.6044921875,0.55615234375,6,5,185,2.61,2290,2,NM4254; NM4254HM
Gender in the City,YSS3328,Yale-NUS College,Yale-NUS College,0.5680176019668579,2036,0.57568359375,0.5634765625,9,2,709,9.98,1789,1,YSS3328
Early Modern Europe and its World,EU4224,Arts and Social Science,History,0.5680176019668579,2036,0.57373046875,0.56494140625,5,6,897,12.63,1620,4,EU4224; EU4224HM; HY4205; HY4205HM
Disasters and Responses,NHS2032,NUS College,NUS College Dean's Office,0.5679687261581421,2037,0.60107421875,0.5537109375,6,5,499,7.03,1985,1,NHS2032
Consumer Decision Making,MKT4417,NUS Business School,Marketing,0.567919909954071,2038,0.57421875,0.56103515625,3,8,813,11.45,1696,2,MKT4417; MKT4714
Seminar in International Relations of Southeast Asia,PS4239,Arts and Social Science,Political Science,0.567919909954071,2038,0.611328125,0.5556640625,8,3,382,5.38,2096,2,PS4239; PS4239HM
"Identity, Death, and Immortality",NTW2032,NUS College,NUS College Dean's Office,0.56787109375,2039,0.57763671875,0.5595703125,7,4,695,9.79,1803,1,NTW2032
Formal Practices,MUT2204,YST Conservatory of Music,YSTCM Dean's Office,0.567822277545929,2040,0.60400390625,0.55126953125,4,7,211,2.97,2264,1,MUT2204
Junior Seminar: Fakes,UTC1102C,Residential College,Tembusu College,0.567822277545929,2040,0.57861328125,0.5595703125,3,8,718,10.11,1780,1,UTC1102C
Medium and Meaning in Cinema,NHT2203,NUS,NUS College Dean's Office,0.567822277545929,2040,0.59912109375,0.54150390625,7,4,56,0.79,2419,1,NHT2203
Literature Capstone Project,YHU4102,Yale-NUS College,Yale-NUS College,0.567822277545929,2040,0.6142578125,0.548828125,8,3,293,4.13,2184,1,YHU4102
Microbiology,LSM3232,Yong Loo Lin Sch of Medicine,Microbiology and Immunology,0.567822277545929,2040,0.62060546875,0.54638671875,5,6,105,1.48,2370,1,LSM3232
Continuing Area Study 2,MUA2169,YST Conservatory of Music,YSTCM Dean's Office,0.567822277545929,2040,0.57568359375,0.56201171875,8,3,900,12.67,1617,1,MUA2169
Applied Survival Analysis,ST4252,Science,Statistics and Data Science,0.5677734613418579,2041,0.5966796875,0.55615234375,5,6,270,3.8,2207,1,ST4252
Foundational Study in a Performing Arts Area (Dance),CFA1111B,YST Conservatory of Music,YSTCM Dean's Office,0.5677734613418579,2041,0.6181640625,0.544921875,7,4,259,3.65,2217,1,CFA1111B
Special Problems in Undergrad Physics II,PC3239,Science,Physics,0.5677734613418579,2041,0.580078125,0.56298828125,6,5,309,4.35,2168,1,PC3239
Research Methodology and Statistics,NUR3505,Yong Loo Lin Sch of Medicine,Alice Lee Center for Nursing Studies,0.5677245855331421,2042,0.587890625,0.55712890625,5,6,330,4.65,2147,1,NUR3505
Deconstructing Food,HSI2007,Science,Food Science and Technology,0.5677245855331421,2042,0.60888671875,0.53857421875,4,7,65,0.92,2410,1,HSI2007
Understanding your Medications,GEK2501,Yong Loo Lin Sch of Medicine,Pharmacology,0.5677245855331421,2042,0.59619140625,0.55224609375,7,4,109,1.53,2366,1,GEK2501
South Asia and the World Economy,SN3231,Arts and Social Science,South Asian Studies,0.5677245855331421,2042,0.5810546875,0.5556640625,6,5,214,3.01,2261,1,SN3231
International Law and Development,LL4355,Law,FoL Dean's Office,0.567675769329071,2043,0.6025390625,0.55908203125,3,8,341,4.8,2136,2,LL4355; LL4355V
International Organisations in International Law,LL4310V,Law,FoL Dean's Office,0.567675769329071,2043,0.58544921875,0.55859375,5,6,453,6.38,2028,1,LL4310V
"Politics, Music, and Society",PS2266,Arts and Social Science,Political Science,0.567675769329071,2043,0.5888671875,0.54150390625,2,9,31,0.44,2444,1,PS2266
Saltwater: Sea and Society,HS2906,Science,Biological Sciences,0.567626953125,2044,0.60595703125,0.55517578125,6,5,127,1.79,2348,1,HS2906
Translation and Interpreting Theories,TRA3206,Arts and Social Science,Chinese Studies,0.567626953125,2044,0.58837890625,0.556640625,6,5,375,5.28,2103,1,TRA3206
Psychology of Mindfulness,YSS4230,Yale-NUS College,Yale-NUS College,0.567626953125,2044,0.60205078125,0.55029296875,6,5,214,3.01,2261,1,YSS4230
Linear Algebra II (S),MA2101S,Science,Mathematics,0.567626953125,2044,0.583984375,0.5556640625,6,5,236,3.32,2240,1,MA2101S
"Political Economy, Ethnicity, Religion",MS3217,Arts and Social Science,Malay Studies,0.567626953125,2044,0.5791015625,0.560546875,7,4,844,11.89,1668,1,MS3217
Asian Traditions and Modernisation,MS3214,Arts and Social Science,Malay Studies,0.567578136920929,2045,0.57666015625,0.5576171875,7,4,578,8.14,1909,1,MS3214
Geospatial & Demographic Methods,YSS3273,Yale-NUS College,Yale-NUS College,0.5674804449081421,2046,0.59716796875,0.55712890625,7,4,469,6.6,2012,1,YSS3273
General History of China,CH2141,Arts and Social Science,Chinese Studies,0.5674804449081421,2046,0.6171875,0.54248046875,5,6,75,1.06,2400,1,CH2141
Capstone Project for Second Major in Performing Arts,CFA3121,YST Conservatory of Music,YSTCM Dean's Office,0.5674804449081421,2046,0.6396484375,0.55029296875,7,4,338,4.76,2139,1,CFA3121
The Economic Analysis of Law,LL4159,Law,FoL Dean's Office,0.5674804449081421,2046,0.5830078125,0.5556640625,3,8,122,1.72,2353,2,LL4159; LL4159V
"Criminalistics: Authenticity, Fraud and Counterfeit",FSC4205,Science,Biological Sciences,0.567431628704071,2047,0.57568359375,0.560546875,5,6,221,3.11,2254,1,FSC4205
Behind the scenes of human perception,PL4251,Arts and Social Science,Psychology,0.5673828125,2048,0.6171875,0.55224609375,5,6,387,5.45,2091,2,PL4251; PL4251HM
Exploring Consciousness – Theory and Neuroscience,PL4241,Arts and Social Science,Psychology,0.5673828125,2048,0.59130859375,0.548828125,2,9,316,4.45,2161,1,PL4241
"Technology, Horror, and the Unknown",UTC1121,Residential College,Tembusu College,0.5673828125,2048,0.60986328125,0.55322265625,5,6,135,1.9,2340,1,UTC1121
Southeast Asian Social History,SE2211,Arts and Social Science,Southeast Asian Studies,0.5673828125,2048,0.6337890625,0.5498046875,9,2,341,4.8,2136,1,SE2211
Graphics Rendering Techniques,CS4247,Computing,Computer Science,0.567333996295929,2049,0.595703125,0.55419921875,4,7,95,1.34,2380,1,CS4247
Quantum Mechanics II,PC3130,Science,Physics,0.567333996295929,2049,0.58447265625,0.55078125,6,5,145,2.04,2330,1,PC3130
Mechanics Of Materials I,ME2113,College of Design and Engineering,Mechanical Engineering,0.5672363042831421,2050,0.59228515625,0.55126953125,2,9,260,3.66,2216,1,ME2113
Fundamentals of Physics,PC1201,Science,Physics,0.5672363042831421,2050,0.60009765625,0.55078125,5,6,186,2.62,2289,1,PC1201
Emotion Science - Social and Personality Perspectives,PL4252,Arts and Social Science,Psychology,0.567138671875,2051,0.58056640625,0.5498046875,4,7,368,5.18,2110,2,PL4252; PL4252HM
Theatre and Postmodernism,TS4218,Arts and Social Science,"English,Ling.andTheatre Studies",0.567138671875,2051,0.58837890625,0.55810546875,8,3,337,4.75,2140,2,TS4218; TS4218HM
Social Movements and Collective Action,SC4217,Arts and Social Science,Sociology and Anthropology,0.567089855670929,2052,0.57763671875,0.5625,5,6,1461,20.57,1200,2,SC4217; SC4217HM
Arabic 1,LAR1201,Arts and Social Science,Centre for Language Studies,0.567089855670929,2052,0.59716796875,0.55419921875,5,6,152,2.14,2323,1,LAR1201
Media Anthropology,AN2204,Arts and Social Science,Sociology and Anthropology,0.5670410394668579,2053,0.58837890625,0.54443359375,6,5,100,1.41,2375,1,AN2204
Research in Global Issues,GL4101,Arts and Social Science,Political Science,0.5670410394668579,2053,0.60986328125,0.5537109375,4,7,129,1.82,2346,2,GL4101; GL4101HM
Lexicalist Theories of Syntax,EL4880C,Arts and Social Science,"English,Ling.andTheatre Studies",0.5669921636581421,2054,0.60498046875,0.54736328125,3,8,140,1.97,2335,2,EL4880C; EL4880CHM
Anthropology of Education,YSS4246,Yale-NUS College,Yale-NUS College,0.5669921636581421,2054,0.5810546875,0.55419921875,7,4,273,3.84,2204,1,YSS4246
"""Time is Money!"": Market Reform in Contemporary China",CH3391,Arts and Social Science,Chinese Studies,0.566943347454071,2055,0.578125,0.5595703125,8,3,1105,15.56,1455,1,CH3391
Engineering Calculus,MA1511,Science,Mathematics,0.566943347454071,2055,0.59130859375,0.55810546875,2,9,503,7.08,1981,1,MA1511
Ci Lyric in the Tang-Song Period,CH2228,Arts and Social Science,Chinese Studies,0.56689453125,2056,0.57861328125,0.55517578125,5,6,194,2.73,2281,2,CH2228; CH3230
"Bubbles, Crashes, Panics and Crises",YSS3264,Yale-NUS College,Yale-NUS College,0.566845715045929,2057,0.5771484375,0.560546875,4,7,202,2.84,2273,1,YSS3264
Health in marginalised communities,NST2053,NUS College,NUS College Dean's Office,0.5667968988418579,2058,0.6025390625,0.55029296875,4,7,155,2.18,2320,2,NST2053; NST2053R
Ethical Digital Governance and Legal Society,LL4471,Law,FoL Dean's Office,0.5667968988418579,2058,0.58447265625,0.55712890625,5,6,307,4.32,2170,2,LL4471; LL4471V
Corruption and Anti-corruption: Theories and Policies,YSS3322,Yale-NUS College,Yale-NUS College,0.5667480230331421,2059,0.60107421875,0.5595703125,4,7,602,8.48,1888,1,YSS3322
Early Advanced Keyboard Studies,MUA3225,YST Conservatory of Music,YSTCM Dean's Office,0.566699206829071,2060,0.6064453125,0.54248046875,5,6,70,0.99,2405,1,MUA3225
Social & Cultural Factors in Mental Health & Illness,YSS4296,Yale-NUS College,Yale-NUS College,0.566699206829071,2060,0.57861328125,0.55224609375,3,8,209,2.94,2266,1,YSS4296
Research and Statistical Methods II,PL2132,Arts and Social Science,Psychology,0.566601574420929,2061,0.57763671875,0.5556640625,6,5,143,2.01,2332,1,PL2132
Planetary Health,YID3222,Yale-NUS College,Yale-NUS College,0.566601574420929,2061,0.5732421875,0.55810546875,5,6,216,3.04,2259,1,YID3222
Lab in Associative Learning and Behavior,PL3281G,Arts and Social Science,Psychology,0.566601574420929,2061,0.58642578125,0.5556640625,4,7,155,2.18,2320,1,PL3281G
Law and Economics,YSS3206,Yale-NUS College,Yale-NUS College,0.5665527582168579,2062,0.576171875,0.55615234375,1,10,68,0.96,2407,1,YSS3206
Therapeutic and diagnostic agents from animal toxins,LSM4229,Science,Biological Sciences,0.5665038824081421,2063,0.591796875,0.5556640625,4,7,87,1.23,2388,1,LSM4229
Making Space for Things,AN4204,Arts and Social Science,Sociology and Anthropology,0.566455066204071,2064,0.57568359375,0.5537109375,4,7,612,8.62,1878,1,AN4204
Social Psychology Lab,YSS3279,Yale-NUS College,Yale-NUS College,0.56640625,2065,0.5908203125,0.5546875,7,4,364,5.13,2113,1,YSS3279
Ethics and Global Affairs,YSS3270,Yale-NUS College,Yale-NUS College,0.56640625,2065,0.578125,0.5634765625,3,8,288,4.06,2189,1,YSS3270
The Psychology of Moral Judgments,PL4235,Arts and Social Science,Psychology,0.566357433795929,2066,0.576171875,0.564453125,4,7,457,6.44,2024,2,PL4235; PL4235HM
Human Rights in Asia,LL4133,Law,FoL Dean's Office,0.566357433795929,2066,0.5830078125,0.56201171875,5,6,550,7.75,1936,2,LL4133; LL4133V
"Cultural Production: Power, Voice, Policies",AN4201,Arts and Social Science,Sociology and Anthropology,0.566357433795929,2066,0.63623046875,0.544921875,7,4,161,2.27,2314,3,AN4201; SC4226; SC4226HM
"Advanced Spanish: Latin America, Borders and Identities",YLS3202,Yale-NUS College,Yale-NUS College,0.566357433795929,2066,0.5830078125,0.5595703125,6,5,320,4.51,2157,1,YLS3202
Development Economics I,EC3371,Arts and Social Science,Economics,0.5663086175918579,2067,0.595703125,0.552734375,6,5,428,6.03,2052,1,EC3371
Advanced Partial Differential Equations,YSC4239,Yale-NUS College,Yale-NUS College,0.5662597417831421,2068,0.5986328125,0.5498046875,3,8,153,2.15,2322,1,YSC4239
"Princes, Ports, Pomp, Piety and Pen in the Malay World",MS2215,Arts and Social Science,Malay Studies,0.5662597417831421,2068,0.59521484375,0.54443359375,6,5,220,3.1,2255,1,MS2215
German for Academic Purposes,LAG3203,Arts and Social Science,Centre for Language Studies,0.566210925579071,2069,0.59765625,0.54736328125,6,5,83,1.17,2392,1,LAG3203
Computer Science & The I.T. Revolution,NST2029,NUS College,NUS College Dean's Office,0.566210925579071,2069,0.578125,0.56005859375,6,5,395,5.56,2083,1,NST2029
Culture in Action,GEC1027,Arts and Social Science,"English,Ling.andTheatre Studies",0.566210925579071,2069,0.59765625,0.55517578125,5,6,564,7.94,1923,2,GEC1027; GEH1072
Southeast Asian Politics,PS2245,Arts and Social Science,Political Science,0.566162109375,2070,0.5810546875,0.556640625,9,2,359,5.06,2118,1,PS2245
Marriage and Kinship,YSS2245,Yale-NUS College,Yale-NUS College,0.566113293170929,2071,0.58447265625,0.55615234375,4,7,336,4.73,2141,1,YSS2245
Seminars in Business Economics: International Economics,BSE4761A,NUS Business School,Strategy and Policy,0.566113293170929,2071,0.578125,0.5576171875,4,7,383,5.39,2095,1,BSE4761A
Organic Spectroscopy,CM4225,Science,Chemistry,0.566113293170929,2071,0.58154296875,0.5595703125,4,7,71,1.0,2404,1,CM4225
Practical Astronomy,PC2411,Science,Physics,0.566113293170929,2071,0.58984375,0.560546875,4,7,342,4.82,2135,1,PC2411
International Ethics,PS3311,Arts and Social Science,Political Science,0.566113293170929,2071,0.5712890625,0.55810546875,1,10,190,2.68,2285,1,PS3311
Capstone Project for Second Major in Music,MUA3179,YST Conservatory of Music,YSTCM Dean's Office,0.5660644769668579,2072,0.5791015625,0.55322265625,5,6,255,3.59,2221,1,MUA3179
Contract Theory,LL4545,Law,FoL Dean's Office,0.5660644769668579,2072,0.5830078125,0.5556640625,5,6,297,4.18,2180,1,LL4545
Southeast Asian Art and Modernity,AH3205,Arts and Social Science,History,0.5660644769668579,2072,0.59130859375,0.54736328125,10,1,376,5.3,2102,1,AH3205
Islamic Law,LL4097,Law,FoL Dean's Office,0.565966784954071,2073,0.595703125,0.5537109375,2,9,45,0.63,2430,2,LL4097; LL4097V
Foundations in Communicating about Music,EM1180,NUS,Center for Engl Lang Comms,0.565966784954071,2073,0.5849609375,0.55517578125,5,6,271,3.82,2206,1,EM1180
"South Asia:Poverty, Inequality, Power",SN2232,Arts and Social Science,South Asian Studies,0.56591796875,2074,0.57177734375,0.5595703125,8,3,744,10.48,1759,1,SN2232
Contemporary Improvisation,MUA3233,YST Conservatory of Music,YSTCM Dean's Office,0.56591796875,2074,0.607421875,0.54736328125,5,6,264,3.72,2212,1,MUA3233
Introduction to Quantum Computing,PC2451,Science,Physics,0.565869152545929,2075,0.64453125,0.548828125,5,6,104,1.46,2371,1,PC2451
Practicing Theories in Social Work,SW3202,Arts and Social Science,Social Work,0.565869152545929,2075,0.60205078125,0.5478515625,2,9,64,0.9,2411,1,SW3202
Visual Analysis of Japanese Popular Culture,JS2213,Arts and Social Science,Japanese Studies,0.5658203363418579,2076,0.57080078125,0.56103515625,9,2,292,4.11,2185,1,JS2213
Biological Imaging of Growth and Form,LSM3234,Science,Biological Sciences,0.5657714605331421,2077,0.58544921875,0.55322265625,5,6,149,2.1,2326,1,LSM3234
Advanced Torts,LL4102,Law,FoL Dean's Office,0.565722644329071,2078,0.58056640625,0.556640625,3,8,140,1.97,2335,1,LL4102
Mental Health: An Interdisciplinary Approach,SPH3402,SSH School of Public Health,SSH School of Public Health Dean's Office,0.565722644329071,2078,0.59326171875,0.5439453125,3,8,85,1.2,2390,1,SPH3402
Questioning Sustainable Development,NHS2036,NUS College,NUS College Dean's Office,0.565673828125,2079,0.587890625,0.55712890625,5,6,92,1.3,2383,1,NHS2036
Citizenship in a Changing World,UTC2403,Residential College,College of Alice and Peter Tan,0.5655761957168579,2080,0.5849609375,0.552734375,5,6,445,6.27,2035,2,UTC2403; UTS2403
What do you mean? Meaning & Communication in Intercultural contexts,RVX1002,Non-Faculty-based Departments,Center for Engl Lang Comms,0.5655761957168579,2080,0.59326171875,0.5517578125,5,6,652,9.18,1843,1,RVX1002
Heritage Science: Ornamental Breakdown,NST2059,NUS College,NUS College Dean's Office,0.5655761957168579,2080,0.58544921875,0.55615234375,6,5,312,4.39,2165,1,NST2059
New Opportunities from Market Failures,BSN4714,NUS Business School,Strategy and Policy,0.5655761957168579,2080,0.5703125,0.5556640625,2,9,501,7.06,1983,1,BSN4714
Health and Social Behaviour,SC4223,Arts and Social Science,Sociology and Anthropology,0.5655273199081421,2081,0.59033203125,0.548828125,4,7,152,2.14,2323,2,SC4223; SC4223HM
Microeconomic Analysis III,EC4301,Arts and Social Science,Economics,0.5655273199081421,2081,0.5830078125,0.55517578125,4,7,235,3.31,2241,2,EC4301; EC4301HM
Advanced Conducting I,MUA4203,YST Conservatory of Music,YSTCM Dean's Office,0.565478503704071,2082,0.57763671875,0.55615234375,5,6,587,8.27,1901,1,MUA4203
European & International Competition Law,LL4273,Law,FoL Dean's Office,0.5654296875,2083,0.58935546875,0.552734375,2,9,325,4.58,2152,1,LL4273
"Economic Interest, Identities, and Voting Behavior",PS4308,Arts and Social Science,Political Science,0.5654296875,2083,0.5947265625,0.5517578125,5,6,467,6.58,2014,2,PS4308; PS4308HM
Directed Language Study: Beginning Italian 1,YIL1201I,Yale-NUS College,Yale-NUS College,0.5654296875,2083,0.58349609375,0.5546875,5,6,188,2.65,2287,1,YIL1201I
"Advanced Spanish: Spain, a Mosaic of Cultures",YLS3201,Yale-NUS College,Yale-NUS College,0.5654296875,2083,0.5810546875,0.55517578125,6,5,280,3.94,2197,1,YLS3201
Politics of Identity in Developing Countries,YSS4223,Yale-NUS College,Yale-NUS College,0.565380871295929,2084,0.5732421875,0.55517578125,4,7,415,5.84,2065,1,YSS4223
From Human to 'Posthuman',UTW1001E,Non-Faculty-based Departments,Center for Engl Lang Comms,0.565380871295929,2084,0.5751953125,0.5615234375,5,6,746,10.51,1757,1,UTW1001E
Global Governance,GL2103,Arts and Social Science,Political Science,0.565380871295929,2084,0.603515625,0.55029296875,6,5,177,2.49,2298,2,GL2103; YSS3225
Special Problems in Undergrad Physics I,PC2239,Science,Physics,0.5652831792831421,2085,0.57275390625,0.5546875,5,6,269,3.79,2208,1,PC2239
Hindi 3,LAH3201,Arts and Social Science,Centre for Language Studies,0.5652831792831421,2085,0.58349609375,0.556640625,6,5,183,2.58,2292,1,LAH3201
Doing Ethnography in Southeast Asia,SE4226,Arts and Social Science,Southeast Asian Studies,0.565234363079071,2086,0.57666015625,0.55908203125,10,1,474,6.68,2008,2,SE4226; SE4226HM
Internal Combustion Engines,ME4227,College of Design and Engineering,Mechanical Engineering,0.565234363079071,2086,0.57666015625,0.5576171875,3,8,454,6.39,2027,1,ME4227
Human Anatomy and Physiology I,AY1130,Yong Loo Lin Sch of Medicine,Anatomy,0.565136730670929,2087,0.5771484375,0.552734375,6,5,325,4.58,2152,1,AY1130
Religion and the Environment,YID3227,Yale-NUS College,Yale-NUS College,0.5650879144668579,2088,0.6396484375,0.5498046875,6,5,77,1.08,2398,1,YID3227
Examining Local Lives,NHS2047,NUS College,NUS College Dean's Office,0.5650879144668579,2088,0.58154296875,0.556640625,8,3,683,9.62,1814,1,NHS2047
Income Distribution Analysis,EC4323,Arts and Social Science,Economics,0.5650879144668579,2088,0.58935546875,0.55517578125,5,6,944,13.29,1579,2,EC4323; EC4323HM
Rhythmical Devices in Performance 2,MUA2210,YST Conservatory of Music,YSTCM Dean's Office,0.5650390386581421,2089,0.5966796875,0.55224609375,3,8,190,2.68,2285,1,MUA2210
"One Health: People, Animals and the Environment",SPH3204,SSH School of Public Health,SSH School of Public Health Dean's Office,0.5650390386581421,2089,0.57177734375,0.55810546875,6,5,194,2.73,2281,1,SPH3204
Gender and Sexuality in South Asia,YSS4250,Yale-NUS College,Yale-NUS College,0.564990222454071,2090,0.5908203125,0.55517578125,8,3,380,5.35,2098,1,YSS4250
Introducing Cambodia (with introductory Vietnamese),SFI2074,NUS,Office of the Provost,0.56494140625,2091,0.56494140625,0.56494140625,1,10,388,5.46,2090,1,SFI2074
Climate Science and Policy,YID3209,Yale-NUS College,Yale-NUS College,0.564892590045929,2092,0.64013671875,0.54052734375,2,9,58,0.82,2417,1,YID3209
International Human Rights of Women,LL4270,Law,FoL Dean's Office,0.564892590045929,2092,0.57421875,0.55908203125,4,7,444,6.25,2036,1,LL4270
Ethics in Psychology: Research and Practice,YSS4292,Yale-NUS College,Yale-NUS College,0.5647948980331421,2093,0.572265625,0.55908203125,2,9,201,2.83,2274,1,YSS4292
Applied Cryptography,MA3256,Science,Mathematics,0.5647948980331421,2093,0.60986328125,0.54736328125,7,4,208,2.93,2267,1,MA3256
Forensic Toxicology and Poisons,FSC4203,Science,Biological Sciences,0.5647948980331421,2093,0.599609375,0.546875,2,9,170,2.39,2305,1,FSC4203
Organic Synthesis: The Disconnection Approach,CM3221,Science,Chemistry,0.5647948980331421,2093,0.6015625,0.5517578125,5,6,123,1.73,2352,1,CM3221
Social Psychology: Theories and Methods,PL4207,Arts and Social Science,Psychology,0.5647948980331421,2093,0.5810546875,0.5556640625,4,7,846,11.91,1666,2,PL4207; PL4207HM
Cities and Urban Life in Southeast Asia,SE2212,Arts and Social Science,Southeast Asian Studies,0.564746081829071,2094,0.5986328125,0.548828125,6,5,336,4.73,2141,1,SE2212
Comparative International Education,YSS3295,Yale-NUS College,Yale-NUS College,0.564746081829071,2094,0.580078125,0.55419921875,6,5,355,5.0,2122,1,YSS3295
Philosophy Capstone Project,YHU4103,Yale-NUS College,Yale-NUS College,0.564697265625,2095,0.5791015625,0.55712890625,7,4,388,5.46,2090,1,YHU4103
"The Art of Science, the Science of Art",GET1014,Science,Physics,0.564697265625,2095,0.61181640625,0.55078125,6,5,202,2.84,2273,3,GET1014; GEX1006; HSI2016
"Memory, Heritage & History",HY3226,Arts and Social Science,History,0.564697265625,2095,0.59912109375,0.55224609375,8,3,276,3.89,2201,1,HY3226
Contemporary Korean Cinema and the Colonial Past,YHU3328,Yale-NUS College,Yale-NUS College,0.564648449420929,2096,0.57958984375,0.55224609375,8,3,161,2.27,2314,1,YHU3328
Questioning Common Sense,UTC2709,Residential College,Residential College 4,0.564648449420929,2096,0.57470703125,0.5537109375,4,7,297,4.18,2180,1,UTC2709
Model Operas and the Chinese Cultural Revolution,YHU3323,Yale-NUS College,Yale-NUS College,0.564648449420929,2096,0.58154296875,0.55615234375,3,8,138,1.94,2337,1,YHU3323
New Geographies of Urban Theory,GE4204,Arts and Social Science,Geography,0.5645996332168579,2097,0.5849609375,0.54638671875,5,6,254,3.58,2222,2,GE4204; GE4204HM
Applied Ethics,GEK2029,Arts and Social Science,Philosophy,0.5645996332168579,2097,0.5712890625,0.55517578125,1,10,227,3.2,2249,2,GEK2029; PH2208
Quantum Computing,CS4268,Computing,Computer Science,0.5645996332168579,2097,0.638671875,0.548828125,7,4,154,2.17,2321,1,CS4268
The Ethics and Politics of Public Policy,PE4101P,Arts and Social Science,Philosophy,0.5645996332168579,2097,0.58984375,0.55322265625,5,6,487,6.86,1996,2,PE4101P; PE4101PHM
Regimes in Transition,PS3275,Arts and Social Science,Political Science,0.5645507574081421,2098,0.58544921875,0.55712890625,4,7,316,4.45,2161,1,PS3275
Qualitative Data Collection,SC4213,Arts and Social Science,Sociology and Anthropology,0.5645507574081421,2098,0.61328125,0.54931640625,8,3,426,6.0,2054,2,SC4213; SC4213HM
The EU and its Law,LL4252,Law,FoL Dean's Office,0.5645507574081421,2098,0.5791015625,0.5556640625,2,9,182,2.56,2293,1,LL4252
Love That Kills: A Criminal Justice Perspective,HS2916,Science,Biological Sciences,0.5645507574081421,2098,0.591796875,0.54345703125,2,9,94,1.32,2381,1,HS2916
GEx Yogyakarta,NEX3013,NUS College,NUS College Dean's Office,0.564501941204071,2099,0.587890625,0.54443359375,6,5,412,5.8,2068,1,NEX3013
Jr Sem: Inside the Museum: Collections and the Public,UTC1419,Residential College,College of Alice and Peter Tan,0.564453125,2100,0.615234375,0.544921875,9,2,415,5.84,2065,1,UTC1419
French Language and Society,LAF4203,Arts and Social Science,Centre for Language Studies,0.564453125,2100,0.6103515625,0.548828125,6,5,112,1.58,2363,2,LAF4203; LAF4203HM
The Modern History of Japan: From Edo to the Present,HY2232,Arts and Social Science,History,0.564453125,2100,0.59814453125,0.53857421875,7,4,71,1.0,2404,1,HY2232
Developmental Biology,LSM3233,Science,Biological Sciences,0.564453125,2100,0.6162109375,0.5400390625,5,6,152,2.14,2323,2,LSM3233; YSC3238
Japanese International Relations,JS4224,Arts and Social Science,Japanese Studies,0.564404308795929,2101,0.59228515625,0.5537109375,8,3,140,1.97,2335,2,JS4224; JS4224HM
Political Economy of Money,PE4101E,Arts and Social Science,Economics,0.5643554925918579,2102,0.5849609375,0.55859375,5,6,301,4.24,2176,2,PE4101E; PE4101EHM
Classical Mechanics II,PC3261,Science,Physics,0.5643066167831421,2103,0.59912109375,0.546875,6,5,219,3.08,2256,1,PC3261
Digital Remix in EU Copyright Law,LL4546,Law,FoL Dean's Office,0.5643066167831421,2103,0.587890625,0.55419921875,7,4,320,4.51,2157,1,LL4546
Topics in Psychology,PL3880,Arts and Social Science,Psychology,0.564257800579071,2104,0.5771484375,0.55712890625,8,3,318,4.48,2159,3,PL3880; PL4880; PL4880HM
Intellectual Property And International Trade,LL4210,Law,FoL Dean's Office,0.564257800579071,2104,0.60302734375,0.54443359375,7,4,152,2.14,2323,2,LL4210; LL4210V
Ethics in Computing,IS1103,Computing,Information Systems and Analytics,0.564208984375,2105,0.6142578125,0.556640625,4,7,321,4.52,2156,1,IS1103
Molecular Biology,YSC3257,Yale-NUS College,Yale-NUS College,0.564208984375,2105,0.57421875,0.55615234375,5,6,51,0.72,2424,1,YSC3257
"How Science Works, Why Science Works",HSI1000,Science,FoS Dean's Office,0.564208984375,2105,0.580078125,0.54345703125,6,5,273,3.84,2204,1,HSI1000
"Language, Culture and 'Natives' People",NTW2021,NUS College,NUS College Dean's Office,0.564160168170929,2106,0.57470703125,0.5576171875,7,4,663,9.34,1833,1,NTW2021
Basic Applied Mathematics,MA2301,Science,Mathematics,0.564160168170929,2106,0.57763671875,0.5556640625,6,5,101,1.42,2374,1,MA2301
Introduction to Feminist Philosophy,PH2228,Arts and Social Science,Philosophy,0.564160168170929,2106,0.5859375,0.5537109375,8,3,455,6.41,2026,1,PH2228
Indian Communities in Southeast Asia,SN2277,Arts and Social Science,South Asian Studies,0.5640624761581421,2107,0.58984375,0.55322265625,9,2,539,7.59,1947,1,SN2277
Sky and Telescopes,GET1042,Science,Physics,0.564013659954071,2108,0.580078125,0.5556640625,7,4,561,7.9,1925,1,GET1042
Emotion in Daily Life,NHS2024,NUS College,NUS College Dean's Office,0.56396484375,2109,0.58154296875,0.5556640625,3,8,759,10.69,1745,1,NHS2024
Questioning Evolution and Progress,NTW2011,NUS College,NUS College Dean's Office,0.56396484375,2109,0.58203125,0.55517578125,7,4,279,3.93,2198,1,NTW2011
Computer-Aided Composition,MUA3277,YST Conservatory of Music,YSTCM Dean's Office,0.563916027545929,2110,0.5986328125,0.5576171875,6,5,224,3.15,2251,1,MUA3277
Stochastic Processes II,MA4251,Science,Mathematics,0.563916027545929,2110,0.576171875,0.556640625,6,5,393,5.53,2085,2,MA4251; ST4238
Forms of Nonfiction: Literary Journalism from Print to Sound,YHU3217,Yale-NUS College,Yale-NUS College,0.563916027545929,2110,0.587890625,0.54638671875,7,4,65,0.92,2410,1,YHU3217
Medicinal Natural Products,PR3204,Science,PharmacyandPharmaceuticalScience,0.5638672113418579,2111,0.5751953125,0.5546875,8,3,173,2.44,2302,1,PR3204
Classical Mechanics I,PC2032,Science,Physics,0.5638183355331421,2112,0.60595703125,0.54150390625,6,5,66,0.93,2409,1,PC2032
Selected Periods of Chinese History I,CH4242,Arts and Social Science,Chinese Studies,0.5638183355331421,2112,0.58447265625,0.55078125,7,4,78,1.1,2397,2,CH4242; CH4242HM
International Political Economy,PS3238,Arts and Social Science,Political Science,0.563769519329071,2113,0.60302734375,0.55126953125,5,6,317,4.46,2160,2,PS3238; YSS2218
Linear Algebra with Differential Equations,MA1513,Science,Mathematics,0.563769519329071,2113,0.5830078125,0.5537109375,3,8,454,6.39,2027,1,MA1513
Planet Earth,XD3103,Arts and Social Science,Geography,0.563720703125,2114,0.58349609375,0.5546875,3,8,143,2.01,2332,1,XD3103
"Corporations, Technology and the Law",LL4520,Law,FoL Dean's Office,0.563671886920929,2115,0.59521484375,0.55322265625,3,8,148,2.08,2327,2,LL4520; LL4520V
Documenting Singapore Drama,YHU4274,Yale-NUS College,Yale-NUS College,0.5636230707168579,2116,0.58935546875,0.546875,9,2,84,1.18,2391,1,YHU4274
"Art in Southeast Asia, 4th-14th centuries CE",AH2204,Arts and Social Science,History,0.5635741949081421,2117,0.58447265625,0.5537109375,7,4,217,3.06,2258,1,AH2204
Approaches to the Study of South Asia,SN4101HM,Arts and Social Science,South Asian Studies,0.5634765625,2118,0.5947265625,0.5478515625,7,4,328,4.62,2149,1,SN4101HM
Entrepreneurship : Self-Made in Japan,JS3227,Arts and Social Science,Japanese Studies,0.5634765625,2118,0.5791015625,0.55322265625,6,5,382,5.38,2096,1,JS3227
International Institutional Law,LL4275,Law,FoL Dean's Office,0.5633789300918579,2119,0.595703125,0.544921875,6,5,249,3.51,2227,1,LL4275
Thai Drawing and Painting,SE3224,Arts and Social Science,Southeast Asian Studies,0.5633789300918579,2119,0.61962890625,0.54541015625,2,9,78,1.1,2397,1,SE3224
Asian American Literature,AS3234,Arts and Social Science,"English,Ling.andTheatre Studies",0.5633300542831421,2120,0.6083984375,0.55224609375,6,5,191,2.69,2284,2,AS3234; EN3234
Human Physiology - Hormones and Health,LSM3214,Yong Loo Lin Sch of Medicine,Physiology,0.563281238079071,2121,0.5751953125,0.55712890625,4,7,206,2.9,2269,1,LSM3214
"Gender, Space & Place",GE3206,Arts and Social Science,Geography,0.563281238079071,2121,0.587890625,0.5419921875,5,6,275,3.87,2202,1,GE3206
Economy of Modern China II,EC3374,Arts and Social Science,Economics,0.563281238079071,2121,0.58642578125,0.5546875,8,3,245,3.45,2231,1,EC3374
Junior Seminar: The Social Lives of Drugs,UTC1118,Residential College,Tembusu College,0.563232421875,2122,0.59521484375,0.55078125,4,7,431,6.07,2049,1,UTC1118
"Environmental Movements: Past, Present and Future",YID3208,Yale-NUS College,Yale-NUS College,0.563232421875,2122,0.6064453125,0.54931640625,5,6,225,3.17,2250,1,YID3208
The Language of Cinema,YHU3349,Yale-NUS College,Yale-NUS College,0.563183605670929,2123,0.61376953125,0.5400390625,7,4,74,1.04,2401,1,YHU3349
Economics of European Integration,EC3376,Arts and Social Science,Economics,0.563183605670929,2123,0.58056640625,0.55126953125,6,5,423,5.96,2057,1,EC3376
East-West Artistic Interactions,HY2225,Arts and Social Science,History,0.563183605670929,2123,0.583984375,0.55224609375,7,4,341,4.8,2136,1,HY2225
A Brief History of Science & Why Things Often Go Wrong,HSI2008,Science,Physics,0.563183605670929,2123,0.58837890625,0.55322265625,5,6,136,1.92,2339,1,HSI2008
"Space, Place and the Human Experience",NTW2036,NUS College,NUS College Dean's Office,0.563183605670929,2123,0.5791015625,0.55419921875,8,3,735,10.35,1765,1,NTW2036
Linear Algebra,TMA2102,Cont and Lifelong Education,SCALE Dean's Office,0.563037097454071,2124,0.57958984375,0.5546875,5,6,199,2.8,2276,2,TMA2102; YSC2232
"Ideas, Values and Identity in Japan",JS4214,Arts and Social Science,Japanese Studies,0.563037097454071,2124,0.6083984375,0.5400390625,9,2,41,0.58,2434,2,JS4214; JS4214HM
Modern Southeast Asia,YSS2228,Yale-NUS College,Yale-NUS College,0.56298828125,2125,0.580078125,0.5576171875,4,7,274,3.86,2203,1,YSS2228
Abnormal Psychology,YSS3214,Yale-NUS College,Yale-NUS College,0.56298828125,2125,0.59765625,0.55224609375,6,5,218,3.07,2257,1,YSS3214
Singapore under Japanese Occupation,YHU3316,Yale-NUS College,Yale-NUS College,0.56298828125,2125,0.5732421875,0.556640625,10,1,478,6.73,2005,1,YHU3316
Comprehending Sound Around Us,NST2055,NUS College,NUS College Dean's Office,0.562939465045929,2126,0.5966796875,0.54052734375,5,6,58,0.82,2417,1,NST2055
Learning and Conditioning,PL3248,Arts and Social Science,Psychology,0.5628417730331421,2127,0.60302734375,0.5478515625,5,6,661,9.31,1835,1,PL3248
Anthropology Capstone Project,YSS4103,Yale-NUS College,Yale-NUS College,0.5628417730331421,2127,0.587890625,0.54931640625,8,3,365,5.14,2112,1,YSS4103
Beyond Sky - New Space Technology and Applications,EE3105,College of Design and Engineering,Electrical and Computer Engineering,0.562792956829071,2128,0.59765625,0.55615234375,5,6,369,5.2,2109,1,EE3105
Emotions and Social Life,SC2216,Arts and Social Science,Sociology and Anthropology,0.562792956829071,2128,0.58154296875,0.5517578125,5,6,708,9.97,1790,1,SC2216
Scientific Inquiry 2,YCC2137,Yale-NUS College,Yale-NUS College,0.562744140625,2129,0.60693359375,0.54931640625,4,7,97,1.37,2378,1,YCC2137
Healthy and Resilient Cities,YSS3284,Yale-NUS College,Yale-NUS College,0.562744140625,2129,0.578125,0.55029296875,6,5,208,2.93,2267,1,YSS3284
FS: Generations,FMA1201J,Arts and Social Science,Japanese Studies,0.562744140625,2129,0.5693359375,0.556640625,6,5,876,12.34,1639,1,FMA1201J
Theory of Quantum Information and Computation,YSC4214,Yale-NUS College,Yale-NUS College,0.562695324420929,2130,0.646484375,0.54736328125,8,3,142,2.0,2333,1,YSC4214
360-Degree Business Innovation Strategy,BSN3716,NUS Business School,Strategy and Policy,0.562695324420929,2130,0.58642578125,0.5537109375,5,6,481,6.77,2002,1,BSN3716
Art and Identity,GET1047,YST Conservatory of Music,YSTCM Dean's Office,0.562695324420929,2130,0.59130859375,0.54248046875,5,6,194,2.73,2281,2,GET1047; GEX1027
Voice Studies and Production,TS2240,Arts and Social Science,"English,Ling.andTheatre Studies",0.5626465082168579,2131,0.59619140625,0.55322265625,5,6,287,4.04,2190,1,TS2240
Special Project in Social Sciences,YIR4501,Yale-NUS College,Yale-NUS College,0.5626465082168579,2131,0.5771484375,0.5556640625,7,4,402,5.66,2076,10,YIR4501; YIR4501G; YIR4502; YIR4502G; YIR4503; YIR4503G; YIR4504; YIR4504G; YIR4505; YIR4505G
International Space Law,LL4320,Law,FoL Dean's Office,0.5626465082168579,2131,0.5908203125,0.54931640625,7,4,209,2.94,2266,2,LL4320; LL4320V
Hindi 4,LAH3202,Arts and Social Science,Centre for Language Studies,0.5625976324081421,2132,0.5791015625,0.55322265625,7,4,186,2.62,2289,1,LAH3202
Introduction to Mathematical Logic,YHU2206,Yale-NUS College,Yale-NUS College,0.5625976324081421,2132,0.572265625,0.552734375,4,7,57,0.8,2418,1,YHU2206
Public Policy-Making,PS3271,Arts and Social Science,Political Science,0.562548816204071,2133,0.61328125,0.5458984375,8,3,241,3.39,2235,1,PS3271
Adv Seminar in Urban Studies: Transnational Urbanism,YSS4239,Yale-NUS College,Yale-NUS College,0.562548816204071,2133,0.591796875,0.55322265625,3,8,595,8.38,1894,1,YSS4239
Understanding Globalisation,GEC1012,Arts and Social Science,Sociology and Anthropology,0.5625,2134,0.57080078125,0.55712890625,6,5,470,6.62,2011,3,GEC1012; GEH1044; GEK1041
"Climate Change: Processes, Impact and Responses",GE4227,Arts and Social Science,Geography,0.5625,2134,0.63134765625,0.5361328125,4,7,57,0.8,2418,2,GE4227; GE4227HM
Discrete Structures,CS1231,Computing,Computer Science,0.562451183795929,2135,0.5732421875,0.5546875,3,8,280,3.94,2197,4,CS1231; CS1231R; CS1231S; TIC1201
Musical Concepts and Materials 4,MUT2102,YST Conservatory of Music,YSTCM Dean's Office,0.562451183795929,2135,0.59521484375,0.54736328125,3,8,62,0.87,2413,1,MUT2102
Topics in Economics: Economic History of Southeast Asia,EC3880C,Arts and Social Science,Economics,0.5624023675918579,2136,0.5986328125,0.55078125,9,2,414,5.83,2066,1,EC3880C
GEx Sulawesi,NEX3011,NUS College,NUS College Dean's Office,0.5624023675918579,2136,0.6123046875,0.54638671875,8,3,517,7.28,1967,1,NEX3011
Lab in Learning Sciences,PL3281F,Arts and Social Science,Psychology,0.5623534917831421,2137,0.57958984375,0.55078125,4,7,105,1.48,2370,1,PL3281F
Computational Geometry,CS4235,Computing,Computer Science,0.5623534917831421,2137,0.583984375,0.5439453125,6,5,114,1.61,2361,1,CS4235
Public Health and Epidemiology,SPH2002,SSH School of Public Health,SSH School of Public Health Dean's Office,0.5623534917831421,2137,0.5869140625,0.541015625,6,5,109,1.53,2366,1,SPH2002
Statistical Methods,ST2335,Science,Statistics and Data Science,0.5623534917831421,2137,0.5986328125,0.5458984375,5,6,324,4.56,2153,1,ST2335
Phase Transformation and Kinetics,MLE2103,College of Design and Engineering,Materials Science and Engineering,0.562304675579071,2138,0.59521484375,0.5361328125,4,7,65,0.92,2410,1,MLE2103
Constraint Logic Programming,CS4216,Computing,Computer Science,0.562207043170929,2139,0.5751953125,0.5546875,2,9,139,1.96,2336,1,CS4216
Social Psychology and Technology,PL4880M,Arts and Social Science,Psychology,0.562207043170929,2139,0.578125,0.55078125,6,5,114,1.61,2361,2,PL4880M; PL4880MHM
Introduction to Electrodynamics,YSC3211,Yale-NUS College,Yale-NUS College,0.5621582269668579,2140,0.59228515625,0.53857421875,6,5,88,1.24,2387,1,YSC3211
"Language, Culture, Power",YSS2226,Yale-NUS College,Yale-NUS College,0.5621582269668579,2140,0.56787109375,0.55615234375,2,9,136,1.92,2339,1,YSS2226
Singaporean Nostalgia,NHS2026,NUS College,NUS College Dean's Office,0.5621582269668579,2140,0.5986328125,0.5498046875,9,2,372,5.24,2106,1,NHS2026
Microbiomes and Biofilms,LSM3228,Yong Loo Lin Sch of Medicine,Microbiology and Immunology,0.5621093511581421,2141,0.6328125,0.54345703125,3,8,66,0.93,2409,1,LSM3228
Comparative Human Rights Law,LL4354,Law,FoL Dean's Office,0.562060534954071,2142,0.60498046875,0.5546875,2,9,134,1.89,2341,2,LL4354; LL4354V
German Studies 2,LAG4204,Arts and Social Science,Centre for Language Studies,0.56201171875,2143,0.57958984375,0.55615234375,7,4,188,2.65,2287,2,LAG4204; LAG4204HM
Asean Economies,EC3373,Arts and Social Science,Economics,0.561962902545929,2144,0.583984375,0.54833984375,6,5,278,3.91,2199,1,EC3373
What is Love?,NHS2068,NUS College,NUS College Dean's Office,0.561962902545929,2144,0.59912109375,0.55322265625,5,6,447,6.29,2033,1,NHS2068
International Development,YSS3255,Yale-NUS College,Yale-NUS College,0.5619140863418579,2145,0.57080078125,0.55712890625,3,8,271,3.82,2206,1,YSS3255
Writing Love: The Love Letter in Literature,YHU2272,Yale-NUS College,Yale-NUS College,0.5619140863418579,2145,0.587890625,0.5498046875,4,7,227,3.2,2249,1,YHU2272
Marine Biology,LSM4261,Science,Biological Sciences,0.5619140863418579,2145,0.609375,0.54150390625,6,5,67,0.94,2408,1,LSM4261
Programming Language Concepts,CS2104,Computing,Computer Science,0.5619140863418579,2145,0.576171875,0.5556640625,3,8,160,2.25,2315,2,CS2104; CS2104R
Visual images,GEK1056,Arts and Social Science,Southeast Asian Studies,0.5618652105331421,2146,0.5869140625,0.54345703125,7,4,115,1.62,2360,1,GEK1056
Global Cities,YSS3262,Yale-NUS College,Yale-NUS College,0.5618652105331421,2146,0.58642578125,0.55859375,3,8,256,3.61,2220,1,YSS3262
Oncogenes and Signal Transduction,LSM4244,Yong Loo Lin Sch of Medicine,Biochemistry,0.561816394329071,2147,0.6005859375,0.54443359375,4,7,85,1.2,2390,1,LSM4244
Studies in Southeast Asian Arts,SE3210,Arts and Social Science,Southeast Asian Studies,0.561767578125,2148,0.59228515625,0.55078125,6,5,180,2.53,2295,1,SE3210
Pop Music Practice and Analysis 1,MUA4176,YST Conservatory of Music,YSTCM Dean's Office,0.561767578125,2148,0.59375,0.54736328125,5,6,240,3.38,2236,1,MUA4176
Economics of Strategy,BSE3702,NUS Business School,Strategy and Policy,0.561767578125,2148,0.5732421875,0.55908203125,2,9,177,2.49,2298,1,BSE3702
Lexicology and Lexicography,EL4216,Arts and Social Science,"English,Ling.andTheatre Studies",0.561718761920929,2149,0.6171875,0.5458984375,7,4,155,2.18,2320,2,EL4216; EL4216HM
Modern Japanese Religion,JS3211,Arts and Social Science,Japanese Studies,0.561718761920929,2149,0.5986328125,0.53564453125,6,5,48,0.68,2427,1,JS3211
Indigeneity and the Politics of Representation in Sabah,NHS2063,NUS College,NUS College Dean's Office,0.5616210699081421,2150,0.568359375,0.55419921875,4,7,744,10.48,1759,2,NHS2063; NHS2063R
Diction for Singers 1,MUA1196,YST Conservatory of Music,YSTCM Dean's Office,0.5616210699081421,2150,0.5859375,0.55029296875,5,6,146,2.06,2329,1,MUA1196
Drugs and Society,GEC1009,Science,PharmacyandPharmaceuticalScience,0.5615234375,2151,0.58349609375,0.53955078125,6,5,271,3.82,2206,2,GEC1009; GEH1026
"Language, Culture and Identity in India",SN3279,Arts and Social Science,South Asian Studies,0.5615234375,2151,0.5849609375,0.5478515625,7,4,187,2.63,2288,1,SN3279
Culture and Technology,NHS2049,NUS College,NUS College Dean's Office,0.561474621295929,2152,0.62158203125,0.53466796875,9,2,92,1.3,2383,1,NHS2049
Choice of Law: Practice and Theories,LL4431,Law,FoL Dean's Office,0.561474621295929,2152,0.5810546875,0.552734375,1,10,89,1.25,2386,2,LL4431; LL4431V
Fluid Dynamics,PC3238,Science,Physics,0.5613769292831421,2153,0.66455078125,0.54150390625,4,7,138,1.94,2337,1,PC3238
Statistical Mechanics,PC4241,Science,Physics,0.561328113079071,2154,0.5830078125,0.55126953125,4,7,153,2.15,2322,1,PC4241
South Asian Cinema,SN3274,Arts and Social Science,South Asian Studies,0.561328113079071,2154,0.5888671875,0.54541015625,8,3,199,2.8,2276,1,SN3274
Southeast Asia: The Making Of A Region,NHS2031,NUS College,NUS College Dean's Office,0.561279296875,2155,0.5654296875,0.55810546875,6,5,431,6.07,2049,1,NHS2031
Probability,MA2116,Science,Mathematics,0.561279296875,2155,0.57568359375,0.55517578125,5,6,181,2.55,2294,3,MA2116; ST2131; YSC2243
Classical Styles and Romantic Spirits,MUH2201,YST Conservatory of Music,YSTCM Dean's Office,0.561279296875,2155,0.60888671875,0.54150390625,2,9,19,0.27,2456,1,MUH2201
International Trade I,EC3342,Arts and Social Science,Economics,0.5611816644668579,2156,0.5830078125,0.544921875,7,4,155,2.18,2320,1,EC3342
Urban Ethnography of Asia,YSS4242,Yale-NUS College,Yale-NUS College,0.5611816644668579,2156,0.57421875,0.5537109375,7,4,396,5.58,2082,1,YSS4242
Traditional Chinese Legal Thought,LL4375,Law,FoL Dean's Office,0.56103515625,2157,0.578125,0.5517578125,3,8,73,1.03,2402,2,LL4375; LL4375V
Multivariable Calculus,MA2104,Science,Mathematics,0.56103515625,2157,0.5869140625,0.552734375,7,4,233,3.28,2243,2,MA2104; YSC2252
Gender and Sexuality in Literature,EN2207,Arts and Social Science,"English,Ling.andTheatre Studies",0.56103515625,2157,0.6123046875,0.54345703125,6,5,184,2.59,2291,1,EN2207
Approaches to Study of SE Asian History,HY4217,Arts and Social Science,History,0.5609375238418579,2158,0.6171875,0.5419921875,7,4,205,2.89,2270,2,HY4217; HY4217HM
History and Culture of Southeast Asia,YHU2290,Yale-NUS College,Yale-NUS College,0.5609375238418579,2158,0.61474609375,0.54150390625,9,2,291,4.1,2186,2,YHU2290; YHU3393
The Right and Left Brain,PL4880J,Arts and Social Science,Psychology,0.5608886480331421,2159,0.56689453125,0.5546875,2,9,117,1.65,2358,2,PL4880J; PL4880JHM
Political and International Ethics,PS3233,Arts and Social Science,Political Science,0.5608886480331421,2159,0.56591796875,0.55810546875,1,10,253,3.56,2223,1,PS3233
Infectious disease epidemiology and public health,SPH3202,SSH School of Public Health,SSH School of Public Health Dean's Office,0.560791015625,2160,0.6044921875,0.53857421875,5,6,106,1.49,2369,1,SPH3202
General Virology,LSM3227,Science,Biological Sciences,0.560791015625,2160,0.58056640625,0.55078125,6,5,107,1.51,2368,1,LSM3227
Graduate Theory Preparation,MUT4201,YST Conservatory of Music,YSTCM Dean's Office,0.560742199420929,2161,0.58642578125,0.54541015625,4,7,153,2.15,2322,1,MUT4201
Contemporary Musicianship A,MUA2157,YST Conservatory of Music,YSTCM Dean's Office,0.560742199420929,2161,0.60400390625,0.548828125,2,9,80,1.13,2395,1,MUA2157
Danger and National Security,NTW2018,NUS College,NUS College Dean's Office,0.5606933832168579,2162,0.5732421875,0.55224609375,7,4,523,7.37,1962,1,NTW2018
Composition for Non-Majors,MUT3215,YST Conservatory of Music,YSTCM Dean's Office,0.5606933832168579,2162,0.60791015625,0.54736328125,3,8,157,2.21,2318,1,MUT3215
HIV/AIDS: From Microbes to Nations,NHS2033,NUS College,NUS College Dean's Office,0.5606445074081421,2163,0.61083984375,0.54150390625,4,7,89,1.25,2386,1,NHS2033
Francophone Studies in Context,LAF4204,Arts and Social Science,Centre for Language Studies,0.5606445074081421,2163,0.595703125,0.54345703125,6,5,106,1.49,2369,2,LAF4204; LAF4204HM
Criminal Law (F),LC1001F,Law,FoL Dean's Office,0.560546875,2164,0.560546875,0.560546875,1,10,105,1.48,2370,1,LC1001F
Urban Climates,GE4235,Arts and Social Science,Geography,0.560498058795929,2165,0.58544921875,0.54345703125,2,9,39,0.55,2436,2,GE4235; GE4235HM
Reading the Malay-Indonesian Film,MS4207,Arts and Social Science,Malay Studies,0.560498058795929,2165,0.59814453125,0.5439453125,7,4,119,1.68,2356,2,MS4207; MS4207HM
FS : Representing War,FMA1201F,Arts and Social Science,"English,Ling.andTheatre Studies",0.560498058795929,2165,0.5732421875,0.55224609375,10,1,670,9.44,1826,1,FMA1201F
Intermediate Latin,YLL2201,Yale-NUS College,Yale-NUS College,0.5604492425918579,2166,0.6044921875,0.54150390625,3,8,89,1.25,2386,1,YLL2201
History and Theory of Landscape Architecture,LA3201,College of Design and Engineering,Architecture,0.5604492425918579,2166,0.6015625,0.52978515625,4,7,35,0.49,2440,4,LA3201; LA4203; LAD1004; LAD2009
Spanish 5,LAS4201,Arts and Social Science,Centre for Language Studies,0.5604003667831421,2167,0.591796875,0.5498046875,5,6,164,2.31,2311,2,LAS4201; LAS4201HM
Computational Methods in Physics,PC3236,Science,Physics,0.5604003667831421,2167,0.57763671875,0.54736328125,2,9,140,1.97,2335,1,PC3236
Creative Cities,YSS4207,Yale-NUS College,Yale-NUS College,0.560351550579071,2168,0.5732421875,0.5498046875,8,3,198,2.79,2277,1,YSS4207
Immunology,LSM3223,Yong Loo Lin Sch of Medicine,Microbiology and Immunology,0.560302734375,2169,0.59228515625,0.54345703125,3,8,49,0.69,2426,2,LSM3223; YSC3250
Forbidden Pleasures: Vice in Southeast Asia,SE2225,Arts and Social Science,Southeast Asian Studies,0.560302734375,2169,0.56640625,0.5498046875,5,6,236,3.32,2240,1,SE2225
Psychology of Social Conformity,YSS4264,Yale-NUS College,Yale-NUS College,0.560302734375,2169,0.56494140625,0.55322265625,4,7,415,5.84,2065,1,YSS4264
Fashion: East and West,GEC1042,Arts and Social Science,Chinese Studies,0.560302734375,2169,0.59521484375,0.548828125,6,5,448,6.31,2032,1,GEC1042
Mathematical Logic,MA4207,Science,Mathematics,0.560253918170929,2170,0.583984375,0.54736328125,5,6,32,0.45,2443,1,MA4207
Modern Theatre in Asia,TS2880A,Arts and Social Science,"English,Ling.andTheatre Studies",0.5602051019668579,2171,0.591796875,0.5390625,6,5,163,2.3,2312,1,TS2880A
Developmental Processes,PL4205,Arts and Social Science,Psychology,0.5602051019668579,2171,0.5771484375,0.5498046875,6,5,317,4.46,2160,2,PL4205; PL4205HM
Advanced Quantum Mechanics,YSC4221,Yale-NUS College,Yale-NUS College,0.5602051019668579,2171,0.59033203125,0.54296875,6,5,82,1.15,2393,1,YSC4221
"Diet, Public Health and Sustainability",UTC2735,Residential College,Residential College 4,0.5602051019668579,2171,0.5791015625,0.54541015625,4,7,87,1.23,2388,2,UTC2735; UTS2719
Refining Vocal Technique and Performance,YHU3331,Yale-NUS College,Yale-NUS College,0.5601562261581421,2172,0.57373046875,0.55517578125,5,6,227,3.2,2249,1,YHU3331
Qualitative Inquiry,SC3221,Arts and Social Science,Sociology and Anthropology,0.5601562261581421,2172,0.58203125,0.55126953125,9,2,390,5.49,2088,1,SC3221
Prescribed Text: Zhuangzi,CH4261,Arts and Social Science,Chinese Studies,0.5601562261581421,2172,0.5966796875,0.5517578125,7,4,391,5.51,2087,2,CH4261; CH4261HM
Calculus and Linear Algebra for Computing,TCX2101,Cont and Lifelong Education,SCALE Dean's Office,0.5601562261581421,2172,0.5771484375,0.54736328125,9,2,161,2.27,2314,1,TCX2101
FS: Meanings and Leanings: Is There a Reason Why?,FMA1201P,Arts and Social Science,Social Work,0.560107409954071,2173,0.57861328125,0.55712890625,6,5,880,12.39,1635,1,FMA1201P
Introduction to Critical Theory,EN3247,Arts and Social Science,"English,Ling.andTheatre Studies",0.560107409954071,2173,0.61181640625,0.53955078125,5,6,125,1.76,2350,1,EN3247
Conceptions of Human Nature,NTW2033,NUS College,NUS College Dean's Office,0.560107409954071,2173,0.58349609375,0.54248046875,4,7,290,4.08,2187,1,NTW2033
Geospatial Analytics for Biodiversity Conservation,GE2233,Arts and Social Science,Geography,0.56005859375,2174,0.58056640625,0.54345703125,5,6,131,1.84,2344,1,GE2233
Humans and Natures,AN2206,Arts and Social Science,Sociology and Anthropology,0.560009777545929,2175,0.587890625,0.52783203125,3,8,41,0.58,2434,2,AN2206; SC2221
Economy of Modern China I,EC2374,Arts and Social Science,Economics,0.560009777545929,2175,0.58642578125,0.5478515625,6,5,159,2.24,2316,1,EC2374
Confucianism and Law,LL4284,Law,FoL Dean's Office,0.5599609613418579,2176,0.576171875,0.546875,1,10,42,0.59,2433,1,LL4284
Global Economic History,EC4377,Arts and Social Science,Economics,0.559863269329071,2177,0.57421875,0.55322265625,4,7,248,3.49,2228,2,EC4377; EC4377HM
Topics in Environmental History,HY4211,Arts and Social Science,History,0.559814453125,2178,0.5966796875,0.54052734375,8,3,220,3.1,2255,2,HY4211; HY4211HM
Sonic Environments,MUA3274,YST Conservatory of Music,YSTCM Dean's Office,0.559814453125,2178,0.61474609375,0.544921875,5,6,182,2.56,2293,1,MUA3274
Population Economics,EC3362,Arts and Social Science,Economics,0.5597168207168579,2179,0.5908203125,0.5458984375,7,4,294,4.14,2183,1,EC3362
Ecological Economics,YID3211,Yale-NUS College,Yale-NUS College,0.5596679449081421,2180,0.60791015625,0.54248046875,4,7,55,0.77,2420,1,YID3211
Studies in Chinese Verse,CH4224,Arts and Social Science,Chinese Studies,0.5596679449081421,2180,0.58203125,0.5458984375,5,6,89,1.25,2386,2,CH4224; CH4224HM
GEx Bangkok – Kuala Lumpur,NEX3016,NUS College,NUS College Dean's Office,0.5596679449081421,2180,0.578125,0.552734375,8,3,621,8.75,1869,1,NEX3016
Media in Global Contexts,FAS2882C,Arts and Social Science,FASS DO/Office of Programmes,0.559619128704071,2181,0.587890625,0.55126953125,8,3,149,2.1,2326,1,FAS2882C
Statistics and Research Methods for Psychology,YSS2216,Yale-NUS College,Yale-NUS College,0.5595703125,2182,0.578125,0.548828125,5,6,145,2.04,2330,1,YSS2216
Environmental Bioacoustics,LSM4268,Science,Biological Sciences,0.5595703125,2182,0.58544921875,0.54541015625,4,7,78,1.1,2397,1,LSM4268
Violence and Visual Cultures in South Asia,SN3282,Arts and Social Science,South Asian Studies,0.559521496295929,2183,0.57958984375,0.55029296875,8,3,160,2.25,2315,1,SN3282
Language and Meaning,YHU2334,Yale-NUS College,Yale-NUS College,0.559521496295929,2183,0.57861328125,0.5556640625,4,7,743,10.46,1760,1,YHU2334
Topics in CP: The Politics of Labour and Labouring,PS4881C,Arts and Social Science,Political Science,0.5594726800918579,2184,0.603515625,0.5478515625,5,6,494,6.96,1990,2,PS4881C; PS4881CHM
Public Economics,EC4351,Arts and Social Science,Economics,0.5594238042831421,2185,0.57080078125,0.54833984375,8,3,164,2.31,2311,3,EC4351; EC4351HM; YSS3243
"Social Norms: Compliance, Game and Evolution",NHS2064,NUS College,NUS College Dean's Office,0.5594238042831421,2185,0.56298828125,0.55810546875,1,10,733,10.32,1767,1,NHS2064
"Human-Animal Relations: History, Biodiversity & Ethics",HS2923,Arts and Social Science,History,0.5594238042831421,2185,0.5810546875,0.55224609375,3,8,340,4.79,2137,1,HS2923
International Criminal Law Clinic,LL4333,Law,FoL Dean's Office,0.559374988079071,2186,0.56884765625,0.54931640625,3,8,268,3.77,2209,2,LL4333; LL4333V
Peasants and Capitalism in Asia,SN4231,Arts and Social Science,South Asian Studies,0.559374988079071,2186,0.5673828125,0.55224609375,8,3,419,5.9,2061,2,SN4231; SN4231HM
International Dispute Settlement,LL4285V,Law,FoL Dean's Office,0.559326171875,2187,0.662109375,0.52880859375,3,8,45,0.63,2430,1,LL4285V
Social Capital,SC3225,Arts and Social Science,Sociology and Anthropology,0.559277355670929,2188,0.58447265625,0.54443359375,4,7,801,11.28,1707,1,SC3225
Discourse Structure,EL3204,Arts and Social Science,"English,Ling.andTheatre Studies",0.559277355670929,2188,0.57177734375,0.54638671875,5,6,270,3.8,2207,1,EL3204
Foreign Policy and Diplomacy,GEK2010,Arts and Social Science,Political Science,0.559277355670929,2188,0.57568359375,0.55224609375,6,5,631,8.89,1861,2,GEK2010; PS2239
Combinatorics and Graphs II,MA3233,Science,Mathematics,0.559277355670929,2188,0.5732421875,0.55126953125,8,3,471,6.63,2010,1,MA3233
Hormesis and Life,NST2035,NUS,NUS College Dean's Office,0.5592285394668579,2189,0.587890625,0.54931640625,5,6,411,5.79,2069,2,NST2035; NST2057
"Globalization, Culture, and Identity",GL4880A,Arts and Social Science,Political Science,0.5592285394668579,2189,0.56884765625,0.55322265625,6,5,965,13.59,1564,2,GL4880A; GL4880AHM
China's Foreign Policy,PS4203,Arts and Social Science,Political Science,0.5591796636581421,2190,0.5986328125,0.5458984375,5,6,78,1.1,2397,2,PS4203; PS4203HM
Effective Altruism in Theory and Practice,HS2921,Arts and Social Science,Philosophy,0.559130847454071,2191,0.5703125,0.55029296875,6,5,550,7.75,1936,1,HS2921
Microbes which Changed Human History,GEC1011,Yong Loo Lin Sch of Medicine,Microbiology and Immunology,0.559130847454071,2191,0.60009765625,0.5390625,4,7,72,1.01,2403,3,GEC1011; GEH1043; GEK1534
Ecovillages and Ecotopias,YID3233,Yale-NUS College,Yale-NUS College,0.55908203125,2192,0.5849609375,0.54541015625,6,5,323,4.55,2154,1,YID3233
Emerging India in Asia's Economic Integration,EC3378,Arts and Social Science,Economics,0.55908203125,2192,0.57666015625,0.54931640625,7,4,316,4.45,2161,1,EC3378
Conservation Ecology,YSC3251,Yale-NUS College,Yale-NUS College,0.55908203125,2192,0.5888671875,0.54150390625,6,5,214,3.01,2261,1,YSC3251
Applied Voice Major Study 1A,MUA1190,YST Conservatory of Music,YSTCM Dean's Office,0.5589843988418579,2193,0.56982421875,0.55322265625,6,5,216,3.04,2259,1,MUA1190
Concerto and Cadenza,MUT3214,YST Conservatory of Music,YSTCM Dean's Office,0.5589843988418579,2193,0.5849609375,0.55419921875,5,6,188,2.65,2287,1,MUT3214
Independent Reading and Research,YIR3301,Yale-NUS College,Yale-NUS College,0.5589355230331421,2194,0.5849609375,0.54736328125,6,5,252,3.55,2224,40,YIR3301; YIR3301G; YIR3302; YIR3302G; YIR3303; YIR3303G; YIR3304; YIR3304G; YIR3305; YIR3305G; YIR3306; YIR3306G; YIR3307; YIR3307G; YIR3308; YIR3308G; YIR3309; YIR3309G; YIR3310; YIR3310G; YIR3311; YIR3311G; YIR3312; YIR3312G; YIR3313; YIR3313G; YIR3314; YIR3314G; YIR3315; YIR3315G; YIR3316; YIR3316G; YIR3317; YIR3317G; YIR3318; YIR3318G; YIR3319; YIR3319G; YIR3320; YIR3320G
Plants and People,YID2214,Yale-NUS College,Yale-NUS College,0.558886706829071,2195,0.59326171875,0.54296875,6,5,280,3.94,2197,1,YID2214
Thermodynamics and Statistical Mechanics,PC2135,Science,Physics,0.558886706829071,2195,0.56884765625,0.55029296875,3,8,100,1.41,2375,2,PC2135; PC2230
Topics in Geography I,GE2880,Arts and Social Science,Geography,0.558837890625,2196,0.587890625,0.544921875,4,7,119,1.68,2356,1,GE2880
Committed to Changing Our World: Dana Meadows’ Legacy,GEM2911,Residential College,Residential College 4,0.558837890625,2196,0.56884765625,0.55126953125,5,6,218,3.07,2257,2,GEM2911; GEM2911X
The Global Short Story,YHU2295,Yale-NUS College,Yale-NUS College,0.558837890625,2196,0.587890625,0.54296875,10,1,340,4.79,2137,1,YHU2295
Southeast Asian Performance,TS3233,Arts and Social Science,"English,Ling.andTheatre Studies",0.558789074420929,2197,0.576171875,0.54931640625,7,4,254,3.58,2222,1,TS3233
The Malay Middle Class,MS4204,Arts and Social Science,Malay Studies,0.558789074420929,2197,0.57177734375,0.548828125,3,8,297,4.18,2180,2,MS4204; MS4204HM
Environmental Economics,EC2383,Arts and Social Science,Economics,0.5587402582168579,2198,0.5869140625,0.54736328125,5,6,126,1.77,2349,2,EC2383; YSS3307
Risk and Geohazard,YID3212,Yale-NUS College,Yale-NUS College,0.5587402582168579,2198,0.59912109375,0.54248046875,5,6,97,1.37,2378,1,YID3212
Introduction to Astronomy,YSC1224,Yale-NUS College,Yale-NUS College,0.5586913824081421,2199,0.59375,0.54736328125,6,5,306,4.31,2171,1,YSC1224
General-Purpose Computation on GPU,CS4345,Computing,Computer Science,0.5586913824081421,2199,0.58837890625,0.54052734375,6,5,34,0.48,2441,1,CS4345
BEng Dissertation,MLE4101A,College of Design and Engineering,Materials Science and Engineering,0.558642566204071,2200,0.564453125,0.5537109375,6,5,349,4.91,2128,1,MLE4101A
Interdisciplinary Legal Research Methods,YSS4262,Yale-NUS College,Yale-NUS College,0.55859375,2201,0.58154296875,0.54736328125,3,8,165,2.32,2310,1,YSS4262
History Capstone Project,YHU4101,Yale-NUS College,Yale-NUS College,0.55859375,2201,0.60498046875,0.5419921875,7,4,237,3.34,2239,1,YHU4101
Markets and Society,SC3226,Arts and Social Science,Sociology and Anthropology,0.558544933795929,2202,0.5810546875,0.55419921875,5,6,1226,17.27,1357,1,SC3226
Transitional Justice and War Crimes Trials: Case Studies from Singapore and Asia,NHS2046,NUS College,NUS College Dean's Office,0.558544933795929,2202,0.5703125,0.5517578125,3,8,211,2.97,2264,1,NHS2046
Topics in European Literature,EN4263,Arts and Social Science,"English,Ling.andTheatre Studies",0.558544933795929,2202,0.580078125,0.54345703125,5,6,72,1.01,2403,4,EN4263; EN4263HM; EU4220; EU4220HM
Topics in Geography III,GE4880,Arts and Social Science,Geography,0.558544933795929,2202,0.5927734375,0.54443359375,3,8,78,1.1,2397,1,GE4880
Junior Seminar: On Blindness,GEM1902M,Residential College,Tembusu College,0.5584961175918579,2203,0.56982421875,0.54931640625,3,8,241,3.39,2235,1,GEM1902M
Gender and the City,GE4228,Arts and Social Science,Geography,0.5584961175918579,2203,0.58251953125,0.54833984375,5,6,232,3.27,2244,2,GE4228; GE4228HM
Science: From Thinking to Narratives,GET1048,Science,Biological Sciences,0.5584961175918579,2203,0.59130859375,0.5400390625,3,8,129,1.82,2346,2,GET1048; GEX1028
Philosophy of Science,PH4201,Arts and Social Science,Philosophy,0.558398425579071,2204,0.60693359375,0.5322265625,4,7,59,0.83,2416,2,PH4201; PH4201HM
Finite Geometry,YSC4242,Yale-NUS College,Yale-NUS College,0.558349609375,2205,0.5830078125,0.54541015625,7,4,153,2.15,2322,1,YSC4242
Urban and Regional Economies,GE4231,Arts and Social Science,Geography,0.558300793170929,2206,0.56298828125,0.548828125,3,8,148,2.08,2327,2,GE4231; GE4231HM
How the Ocean Works,GEH1033,Science,Physics,0.558300793170929,2206,0.57275390625,0.5498046875,5,6,208,2.93,2267,2,GEH1033; SP2718A
Criminal Forensic Psychology,PL4228,Arts and Social Science,Psychology,0.558300793170929,2206,0.61669921875,0.5263671875,6,5,82,1.15,2393,2,PL4228; PL4228HM
From the Wheel to the Web,HY2251,Arts and Social Science,History,0.5582519769668579,2207,0.5771484375,0.54833984375,8,3,321,4.52,2156,1,HY2251
Topics in Religion and Ethnicity,GL4887,Arts and Social Science,Political Science,0.5582519769668579,2207,0.5732421875,0.55126953125,6,5,506,7.13,1978,2,GL4887; GL4887HM
Thinking in Systems: Makings of the Ecopreneur,UTC1702H,Residential College,Residential College 4,0.5582519769668579,2207,0.58447265625,0.5517578125,7,4,337,4.75,2140,1,UTC1702H
South Asian Politics,PS2247,Arts and Social Science,Political Science,0.5582031011581421,2208,0.56494140625,0.5517578125,6,5,286,4.03,2191,1,PS2247
"Self, Society, and the Digital Tsunami era",UTW1001D,Non-Faculty-based Departments,Center for Engl Lang Comms,0.5582031011581421,2208,0.58251953125,0.54345703125,6,5,91,1.28,2384,1,UTW1001D
Literature at Sea,YHU4273,Yale-NUS College,Yale-NUS College,0.5582031011581421,2208,0.603515625,0.5419921875,5,6,164,2.31,2311,1,YHU4273
Law and Democracy in East Asia,LL4437,Law,FoL Dean's Office,0.5582031011581421,2208,0.57470703125,0.55078125,4,7,191,2.69,2284,2,LL4437; LL4437V
Contested Globalisation: Resistance and Resilience,GL4882B,Arts and Social Science,Political Science,0.558154284954071,2209,0.56591796875,0.55224609375,7,4,298,4.2,2179,2,GL4882B; GL4882BHM
Principles of Pharmaceutical Formulations II,PHS2117,Science,PharmacyandPharmaceuticalScience,0.558154284954071,2209,0.5771484375,0.54638671875,6,5,123,1.73,2352,2,PHS2117; PHS3101
Grammar Writing,EL4211,Arts and Social Science,"English,Ling.andTheatre Studies",0.55810546875,2210,0.56982421875,0.55224609375,3,8,156,2.2,2319,2,EL4211; EL4211HM
Psychobiological Perspectives on Emotion,PL3253,Arts and Social Science,Psychology,0.558056652545929,2211,0.56982421875,0.541015625,7,4,195,2.75,2280,1,PL3253
Skin,UTC1122,Residential College,Tembusu College,0.558056652545929,2211,0.5927734375,0.54736328125,4,7,299,4.21,2178,2,UTC1122; UTC2117
United Nations Human Rights Mechanisms,LL4543,Law,FoL Dean's Office,0.558056652545929,2211,0.5849609375,0.54931640625,6,5,667,9.39,1829,1,LL4543
Calculus for Computing,MA1521,Science,Mathematics,0.5580078363418579,2212,0.580078125,0.544921875,9,2,148,2.08,2327,2,MA1521; TMA2101
"Empire, Country, Corporation: The Struggle for Control",YSS3288,Yale-NUS College,Yale-NUS College,0.5580078363418579,2212,0.5634765625,0.5537109375,4,7,1033,14.55,1508,1,YSS3288
Categorical Data Analysis I,ST4251,Science,Statistics and Data Science,0.5580078363418579,2212,0.57421875,0.55126953125,5,6,114,1.61,2361,1,ST4251
Human Biology,YSC2234,Yale-NUS College,Yale-NUS College,0.5579589605331421,2213,0.57568359375,0.544921875,5,6,73,1.03,2402,1,YSC2234
Cities of the Global South,YSS3246,Yale-NUS College,Yale-NUS College,0.5579589605331421,2213,0.57275390625,0.55224609375,7,4,292,4.11,2185,1,YSS3246
Emotion and Psychopathology,PL4240,Arts and Social Science,Psychology,0.5579589605331421,2213,0.59912109375,0.54248046875,6,5,189,2.66,2286,2,PL4240; PL4240HM
Political theory of meritocracy,PS4303,Arts and Social Science,Political Science,0.557910144329071,2214,0.55908203125,0.556640625,2,9,183,2.58,2292,2,PS4303; PS4303HM
Philosophy of Games,YHU2341,Yale-NUS College,Yale-NUS College,0.557861328125,2215,0.5791015625,0.5537109375,3,8,240,3.38,2236,1,YHU2341
Introduction to Economic Analysis,EC1101E,Arts and Social Science,Economics,0.557861328125,2215,0.59765625,0.5419921875,4,7,71,1.0,2404,1,EC1101E
Introduction to Operating Systems,CS2106,Computing,Computer Science,0.557861328125,2215,0.5732421875,0.54541015625,6,5,223,3.14,2252,2,CS2106; CS2106R
Applied Econometrics,EC4305,Arts and Social Science,Economics,0.5577148199081421,2216,0.58984375,0.53955078125,7,4,55,0.77,2420,2,EC4305; EC4305HM
The Contemporary Indian Legal System,LL4122V,Law,FoL Dean's Office,0.5577148199081421,2216,0.56640625,0.54345703125,1,10,87,1.23,2388,1,LL4122V
Independent Study Course in Entrepreneurship,ETP3221,Non-Faculty-based Departments,NUS Enterprise Academy,0.557666003704071,2217,0.56787109375,0.55419921875,4,7,176,2.48,2299,2,ETP3221; TR3000
Print Culture in Modern China,CH4247,Arts and Social Science,Chinese Studies,0.557666003704071,2217,0.56884765625,0.5498046875,7,4,101,1.42,2374,2,CH4247; CH4247HM
"Power, Space and Pleasure",NTW2008,NUS College,NUS College Dean's Office,0.557666003704071,2217,0.57666015625,0.544921875,7,4,463,6.52,2018,1,NTW2008
Mathematical Analysis I,MA2108,Science,Mathematics,0.5576171875,2218,0.59130859375,0.544921875,5,6,76,1.07,2399,1,MA2108
Statistical Learning I,ST3248,Science,Statistics and Data Science,0.5576171875,2218,0.59228515625,0.54248046875,6,5,113,1.59,2362,1,ST3248
Nonparametric Statistics,ST4232,Science,Statistics and Data Science,0.557568371295929,2219,0.58056640625,0.5439453125,4,7,139,1.96,2336,1,ST4232
Socio-Economic History of China,CH3247,Arts and Social Science,Chinese Studies,0.557568371295929,2219,0.591796875,0.546875,8,3,212,2.99,2263,1,CH3247
Directed Language Study: Beginning Russian 1,YIL1201R,Yale-NUS College,Yale-NUS College,0.5575195550918579,2220,0.57177734375,0.5537109375,3,8,132,1.86,2343,1,YIL1201R
Sound Patterns in Language,EL2102,Arts and Social Science,"English,Ling.andTheatre Studies",0.5575195550918579,2220,0.57080078125,0.5458984375,5,6,133,1.87,2342,1,EL2102
Personality & Individual Differences,PL3241,Arts and Social Science,Psychology,0.5575195550918579,2220,0.57958984375,0.53173828125,5,6,161,2.27,2314,1,PL3241
How Linguists Work,NST2018,NUS,NUS College Dean's Office,0.5575195550918579,2220,0.58203125,0.54052734375,5,6,37,0.52,2438,1,NST2018
Complex Arbitrations: Multiparty – Multicontract,LL4361Z,Law,FoL Dean's Office,0.557324230670929,2221,0.59912109375,0.53857421875,4,7,101,1.42,2374,1,LL4361Z
Introduction to Logic: A Multi-Cultural Perspective,YHU2331,Yale-NUS College,Yale-NUS College,0.557324230670929,2221,0.57958984375,0.54248046875,4,7,114,1.61,2361,1,YHU2331
Disability and the Arts,YHU3319,Yale-NUS College,Yale-NUS College,0.557324230670929,2221,0.572265625,0.54931640625,7,4,86,1.21,2389,1,YHU3319
Videogame Theory and Analysis,NTW2039,NUS College,NUS College Dean's Office,0.5572754144668579,2222,0.57763671875,0.54736328125,7,4,74,1.04,2401,1,NTW2039
Nationalism in Southeast Asia,SE4227,Arts and Social Science,Southeast Asian Studies,0.5572754144668579,2222,0.57861328125,0.54296875,8,3,232,3.27,2244,2,SE4227; SE4227HM
Geographies of Development,GE3235,Arts and Social Science,Geography,0.5572754144668579,2222,0.57861328125,0.54931640625,5,6,322,4.53,2155,1,GE3235
Continuing Area Study 1,MUA2168,YST Conservatory of Music,YSTCM Dean's Office,0.5572754144668579,2222,0.56396484375,0.5517578125,6,5,391,5.51,2087,1,MUA2168
Comparative State and Religion in Southeast Asia,LL4197,Law,FoL Dean's Office,0.5572754144668579,2222,0.5654296875,0.5537109375,7,4,393,5.53,2085,2,LL4197; LL4197V
Foundational Area Study 2,MUA1169,YST Conservatory of Music,YSTCM Dean's Office,0.5572265386581421,2223,0.5712890625,0.54833984375,8,3,459,6.46,2022,1,MUA1169
What Can I Know?,NHS2076,NUS College,NUS College Dean's Office,0.5572265386581421,2223,0.58154296875,0.55029296875,6,5,326,4.59,2151,1,NHS2076
Mathematical Methods in Physical Sciences,YSC2205,Yale-NUS College,Yale-NUS College,0.557177722454071,2224,0.6103515625,0.53125,5,6,68,0.96,2407,1,YSC2205
Adv Topics: Human Population Genomics,YSC4211F,Yale-NUS College,Yale-NUS College,0.557177722454071,2224,0.62353515625,0.53271484375,3,8,35,0.49,2440,1,YSC4211F
Spanish 8 Language and Spanish Studies,LAS4204,Arts and Social Science,Centre for Language Studies,0.55712890625,2225,0.5888671875,0.544921875,5,6,123,1.73,2352,2,LAS4204; LAS4204HM
Economy & Space,GE2202,Arts and Social Science,Geography,0.557080090045929,2226,0.58154296875,0.54833984375,4,7,176,2.48,2299,1,GE2202
Institutions and Political Economy,PE4102E,Arts and Social Science,Economics,0.557080090045929,2226,0.5947265625,0.5439453125,4,7,198,2.79,2277,2,PE4102E; PE4102EHM
Statistical Methods in Epidemiology,ST3243,Science,Statistics and Data Science,0.557080090045929,2226,0.58544921875,0.54248046875,5,6,93,1.31,2382,1,ST3243
Digital Forensics,IFS4102,Computing,Computer Science,0.5570312738418579,2227,0.57177734375,0.54833984375,4,7,89,1.25,2386,1,IFS4102
Advanced Macroeconomics,YSS3248,Yale-NUS College,Yale-NUS College,0.556933581829071,2228,0.56591796875,0.546875,5,6,67,0.94,2408,1,YSS3248
Plant Biology,YSC2241,Yale-NUS College,Yale-NUS College,0.556884765625,2229,0.5947265625,0.5390625,4,7,63,0.89,2412,1,YSC2241
"The Doors of Perception: Biology, Technology & Culture",NST2005,NUS College,NUS College Dean's Office,0.556835949420929,2230,0.57861328125,0.544921875,4,7,151,2.13,2324,1,NST2005
Computation & Machine: Ancient to Modern,GEH1017,Science,Physics,0.556835949420929,2230,0.58447265625,0.546875,5,6,131,1.84,2344,1,GEH1017
Introducing Cambodia,SFI2072,NUS,Office of the Provost,0.556835949420929,2230,0.56005859375,0.5556640625,2,9,344,4.84,2133,1,SFI2072
Political Theory & the British Empire in Southeast Asia,YSS4294,Yale-NUS College,Yale-NUS College,0.556835949420929,2230,0.5927734375,0.546875,5,6,242,3.41,2234,1,YSS4294
An Introduction to Psychology Through Illusion,FAS2882D,Arts and Social Science,FASS DO/Office of Programmes,0.5567871332168579,2231,0.57275390625,0.5458984375,6,5,443,6.24,2037,1,FAS2882D
"Taking Risks: Economics, Psychology, and Biology",FMA1202D,Arts and Social Science,Economics,0.5567871332168579,2231,0.57470703125,0.5439453125,5,6,437,6.15,2043,1,FMA1202D
The Political Economy of Music,AN4206,Arts and Social Science,Sociology and Anthropology,0.5567382574081421,2232,0.572265625,0.544921875,3,8,52,0.73,2423,1,AN4206
Wind Ensemble Arranging/Composition,MUT3220,YST Conservatory of Music,YSTCM Dean's Office,0.5567382574081421,2232,0.61474609375,0.54052734375,6,5,169,2.38,2306,1,MUT3220
Introduction to Poetry Writing,NHT2211,NUS College,NUS College Dean's Office,0.556689441204071,2233,0.5771484375,0.5458984375,6,5,277,3.9,2200,1,NHT2211
Graph Theory,YSC4235,Yale-NUS College,Yale-NUS College,0.556689441204071,2233,0.5791015625,0.544921875,7,4,178,2.51,2297,1,YSC4235
Multivariate Statistical Analysis,ST4250,Science,Statistics and Data Science,0.556689441204071,2233,0.56982421875,0.546875,5,6,203,2.86,2272,1,ST4250
"Creativity, Imagination and Theoretical Physics",YSC1217,Yale-NUS College,Yale-NUS College,0.556689441204071,2233,0.56591796875,0.54248046875,3,8,55,0.77,2420,1,YSC1217
Subtle Tamil Traits? Tamil Culture and Society,SN3275,Arts and Social Science,South Asian Studies,0.556689441204071,2233,0.56787109375,0.546875,5,6,102,1.44,2373,1,SN3275
Writing Academically: Arts and Social Sciences,FAS1101,Non-Faculty-based Departments,Center for Engl Lang Comms,0.556689441204071,2233,0.58349609375,0.5498046875,5,6,325,4.58,2152,1,FAS1101
Advanced Copyright,LL4373,Law,FoL Dean's Office,0.556640625,2234,0.5908203125,0.54736328125,7,4,183,2.58,2292,2,LL4373; LL4373V
International History of SE Asia,HY3202,Arts and Social Science,History,0.556640625,2234,0.58544921875,0.541015625,7,4,128,1.8,2347,1,HY3202
Law in the Making: From Protecting to Policing Society,NHS2059,NUS College,NUS College Dean's Office,0.556640625,2234,0.568359375,0.54736328125,4,7,275,3.87,2202,1,NHS2059
Globalization on the Ground,YSS3254,Yale-NUS College,Yale-NUS College,0.556591808795929,2235,0.5625,0.55322265625,6,5,679,9.56,1818,1,YSS3254
Inquiry,LL4061,Law,FoL Dean's Office,0.556591808795929,2235,0.583984375,0.54638671875,6,5,124,1.75,2351,2,LL4061; LL4061V
Legal Reasoning & Legal Theory,LL4062,Law,FoL Dean's Office,0.5565429925918579,2236,0.5673828125,0.5517578125,2,9,47,0.66,2428,2,LL4062; LL4062V
Texture and Timbre,MUT2203,YST Conservatory of Music,YSTCM Dean's Office,0.5564941167831421,2237,0.5986328125,0.54248046875,2,9,51,0.72,2424,1,MUT2203
Sport and History,HY2247,Arts and Social Science,History,0.5564941167831421,2237,0.611328125,0.54443359375,5,6,234,3.3,2242,1,HY2247
Concept of Nature in Inquiry,PH2226,Arts and Social Science,Philosophy,0.556445300579071,2238,0.5849609375,0.53759765625,4,7,58,0.82,2417,1,PH2226
Study of Movement Aesthetics,GEM1006,Arts and Social Science,"English,Ling.andTheatre Studies",0.556445300579071,2238,0.57861328125,0.54443359375,8,3,154,2.17,2321,1,GEM1006
Mathematics of Reinforcement Learning,MA4275,Science,Mathematics,0.556445300579071,2238,0.57275390625,0.546875,6,5,80,1.13,2395,1,MA4275
Issues in Macroeconomics,EC4307,Arts and Social Science,Economics,0.556396484375,2239,0.57080078125,0.54736328125,5,6,120,1.69,2355,2,EC4307; EC4307HM
Japanese Woodblock Prints,YHU3293,Yale-NUS College,Yale-NUS College,0.556396484375,2239,0.59130859375,0.54150390625,6,5,112,1.58,2363,1,YHU3293
Hallucinations and Delusions: A Cognitive Perspective,PL4248,Arts and Social Science,Psychology,0.556396484375,2239,0.59521484375,0.548828125,5,6,165,2.32,2310,2,PL4248; PL4248HM
Syntax,EL3201,Arts and Social Science,"English,Ling.andTheatre Studies",0.556347668170929,2240,0.57177734375,0.54931640625,6,5,179,2.52,2296,1,EL3201
Geopolitics: Geographies of War & Peace,GEC1007,Arts and Social Science,Geography,0.5562499761581421,2241,0.58056640625,0.54150390625,7,4,133,1.87,2342,1,GEC1007
Geopolitics:Geographies of War & Peace,GEH1022,Arts and Social Science,Geography,0.5562499761581421,2241,0.58056640625,0.54150390625,7,4,133,1.87,2342,2,GEH1022; GEK1022
The Ecology of Food,YID2215,Yale-NUS College,Yale-NUS College,0.556201159954071,2242,0.5888671875,0.53125,3,8,26,0.37,2449,1,YID2215
Korean Popular Culture,YHU3365,Yale-NUS College,Yale-NUS College,0.556201159954071,2242,0.5654296875,0.5498046875,6,5,140,1.97,2335,1,YHU3365
The Fulfilled Life and the Life of the Law,LL4345,Law,FoL Dean's Office,0.55615234375,2243,0.57177734375,0.55078125,3,8,403,5.68,2075,2,LL4345; LL4345V
Integrative Music Theory 1,YHU2205,Yale-NUS College,Yale-NUS College,0.55615234375,2243,0.5859375,0.53857421875,1,10,36,0.51,2439,1,YHU2205
Ordinary Politics,NHS2035,NUS,NUS College Dean's Office,0.55615234375,2243,0.5615234375,0.55078125,2,9,486,6.84,1997,1,NHS2035
Pragmatics,EL4204,Arts and Social Science,"English,Ling.andTheatre Studies",0.5560058355331421,2244,0.5654296875,0.55224609375,4,7,391,5.51,2087,2,EL4204; EL4204HM
Application of Psychology to Fears and Phobias,PL4247,Arts and Social Science,Psychology,0.555957019329071,2245,0.60400390625,0.53857421875,8,3,230,3.24,2246,2,PL4247; PL4247HM
Criminalistics: Evidence and Proof,FSC4204,Science,Biological Sciences,0.555908203125,2246,0.56982421875,0.5458984375,7,4,378,5.32,2100,1,FSC4204
International Politics of Southeast Asia,PS2250,Arts and Social Science,Political Science,0.555908203125,2246,0.576171875,0.5390625,7,4,153,2.15,2322,1,PS2250
"Historicizing Science, Technology and Society",HY3261,Arts and Social Science,History,0.555908203125,2246,0.57177734375,0.54345703125,3,8,111,1.56,2364,1,HY3261
Mechanics and Waves,PC1433,Science,Physics,0.555859386920929,2247,0.5732421875,0.5458984375,4,7,166,2.34,2309,1,PC1433
Quantum Mechanics I,PC2130,Science,Physics,0.555859386920929,2247,0.60107421875,0.53125,6,5,34,0.48,2441,1,PC2130
Reading Ethnographies,AN4211,Arts and Social Science,Sociology and Anthropology,0.555859386920929,2247,0.58837890625,0.54443359375,7,4,351,4.94,2126,3,AN4211; SC4202; SC4202HM
Economic Analysis of Private Law (Contract and Torts),LL4480,Law,FoL Dean's Office,0.555859386920929,2247,0.572265625,0.54638671875,3,8,92,1.3,2383,2,LL4480; LL4480V
Advanced Conducting II,MUA4205,YST Conservatory of Music,YSTCM Dean's Office,0.555859386920929,2247,0.56640625,0.54736328125,5,6,333,4.69,2144,1,MUA4205
The Universe Unraveling: Narratives of War in Indochina,SE3228,Arts and Social Science,Southeast Asian Studies,0.5558105707168579,2248,0.5673828125,0.5517578125,7,4,509,7.17,1975,1,SE3228
Topics in Comparative Politics,PS4881,Arts and Social Science,Political Science,0.5557616949081421,2249,0.5693359375,0.5458984375,6,5,218,3.07,2257,2,PS4881; PS4881HM
Addictive Behaviours,PL4880F,Arts and Social Science,Psychology,0.5557616949081421,2249,0.58642578125,0.54541015625,8,3,336,4.73,2141,2,PL4880F; PL4880FHM
Commerce and Culture in China's Past (in English),CH2295,Arts and Social Science,Chinese Studies,0.555712878704071,2250,0.59423828125,0.53857421875,7,4,111,1.56,2364,1,CH2295
Structure of Sentences and Meanings,EL2101,Arts and Social Science,"English,Ling.andTheatre Studies",0.5556640625,2251,0.58251953125,0.54345703125,3,8,73,1.03,2402,1,EL2101
Ancient Kingdoms of Southeast Asia,SE4210,Arts and Social Science,Southeast Asian Studies,0.5556640625,2251,0.61669921875,0.53662109375,7,4,237,3.34,2239,2,SE4210; SE4210HM
Civility in the World City,NTW2016,NUS College,NUS College Dean's Office,0.5555664300918579,2252,0.55908203125,0.548828125,4,7,163,2.3,2312,1,NTW2016
Complex Analysis I (S),MA3211S,Science,Mathematics,0.5555175542831421,2253,0.57568359375,0.54541015625,5,6,100,1.41,2375,1,MA3211S
The Political History of the US,AS3238,Arts and Social Science,History,0.5555175542831421,2253,0.6025390625,0.5400390625,5,6,246,3.46,2230,1,AS3238
China-India Interactions: Changing Perspectives,SN2283,Arts and Social Science,South Asian Studies,0.5555175542831421,2253,0.57421875,0.5439453125,7,4,291,4.1,2186,1,SN2283
Law and Literature,LL4303,Law,FoL Dean's Office,0.5555175542831421,2253,0.5830078125,0.54541015625,4,7,111,1.56,2364,2,LL4303; LL4303V
What is Wisdom?,NTW2027,NUS College,NUS College Dean's Office,0.555468738079071,2254,0.56494140625,0.55078125,5,6,233,3.28,2243,1,NTW2027
Phonology,EL3230,Arts and Social Science,"English,Ling.andTheatre Studies",0.5553222894668579,2255,0.56396484375,0.54736328125,4,7,80,1.13,2395,1,EL3230
Material Culture in History: Theory and Practice,HY4228,Arts and Social Science,History,0.5553222894668579,2255,0.58837890625,0.541015625,7,4,60,0.84,2415,2,HY4228; HY4228HM
Doing Things with Words,YHU4219,Yale-NUS College,Yale-NUS College,0.5552734136581421,2256,0.56591796875,0.5439453125,6,5,108,1.52,2367,1,YHU4219
Genetics,YSC2233,Yale-NUS College,Yale-NUS College,0.5552734136581421,2256,0.5654296875,0.54736328125,5,6,66,0.93,2409,1,YSC2233
Reality,YHU3283,Yale-NUS College,Yale-NUS College,0.5552734136581421,2256,0.56298828125,0.5498046875,6,5,670,9.44,1826,1,YHU3283
Plant Growth and Development,LSM4251,Science,Biological Sciences,0.5552734136581421,2256,0.59228515625,0.5361328125,7,4,151,2.13,2324,1,LSM4251
Global Microhistory,YHU4244,Yale-NUS College,Yale-NUS College,0.5550781488418579,2257,0.580078125,0.54736328125,8,3,572,8.06,1915,1,YHU4244
International Environmental Law & Policy,LL4031,Law,FoL Dean's Office,0.5550292730331421,2258,0.572265625,0.54150390625,5,6,52,0.73,2423,2,LL4031; LL4031V
Conflict and Natural Resources,GL4883A,Arts and Social Science,Political Science,0.5550292730331421,2258,0.5771484375,0.533203125,3,8,48,0.68,2427,2,GL4883A; GL4883AHM
Semantics and Pragmatics,EL3203,Arts and Social Science,"English,Ling.andTheatre Studies",0.5550292730331421,2258,0.56982421875,0.5458984375,8,3,452,6.37,2029,1,EL3203
The Social Life of Art,AN2207,Arts and Social Science,Sociology and Anthropology,0.5550292730331421,2258,0.59521484375,0.52880859375,6,5,29,0.41,2446,2,AN2207; SC2225
GEx Chicago,NEX3010S,NUS College,NUS College Dean's Office,0.554980456829071,2259,0.5791015625,0.54541015625,4,7,549,7.73,1937,1,NEX3010S
Non-State Actors in Global Affairs,YSS4268,Yale-NUS College,Yale-NUS College,0.554980456829071,2259,0.5673828125,0.5458984375,7,4,360,5.07,2117,1,YSS4268
Topics in East Asian Philosophy,PH4205,Arts and Social Science,Philosophy,0.554931640625,2260,0.58984375,0.54296875,6,5,84,1.18,2391,2,PH4205; PH4205HM
Solfege 2,MUA1158,YST Conservatory of Music,YSTCM Dean's Office,0.554882824420929,2261,0.6162109375,0.53759765625,2,9,66,0.93,2409,1,MUA1158
Economics of Globalisation,YSS3291,Yale-NUS College,Yale-NUS College,0.554882824420929,2261,0.58935546875,0.541015625,9,2,190,2.68,2285,1,YSS3291
Capstone Recital in Piano Performance,MUA4121,YST Conservatory of Music,YSTCM Dean's Office,0.554736316204071,2262,0.60888671875,0.53955078125,3,8,104,1.46,2371,1,MUA4121
Topics in Geography II,GE3880,Arts and Social Science,Geography,0.5546875,2263,0.58154296875,0.54150390625,3,8,75,1.06,2400,1,GE3880
Critical Reading,EN2202,Arts and Social Science,"English,Ling.andTheatre Studies",0.5546875,2263,0.57177734375,0.54296875,6,5,61,0.86,2414,1,EN2202
The Nature of Natural Law,NST2012,NUS,NUS College Dean's Office,0.5546875,2263,0.56298828125,0.54931640625,5,6,111,1.56,2364,1,NST2012
Electronic Evidence,LL4440,Law,FoL Dean's Office,0.5546875,2263,0.5673828125,0.5458984375,3,8,144,2.03,2331,2,LL4440; LL4440V
Philosophical Foundations of Contract Law,LL4187,Law,FoL Dean's Office,0.554638683795929,2264,0.56005859375,0.54833984375,2,9,106,1.49,2369,1,LL4187
Cognitive Psychology,PL3103,Arts and Social Science,Psychology,0.554638683795929,2264,0.5615234375,0.54931640625,7,4,579,8.15,1908,2,PL3103; YSS3215
"State, Governance and Governmentality",SC4882C,Arts and Social Science,Sociology and Anthropology,0.5545898675918579,2265,0.595703125,0.544921875,7,4,257,3.62,2219,2,SC4882C; SC4882CHM
Evidence-Based Treatments for Trauma,PL4237,Arts and Social Science,Psychology,0.5545898675918579,2265,0.58935546875,0.5390625,6,5,97,1.37,2378,2,PL4237; PL4237HM
Hindi 5,LAH4201,Arts and Social Science,Centre for Language Studies,0.5545898675918579,2265,0.5859375,0.54736328125,4,7,152,2.14,2323,2,LAH4201; LAH4201HM
Freshwater Biology,LSM4264,Science,Biological Sciences,0.554492175579071,2266,0.60791015625,0.54052734375,4,7,33,0.46,2442,1,LSM4264
Numerical Methods in Differential Equations,MA4255,Science,Mathematics,0.554492175579071,2266,0.599609375,0.54052734375,2,9,89,1.25,2386,1,MA4255
"The Middle East: cities, states and territory",GE4238,Arts and Social Science,Geography,0.554492175579071,2266,0.58251953125,0.54443359375,7,4,481,6.77,2002,2,GE4238; GE4238HM
Hydrology and Free Surface Flows,CE3132,College of Design and Engineering,Civil and Environmental Engineering,0.554443359375,2267,0.58740234375,0.54345703125,4,7,62,0.87,2413,1,CE3132
Topics in International Relations,PS4882,Arts and Social Science,Political Science,0.554443359375,2267,0.56787109375,0.54833984375,5,6,324,4.56,2153,2,PS4882; PS4882HM
Global Social Thought,NGT2001,NUS College,NUS College Dean's Office,0.554394543170929,2268,0.57421875,0.5419921875,9,2,303,4.27,2174,12,NGT2001; NGT2001A; NGT2001B; NGT2001C; NGT2001D; NGT2001E; NGT2001F; NGT2001G; NGT2001H; NGT2001I; NGT2001J; NGT2001K
Ethics And The Environment,NHS2011,NUS College,NUS College Dean's Office,0.5542968511581421,2269,0.60107421875,0.537109375,5,6,146,2.06,2329,1,NHS2011
Stylistics and Drama,EL4222,Arts and Social Science,"English,Ling.andTheatre Studies",0.5542968511581421,2269,0.587890625,0.5390625,7,4,129,1.82,2346,2,EL4222; EL4222HM
Special Topics Junior Seminar: Science Fiction Movies in the East and West,UTC1112F,Residential College,Tembusu College,0.5542968511581421,2269,0.5810546875,0.54150390625,5,6,165,2.32,2310,1,UTC1112F
Contemporary Political Comedy,YSS3271,Yale-NUS College,Yale-NUS College,0.554248034954071,2270,0.57421875,0.5439453125,7,4,458,6.45,2023,1,YSS3271
Plato on Knowing and Being Good,YHU4229,Yale-NUS College,Yale-NUS College,0.55419921875,2271,0.5576171875,0.55078125,1,10,194,2.73,2281,1,YHU4229
Decolonizing Color,YHU2323,Yale-NUS College,Yale-NUS College,0.55419921875,2271,0.57177734375,0.54638671875,4,7,131,1.84,2344,1,YHU2323
Sports and Society,SC2222,Arts and Social Science,Sociology and Anthropology,0.55419921875,2271,0.5556640625,0.55126953125,5,6,598,8.42,1892,1,SC2222
Emotions in Modern Society,UTC1120,Residential College,Tembusu College,0.55419921875,2271,0.57666015625,0.54296875,5,6,130,1.83,2345,1,UTC1120
Social Theory and the Environment,YID2207,Yale-NUS College,Yale-NUS College,0.5541015863418579,2272,0.59814453125,0.529296875,6,5,50,0.7,2425,1,YID2207
Romanticism,EN3227,Arts and Social Science,"English,Ling.andTheatre Studies",0.5540527105331421,2273,0.5771484375,0.5419921875,4,7,67,0.94,2408,1,EN3227
Infectious Disease Modelling for Public Health,SPH3107,SSH School of Public Health,SSH School of Public Health Dean's Office,0.5540527105331421,2273,0.60400390625,0.5263671875,3,8,35,0.49,2440,1,SPH3107
Organic Chemistry 1,CM1121,Science,Chemistry,0.5540527105331421,2273,0.57177734375,0.54052734375,7,4,97,1.37,2378,1,CM1121
Interim Measures in International Arbitration,LL4346,Law,FoL Dean's Office,0.5540527105331421,2273,0.611328125,0.5322265625,5,6,134,1.89,2341,2,LL4346; LL4346V
Introduction to Politics,GEK1003,Arts and Social Science,Political Science,0.554003894329071,2274,0.55517578125,0.55078125,4,7,489,6.89,1994,2,GEK1003; PS1101E
Celestial Exploration,PC2412,Science,Physics,0.554003894329071,2274,0.58349609375,0.5419921875,6,5,429,6.04,2051,1,PC2412
Transitional Justice in Asia,LL4482,Law,FoL Dean's Office,0.553955078125,2275,0.591796875,0.54443359375,3,8,97,1.37,2378,2,LL4482; LL4482V
Fundamentals of Logic in Computer Science,CS4269,Computing,Computer Science,0.553955078125,2275,0.57421875,0.537109375,5,6,60,0.84,2415,1,CS4269
Image and Interpretation in Southeast Asian Art History,YHU3381,Yale-NUS College,Yale-NUS College,0.553955078125,2275,0.59326171875,0.54052734375,7,4,236,3.32,2240,1,YHU3381
Climate Justice,GL4883B,Arts and Social Science,Political Science,0.553906261920929,2276,0.6259765625,0.5390625,5,6,74,1.04,2401,2,GL4883B; GL4883BHM
Statistical Learning II,ST4248,Science,Statistics and Data Science,0.5538085699081421,2277,0.58349609375,0.5390625,6,5,108,1.52,2367,1,ST4248
The Lexicon of English,EL3880D,Arts and Social Science,"English,Ling.andTheatre Studies",0.5538085699081421,2277,0.56591796875,0.54638671875,7,4,96,1.35,2379,1,EL3880D
The Art of Rituals and Recreation,GEH1039,YST Conservatory of Music,YSTCM Dean's Office,0.5537109375,2278,0.57470703125,0.54052734375,6,5,188,2.65,2287,1,GEH1039
The Politics and Rhetoric of Green,NTW2019,NUS College,NUS College Dean's Office,0.553662121295929,2279,0.578125,0.5400390625,7,4,358,5.04,2119,1,NTW2019
Clothing Identities,NTW2014,NUS,NUS College Dean's Office,0.553662121295929,2279,0.5712890625,0.54345703125,4,7,227,3.2,2249,1,NTW2014
Shakespeare,EN3226,Arts and Social Science,"English,Ling.andTheatre Studies",0.553662121295929,2279,0.57666015625,0.54345703125,7,4,88,1.24,2387,1,EN3226
Environmental Studies: An Interdisciplinary Overview,ENV1101,Science,Biological Sciences,0.5536133050918579,2280,0.60595703125,0.5263671875,6,5,44,0.62,2431,1,ENV1101
Cognition,PL4203,Arts and Social Science,Psychology,0.5536133050918579,2280,0.57080078125,0.546875,6,5,215,3.03,2260,2,PL4203; PL4203HM
Housing Economics,EC4387,Arts and Social Science,Economics,0.5536133050918579,2280,0.60205078125,0.54345703125,3,8,99,1.39,2376,2,EC4387; EC4387HM
#MeToo: A Contemporary Feminist Movement,YHU3359,Yale-NUS College,Yale-NUS College,0.5535644292831421,2281,0.59619140625,0.54150390625,6,5,299,4.21,2178,1,YHU3359
Contemporary Chinese Literature in Twelve Key Words,CH4227,Arts and Social Science,Chinese Studies,0.5535644292831421,2281,0.59521484375,0.53564453125,6,5,70,0.99,2405,2,CH4227; CH4227HM
Tax Treaties,LL4506,Law,FoL Dean's Office,0.5535644292831421,2281,0.5712890625,0.53564453125,2,9,47,0.66,2428,2,LL4506; LL4506V
Fungal Biology,LSM3259,Science,Biological Sciences,0.553466796875,2282,0.58544921875,0.53759765625,4,7,35,0.49,2440,1,LSM3259
From Edo to Modern City: Tokyo,YHU3254,Yale-NUS College,Yale-NUS College,0.5533691644668579,2283,0.57080078125,0.53955078125,7,4,82,1.15,2393,1,YHU3254
Modern Chinese Political Thought,PS3880A,Arts and Social Science,Political Science,0.553271472454071,2284,0.56298828125,0.54736328125,6,5,113,1.59,2362,1,PS3880A
Strategy and Information,EC4312,Arts and Social Science,Economics,0.55322265625,2285,0.5732421875,0.541015625,7,4,372,5.24,2106,1,EC4312
Monetary Economics and Policy,EC4331,Arts and Social Science,Economics,0.55322265625,2285,0.58203125,0.541015625,5,6,92,1.3,2383,2,EC4331; EC4331HM
"Topics in IR: Globalisation, Security and the State",PS4882A,Arts and Social Science,Political Science,0.55322265625,2285,0.58349609375,0.544921875,7,4,188,2.65,2287,2,PS4882A; PS4882AHM
Stage and Screen,TS3243,Arts and Social Science,"English,Ling.andTheatre Studies",0.553173840045929,2286,0.595703125,0.5341796875,7,4,61,0.86,2414,1,TS3243
Desktop Mixing and Production,MUA1223,YST Conservatory of Music,YSTCM Dean's Office,0.553173840045929,2286,0.59814453125,0.54150390625,6,5,176,2.48,2299,1,MUA1223
Aircraft Structures,ME4212,College of Design and Engineering,Mechanical Engineering,0.5530761480331421,2287,0.56201171875,0.548828125,3,8,165,2.32,2310,1,ME4212
Psychology of Addictive Behaviour,YSS4287,Yale-NUS College,Yale-NUS College,0.5530761480331421,2287,0.60009765625,0.533203125,6,5,146,2.06,2329,1,YSS4287
Integrated Thesis,PL4501,Arts and Social Science,Psychology,0.5530761480331421,2287,0.56689453125,0.54638671875,7,4,225,3.17,2250,2,PL4501; PL4501HM
Learning and Challenging the Historical Narrative,MUH4204,YST Conservatory of Music,YSTCM Dean's Office,0.5530761480331421,2287,0.59619140625,0.53466796875,3,8,31,0.44,2444,1,MUH4204
Legal Pluralism and Global Law,LL4291,Law,FoL Dean's Office,0.5530761480331421,2287,0.5703125,0.5380859375,2,9,99,1.39,2376,2,LL4291; LL4291V
Urban Anthropology,AN4210,Arts and Social Science,Sociology and Anthropology,0.553027331829071,2288,0.56396484375,0.546875,6,5,613,8.63,1877,3,AN4210; SC4206; SC4206HM
Jazz Study and Performance 1,MUA3205,YST Conservatory of Music,YSTCM Dean's Office,0.552978515625,2289,0.5712890625,0.541015625,3,8,21,0.3,2454,1,MUA3205
Critical Approaches to Musical Discovery,MUH1101,YST Conservatory of Music,YSTCM Dean's Office,0.552978515625,2289,0.5888671875,0.5400390625,6,5,169,2.38,2306,1,MUH1101
"Literature, Media and Theory",EN3276,Arts and Social Science,"English,Ling.andTheatre Studies",0.552978515625,2289,0.59912109375,0.54052734375,6,5,50,0.7,2425,1,EN3276
Theory and Practice of Environmental Policymaking,YID2201,Yale-NUS College,Yale-NUS College,0.552929699420929,2290,0.57177734375,0.54052734375,7,4,56,0.79,2419,1,YID2201
FS: Heroism and Society,FMA1202F,Arts and Social Science,"English,Ling.andTheatre Studies",0.552929699420929,2290,0.57666015625,0.54150390625,6,5,239,3.37,2237,1,FMA1202F
Perspectives on Gender in Chinese Philosophy,YHU2332,Yale-NUS College,Yale-NUS College,0.5528808832168579,2291,0.568359375,0.53662109375,5,6,50,0.7,2425,1,YHU2332
Modern Southeast Asia Through Film,SE2230,Arts and Social Science,Southeast Asian Studies,0.5528320074081421,2292,0.56689453125,0.54052734375,10,1,116,1.63,2359,1,SE2230
Mathematical Methods in Physics III,PC4274,Science,Physics,0.552734375,2293,0.58740234375,0.533203125,4,7,62,0.87,2413,2,PC4274; PC4274A
Evolution,NST2002,NUS College,NUS College Dean's Office,0.552734375,2293,0.58154296875,0.53564453125,6,5,84,1.18,2391,1,NST2002
Japanese Philosophy and Thought,JS3214,Arts and Social Science,Japanese Studies,0.5526367425918579,2294,0.60302734375,0.529296875,9,2,25,0.35,2450,1,JS3214
Making of Modern Europe,EU1101E,Arts and Social Science,History,0.5526367425918579,2294,0.564453125,0.54638671875,5,6,223,3.14,2252,1,EU1101E
Our Planet: An Earth System Science Perspective,GE2103,Arts and Social Science,Geography,0.5525878667831421,2295,0.56298828125,0.537109375,4,7,65,0.92,2410,1,GE2103
Advanced Criminal Litigation – Forensics on Trial,FSC4206,Science,Biological Sciences,0.5525878667831421,2295,0.580078125,0.54443359375,5,6,111,1.56,2364,1,FSC4206
Biodiversity And Conservation Biology,NST2003,NUS,NUS College Dean's Office,0.552539050579071,2296,0.60009765625,0.533203125,6,5,73,1.03,2402,1,NST2003
Urban Agriculture,YID2213,Yale-NUS College,Yale-NUS College,0.552490234375,2297,0.57568359375,0.5390625,4,7,149,2.1,2326,1,YID2213
Gender and Politics,YSS2246,Yale-NUS College,Yale-NUS College,0.552490234375,2297,0.56884765625,0.54345703125,7,4,209,2.94,2266,1,YSS2246
Early Twentieth-Century Music,MUT3223,YST Conservatory of Music,YSTCM Dean's Office,0.552441418170929,2298,0.56005859375,0.54443359375,2,9,21,0.3,2454,1,MUT3223
Computational Thinking,GEI1000,Computing,Computer Science,0.552441418170929,2298,0.57373046875,0.54541015625,8,3,152,2.14,2323,2,GEI1000; GET1031
Advanced Abnormal Psychology,PL4219,Arts and Social Science,Psychology,0.5523926019668579,2299,0.58935546875,0.53173828125,6,5,92,1.3,2383,2,PL4219; PL4219HM
Choral Composition,MUT3222,YST Conservatory of Music,YSTCM Dean's Office,0.5523926019668579,2299,0.5693359375,0.53564453125,6,5,153,2.15,2322,1,MUT3222
Socio-Political History of Modern China,CH3246,Arts and Social Science,Chinese Studies,0.5523437261581421,2300,0.60546875,0.53466796875,9,2,122,1.72,2353,1,CH3246
Contemporary Readings in East Asian Philosophy,PH4312,Arts and Social Science,Philosophy,0.552294909954071,2301,0.572265625,0.5400390625,8,3,122,1.72,2353,2,PH4312; PH4312HM
Crime and Punishment,YHU3358,Yale-NUS College,Yale-NUS College,0.552294909954071,2301,0.60107421875,0.54150390625,5,6,153,2.15,2322,1,YHU3358
Approaches to Modern Japanese History,HY4218,Arts and Social Science,Japanese Studies,0.552294909954071,2301,0.60009765625,0.529296875,8,3,55,0.77,2420,4,HY4218; HY4218HM; JS4213; JS4213HM
Jazz Study and Performance 2,MUA3206,YST Conservatory of Music,YSTCM Dean's Office,0.55224609375,2302,0.580078125,0.54443359375,2,9,66,0.93,2409,1,MUA3206
Topics in Political Science,PS3880,Arts and Social Science,Political Science,0.55224609375,2302,0.578125,0.5390625,7,4,186,2.62,2289,1,PS3880
Islam and Modern and Contemporary Art in Southeast Asia,AH3206,Arts and Social Science,History,0.55224609375,2302,0.58642578125,0.53173828125,9,2,89,1.25,2386,1,AH3206
GEx New York,NEX3003,NUS College,NUS College Dean's Office,0.552197277545929,2303,0.6162109375,0.537109375,6,5,298,4.2,2179,1,NEX3003
Psychological Assessment,PL4218,Arts and Social Science,Psychology,0.5521484613418579,2304,0.62841796875,0.52685546875,8,3,65,0.92,2410,2,PL4218; PL4218HM
Constitutional & Administrative Law,LC2007,Law,FoL Dean's Office,0.5521484613418579,2304,0.5634765625,0.54443359375,6,5,115,1.62,2360,1,LC2007
Bilingualism,EL2208,Arts and Social Science,"English,Ling.andTheatre Studies",0.5521484613418579,2304,0.57666015625,0.544921875,4,7,102,1.44,2373,2,EL2208; EL3208
Heroes,UTW1001P,Non-Faculty-based Departments,Center for Engl Lang Comms,0.5521484613418579,2304,0.56103515625,0.53662109375,5,6,135,1.9,2340,1,UTW1001P
Citizenship and the Politics of Belonging,GL4886A,Arts and Social Science,Political Science,0.552050769329071,2305,0.55810546875,0.54150390625,3,8,232,3.27,2244,2,GL4886A; GL4886AHM
Cognitive Neuroscience,PL4206,Arts and Social Science,Psychology,0.552050769329071,2305,0.564453125,0.54443359375,6,5,99,1.39,2376,2,PL4206; PL4206HM
Philosophy of Law,PH3202,Arts and Social Science,Philosophy,0.552001953125,2306,0.5576171875,0.541015625,1,10,123,1.73,2352,2,PH3202; YHU2213
Social-Cognitive Perspectives on Emotion,PL3252,Arts and Social Science,Psychology,0.552001953125,2306,0.5712890625,0.53759765625,6,5,173,2.44,2302,1,PL3252
Warfare after 1945,HY2217,Arts and Social Science,History,0.551953136920929,2307,0.56884765625,0.5458984375,4,7,229,3.22,2247,1,HY2217
"Marriage, Sex, Love in South Asia",SN2280,Arts and Social Science,South Asian Studies,0.5519043207168579,2308,0.5830078125,0.5419921875,5,6,295,4.15,2182,2,SN2280; SN3283
"Ritual, Performance and Symbolic Action",SC3220,Arts and Social Science,Sociology and Anthropology,0.5519043207168579,2308,0.58154296875,0.5419921875,5,6,375,5.28,2103,1,SC3220
Adolescent Development,YSS3317,Yale-NUS College,Yale-NUS College,0.5519043207168579,2308,0.5888671875,0.53857421875,5,6,171,2.41,2304,1,YSS3317
Early Chinese Historiography,HY4241,Arts and Social Science,History,0.5517578125,2309,0.578125,0.525390625,8,3,41,0.58,2434,2,HY4241; HY4241HM
Dante’s Divine Comedy,YHU3290,Yale-NUS College,Yale-NUS College,0.5517578125,2309,0.5849609375,0.54296875,7,4,212,2.99,2263,1,YHU3290
Principles of Economics,EC1301,Arts and Social Science,Economics,0.5516601800918579,2310,0.58642578125,0.54248046875,3,8,125,1.76,2350,2,EC1301; YSS1203
The Semiotics of Colour,UTW2001Z,Non-Faculty-based Departments,Center for Engl Lang Comms,0.5516601800918579,2310,0.57763671875,0.5390625,5,6,313,4.41,2164,1,UTW2001Z
International Politics of Northeast Asia,PS2238,Arts and Social Science,Political Science,0.5516601800918579,2310,0.59033203125,0.5390625,8,3,223,3.14,2252,1,PS2238
Partial Differential Equations,MA4221,Science,Mathematics,0.5516113042831421,2311,0.56640625,0.5439453125,6,5,229,3.22,2247,1,MA4221
"Intimate Others: Animals, Animality and Representation",UTW1001L,NUS,Center for Engl Lang Comms,0.5516113042831421,2311,0.5732421875,0.541015625,7,4,704,9.91,1794,1,UTW1001L
Practising Anthropology and Sociology,SC4101,Arts and Social Science,Sociology and Anthropology,0.551562488079071,2312,0.56591796875,0.54345703125,7,4,466,6.56,2015,2,SC4101; SC4101HM
Intermediate Keyboard Studies,MUA3224,YST Conservatory of Music,YSTCM Dean's Office,0.551562488079071,2312,0.60009765625,0.52587890625,3,8,31,0.44,2444,1,MUA3224
Introduction to Legal Theory (G),LC1002G,Law,FoL Dean's Office,0.551562488079071,2312,0.56494140625,0.5439453125,3,8,193,2.72,2282,1,LC1002G
Topics in CP: Malaysian Politics,PS4881B,Arts and Social Science,Political Science,0.551562488079071,2312,0.5673828125,0.54248046875,7,4,284,4.0,2193,2,PS4881B; PS4881BHM
Developing States in a Changing World Order,LL4254V,Law,FoL Dean's Office,0.551562488079071,2312,0.57421875,0.537109375,5,6,122,1.72,2353,1,LL4254V
Welfare and Social Justice,SC4224,Arts and Social Science,Sociology and Anthropology,0.551513671875,2313,0.5810546875,0.541015625,1,10,35,0.49,2440,2,SC4224; SC4224HM
Character Evidence in the Common Law World,LL4353,Law,FoL Dean's Office,0.551513671875,2313,0.56982421875,0.54248046875,2,9,49,0.69,2426,2,LL4353; LL4353V
Multidisciplinary Perspectives on 'Mind',NTW2017,NUS College,NUS College Dean's Office,0.551513671875,2313,0.572265625,0.537109375,5,6,108,1.52,2367,1,NTW2017
Law & Social Movements,LL4082,Law,FoL Dean's Office,0.551513671875,2313,0.57177734375,0.54345703125,2,9,120,1.69,2355,1,LL4082
Modern Poetry,EN4264,Arts and Social Science,"English,Ling.andTheatre Studies",0.551464855670929,2314,0.57470703125,0.53515625,5,6,69,0.97,2406,2,EN4264; EN4264HM
India’s Pursuit of Prosperity,HY3251,Arts and Social Science,History,0.551464855670929,2314,0.556640625,0.5498046875,4,7,342,4.82,2135,1,HY3251
Molecular Genetics,LSM2105,Science,Biological Sciences,0.5514160394668579,2315,0.5634765625,0.5390625,6,5,97,1.37,2378,1,LSM2105
Contemporary African Politics,PS2257,Arts and Social Science,Political Science,0.5513671636581421,2316,0.5654296875,0.54150390625,9,2,431,6.07,2049,1,PS2257
"Infectious Diseases: Dynamics, Strategies and Policies",UTC2703,Residential College,Residential College 4,0.551318347454071,2317,0.576171875,0.52587890625,7,4,35,0.49,2440,1,UTC2703
Topics in Colonialism and Postcolonialism,GL4881,Arts and Social Science,Political Science,0.551220715045929,2318,0.5634765625,0.54052734375,6,5,107,1.51,2368,2,GL4881; GL4881HM
The Economics of Climate Change,YSS4259,Yale-NUS College,Yale-NUS College,0.5511718988418579,2319,0.6142578125,0.53466796875,5,6,35,0.49,2440,1,YSS4259
"Cultural Expressions of Science, Technology and Warfare",RVX1004,Center for Engl Lang Comms,Center for Engl Lang Comms,0.5511230230331421,2320,0.5703125,0.53564453125,4,7,94,1.32,2381,1,RVX1004
"Politics, Economies And Space",GE2102,Arts and Social Science,Geography,0.5511230230331421,2320,0.56591796875,0.5439453125,7,4,368,5.18,2110,1,GE2102
Law & Society,LL4146,Law,FoL Dean's Office,0.551074206829071,2321,0.56396484375,0.5400390625,2,9,173,2.44,2302,2,LL4146; LL4146V
Topics in Economics: Understanding Government,EC3880A,Arts and Social Science,Economics,0.551025390625,2322,0.56689453125,0.5361328125,6,5,121,1.7,2354,1,EC3880A
Income Inequality: A Teleological Perspective,UTC2720,Residential College,Residential College 4,0.550976574420929,2323,0.5546875,0.54638671875,3,8,403,5.68,2075,1,UTC2720
Behavioral Economics,YSS3203,Yale-NUS College,Yale-NUS College,0.5508788824081421,2324,0.57958984375,0.533203125,8,3,88,1.24,2387,1,YSS3203
Advanced Hydrology and Water Resources Management,GE4211,Arts and Social Science,Geography,0.5508788824081421,2324,0.5791015625,0.53857421875,5,6,92,1.3,2383,2,GE4211; GE4211HM
Rights,LL4025,Law,FoL Dean's Office,0.55078125,2325,0.56298828125,0.53662109375,1,10,42,0.59,2433,2,LL4025; LL4025V
Jurisprudence,LL4104,Law,FoL Dean's Office,0.55078125,2325,0.55859375,0.546875,2,9,128,1.8,2347,2,LL4104; LL4104V
Mastering Causal Inference,UTC2729,Residential College,Residential College 4,0.55078125,2325,0.5634765625,0.54345703125,7,4,149,2.1,2326,1,UTC2729
"Discourse, Citizenship, and Society",UTW2001R,Non-Faculty-based Departments,Center for Engl Lang Comms,0.550732433795929,2326,0.57861328125,0.541015625,7,4,180,2.53,2295,1,UTW2001R
Topics in Philosophy,PH2880,Arts and Social Science,Philosophy,0.5506836175918579,2327,0.56005859375,0.54296875,6,5,139,1.96,2336,1,PH2880
Advanced Poetry Writing,YHU4216,Yale-NUS College,Yale-NUS College,0.5506836175918579,2327,0.57666015625,0.5400390625,4,7,78,1.1,2397,1,YHU4216
Matrix Algebra,MA1311,Science,Mathematics,0.5506836175918579,2327,0.5615234375,0.544921875,6,5,188,2.65,2287,1,MA1311
Girlfriends: Narratives of Friendship,YHU2311,Yale-NUS College,Yale-NUS College,0.5506347417831421,2328,0.56640625,0.54345703125,3,8,411,5.79,2069,1,YHU2311
Language and Cognition,EL2206,Science,"English,Ling.andTheatre Studies",0.5506347417831421,2328,0.5654296875,0.5390625,5,6,94,1.32,2381,1,EL2206
Cultural Landscapes,GE3224,Arts and Social Science,Geography,0.5506347417831421,2328,0.56591796875,0.537109375,7,4,49,0.69,2426,1,GE3224
Cheeseburger in Paradise: Why We Eat What We Eat,HS2905,Arts and Social Science,Southeast Asian Studies,0.550537109375,2329,0.5888671875,0.53955078125,4,7,239,3.37,2237,1,HS2905
Family-State Relations in Chinese History,HY4231,Arts and Social Science,History,0.550537109375,2329,0.55810546875,0.54248046875,5,6,63,0.89,2412,2,HY4231; HY4231HM
In Other Wor(l)ds: Post ‐colonial Theory & Literature,EN3264,Arts and Social Science,"English,Ling.andTheatre Studies",0.5503906011581421,2330,0.61669921875,0.53662109375,7,4,98,1.38,2377,1,EN3264
Social Thought & Social Theory,EU3224,Arts and Social Science,Sociology and Anthropology,0.550341784954071,2331,0.56787109375,0.5439453125,6,5,120,1.69,2355,2,EU3224; SC3101
International Criminal Law,LL4073,Law,FoL Dean's Office,0.550341784954071,2331,0.56884765625,0.54248046875,2,9,182,2.56,2293,2,LL4073; LL4073V
Contentious Politics in Southeast Asia,SE4228,Arts and Social Science,Southeast Asian Studies,0.550244152545929,2332,0.58056640625,0.54052734375,10,1,217,3.06,2258,2,SE4228; SE4228HM
Conservation Biogeography,GE4224,Arts and Social Science,Geography,0.550244152545929,2332,0.64013671875,0.52294921875,6,5,47,0.66,2428,2,GE4224; GE4224HM
Modern-Contemporary Chinese Thought,CH4251,Arts and Social Science,Chinese Studies,0.5501953363418579,2333,0.57568359375,0.53271484375,4,7,41,0.58,2434,2,CH4251; CH4251HM
Weather and Climate,GE3253,Arts and Social Science,Geography,0.5501953363418579,2333,0.5947265625,0.5341796875,4,7,200,2.82,2275,1,GE3253
Phonetics and Phonology,EL3202,Arts and Social Science,"English,Ling.andTheatre Studies",0.5501953363418579,2333,0.56689453125,0.5400390625,4,7,84,1.18,2391,1,EL3202
Policies & Public Interest in International Arbitration,LL4505,Law,FoL Dean's Office,0.5501464605331421,2334,0.603515625,0.529296875,1,10,24,0.34,2451,2,LL4505; LL4505V
Introductory GIS for Landscape Architecture,LAD2005,College of Design and Engineering,Architecture,0.550097644329071,2335,0.5966796875,0.5361328125,6,5,96,1.35,2379,1,LAD2005
Adv Topic in Anthro: Reproductive Technologies,YSS4208B,Yale-NUS College,Yale-NUS College,0.550097644329071,2335,0.58447265625,0.5361328125,7,4,112,1.58,2363,1,YSS4208B
Introduction to Film Studies,EN2203,Arts and Social Science,"English,Ling.andTheatre Studies",0.550000011920929,2336,0.59033203125,0.5244140625,7,4,63,0.89,2412,1,EN2203
Crossing Boundaries in Performance,TS2236,Arts and Social Science,"English,Ling.andTheatre Studies",0.550000011920929,2336,0.56298828125,0.541015625,7,4,229,3.22,2247,1,TS2236
Reason and Persuasion,GEM1004,Arts and Social Science,Philosophy,0.550000011920929,2336,0.560546875,0.54248046875,2,9,400,5.63,2078,3,GEM1004; GET1027; GEX1013
Research Methods,PF3105,College of Design and Engineering,Built Environment,0.550000011920929,2336,0.60546875,0.541015625,3,8,87,1.23,2388,1,PF3105
Introduction to Legal Theory (C),LC1002C,Law,FoL Dean's Office,0.549853503704071,2337,0.56298828125,0.54052734375,2,9,154,2.17,2321,1,LC1002C
"Introduction to Philosophy, Politics, and Economics",PE2101P,Arts and Social Science,Philosophy,0.549755871295929,2338,0.572265625,0.54150390625,7,4,225,3.17,2250,1,PE2101P
New Worlds Beyond Earth,HSI2010,Science,Physics,0.549755871295929,2338,0.56982421875,0.5400390625,5,6,189,2.66,2286,1,HSI2010
The History of the Book in East and Southeast Asia,YHU4242,Yale-NUS College,Yale-NUS College,0.5497070550918579,2339,0.58056640625,0.53173828125,10,1,74,1.04,2401,1,YHU4242
Calculus with Applications,MA1312,Science,Mathematics,0.5497070550918579,2339,0.5673828125,0.541015625,8,3,244,3.44,2232,1,MA1312
"Metafiction, Storytelling, and the Literature of Fact",YHU4214,Yale-NUS College,Yale-NUS College,0.5497070550918579,2339,0.56982421875,0.53271484375,7,4,27,0.38,2448,1,YHU4214
Junior Seminar: Crime and Punishment,UTC1119,Residential College,Tembusu College,0.5496581792831421,2340,0.56787109375,0.5390625,7,4,221,3.11,2254,1,UTC1119
Economics of Inequality,EC4398,Arts and Social Science,Economics,0.5496581792831421,2340,0.56591796875,0.53662109375,6,5,66,0.93,2409,2,EC4398; EC4398HM
CRISPR: Saving Lives or Playing God?,HS2926,Science,PharmacyandPharmaceuticalScience,0.5496581792831421,2340,0.57177734375,0.5302734375,6,5,62,0.87,2413,1,HS2926
Global Narratives,NGN2001,NUS College,NUS College Dean's Office,0.5496581792831421,2340,0.5810546875,0.53857421875,7,4,159,2.24,2316,14,NGN2001; NGN2001A; NGN2001B; NGN2001C; NGN2001D; NGN2001E; NGN2001F; NGN2001G; NGN2001H; NGN2001I; NGN2001J; NGN2001K; NGN2001L; NGN2001M
Evolution of Development,LSM4256,Science,Biological Sciences,0.549609363079071,2341,0.595703125,0.52734375,5,6,55,0.77,2420,1,LSM4256
Selected Periods of Chinese History II,CH4243,Arts and Social Science,Chinese Studies,0.549609363079071,2341,0.57421875,0.5341796875,6,5,61,0.86,2414,2,CH4243; CH4243HM
Introduction to Public History,HY2268,Arts and Social Science,History,0.549560546875,2342,0.59326171875,0.52734375,7,4,90,1.27,2385,1,HY2268
Sociology of Education,SC3204,Arts and Social Science,Sociology and Anthropology,0.549560546875,2342,0.56103515625,0.54296875,6,5,98,1.38,2377,1,SC3204
World Orders,PS3312,Arts and Social Science,Political Science,0.549511730670929,2343,0.560546875,0.54150390625,5,6,293,4.13,2184,1,PS3312
Networks: Complexity and Order,UTC2716,Residential College,Residential College 4,0.549511730670929,2343,0.5615234375,0.54443359375,6,5,212,2.99,2263,1,UTC2716
Beyond belief: religious experience and encounter,NHS2071,NUS College,NUS College Dean's Office,0.549511730670929,2343,0.56640625,0.5439453125,5,6,180,2.53,2295,1,NHS2071
The Anthropology of Possible Worlds,YSS4265,Yale-NUS College,Yale-NUS College,0.549511730670929,2343,0.62646484375,0.53125,5,6,102,1.44,2373,1,YSS4265
Facing the Climate Crisis of the Anthropocene,SC3231,Arts and Social Science,Sociology and Anthropology,0.549511730670929,2343,0.599609375,0.53271484375,4,7,53,0.75,2422,1,SC3231
Freedom and Moral Responsibility,PH4215,Arts and Social Science,Philosophy,0.5494140386581421,2344,0.5537109375,0.537109375,2,9,178,2.51,2297,2,PH4215; PH4215HM
Algebraic Geometry of Curves and Surfaces,MA4273,Science,Mathematics,0.5494140386581421,2344,0.57373046875,0.5380859375,6,5,84,1.18,2391,1,MA4273
Foundations of Modern Cryptography,CS4230,Computing,Computer Science,0.5492187738418579,2345,0.6064453125,0.5341796875,9,2,71,1.0,2404,1,CS4230
Southeast Asia in the Global Economy,SE4217,Arts and Social Science,Southeast Asian Studies,0.549121081829071,2346,0.57666015625,0.5361328125,8,3,151,2.13,2324,2,SE4217; SE4217HM
The Sociolinguistics of Humour: Jokes and Comedies,EL3258,Arts and Social Science,"English,Ling.andTheatre Studies",0.549072265625,2347,0.57080078125,0.5361328125,8,3,82,1.15,2393,1,EL3258
Foundational Area Study 1,MUA1168,YST Conservatory of Music,YSTCM Dean's Office,0.549023449420929,2348,0.55859375,0.53662109375,7,4,209,2.94,2266,1,MUA1168
Rainbows and Music: The Physics of Light and Sound,YSC1222,Yale-NUS College,Yale-NUS College,0.549023449420929,2348,0.58544921875,0.53369140625,6,5,61,0.86,2414,1,YSC1222
Animal Behaviour and Cognition,PL4254,Arts and Social Science,Psychology,0.5489257574081421,2349,0.5703125,0.53564453125,3,8,49,0.69,2426,2,PL4254; PL4254HM
Heat & Mass Transfer,CN2125,College of Design and Engineering,Chemical and Biomolecular Engineering,0.548876941204071,2350,0.55859375,0.53515625,4,7,114,1.61,2361,1,CN2125
Measure and Integration,MA4262,Science,Mathematics,0.548876941204071,2350,0.59033203125,0.5380859375,5,6,85,1.2,2390,1,MA4262
Politics and Space,GE2222,Arts and Social Science,Geography,0.548828125,2351,0.5732421875,0.533203125,6,5,119,1.68,2356,1,GE2222
"Imitation, Innovation and Intellectual Property",LL4296,Law,FoL Dean's Office,0.548632800579071,2352,0.56689453125,0.53955078125,8,3,153,2.15,2322,1,LL4296
Algorithmic Foundations of Privacy,CS4257,Computing,Computer Science,0.548583984375,2353,0.5771484375,0.5361328125,7,4,67,0.94,2408,1,CS4257
Postcolonial Literatures Today,YHU3284,Yale-NUS College,Yale-NUS College,0.548583984375,2353,0.607421875,0.5322265625,6,5,90,1.27,2385,1,YHU3284
Logic for Proofs and Programs,CS3234,Computing,Computer Science,0.548583984375,2353,0.5654296875,0.54150390625,2,9,86,1.21,2389,1,CS3234
Set Theory,MA3205,Science,Mathematics,0.548535168170929,2354,0.59912109375,0.53076171875,5,6,24,0.34,2451,1,MA3205
Critical Global Public Health,YSS4210,Yale-NUS College,Yale-NUS College,0.5484863519668579,2355,0.57275390625,0.53857421875,5,6,57,0.8,2418,1,YSS4210
Principles of Pharmaceutical Formulations I,PHS1114,Science,PharmacyandPharmaceuticalScience,0.5484863519668579,2355,0.576171875,0.53759765625,5,6,113,1.59,2362,2,PHS1114; PHS2105
Introduction to Writing Poetry,YHU2292,Yale-NUS College,Yale-NUS College,0.5484863519668579,2355,0.55908203125,0.54150390625,5,6,102,1.44,2373,1,YHU2292
Introduction To Legal Theory (A),LC1002A,Law,FoL Dean's Office,0.5484863519668579,2355,0.5634765625,0.54150390625,2,9,145,2.04,2330,1,LC1002A
Intermediate Area Study,MUA3168,YST Conservatory of Music,YSTCM Dean's Office,0.5484374761581421,2356,0.56591796875,0.53564453125,7,4,234,3.3,2242,1,MUA3168
Introduction to Legal Theory (F),LC1002F,Law,FoL Dean's Office,0.5484374761581421,2356,0.56884765625,0.53955078125,3,8,199,2.8,2276,1,LC1002F
Moral Emotions in Everyday Life,NHS2065,NUS College,NUS College Dean's Office,0.548388659954071,2357,0.56005859375,0.54248046875,4,7,296,4.17,2181,1,NHS2065
Technologies of Home,NTW2020,NUS College,NUS College Dean's Office,0.548388659954071,2357,0.57080078125,0.5361328125,5,6,94,1.32,2381,1,NTW2020
Critical Debates in South Asian Studies,SN4102,Arts and Social Science,South Asian Studies,0.54833984375,2358,0.56396484375,0.5380859375,7,4,135,1.9,2340,2,SN4102; SN4102HM
Power of Dialogue: Interpersonal Conflict Resolution,SW3205,Arts and Social Science,Social Work,0.54833984375,2358,0.59619140625,0.5361328125,7,4,142,2.0,2333,1,SW3205
Art & Cultural Heritage Law,LL4347,Law,FoL Dean's Office,0.54833984375,2358,0.55859375,0.54248046875,3,8,43,0.61,2432,2,LL4347; LL4347V
US Media in the 20th Century & Beyond,AS2236,Arts and Social Science,History,0.54833984375,2358,0.57177734375,0.537109375,5,6,76,1.07,2399,2,AS2236; HY2236
Water Rights & Resources: Issues in Law & Development,LL4374,Law,FoL Dean's Office,0.54833984375,2358,0.5595703125,0.54296875,3,8,60,0.84,2415,2,LL4374; LL4374V
Romantic Styles,MUT3213,YST Conservatory of Music,YSTCM Dean's Office,0.54833984375,2358,0.56884765625,0.53955078125,2,9,19,0.27,2456,1,MUT3213
Anthropology of Islam,YSS3330,Yale-NUS College,Yale-NUS College,0.548291027545929,2359,0.5595703125,0.54296875,8,3,294,4.14,2183,1,YSS3330
Special Project in Humanities,YIR4401,Yale-NUS College,Yale-NUS College,0.548291027545929,2359,0.56103515625,0.54296875,6,5,202,2.84,2273,10,YIR4401; YIR4401G; YIR4402; YIR4402G; YIR4403; YIR4403G; YIR4404; YIR4404G; YIR4405; YIR4405G
The Human Condition,HSH1000,Arts and Social Science,Philosophy,0.548291027545929,2359,0.55517578125,0.54345703125,4,7,242,3.41,2234,1,HSH1000
Southeast Asia Laboratory: Power and Markets,SE3235,Arts and Social Science,Southeast Asian Studies,0.5482422113418579,2360,0.5986328125,0.5263671875,3,8,78,1.1,2397,1,SE3235
Collecting Art in Europe and Asia (1500 CE – 2000 CE),AH3203,Arts and Social Science,History,0.5482422113418579,2360,0.58740234375,0.52001953125,8,3,55,0.77,2420,1,AH3203
Linear Algebra II,MA2101,Science,Mathematics,0.5482422113418579,2360,0.5625,0.54150390625,5,6,158,2.23,2317,1,MA2101
German Studies 1,LAG4203,Arts and Social Science,Centre for Language Studies,0.548144519329071,2361,0.578125,0.5341796875,6,5,47,0.66,2428,2,LAG4203; LAG4203HM
Scholarly Pursuits,NTW2013,NUS,NUS College Dean's Office,0.548095703125,2362,0.57177734375,0.5341796875,7,4,87,1.23,2388,1,NTW2013
Law and Malay Society,MS2212,Arts and Social Science,Malay Studies,0.548046886920929,2363,0.56298828125,0.5400390625,3,8,102,1.44,2373,1,MS2212
Quantum Chem & Molecular Thermodynamics,CM3231,Science,Chemistry,0.5479980707168579,2364,0.59619140625,0.5341796875,3,8,58,0.82,2417,1,CM3231
Another World is Possible: Ecotopian Visions,YHU3343,Yale-NUS College,Yale-NUS College,0.5479491949081421,2365,0.56884765625,0.53369140625,4,7,36,0.51,2439,1,YHU3343
Introduction To Legal Theory (B),LC1002B,Law,FoL Dean's Office,0.547900378704071,2366,0.56787109375,0.541015625,3,8,196,2.76,2279,1,LC1002B
Introduction to Quantum Mechanics,YSC3210,Yale-NUS College,Yale-NUS College,0.5478515625,2367,0.59326171875,0.52880859375,4,7,26,0.37,2449,1,YSC3210
"Time, Space, Nature: Critical Geographies",YID3231,Yale-NUS College,Yale-NUS College,0.547802746295929,2368,0.572265625,0.533203125,5,6,133,1.87,2342,2,YID3231; YID3235
Web Mining,TBA2105,Cont and Lifelong Education,SCALE Dean's Office,0.547802746295929,2368,0.55859375,0.54052734375,8,3,210,2.96,2265,1,TBA2105
The Politics of Recognition,PS4238,Arts and Social Science,Political Science,0.547802746295929,2368,0.5498046875,0.546875,4,7,507,7.14,1977,2,PS4238; PS4238HM
Mathematical Methods in Physics II,PC3274,Science,Physics,0.5477539300918579,2369,0.58837890625,0.5341796875,5,6,43,0.61,2432,2,PC3274; PC3274A
Markets and Institutions,YSS4280,Yale-NUS College,Yale-NUS College,0.5477050542831421,2370,0.5654296875,0.53662109375,6,5,193,2.72,2282,1,YSS4280
Political Economy,YSS3220,Yale-NUS College,Yale-NUS College,0.5477050542831421,2370,0.58642578125,0.53564453125,6,5,104,1.46,2371,1,YSS3220
Introduction to Legal Theory (E),LC1002E,Law,FoL Dean's Office,0.547656238079071,2371,0.55859375,0.5419921875,3,8,216,3.04,2259,1,LC1002E
Solfege 1,MUA1157,YST Conservatory of Music,YSTCM Dean's Office,0.547656238079071,2371,0.60791015625,0.53271484375,3,8,35,0.49,2440,1,MUA1157
The Economy‐Security Nexus,YSS3227,Yale-NUS College,Yale-NUS College,0.547656238079071,2371,0.56298828125,0.54345703125,4,7,121,1.7,2354,1,YSS3227
Human Rights and Humanitarianism,YSS3348,Yale-NUS College,Yale-NUS College,0.547656238079071,2371,0.56982421875,0.5380859375,8,3,176,2.48,2299,1,YSS3348
Evolutionary Psychology,PL4214,Arts and Social Science,Psychology,0.547607421875,2372,0.58056640625,0.52783203125,6,5,37,0.52,2438,2,PL4214; PL4214HM
Welcome to the Anthropocene: Agency in the Era of Climate Change,NHS2025,NUS College,NUS College Dean's Office,0.547607421875,2372,0.5654296875,0.5380859375,6,5,68,0.96,2407,1,NHS2025
Issues in Korean Cultural History since 1945,HY3259,Arts and Social Science,History,0.547607421875,2372,0.56591796875,0.53369140625,8,3,115,1.62,2360,1,HY3259
General Physics,YSC1213,Yale-NUS College,Yale-NUS College,0.547558605670929,2373,0.58203125,0.52587890625,8,3,79,1.11,2396,1,YSC1213
Re-imagining Pianism through Analysis,MUA3228,YST Conservatory of Music,YSTCM Dean's Office,0.5475097894668579,2374,0.59228515625,0.53271484375,3,8,48,0.68,2427,1,MUA3228
International Water Law,LL4449,Law,FoL Dean's Office,0.5474609136581421,2375,0.56396484375,0.5361328125,6,5,114,1.61,2361,2,LL4449; LL4449V
Societal Collapse & Resilience,UTC2726,Residential College,Residential College 4,0.547412097454071,2376,0.55126953125,0.54345703125,4,7,168,2.37,2307,2,UTC2726; UTS2713
French 5,LAF4201,Arts and Social Science,Centre for Language Studies,0.547412097454071,2376,0.5634765625,0.53515625,4,7,36,0.51,2439,2,LAF4201; LAF4201HM
Global Histories of Slavery,YHU2304,Yale-NUS College,Yale-NUS College,0.54736328125,2377,0.56201171875,0.533203125,7,4,67,0.94,2408,1,YHU2304
Memory,PL3249,Arts and Social Science,Psychology,0.547314465045929,2378,0.55322265625,0.54443359375,5,6,109,1.53,2366,1,PL3249
Law and Policy,LL4271,Law,FoL Dean's Office,0.547314465045929,2378,0.572265625,0.53125,3,8,34,0.48,2441,1,LL4271
Economic Analysis of Law II,EC4396,Arts and Social Science,Economics,0.547314465045929,2378,0.55322265625,0.54052734375,1,10,61,0.86,2414,2,EC4396; EC4396HM
Theatre and Gender,TS4216,Arts and Social Science,"English,Ling.andTheatre Studies",0.5472167730331421,2379,0.591796875,0.53271484375,7,4,119,1.68,2356,2,TS4216; TS4216HM
Issues in Philosophy of Mathematics,PH4244,Arts and Social Science,Philosophy,0.5472167730331421,2379,0.57666015625,0.52783203125,6,5,34,0.48,2441,2,PH4244; PH4244HM
Japan in the Twentieth Century,JS3210,Arts and Social Science,Japanese Studies,0.547167956829071,2380,0.58740234375,0.53271484375,9,2,63,0.89,2412,1,JS3210
Social Media and Mental Health,HS2911,Arts and Social Science,Communications and New Media,0.547167956829071,2380,0.55712890625,0.53662109375,6,5,56,0.79,2419,1,HS2911
Mathematical Analysis II,MA3210,Science,Mathematics,0.547119140625,2381,0.58740234375,0.53564453125,7,4,69,0.97,2406,1,MA3210
Research Methods in Political Science,PS3258,Arts and Social Science,Political Science,0.547070324420929,2382,0.556640625,0.53759765625,2,9,65,0.92,2410,1,PS3258
Country Studies: Mainland Southeast Asia,SE3220,Arts and Social Science,Southeast Asian Studies,0.5470215082168579,2383,0.564453125,0.5361328125,7,4,100,1.41,2375,1,SE3220
Astrophysics I,PC3246,Science,Physics,0.5470215082168579,2383,0.5634765625,0.533203125,6,5,94,1.32,2381,1,PC3246
The Craft of History,HY2259,Arts and Social Science,History,0.546923816204071,2384,0.611328125,0.5283203125,8,3,121,1.7,2354,1,HY2259
Junior Seminar: Images,UTC1102D,Residential College,Tembusu College,0.546923816204071,2384,0.55615234375,0.5400390625,5,6,41,0.58,2434,1,UTC1102D
Introduction to Creative Nonfiction,YHU2202,Yale-NUS College,Yale-NUS College,0.546826183795929,2385,0.57275390625,0.541015625,5,6,266,3.75,2211,1,YHU2202
Applied Epistemology,PH3311,Arts and Social Science,Philosophy,0.5467284917831421,2386,0.56494140625,0.5380859375,7,4,131,1.84,2344,1,PH3311
Junior Seminar: C.S.I. 101: Truth from evidence,UTC1102H,Residential College,Tembusu College,0.546630859375,2387,0.55859375,0.5380859375,7,4,262,3.69,2214,1,UTC1102H
Introduction to Legal Theory (D),LC1002D,Law,FoL Dean's Office,0.5465332269668579,2388,0.556640625,0.541015625,2,9,148,2.08,2327,1,LC1002D
Introduction to Philosophy of Mathematics,PH3252,Arts and Social Science,Philosophy,0.546435534954071,2389,0.58935546875,0.52880859375,6,5,26,0.37,2449,1,PH3252
Science Fiction and Society,RVX1001,Non-Faculty-based Departments,Center for Engl Lang Comms,0.54638671875,2390,0.56787109375,0.53564453125,6,5,104,1.46,2371,1,RVX1001
Aerodynamics,ME4231,College of Design and Engineering,Mechanical Engineering,0.5462890863418579,2391,0.59716796875,0.52880859375,4,7,100,1.41,2375,1,ME4231
Social Experiences of Disaster,GL4883C,Arts and Social Science,Political Science,0.5462890863418579,2391,0.5751953125,0.53466796875,4,7,78,1.1,2397,2,GL4883C; GL4883CHM
Techniques in Advanced Calculus,MA2311,Science,Mathematics,0.5462890863418579,2391,0.587890625,0.53271484375,7,4,67,0.94,2408,1,MA2311
“New” Media: Inquiries into Literature & Technology,YHU4236,Yale-NUS College,Yale-NUS College,0.5462402105331421,2392,0.58251953125,0.5302734375,9,2,30,0.42,2445,1,YHU4236
Comparative Environmental Law,LL4013V,Law,FoL Dean's Office,0.5462402105331421,2392,0.58837890625,0.52685546875,4,7,39,0.55,2436,1,LL4013V
Foundations of Applied Mathematics,YSC3240,Yale-NUS College,Yale-NUS College,0.546191394329071,2393,0.55908203125,0.53564453125,8,3,83,1.17,2392,1,YSC3240
Formal Logic,YHU3374,Yale-NUS College,Yale-NUS College,0.546191394329071,2393,0.56591796875,0.53662109375,3,8,123,1.73,2352,1,YHU3374
"Global Science Fiction: Their Worlds, Ourselves",YHU2232,Yale-NUS College,Yale-NUS College,0.546191394329071,2393,0.595703125,0.5283203125,5,6,80,1.13,2395,1,YHU2232
Culture and Power in Southeast Asia,SE2219,Arts and Social Science,Southeast Asian Studies,0.546093761920929,2394,0.5712890625,0.53271484375,9,2,80,1.13,2395,1,SE2219
Sociology of Mental Health,SC2226,Arts and Social Science,Sociology and Anthropology,0.5460449457168579,2395,0.568359375,0.52685546875,4,7,43,0.61,2432,1,SC2226
Multidisciplinary Inquiries Into the Mystery of “Minds”,NHS2018,NUS College,NUS College Dean's Office,0.5460449457168579,2395,0.5703125,0.5322265625,4,7,57,0.8,2418,1,NHS2018
Sentencing Law and Practice,LL4363,Law,FoL Dean's Office,0.5460449457168579,2395,0.57275390625,0.52490234375,3,8,34,0.48,2441,2,LL4363; LL4363V
Chaos Theory,YSC4222,Yale-NUS College,Yale-NUS College,0.5460449457168579,2395,0.5712890625,0.53271484375,3,8,43,0.61,2432,1,YSC4222
The Human Face in Art and Tech,NHS2091,NUS College,NUS College Dean's Office,0.5459960699081421,2396,0.5693359375,0.53515625,5,6,48,0.68,2427,1,NHS2091
Advanced Topics in PPE: The Welfare State,YSS4232,Yale-NUS College,Yale-NUS College,0.545947253704071,2397,0.56787109375,0.53759765625,7,4,187,2.63,2288,1,YSS4232
The International Refugee Regime,GL4886B,Arts and Social Science,Political Science,0.545947253704071,2397,0.568359375,0.52783203125,8,3,50,0.7,2425,2,GL4886B; GL4886BHM
Big Picture History,GEC1037,Arts and Social Science,History,0.545947253704071,2397,0.60107421875,0.53369140625,4,7,178,2.51,2297,2,GEC1037; GET1037
Algebra II,MA3201,Science,Mathematics,0.5458984375,2398,0.568359375,0.5361328125,5,6,91,1.28,2384,1,MA3201
Introduction to Nonlinear Dynamics,YSC4241,Yale-NUS College,Yale-NUS College,0.5458008050918579,2399,0.564453125,0.53662109375,3,8,103,1.45,2372,1,YSC4241
Human Physiology: Cardiopulmonary System,LSM3212,Yong Loo Lin Sch of Medicine,Physiology,0.5458008050918579,2399,0.58642578125,0.525390625,7,4,46,0.65,2429,1,LSM3212
Hacking Humanity,NHS2089,NUS College,NUS College Dean's Office,0.545703113079071,2400,0.57861328125,0.53076171875,7,4,82,1.15,2393,1,NHS2089
Introducing Thailand (with Introductory Thai),SFI2034,NUS,Office of the Provost,0.545654296875,2401,0.5546875,0.53955078125,5,6,321,4.52,2156,1,SFI2034
"People's Republic of China, 1949-1989",HY3248,Arts and Social Science,History,0.545605480670929,2402,0.56689453125,0.53271484375,4,7,61,0.86,2414,1,HY3248
Complex Analysis,YSC4210,Yale-NUS College,Yale-NUS College,0.545605480670929,2402,0.56201171875,0.53369140625,5,6,60,0.84,2415,1,YSC4210
"Exile, Indenture, IT: Global South Asians",SN3261,Arts and Social Science,South Asian Studies,0.5455566644668579,2403,0.556640625,0.5390625,8,3,247,3.48,2229,1,SN3261
Sociology of Law,LL4037,Law,FoL Dean's Office,0.5455566644668579,2403,0.552734375,0.54052734375,1,10,59,0.83,2416,2,LL4037; LL4037V
International Human Rights Law,LL4457,Law,FoL Dean's Office,0.5455077886581421,2404,0.5537109375,0.53857421875,3,8,176,2.48,2299,2,LL4457; LL4457V
Coding Theory And Applications,EE4103,College of Design and Engineering,Electrical and Computer Engineering,0.54541015625,2405,0.57666015625,0.53515625,7,4,159,2.24,2316,1,EE4103
State and Society,PS4224,Arts and Social Science,Political Science,0.5452636480331421,2406,0.5498046875,0.53759765625,6,5,137,1.93,2338,2,PS4224; PS4224HM
Directed Language Study: Advanced Sanskrit,YIL3201S,Yale-NUS College,Yale-NUS College,0.5452636480331421,2406,0.564453125,0.5341796875,5,6,120,1.69,2355,1,YIL3201S
Film Genres: Stars and Styles,GEM2026,Arts and Social Science,"English,Ling.andTheatre Studies",0.545214831829071,2407,0.5986328125,0.5283203125,8,3,63,0.89,2412,2,GEM2026; TS2243
Monte Carlo Simulations in Science and Statistics,YSC4208,Yale-NUS College,Yale-NUS College,0.545214831829071,2407,0.5810546875,0.533203125,6,5,50,0.7,2425,1,YSC4208
For Good Measure,NHS2097,NUS College,NUS College Dean's Office,0.5450683832168579,2408,0.55517578125,0.537109375,4,7,203,2.86,2272,1,NHS2097
Strategic Models of Politics,YSS3367,Yale-NUS College,Yale-NUS College,0.544970691204071,2409,0.560546875,0.53955078125,6,5,126,1.77,2349,1,YSS3367
Sociology of Family,SC2205,Arts and Social Science,Sociology and Anthropology,0.544921875,2410,0.5625,0.52392578125,5,6,98,1.38,2377,1,SC2205
Thinking in Systems: Disaster Resilience,UTC1702F,Residential College,Residential College 4,0.544921875,2410,0.57373046875,0.5322265625,4,7,87,1.23,2388,1,UTC1702F
South Asian Languages and Literatures,SN4275,Arts and Social Science,South Asian Studies,0.544873058795929,2411,0.56689453125,0.5302734375,5,6,70,0.99,2405,2,SN4275; SN4275HM
The Historian’s Craft,YHU3276,Yale-NUS College,Yale-NUS College,0.544873058795929,2411,0.6259765625,0.52099609375,8,3,97,1.37,2378,1,YHU3276
Introduction to Urbanism,AR3223,College of Design and Engineering,Architecture,0.544873058795929,2411,0.560546875,0.541015625,3,8,147,2.07,2328,1,AR3223
"Race, Space, Power: Mapping the Global Colour Line",YSS2251,Yale-NUS College,Yale-NUS College,0.5448242425918579,2412,0.56396484375,0.5361328125,5,6,281,3.96,2196,1,YSS2251
The Human Rights of Women,LL4531,Law,FoL Dean's Office,0.5448242425918579,2412,0.5830078125,0.52734375,7,4,138,1.94,2337,2,LL4531; LL4531V
Self and Society,SC3216,Arts and Social Science,Sociology and Anthropology,0.5447753667831421,2413,0.572265625,0.5341796875,5,6,160,2.25,2315,1,SC3216
Introduction to the Philosophy of Art,YHU2313,Yale-NUS College,Yale-NUS College,0.5447753667831421,2413,0.58642578125,0.517578125,5,6,15,0.21,2460,1,YHU2313
Topics in the Law and Economics of Competition Policy,LL4225,Law,FoL Dean's Office,0.5447753667831421,2413,0.55908203125,0.5380859375,3,8,91,1.28,2384,1,LL4225
The Earth,SP3175,Science,FoS Dean's Office,0.5447753667831421,2413,0.5634765625,0.53271484375,5,6,70,0.99,2405,1,SP3175
Foundations of Environmental Law,LL4435,Law,FoL Dean's Office,0.5447753667831421,2413,0.59619140625,0.5283203125,3,8,24,0.34,2451,2,LL4435; LL4435V
Seminar in Comparative Political Economy,PS4313,Arts and Social Science,Political Science,0.544726550579071,2414,0.55615234375,0.53564453125,4,7,123,1.73,2352,2,PS4313; PS4313HM
Music after World War II,MUH2204,YST Conservatory of Music,YSTCM Dean's Office,0.544677734375,2415,0.57177734375,0.533203125,2,9,34,0.48,2441,1,MUH2204
Geographies of Migration,GE4236,Arts and Social Science,Geography,0.544628918170929,2416,0.5576171875,0.53271484375,5,6,99,1.39,2376,2,GE4236; GE4236HM
Housing and Social Inequality,YSS4220,Yale-NUS College,Yale-NUS College,0.544628918170929,2416,0.55810546875,0.5400390625,7,4,277,3.9,2200,1,YSS4220
Environmental Communication & Coexistence,LSM4201,Science,Biological Sciences,0.544628918170929,2416,0.56396484375,0.5283203125,6,5,44,0.62,2431,2,LSM4201; LSM4353
Hormones and Social Behavior,PL4257,Arts and Social Science,Psychology,0.544628918170929,2416,0.56103515625,0.537109375,5,6,258,3.63,2218,2,PL4257; PL4257HM
Jr Sem: A Brief History of Inequality,UTC1413,Residential College,College of Alice and Peter Tan,0.5445801019668579,2417,0.57080078125,0.53466796875,6,5,160,2.25,2315,1,UTC1413
Introduction to Algebraic Topology,MA4266,Science,Mathematics,0.5445312261581421,2418,0.5625,0.537109375,4,7,100,1.41,2375,1,MA4266
Physical Chemistry 1,CM1131,Science,Chemistry,0.5445312261581421,2418,0.56689453125,0.53515625,6,5,103,1.45,2372,1,CM1131
The Political Economy of Capitalism,YSS4277,Yale-NUS College,Yale-NUS College,0.54443359375,2419,0.56201171875,0.53564453125,6,5,232,3.27,2244,1,YSS4277
Economics of Sustainability,RE3905,NUS Business School,Real Estate,0.5443359613418579,2420,0.57177734375,0.52685546875,4,7,19,0.27,2456,1,RE3905
Ming Imperial Voyages,YHU3205,Yale-NUS College,Yale-NUS College,0.5443359613418579,2420,0.5546875,0.5361328125,5,6,167,2.35,2308,1,YHU3205
Complex Analysis I,MA3211,Science,Mathematics,0.5443359613418579,2420,0.55712890625,0.5361328125,5,6,70,0.99,2405,1,MA3211
Traditions of Legal Research,LL4290V,Law,FoL Dean's Office,0.5442870855331421,2421,0.55859375,0.5361328125,4,7,65,0.92,2410,1,LL4290V
Crime Fiction and Film across Space & Time,GEC1041,Arts and Social Science,Chinese Studies,0.544189453125,2422,0.56689453125,0.53564453125,6,5,166,2.34,2309,3,GEC1041; GEH1005; GEK1021
History & Theory Of Western Architecture,AR2222,College of Design and Engineering,Architecture,0.544189453125,2422,0.57080078125,0.5322265625,4,7,51,0.72,2424,1,AR2222
The Global South Novel,YHU4253,Yale-NUS College,Yale-NUS College,0.544140636920929,2423,0.59765625,0.529296875,4,7,107,1.51,2368,1,YHU4253
Environmental Philosophy,GEK2031,Arts and Social Science,Philosophy,0.544140636920929,2423,0.56640625,0.53125,4,7,123,1.73,2352,2,GEK2031; PH2216
Writing Speculative Fiction,YHU3394,Yale-NUS College,Yale-NUS College,0.5440918207168579,2424,0.568359375,0.5361328125,9,2,212,2.99,2263,1,YHU3394
Weather and Climate Fundamentals,PC3442,Science,Physics,0.5440429449081421,2425,0.57275390625,0.529296875,6,5,69,0.97,2406,1,PC3442
History and Systems of Psychology,PL4202,Arts and Social Science,Psychology,0.5440429449081421,2425,0.55908203125,0.53662109375,8,3,122,1.72,2353,3,PL4202; PL4202HM; YSS4288
Regulatory Foundations of Public Law,LL4245V,Law,FoL Dean's Office,0.5440429449081421,2425,0.5615234375,0.537109375,5,6,140,1.97,2335,1,LL4245V
Spanish 4,LAS3202,Arts and Social Science,Centre for Language Studies,0.543994128704071,2426,0.5556640625,0.5361328125,5,6,73,1.03,2402,1,LAS3202
American Business: Industrial Revolution-Web,AS3230,Arts and Social Science,History,0.5439453125,2427,0.55224609375,0.5380859375,4,7,238,3.35,2238,2,AS3230; HY3230
Introduction to Global Health,SPH2105A,SSH School of Public Health,SSH School of Public Health Dean's Office,0.543896496295929,2428,0.57275390625,0.53515625,5,6,76,1.07,2399,2,SPH2105A; SPH2401
The Marvelous Universe of Journey to the West,YHU3400,Yale-NUS College,Yale-NUS College,0.543896496295929,2428,0.55224609375,0.537109375,3,8,85,1.2,2390,2,YHU3400; YHU4280
Special Topics in Environmental Studies,YID3202,Yale-NUS College,Yale-NUS College,0.5438476800918579,2429,0.55615234375,0.5361328125,6,5,75,1.06,2400,2,YID3202; YID3202B
Physics of the Electric Guitar,YSC1221,Yale-NUS College,Yale-NUS College,0.5438476800918579,2429,0.5888671875,0.5244140625,6,5,55,0.77,2420,1,YSC1221
Compressible And Unsteady Flow,ME3231,College of Design and Engineering,Mechanical Engineering,0.5438476800918579,2429,0.56982421875,0.53125,5,6,221,3.11,2254,1,ME3231
Critical Discourse Analysis,EL3253,Arts and Social Science,"English,Ling.andTheatre Studies",0.543749988079071,2430,0.56884765625,0.533203125,5,6,141,1.99,2334,1,EL3253
Knowledge,YHU3397,Yale-NUS College,Yale-NUS College,0.543749988079071,2430,0.5595703125,0.5390625,5,6,307,4.32,2170,1,YHU3397
Law and Resistance,YSS4266,Yale-NUS College,Yale-NUS College,0.543701171875,2431,0.55859375,0.5390625,3,8,129,1.82,2346,1,YSS4266
Beginning Latin,YLL1201,Yale-NUS College,Yale-NUS College,0.543701171875,2431,0.59375,0.52685546875,3,8,73,1.03,2402,1,YLL1201
Research Methods in Anthropology,AN2101,Arts and Social Science,Sociology and Anthropology,0.543701171875,2431,0.5537109375,0.5341796875,6,5,61,0.86,2414,1,AN2101
Environmental Political Theory,PS4236,Arts and Social Science,Political Science,0.543701171875,2431,0.5751953125,0.53125,4,7,48,0.68,2427,2,PS4236; PS4236HM
Reform of Civil Procedure,LL4011,Law,FoL Dean's Office,0.543652355670929,2432,0.5556640625,0.5361328125,2,9,60,0.84,2415,2,LL4011; LL4011V
Criminal Law (H),LC1001H,Law,FoL Dean's Office,0.5436035394668579,2433,0.55908203125,0.537109375,4,7,106,1.49,2369,1,LC1001H
Mathematical Techniques for Computing,TCX1004,Cont and Lifelong Education,SCALE Dean's Office,0.5435546636581421,2434,0.5546875,0.53271484375,7,4,81,1.14,2394,1,TCX1004
Humanity between Animals and Robots,PS2300,Arts and Social Science,Political Science,0.543505847454071,2435,0.55810546875,0.53076171875,4,7,25,0.35,2450,1,PS2300
Freedom of Speech: Critical & Comparative Perspectives,LL4190,Law,FoL Dean's Office,0.543505847454071,2435,0.55517578125,0.5341796875,4,7,205,2.89,2270,2,LL4190; LL4190V
Is Peace Possible?,NHS2094,NUS College,NUS College Dean's Office,0.543505847454071,2435,0.54736328125,0.5361328125,2,9,154,2.17,2321,1,NHS2094
Law and Aesthetics,LL4499,Law,FoL Dean's Office,0.54345703125,2436,0.5537109375,0.52783203125,6,5,67,0.94,2408,2,LL4499; LL4499V
Language as Interaction,EL3259,Arts and Social Science,"English,Ling.andTheatre Studies",0.543408215045929,2437,0.55859375,0.5322265625,7,4,96,1.35,2379,1,EL3259
Public Ethics and Corruption,PS3246,Arts and Social Science,Political Science,0.5433593988418579,2438,0.54638671875,0.5390625,5,6,166,2.34,2309,1,PS3246
International Regulation of the Global Commons,LL4343,Law,FoL Dean's Office,0.5433593988418579,2438,0.5634765625,0.53515625,7,4,56,0.79,2419,2,LL4343; LL4343V
Coastal Dynamics,GE4239,Arts and Social Science,Geography,0.5433593988418579,2438,0.60498046875,0.51611328125,2,9,25,0.35,2450,2,GE4239; GE4239HM
Avian Biology and Evolution,LSM3266,Science,Biological Sciences,0.5433105230331421,2439,0.6162109375,0.51416015625,4,7,21,0.3,2454,1,LSM3266
Aesthetics and Politics,YSS3319,Yale-NUS College,Yale-NUS College,0.543261706829071,2440,0.5625,0.5283203125,7,4,51,0.72,2424,1,YSS3319
Nutrition Through the Life Cycle,FST3204,Science,Food Science and Technology,0.543212890625,2441,0.5556640625,0.5341796875,5,6,85,1.2,2390,1,FST3204
Issues in State and Society,SC4882,Arts and Social Science,Sociology and Anthropology,0.543164074420929,2442,0.55126953125,0.537109375,7,4,97,1.37,2378,2,SC4882; SC4882HM
Physics in Curved Spacetime,YSC4223,Yale-NUS College,Yale-NUS College,0.543164074420929,2442,0.59765625,0.52001953125,5,6,42,0.59,2433,1,YSC4223
Electroacoustics,MUA3173,YST Conservatory of Music,YSTCM Dean's Office,0.543164074420929,2442,0.58642578125,0.52490234375,6,5,53,0.75,2422,1,MUA3173
Human Rights in International Politics,GEK3006,Arts and Social Science,Political Science,0.543164074420929,2442,0.55224609375,0.53857421875,3,8,353,4.97,2124,2,GEK3006; PS3252
Cultural Studies: Theory and Practice,NM3241,Arts and Social Science,Communications and New Media,0.5431152582168579,2443,0.56103515625,0.52783203125,5,6,59,0.83,2416,1,NM3241
Civic Discourse in a Fractious World,NTW2002,NUS College,NUS College Dean's Office,0.5430663824081421,2444,0.5625,0.53515625,7,4,125,1.76,2350,1,NTW2002
Reading Asian Drama,TS3239,Arts and Social Science,"English,Ling.andTheatre Studies",0.543017566204071,2445,0.58154296875,0.52685546875,8,3,80,1.13,2395,1,TS3239
Structures of Conversation,GET1045,Arts and Social Science,Japanese Studies,0.54296875,2446,0.55517578125,0.53515625,6,5,141,1.99,2334,2,GET1045; GEX1025
Nature and Nurture: Rethinking Sex and Gender,HS2908,Arts and Social Science,Sociology and Anthropology,0.5428711175918579,2447,0.57177734375,0.52734375,2,9,36,0.51,2439,1,HS2908
Applied Algebra,MA3218,Science,Mathematics,0.5428711175918579,2447,0.56689453125,0.5341796875,6,5,118,1.66,2357,1,MA3218
Sexual Economies,YSS4215,Yale-NUS College,Yale-NUS College,0.5428222417831421,2448,0.5517578125,0.5390625,8,3,537,7.56,1949,1,YSS4215
Consumer Culture Theory,MKT4418,NUS Business School,Marketing,0.5428222417831421,2448,0.57421875,0.53271484375,8,3,168,2.37,2307,2,MKT4418; MKT4716
The Renaissance Library,YHU3384,Yale-NUS College,Yale-NUS College,0.542675793170929,2449,0.5673828125,0.529296875,6,5,63,0.89,2412,1,YHU3384
Decision Neuroscience,PL3258,Arts and Social Science,Psychology,0.542675793170929,2449,0.55029296875,0.53271484375,5,6,141,1.99,2334,1,PL3258
Neo-Confucianism in Chinese History,CH3254,Arts and Social Science,Chinese Studies,0.5426269769668579,2450,0.5556640625,0.53271484375,5,6,69,0.97,2406,1,CH3254
Imagining Animals,NHS2013,NUS College,NUS College Dean's Office,0.542529284954071,2451,0.5576171875,0.53125,5,6,368,5.18,2110,1,NHS2013
Computability Theory,MA3219,Science,Mathematics,0.54248046875,2452,0.568359375,0.53125,6,5,74,1.04,2401,1,MA3219
"Violence, Poetry and the Arts",YHU4233,Yale-NUS College,Yale-NUS College,0.54248046875,2452,0.56591796875,0.515625,6,5,18,0.25,2457,1,YHU4233
Intellectual Property Rights and Competition Policy,LL4263V,Law,FoL Dean's Office,0.54248046875,2452,0.55078125,0.53662109375,7,4,153,2.15,2322,1,LL4263V
Issues in Moral Philosophy,PH4203,Arts and Social Science,Philosophy,0.54248046875,2452,0.54443359375,0.537109375,1,10,115,1.62,2360,2,PH4203; PH4203HM
Advanced Fiction Writing,YHU4215,Yale-NUS College,Yale-NUS College,0.54248046875,2452,0.56787109375,0.53564453125,5,6,115,1.62,2360,1,YHU4215
"Beasts, People and Wild Environments in South Asia",GEH1010,Arts and Social Science,South Asian Studies,0.542431652545929,2453,0.58154296875,0.52783203125,4,7,124,1.75,2351,2,GEH1010; GEM1913
"Politics, Music and Society",GEK3007,Arts and Social Science,Political Science,0.5423828363418579,2454,0.56396484375,0.517578125,2,9,16,0.23,2459,2,GEK3007; PS3266
Zoomorphism: Understanding Animal and Human Behaviour,NST2065,NUS College,NUS College Dean's Office,0.5423339605331421,2455,0.55126953125,0.53857421875,2,9,251,3.53,2225,1,NST2065
Nationalism and the Arts,NHS2038,NUS College,NUS College Dean's Office,0.5423339605331421,2455,0.5751953125,0.52392578125,6,5,26,0.37,2449,1,NHS2038
"Kong Zi: The Man, the Myth, the Legend",YHU3351,Yale-NUS College,Yale-NUS College,0.5423339605331421,2455,0.5517578125,0.53515625,4,7,45,0.63,2430,1,YHU3351
Perception,YHU4245,Yale-NUS College,Yale-NUS College,0.5423339605331421,2455,0.6083984375,0.517578125,4,7,19,0.27,2456,1,YHU4245
Islamic Law and the Family,LL4311,Law,FoL Dean's Office,0.5423339605331421,2455,0.56640625,0.5234375,1,10,43,0.61,2432,1,LL4311
Emotions and Politics,YSS3263,Yale-NUS College,Yale-NUS College,0.542285144329071,2456,0.5556640625,0.53515625,4,7,133,1.87,2342,1,YSS3263
Nation and Empire in East Asia,HY3253,Arts and Social Science,History,0.542285144329071,2456,0.55810546875,0.53271484375,7,4,146,2.06,2329,1,HY3253
Socialism: Real and Imagined,YSS2247,Yale-NUS College,Yale-NUS College,0.542236328125,2457,0.548828125,0.53662109375,5,6,125,1.76,2350,1,YSS2247
Bayesian Statistics,ST4234,Science,Statistics and Data Science,0.5421386957168579,2458,0.560546875,0.52783203125,5,6,55,0.77,2420,2,ST4234; YSC3243
Analogical Reasoning and Metaphor,YHU3261,Yale-NUS College,Yale-NUS College,0.5421386957168579,2458,0.5576171875,0.53466796875,7,4,297,4.18,2180,1,YHU3261
Technologies of the Self: from Socrates to Self-Help,NHS2016,NUS College,NUS College Dean's Office,0.5421386957168579,2458,0.5595703125,0.53662109375,5,6,102,1.44,2373,1,NHS2016
"Scientific Inquiry & Health: Good Science, Bad Science",HSI2001,Science,PharmacyandPharmaceuticalScience,0.5420898199081421,2459,0.55810546875,0.5322265625,3,8,98,1.38,2377,1,HSI2001
Modern Art: A Critical Introduction,AH2202,Arts and Social Science,History,0.542041003704071,2460,0.5634765625,0.52294921875,6,5,184,2.59,2291,1,AH2202
"Tragedy, Culture, and Society",NHS2070,NUS College,NUS College Dean's Office,0.5419921875,2461,0.55126953125,0.53369140625,7,4,140,1.97,2335,1,NHS2070
Creative Non-Fiction Writing [Creative Practice],NHT2214,NUS College,NUS College Dean's Office,0.5419921875,2461,0.56591796875,0.52685546875,7,4,29,0.41,2446,1,NHT2214
Classical Poetry: Writing and Criticism,CH3228,Arts and Social Science,Chinese Studies,0.541943371295929,2462,0.55908203125,0.53271484375,5,6,68,0.96,2407,1,CH3228
FYP Dissertation,RE4711,NUS Business School,Real Estate,0.541943371295929,2462,0.5458984375,0.5361328125,5,6,112,1.58,2363,1,RE4711
Introducing Vietnam (with introductory Vietnamese),SFI2044,NUS,Office of the Provost,0.541943371295929,2462,0.55615234375,0.53955078125,2,9,110,1.55,2365,1,SFI2044
Knowledge and Society,PE4103P,Arts and Social Science,Philosophy,0.5418945550918579,2463,0.57421875,0.53173828125,6,5,127,1.79,2348,2,PE4103P; PE4103PHM
Anthropology of Development,YSS3253,Yale-NUS College,Yale-NUS College,0.5418456792831421,2464,0.55419921875,0.5322265625,4,7,155,2.18,2320,1,YSS3253
Global Issues,GL1101E,Arts and Social Science,Political Science,0.5418456792831421,2464,0.55810546875,0.5322265625,8,3,238,3.35,2238,1,GL1101E
Southeast Asian Gardens: History and Symbolism,SE2227,Arts and Social Science,Southeast Asian Studies,0.5418456792831421,2464,0.55126953125,0.53466796875,8,3,100,1.41,2375,1,SE2227
Cyber Law,LL4216,Law,FoL Dean's Office,0.5418456792831421,2464,0.544921875,0.5390625,4,7,70,0.99,2405,1,LL4216
Edge of Empires: The Sino-Southeast Asian Borderlands,HY4240,Arts and Social Science,History,0.5418456792831421,2464,0.576171875,0.52587890625,5,6,65,0.92,2410,2,HY4240; HY4240HM
Development Economics,EC4371,Arts and Social Science,Economics,0.541796863079071,2465,0.580078125,0.529296875,2,9,91,1.28,2384,3,EC4371; EC4371HM; YSS3204
Voice Literature 1,MUA3194,YST Conservatory of Music,YSTCM Dean's Office,0.541748046875,2466,0.5615234375,0.52685546875,6,5,73,1.03,2402,1,MUA3194
Thinking in Systems: Population Dynamics,UTC1702D,Residential College,Residential College 4,0.541748046875,2466,0.55322265625,0.52978515625,5,6,76,1.07,2399,1,UTC1702D
Critiquing Development,AN3208,Arts and Social Science,Sociology and Anthropology,0.541699230670929,2467,0.5576171875,0.53173828125,4,7,142,2.0,2333,1,AN3208
Politics of Turbulence; The South Asian Story,SN2261,Arts and Social Science,South Asian Studies,0.541699230670929,2467,0.5595703125,0.53271484375,7,4,118,1.66,2357,1,SN2261
Love in Antiquity: Eros in Translation,YHU3271,Yale-NUS College,Yale-NUS College,0.5416504144668579,2468,0.55615234375,0.53369140625,6,5,74,1.04,2401,1,YHU3271
ASEAN Economic Community Law and Policy,LL4202,Law,FoL Dean's Office,0.541552722454071,2469,0.55908203125,0.5283203125,6,5,80,1.13,2395,2,LL4202; LL4202V
Introduction to Cultural Studies,GEK1046,Arts and Social Science,"English,Ling.andTheatre Studies",0.54150390625,2470,0.572265625,0.53564453125,6,5,161,2.27,2314,1,GEK1046
Games and Strategic Behaviours: Theory and Evidence,EC2312,Arts and Social Science,Economics,0.54150390625,2470,0.5576171875,0.5263671875,5,6,114,1.61,2361,1,EC2312
The Evolution of Vietnam as a Nation,HY3228,Arts and Social Science,History,0.5414062738418579,2471,0.58154296875,0.53125,3,8,78,1.1,2397,1,HY3228
"At the Edges of the Law: Ethics, Morality and Society",UTW1001C,Non-Faculty-based Departments,Center for Engl Lang Comms,0.5413573980331421,2472,0.5546875,0.537109375,5,6,241,3.39,2235,1,UTW1001C
Imagining the Samurai: Video Games and History,JS2235,Arts and Social Science,Japanese Studies,0.5413573980331421,2472,0.5654296875,0.52685546875,7,4,34,0.48,2441,1,JS2235
Introduction to Psychology,PL1101E,Arts and Social Science,Psychology,0.541259765625,2473,0.5595703125,0.53564453125,8,3,172,2.42,2303,2,PL1101E; YSS2201
Democratisation in Southeast Asia,SE2213,Arts and Social Science,Southeast Asian Studies,0.541259765625,2473,0.560546875,0.53564453125,9,2,161,2.27,2314,2,SE2213; SSA2207
Poetry and Poetics,EN2210,Arts and Social Science,"English,Ling.andTheatre Studies",0.541259765625,2473,0.56103515625,0.5283203125,6,5,76,1.07,2399,1,EN2210
South Asian Cultures: An Introduction,SN2274,Arts and Social Science,South Asian Studies,0.541259765625,2473,0.5517578125,0.5302734375,4,7,85,1.2,2390,1,SN2274
Effective Decision Making,NHS2028,NUS College,NUS College Dean's Office,0.541210949420929,2474,0.55029296875,0.53271484375,6,5,211,2.97,2264,1,NHS2028
European Literature I,EN3261,Arts and Social Science,"English,Ling.andTheatre Studies",0.5411621332168579,2475,0.55859375,0.525390625,5,6,29,0.41,2446,2,EN3261; EU3217
Spectacles and Society,UTC1116,Residential College,Tembusu College,0.541064441204071,2476,0.55615234375,0.53662109375,2,9,83,1.17,2392,1,UTC1116
Oratory and the Public Mind,UTW1001R,Non-Faculty-based Departments,Center for Engl Lang Comms,0.541064441204071,2476,0.583984375,0.52197265625,4,7,77,1.08,2398,1,UTW1001R
Topics in the Twentieth Century,EN4224,Arts and Social Science,"English,Ling.andTheatre Studies",0.541015625,2477,0.5966796875,0.52099609375,5,6,29,0.41,2446,2,EN4224; EN4224HM
FS: Australian Culture,FMA1201H,Arts and Social Science,History,0.541015625,2477,0.55712890625,0.53076171875,5,6,268,3.77,2209,1,FMA1201H
Christianities in Cross-Cultural Perspective,YSS3293,Yale-NUS College,Yale-NUS College,0.540966808795929,2478,0.5791015625,0.52880859375,5,6,80,1.13,2395,1,YSS3293
Extended Research Essay in Literature,YHU4265,Yale-NUS College,Yale-NUS College,0.5409179925918579,2479,0.6015625,0.52587890625,6,5,79,1.11,2396,1,YHU4265
Introduction to Number Theory,MA3265,Science,Mathematics,0.5409179925918579,2479,0.57421875,0.525390625,7,4,37,0.52,2438,1,MA3265
"Women, Culture and Development",GL4990,Arts and Social Science,Political Science,0.540820300579071,2480,0.5703125,0.5302734375,8,3,115,1.62,2360,1,GL4990
Topics in Political Theory,PS4883,Arts and Social Science,Political Science,0.540820300579071,2480,0.560546875,0.52978515625,7,4,74,1.04,2401,2,PS4883; PS4883HM
"Blood, Death and Desire, Interpreting the Vampire",UTW2001J,Non-Faculty-based Departments,Center for Engl Lang Comms,0.540820300579071,2480,0.56689453125,0.52880859375,5,6,92,1.3,2383,1,UTW2001J
"World Literature: Theories, Methods, Texts",EN4268,Arts and Social Science,"English,Ling.andTheatre Studies",0.540771484375,2481,0.609375,0.52197265625,6,5,64,0.9,2411,2,EN4268; EN4268HM
"Death, Memorial, and Mourning",NHS2078,NUS College,NUS College Dean's Office,0.540478527545929,2482,0.564453125,0.5263671875,8,3,71,1.0,2404,1,NHS2078
Chamber Music in Mixed Ensemble,MUA2110,YST Conservatory of Music,YSTCM Dean's Office,0.540478527545929,2482,0.6162109375,0.52001953125,2,9,13,0.18,2462,3,MUA2110; MUA3110; MUA4110
Psychology of Errors,YSS4293,Yale-NUS College,Yale-NUS College,0.540478527545929,2482,0.548828125,0.52783203125,5,6,103,1.45,2372,1,YSS4293
Late Medieval Literature and Culture,EN2205,Arts and Social Science,"English,Ling.andTheatre Studies",0.5404297113418579,2483,0.599609375,0.52099609375,6,5,17,0.24,2458,1,EN2205
Conceptions of Freedom in Classical Chinese Philosophy,YHU2327,Yale-NUS College,Yale-NUS College,0.5403808355331421,2484,0.55859375,0.5244140625,4,7,32,0.45,2443,1,YHU2327
Mean Streets: The Detective and the City,YHU2294,Yale-NUS College,Yale-NUS College,0.540283203125,2485,0.5498046875,0.529296875,8,3,117,1.65,2358,1,YHU2294
Topics in Urban Studies,AR4952,College of Design and Engineering,Architecture,0.540283203125,2485,0.56005859375,0.5322265625,7,4,77,1.08,2398,1,AR4952
"Religion, Caste and Society in South Asia",SN2271,Arts and Social Science,South Asian Studies,0.540234386920929,2486,0.552734375,0.5322265625,6,5,96,1.35,2379,1,SN2271
Empires and Environments,YID3224,Yale-NUS College,Yale-NUS College,0.540234386920929,2486,0.56298828125,0.5185546875,3,8,29,0.41,2446,1,YID3224
The Detective,UTW1001U,Non-Faculty-based Departments,Center for Engl Lang Comms,0.540234386920929,2486,0.54833984375,0.53515625,7,4,240,3.38,2236,1,UTW1001U
Natural Hazards,GE3231,Arts and Social Science,Geography,0.5401855707168579,2487,0.56591796875,0.52783203125,5,6,52,0.73,2423,1,GE3231
The Art of Imaginative Sketching,ID2117,College of Design and Engineering,Industrial Design,0.5401855707168579,2487,0.56787109375,0.52099609375,5,6,29,0.41,2446,1,ID2117
Body and Society,SC4222,Arts and Social Science,Sociology and Anthropology,0.5401855707168579,2487,0.5732421875,0.52587890625,7,4,117,1.65,2358,3,SC4222; SC4222HM; YSS4279
Contemporary Social Theory,SC4201,Arts and Social Science,Sociology and Anthropology,0.5401855707168579,2487,0.54931640625,0.52978515625,7,4,187,2.63,2288,3,SC4201; SC4201HM; YSS2210
Passage to India: Modern Indian Society,HY2258,Arts and Social Science,History,0.5400390625,2488,0.54541015625,0.53759765625,5,6,203,2.86,2272,1,HY2258
IP and Competition Law,LL4075,Law,FoL Dean's Office,0.539990246295929,2489,0.5458984375,0.533203125,1,10,50,0.7,2425,2,LL4075; LL4075V
Statistical Learning for Managerial Decision,DSN4712,NUS Business School,Analytics and Operations,0.5399414300918579,2490,0.55908203125,0.5224609375,8,3,28,0.39,2447,1,DSN4712
Adv Topic in Anthropology,YSS4208,Yale-NUS College,Yale-NUS College,0.539843738079071,2491,0.55810546875,0.53369140625,7,4,376,5.3,2102,1,YSS4208
Why be moral?,YHU2241,Yale-NUS College,Yale-NUS College,0.539794921875,2492,0.5439453125,0.53564453125,1,10,54,0.76,2421,1,YHU2241
Introduction to International Relations,PS2237,Arts and Social Science,Political Science,0.5396484136581421,2493,0.5517578125,0.53515625,3,8,190,2.68,2285,1,PS2237
Chinese Drama,CH3222,Arts and Social Science,Chinese Studies,0.5396484136581421,2493,0.572265625,0.51708984375,6,5,24,0.34,2451,1,CH3222
Imperialism and Empires,EU4226,Arts and Social Science,History,0.539599597454071,2494,0.552734375,0.537109375,7,4,238,3.35,2238,4,EU4226; EU4226HM; HY4209; HY4209HM
Constitutionalism in Asia,LL4369,Law,FoL Dean's Office,0.539599597454071,2494,0.55810546875,0.53271484375,3,8,79,1.11,2396,2,LL4369; LL4369V
Researching the Past,HY3265,Arts and Social Science,History,0.5394531488418579,2495,0.60888671875,0.51953125,8,3,25,0.35,2450,1,HY3265
Popular Culture in Southeast Asia,SE2210,Arts and Social Science,Southeast Asian Studies,0.5394042730331421,2496,0.5478515625,0.52685546875,3,8,48,0.68,2427,1,SE2210
"Anarchy, Order and Control",YSS3353,Yale-NUS College,Yale-NUS College,0.5394042730331421,2496,0.55615234375,0.5302734375,5,6,100,1.41,2375,1,YSS3353
Wicked Words: Contemporary Tamil Literature,SN2275,Arts and Social Science,South Asian Studies,0.5394042730331421,2496,0.591796875,0.525390625,6,5,47,0.66,2428,1,SN2275
"Mendelian, Population And Quantitative Genetics",SP2718I,Science,Biological Sciences,0.5394042730331421,2496,0.55859375,0.52197265625,6,5,43,0.61,2432,1,SP2718I
Plankton Ecology,LSM4260,Science,Biological Sciences,0.539355456829071,2497,0.56005859375,0.5224609375,4,7,27,0.38,2448,1,LSM4260
Seen and Unseen: Explorations in Balinese Theatre,SE3230,Arts and Social Science,Southeast Asian Studies,0.539306640625,2498,0.55859375,0.5244140625,4,7,51,0.72,2424,1,SE3230
Science Fiction and Empire,UTW2001P,Non-Faculty-based Departments,Center for Engl Lang Comms,0.539257824420929,2499,0.5849609375,0.52392578125,7,4,46,0.65,2429,1,UTW2001P
"Science Fiction: Literature, Science and Society",YHU3404,Yale-NUS College,Yale-NUS College,0.5391601324081421,2500,0.58837890625,0.52197265625,5,6,43,0.61,2432,1,YHU3404
Modernity and Social Change,SC3227,Arts and Social Science,Sociology and Anthropology,0.5391601324081421,2500,0.57958984375,0.5263671875,8,3,56,0.79,2419,1,SC3227
Men and Women in Modern Japanese Literature,JS3230,Arts and Social Science,Japanese Studies,0.5391601324081421,2500,0.58203125,0.5126953125,7,4,19,0.27,2456,1,JS3230
Queer Fictions,YHU2288,Yale-NUS College,Yale-NUS College,0.539111316204071,2501,0.5791015625,0.5263671875,8,3,83,1.17,2392,1,YHU2288
Biography and History,HY4229,Arts and Social Science,History,0.539013683795929,2502,0.634765625,0.51904296875,7,4,48,0.68,2427,2,HY4229; HY4229HM
FS: Decolonization in the 20th Century,FMA1205H,Arts and Social Science,History,0.538867175579071,2503,0.55126953125,0.53271484375,7,4,150,2.11,2325,1,FMA1205H
Psychology of Negotiation,PL4233,Arts and Social Science,Psychology,0.538867175579071,2503,0.556640625,0.5322265625,8,3,239,3.37,2237,2,PL4233; PL4233HM
Unseen Risks: Gender and the Everyday,NHS2073,NUS College,NUS College Dean's Office,0.538818359375,2504,0.5517578125,0.52490234375,6,5,107,1.51,2368,1,NHS2073
"Economy, Society and Government",FAS2882J,Arts and Social Science,FASS DO/Office of Programmes,0.538818359375,2504,0.55517578125,0.52490234375,7,4,48,0.68,2427,1,FAS2882J
Legal Argument & Narrative,LL4209,Law,FoL Dean's Office,0.538769543170929,2505,0.54931640625,0.52978515625,6,5,23,0.32,2452,2,LL4209; LL4209V
Writing About Literature,EN2275,Arts and Social Science,"English,Ling.andTheatre Studies",0.5387207269668579,2506,0.5673828125,0.515625,3,8,21,0.3,2454,1,EN2275
Environmental Pollution: A Crisis of Our Own Making,HS2925,Science,Physics,0.5387207269668579,2506,0.57470703125,0.52392578125,8,3,24,0.34,2451,1,HS2925
Chinese Philosophical Traditions I,GEK2039,Arts and Social Science,Philosophy,0.5387207269668579,2506,0.56103515625,0.5302734375,6,5,39,0.55,2436,2,GEK2039; PH2302
Literary Stylistics,EL3221,Arts and Social Science,"English,Ling.andTheatre Studies",0.53857421875,2507,0.56103515625,0.5234375,7,4,58,0.82,2417,1,EL3221
Development of Geographic Thought,GE4101,Arts and Social Science,Geography,0.538525402545929,2508,0.56494140625,0.5185546875,5,6,48,0.68,2427,3,GE4101; GE4223; GE4223HM
US Copyright: International & Comparative Perspectives,LL4476,Law,FoL Dean's Office,0.5384765863418579,2509,0.54541015625,0.53466796875,6,5,85,1.2,2390,2,LL4476; LL4476V
Literature and Ethics,NTW2005,NUS College,NUS College Dean's Office,0.5384277105331421,2510,0.55419921875,0.5283203125,1,10,57,0.8,2418,1,NTW2005
Introduction to Environmental Studies,YID1201,Yale-NUS College,Yale-NUS College,0.5384277105331421,2510,0.59375,0.5166015625,4,7,24,0.34,2451,1,YID1201
Differential Geometry of Curves and Surfaces,MA4271,Science,Mathematics,0.5384277105331421,2510,0.55419921875,0.5263671875,4,7,75,1.06,2400,1,MA4271
Living Space: Introducing Social and Cultural Geography,GE2231,Arts and Social Science,Geography,0.5384277105331421,2510,0.54052734375,0.5361328125,6,5,361,5.08,2116,1,GE2231
What is the Meaning of Life?,NHS2083,NUS College,NUS College Dean's Office,0.538378894329071,2511,0.55712890625,0.53076171875,6,5,84,1.18,2391,1,NHS2083
Topics in the Seventeenth Century,EN4221,Arts and Social Science,"English,Ling.andTheatre Studies",0.538378894329071,2511,0.58447265625,0.51904296875,5,6,47,0.66,2428,2,EN4221; EN4221HM
"Earth Surface Processes, Landforms and Ecosystems",GE3256,Arts and Social Science,Geography,0.538378894329071,2511,0.560546875,0.521484375,5,6,22,0.31,2453,1,GE3256
Religious Issues in the Contemporary World,NHS3003,NUS,NUS College Dean's Office,0.538378894329071,2511,0.556640625,0.5302734375,6,5,122,1.72,2353,1,NHS3003
Counterpoint Through the Ages,MUT2202,YST Conservatory of Music,YSTCM Dean's Office,0.538330078125,2512,0.5771484375,0.52978515625,2,9,18,0.25,2457,1,MUT2202
Human Neuroscience,YSS3249,Yale-NUS College,Yale-NUS College,0.538281261920929,2513,0.56884765625,0.5205078125,4,7,33,0.46,2442,1,YSS3249
Harms and Wrongs,LL4384,Law,FoL Dean's Office,0.538281261920929,2513,0.56494140625,0.53125,3,8,172,2.42,2303,2,LL4384; LL4384V
Religion and the Media Turn,YSS4235,Yale-NUS College,Yale-NUS College,0.5382324457168579,2514,0.56689453125,0.52880859375,7,4,36,0.51,2439,1,YSS4235
History and Philosophy of the Scientific Revolution,YHU2244,Yale-NUS College,Yale-NUS College,0.5382324457168579,2514,0.5595703125,0.52490234375,6,5,53,0.75,2422,1,YHU2244
Principles of Taxonomy and Systematics,LSM4254,Science,Biological Sciences,0.5382324457168579,2514,0.59814453125,0.5126953125,7,4,23,0.32,2452,1,LSM4254
Scientific Inquiry 1,YCC1131,Yale-NUS College,Yale-NUS College,0.538134753704071,2515,0.5595703125,0.52294921875,5,6,37,0.52,2438,1,YCC1131
I Do Not Think Therefore I Am,GET1046,Arts and Social Science,Chinese Studies,0.5380859375,2516,0.560546875,0.5341796875,3,8,145,2.04,2330,2,GET1046; GEX1026
Religion and Film,GEC1019,Arts and Social Science,"English,Ling.andTheatre Studies",0.538037121295929,2517,0.57861328125,0.51953125,8,3,41,0.58,2434,3,GEC1019; GEH1055; GEM1033
Thinking Beyond the Plantation,YSS4289,Yale-NUS College,Yale-NUS College,0.5379883050918579,2518,0.57373046875,0.50830078125,5,6,23,0.32,2452,1,YSS4289
Theories of International Relations,PS4208,Arts and Social Science,Political Science,0.5379883050918579,2518,0.55419921875,0.52978515625,6,5,58,0.82,2417,2,PS4208; PS4208HM
Key Debates in Urban Planning and Policy,YSS3245,Yale-NUS College,Yale-NUS College,0.537890613079071,2519,0.55419921875,0.52978515625,6,5,53,0.75,2422,1,YSS3245
"Conquest, Territorial Expansion and International Law",YSS4237,Yale-NUS College,Yale-NUS College,0.537792980670929,2520,0.56298828125,0.5185546875,6,5,75,1.06,2400,1,YSS4237
Telling Herstories: Recovering Forgotten Women Pioneers,NHS2093,NUS College,NUS College Dean's Office,0.537792980670929,2520,0.54541015625,0.52685546875,9,2,176,2.48,2299,1,NHS2093
Introducing Vietnam,SFI2042,NUS,Office of the Provost,0.5377441644668579,2521,0.56982421875,0.533203125,3,8,92,1.3,2383,1,SFI2042
Topics in IR: Arms Control,PS4882E,Arts and Social Science,Political Science,0.5377441644668579,2521,0.55322265625,0.52587890625,7,4,59,0.83,2416,2,PS4882E; PS4882EHM
European Economic History,EC3392,Arts and Social Science,Economics,0.5377441644668579,2521,0.56982421875,0.52880859375,8,3,173,2.44,2302,2,EC3392; EU3215
Human Anatomy,LSM2212,Yong Loo Lin Sch of Medicine,Anatomy,0.5376952886581421,2522,0.56787109375,0.52783203125,3,8,37,0.52,2438,1,LSM2212
Classical Chinese Philosophy II,PH3301,Arts and Social Science,Philosophy,0.5376952886581421,2522,0.57763671875,0.52197265625,4,7,33,0.46,2442,1,PH3301
Correctional Psychology,PL4226,Arts and Social Science,Psychology,0.537646472454071,2523,0.572265625,0.5107421875,4,7,21,0.3,2454,2,PL4226; PL4226HM
From the “Age of Epic” to the “Age of TV”,EN3220,Arts and Social Science,"English,Ling.andTheatre Studies",0.537646472454071,2523,0.56103515625,0.525390625,8,3,36,0.51,2439,1,EN3220
Daoist Philosophy,YHU4278,Yale-NUS College,Yale-NUS College,0.537646472454071,2523,0.56201171875,0.52783203125,6,5,51,0.72,2424,1,YHU4278
Our Science Stories and You,HSI2005,Science,Biological Sciences,0.53759765625,2524,0.55419921875,0.52734375,5,6,79,1.11,2396,1,HSI2005
The Universe,SP3176,Science,FoS Dean's Office,0.53759765625,2524,0.5556640625,0.525390625,5,6,30,0.42,2445,1,SP3176
Introduction to Python,YSC2221,Yale-NUS College,Yale-NUS College,0.5374511480331421,2525,0.57958984375,0.5107421875,4,7,12,0.17,2463,1,YSC2221
Property Theory,LL4234,Law,FoL Dean's Office,0.5374511480331421,2525,0.55126953125,0.5322265625,2,9,26,0.37,2449,2,LL4234; LL4234V
Modern History of Economic Globalisation,YSS3306,Yale-NUS College,Yale-NUS College,0.537402331829071,2526,0.5556640625,0.521484375,5,6,71,1.0,2404,1,YSS3306
Pre-Modern Japan: History and Culture,HY2208,Arts and Social Science,History,0.537353515625,2527,0.57421875,0.52392578125,9,2,30,0.42,2445,1,HY2208
Methods and Approaches to Art History,AH3204,Arts and Social Science,History,0.537353515625,2527,0.5673828125,0.5185546875,8,3,14,0.2,2461,1,AH3204
Social Memory,SC4212,Arts and Social Science,Sociology and Anthropology,0.537353515625,2527,0.546875,0.53271484375,8,3,162,2.28,2313,2,SC4212; SC4212HM
Contemporary European Politics,YSS4222,Yale-NUS College,Yale-NUS College,0.537304699420929,2528,0.5537109375,0.52685546875,8,3,133,1.87,2342,1,YSS4222
Topics in Punishment and Sentencing,LL4547,Law,FoL Dean's Office,0.537304699420929,2528,0.5478515625,0.52587890625,8,3,129,1.82,2346,1,LL4547
Vehicle Dynamics,ME4214,College of Design and Engineering,Mechanical Engineering,0.5372558832168579,2529,0.56103515625,0.52734375,5,6,39,0.55,2436,1,ME4214
Culture and Violence,YSS3213,Yale-NUS College,Yale-NUS College,0.5372070074081421,2530,0.54736328125,0.53076171875,6,5,150,2.11,2325,1,YSS3213
"Social Movements, Law, and Society",NHS2045,NUS College,NUS College Dean's Office,0.537158191204071,2531,0.55322265625,0.5263671875,6,5,105,1.48,2370,1,NHS2045
Capitalist Nature: Tensions of a Commodified World,YID3226,Yale-NUS College,Yale-NUS College,0.5370117425918579,2532,0.54931640625,0.52490234375,4,7,108,1.52,2367,1,YID3226
Special Paper in Military History,HY4207,Arts and Social Science,History,0.5370117425918579,2532,0.5439453125,0.53271484375,5,6,129,1.82,2346,2,HY4207; HY4207HM
Nature's Threads,NST2011,NUS,NUS College Dean's Office,0.536914050579071,2533,0.55615234375,0.52197265625,4,7,33,0.46,2442,1,NST2011
"Life, the Universe, and Everything",GEK1067,Arts and Social Science,Philosophy,0.536816418170929,2534,0.54248046875,0.52880859375,7,4,184,2.59,2291,3,GEK1067; GET1029; GEX1015
Comparative Constitutionalism in Southern Asia,LL4446,Law,FoL Dean's Office,0.5367187261581421,2535,0.54736328125,0.52880859375,3,8,92,1.3,2383,2,LL4446; LL4446V
“Do Play Play”: The Importance of Play,HS2902,Arts and Social Science,Communications and New Media,0.536669909954071,2536,0.6064453125,0.525390625,5,6,71,1.0,2404,1,HS2902
Understanding the Universe,GEH1031,Science,Physics,0.536669909954071,2536,0.564453125,0.52587890625,6,5,54,0.76,2421,1,GEH1031
"Disclosure, Discovery and Detec/xtive Fiction",EN4248,Arts and Social Science,"English,Ling.andTheatre Studies",0.53662109375,2537,0.55126953125,0.52685546875,8,3,67,0.94,2408,2,EN4248; EN4248HM
Normative Ethical Theory,PH3230,Arts and Social Science,Philosophy,0.536572277545929,2538,0.53759765625,0.53369140625,1,10,64,0.9,2411,1,PH3230
Making Sense of Society,SC1101E,Arts and Social Science,Sociology and Anthropology,0.5364745855331421,2539,0.55029296875,0.5283203125,5,6,86,1.21,2389,1,SC1101E
European Foreign Policy,EU4228,Arts and Social Science,Political Science,0.5364745855331421,2539,0.56396484375,0.525390625,7,4,74,1.04,2401,4,EU4228; EU4228HM; PS4218; PS4218HM
Topics in the Political Economy of Public Policy,YSS4257,Yale-NUS College,Yale-NUS College,0.536425769329071,2540,0.5576171875,0.52490234375,7,4,39,0.55,2436,1,YSS4257
Medieval Romance: Magic and the Supernatural,YHU2309,Yale-NUS College,Yale-NUS College,0.536425769329071,2540,0.564453125,0.52294921875,7,4,58,0.82,2417,2,YHU2309; YHU3403
Sociology of Religion,SC2227,Arts and Social Science,Sociology and Anthropology,0.536376953125,2541,0.5556640625,0.52734375,7,4,59,0.83,2416,2,SC2227; YSS2215
Southeast Asia: Decolonization & After,HY3204,Arts and Social Science,History,0.536376953125,2541,0.548828125,0.53076171875,10,1,178,2.51,2297,1,HY3204
Calculus,MA2002,Science,Mathematics,0.536328136920929,2542,0.57470703125,0.52685546875,7,4,50,0.7,2425,2,MA2002; YSC1216
The Arts and Social Justice,EN2206,Arts and Social Science,"English,Ling.andTheatre Studies",0.536328136920929,2542,0.55322265625,0.52734375,7,4,28,0.39,2447,1,EN2206
Issues and Authors in Legal Theory and Philosophy,LL4504,Law,FoL Dean's Office,0.5362793207168579,2543,0.5556640625,0.52685546875,3,8,31,0.44,2444,2,LL4504; LL4504V
Natural Resources: Policy and Practice,GE3210,Arts and Social Science,Geography,0.5362304449081421,2544,0.5625,0.52392578125,5,6,43,0.61,2432,1,GE3210
Statistical Inference,YSC3249,Yale-NUS College,Yale-NUS College,0.5362304449081421,2544,0.5576171875,0.5234375,6,5,52,0.73,2423,1,YSC3249
Coral Reef Ecology and Environmental Change,YSC3253,Yale-NUS College,Yale-NUS College,0.5361328125,2545,0.55810546875,0.517578125,5,6,29,0.41,2446,1,YSC3253
Topics in the Nineteenth Century,EN4223,Arts and Social Science,"English,Ling.andTheatre Studies",0.536083996295929,2546,0.56591796875,0.517578125,5,6,23,0.32,2452,2,EN4223; EN4223HM
"What Was, and Is, Popular Music?",MUH2202,YST Conservatory of Music,YSTCM Dean's Office,0.5360351800918579,2547,0.5546875,0.52685546875,4,7,99,1.39,2376,1,MUH2202
Topics in the Psychology of Language,EL3210,Arts and Social Science,"English,Ling.andTheatre Studies",0.535937488079071,2548,0.54296875,0.52734375,4,7,33,0.46,2442,1,EL3210
Transnational Terrorism and International Law,LL4286V,Law,FoL Dean's Office,0.535937488079071,2548,0.54296875,0.5283203125,1,10,31,0.44,2444,1,LL4286V
Literature and Ecology,EN4267,Arts and Social Science,"English,Ling.andTheatre Studies",0.535888671875,2549,0.57080078125,0.509765625,5,6,16,0.23,2459,2,EN4267; EN4267HM
Brevity of Love: (Short) Storytelling,NHT2205,NUS College,NUS College Dean's Office,0.535839855670929,2550,0.54296875,0.52783203125,7,4,63,0.89,2412,1,NHT2205
Geometry and the Emergence of Perspective,NST2049,NUS College,NUS College Dean's Office,0.5357910394668579,2551,0.5810546875,0.52392578125,7,4,38,0.54,2437,2,NST2049; YSC3239
Comparative Study of Development,PS3263,Arts and Social Science,Political Science,0.5357910394668579,2551,0.546875,0.52978515625,4,7,96,1.35,2379,1,PS3263
Approaches to World Literature: Critical Realism,EN4265,Arts and Social Science,"English,Ling.andTheatre Studies",0.5357910394668579,2551,0.61181640625,0.5146484375,7,4,26,0.37,2449,2,EN4265; EN4265HM
International Law and World Politics,GL4885A,Arts and Social Science,Political Science,0.5357910394668579,2551,0.5576171875,0.52294921875,3,8,39,0.55,2436,2,GL4885A; GL4885AHM
Topics in CP: Politics of the Korean Peninsula,PS4881G,Arts and Social Science,Political Science,0.5357910394668579,2551,0.56787109375,0.52783203125,6,5,116,1.63,2359,2,PS4881G; PS4881GHM
Forensic Human Identification,FSC4202,Science,Biological Sciences,0.5357421636581421,2552,0.54052734375,0.53173828125,7,4,118,1.66,2357,1,FSC4202
Satires and (Un)Serious Histories,NHS2042,NUS,NUS College Dean's Office,0.535693347454071,2553,0.5791015625,0.51904296875,6,5,80,1.13,2395,1,NHS2042
Nations & Nationalism in South Asia,GEC1002,Arts and Social Science,South Asian Studies,0.535693347454071,2553,0.556640625,0.52734375,4,7,85,1.2,2390,3,GEC1002; GEH1008; GEK1035
Advanced Microeconomics,YSS3208,Yale-NUS College,Yale-NUS College,0.53564453125,2554,0.54638671875,0.53076171875,8,3,101,1.42,2374,1,YSS3208
Ancient Economies of the Mediterranean and Western Asia,YHU4231,Yale-NUS College,Yale-NUS College,0.535595715045929,2555,0.5517578125,0.5263671875,9,2,109,1.53,2366,1,YHU4231
"Statelessness: Law, History, Politics",YSS3323,Yale-NUS College,Yale-NUS College,0.535595715045929,2555,0.56396484375,0.52001953125,7,4,64,0.9,2411,1,YSS3323
Sonata Form,MUT3202,YST Conservatory of Music,YSTCM Dean's Office,0.535595715045929,2555,0.55810546875,0.5185546875,3,8,22,0.31,2453,1,MUT3202
The History of Evil,HY4242,Arts and Social Science,History,0.5355468988418579,2556,0.546875,0.5224609375,3,8,24,0.34,2451,2,HY4242; HY4242HM
Cosmopolitanism and Global Citizenship,NTW2001,NUS College,NUS College Dean's Office,0.535449206829071,2557,0.5439453125,0.533203125,5,6,172,2.42,2303,1,NTW2001
Linear Models,ST4233,Science,Statistics and Data Science,0.535400390625,2558,0.5673828125,0.52197265625,5,6,31,0.44,2444,1,ST4233
Philippine Literature: American Period,YHU3306,Yale-NUS College,Yale-NUS College,0.535400390625,2558,0.58837890625,0.51953125,5,6,37,0.52,2438,1,YHU3306
Behavioural Economics,BSE3712,NUS Business School,Strategy and Policy,0.535351574420929,2559,0.55419921875,0.52197265625,4,7,29,0.41,2446,3,BSE3712; EC4394; EC4394HM
Cinematic Discourse and Language,EL3222,Arts and Social Science,"English,Ling.andTheatre Studies",0.5353027582168579,2560,0.55712890625,0.52783203125,6,5,58,0.82,2417,1,EL3222
Divided Cities,YSS2253,Yale-NUS College,Yale-NUS College,0.5353027582168579,2560,0.55224609375,0.52490234375,9,2,123,1.73,2352,1,YSS2253
Junior Seminar: Disasters,UTC1102U,Residential College,Tembusu College,0.5352538824081421,2561,0.5537109375,0.52587890625,6,5,83,1.17,2392,1,UTC1102U
Beginning Spanish 1,YLS1201,Yale-NUS College,Yale-NUS College,0.5352538824081421,2561,0.58447265625,0.52490234375,3,8,85,1.2,2390,1,YLS1201
The Female Image in Japanese Art and Literature,YHU4238,Yale-NUS College,Yale-NUS College,0.5352538824081421,2561,0.56640625,0.515625,7,4,29,0.41,2446,1,YHU4238
Feminist Theory,PS4322,Arts and Social Science,Political Science,0.5352538824081421,2561,0.57666015625,0.5234375,7,4,77,1.08,2398,2,PS4322; PS4322HM
"Indonesia: History, Economy and Society",HY3201,Arts and Social Science,History,0.5352538824081421,2561,0.60302734375,0.521484375,7,4,38,0.54,2437,1,HY3201
Cultures of Kinship,AN3203,Arts and Social Science,Sociology and Anthropology,0.53515625,2562,0.54833984375,0.5244140625,5,6,74,1.04,2401,2,AN3203; SC3207
Commutative Algebra,MA4201,Science,Mathematics,0.535107433795929,2563,0.56494140625,0.5166015625,4,7,22,0.31,2453,1,MA4201
Economics of Competition Policy,EC4324,Arts and Social Science,Economics,0.5350586175918579,2564,0.55322265625,0.517578125,6,5,24,0.34,2451,2,EC4324; EC4324HM
"Death, Mourning and Memory in Medieval Literature",YHU3345,Yale-NUS College,Yale-NUS College,0.5350586175918579,2564,0.55859375,0.52587890625,6,5,53,0.75,2422,1,YHU3345
Neuroscience of Memory,PL4222,Arts and Social Science,Psychology,0.534960925579071,2565,0.5712890625,0.5224609375,4,7,32,0.45,2443,2,PL4222; PL4222HM
Love and Friendship,YHU2225,Yale-NUS College,Yale-NUS College,0.534912109375,2566,0.54541015625,0.52783203125,5,6,153,2.15,2322,1,YHU2225
Trauma Psychology,PL3254,Arts and Social Science,Psychology,0.534912109375,2566,0.58837890625,0.51513671875,6,5,38,0.54,2437,1,PL3254
International Organisations in World Politics,YSS3289,Yale-NUS College,Yale-NUS College,0.5348144769668579,2567,0.5390625,0.52685546875,3,8,100,1.41,2375,1,YSS3289
Topics in the Civil Law Tradition (A): EU Harmonisation,LL4010A,Law,FoL Dean's Office,0.5348144769668579,2567,0.5498046875,0.52734375,1,10,36,0.51,2439,2,LL4010A; LL4010AV
Classical Mechanics,YSC2203,Yale-NUS College,Yale-NUS College,0.5348144769668579,2567,0.5546875,0.521484375,6,5,22,0.31,2453,1,YSC2203
Understanding Your Brain,GET1022,Yong Loo Lin Sch of Medicine,Physiology,0.5347656011581421,2568,0.54345703125,0.529296875,5,6,70,0.99,2405,4,GET1022; GET1022T; GEX1009; GEX1009T
Criminal Law (G),LC1001G,Law,FoL Dean's Office,0.5347656011581421,2568,0.55126953125,0.5263671875,4,7,71,1.0,2404,1,LC1001G
Ideology & Ideas on Malay Development,MS3213,Arts and Social Science,Malay Studies,0.534619152545929,2569,0.568359375,0.5244140625,4,7,116,1.63,2359,1,MS3213
Issues in Thai History,HY3237,Arts and Social Science,History,0.534472644329071,2570,0.6025390625,0.5146484375,8,3,49,0.69,2426,1,HY3237
Chinese Philosophical Traditions 2,PH3302,Arts and Social Science,Philosophy,0.534472644329071,2570,0.541015625,0.52978515625,5,6,42,0.59,2433,1,PH3302
Paradoxes,PH3246,Arts and Social Science,Philosophy,0.534423828125,2571,0.5517578125,0.52294921875,6,5,23,0.32,2452,1,PH3246
American Modernist Poetry,YHU4240,Yale-NUS College,Yale-NUS College,0.534375011920929,2572,0.57958984375,0.51708984375,6,5,25,0.35,2450,1,YHU4240
Introduction to Continental Philosophy,EU2214,Arts and Social Science,Philosophy,0.534375011920929,2572,0.5439453125,0.53125,5,6,99,1.39,2376,3,EU2214; GEK2030; PH2212
Chinese Literary Criticism,CH4223,Arts and Social Science,Chinese Studies,0.5343261957168579,2573,0.57080078125,0.51953125,6,5,24,0.34,2451,2,CH4223; CH4223HM
Cultural Geographies,GE4213,Arts and Social Science,Geography,0.534228503704071,2574,0.55517578125,0.525390625,6,5,54,0.76,2421,2,GE4213; GE4213HM
History of Film,EN3242,Arts and Social Science,"English,Ling.andTheatre Studies",0.5341796875,2575,0.56005859375,0.509765625,7,4,14,0.2,2461,1,EN3242
Thinking Like An Economist,GET1023,Arts and Social Science,Economics,0.5341796875,2575,0.587890625,0.5166015625,5,6,33,0.46,2442,2,GET1023; GEX1010
The Nature of Rationality,YHU3379,Yale-NUS College,Yale-NUS College,0.534130871295929,2576,0.564453125,0.51953125,3,8,50,0.7,2425,1,YHU3379
Ordinary and Partial Differential Equations,YSC4220,Yale-NUS College,Yale-NUS College,0.5340331792831421,2577,0.55224609375,0.5263671875,7,4,82,1.15,2393,1,YSC4220
Linear Algebra I,MA2001,Science,Mathematics,0.533886730670929,2578,0.5498046875,0.5205078125,6,5,27,0.38,2448,1,MA2001
Junior Seminar: Ways of Knowing: Poetry and Science,UTC1102V,Residential College,Tembusu College,0.5338379144668579,2579,0.5732421875,0.52294921875,3,8,36,0.51,2439,1,UTC1102V
The Sensorium: Histories of the Senses,HY3264,Arts and Social Science,History,0.5337890386581421,2580,0.546875,0.52685546875,8,3,104,1.46,2371,1,HY3264
Evolutionary Biology,LSM2107,Science,Biological Sciences,0.5337890386581421,2580,0.56689453125,0.5126953125,5,6,23,0.32,2452,2,LSM2107; YSC2216
Chinese Political Philosophy: Confucianism & its Rivals,YSS3241,Yale-NUS College,Yale-NUS College,0.5337890386581421,2580,0.55810546875,0.5234375,4,7,34,0.48,2441,1,YSS3241
"Religion, State and Multiculturalism",LL4519,Law,FoL Dean's Office,0.5337890386581421,2580,0.54443359375,0.52783203125,7,4,118,1.66,2357,2,LL4519; LL4519V
Statistics for Psychology using SPSS,YSS2254,Yale-NUS College,Yale-NUS College,0.533642590045929,2581,0.5498046875,0.52099609375,8,3,30,0.42,2445,1,YSS2254
Anthropology of Violence,YSS4245,Yale-NUS College,Yale-NUS College,0.5335937738418579,2582,0.546875,0.5283203125,8,3,96,1.35,2379,1,YSS4245
Contemporary Left Politics and Movements,YSS3341,Yale-NUS College,Yale-NUS College,0.5335448980331421,2583,0.54443359375,0.53076171875,5,6,276,3.89,2201,1,YSS3341
Origins of the Modern World,GL2101,Arts and Social Science,Political Science,0.533447265625,2584,0.54638671875,0.52490234375,8,3,69,0.97,2406,1,GL2101
"Law, War, and Peace in the Middle East",YSS4219,Yale-NUS College,Yale-NUS College,0.533447265625,2584,0.60693359375,0.51171875,5,6,32,0.45,2443,1,YSS4219
Special Paper in Modern European History,EU4214,Arts and Social Science,History,0.533398449420929,2585,0.5595703125,0.52783203125,3,8,84,1.18,2391,4,EU4214; EU4214HM; HY4212; HY4212HM
Applied Pharmacokinetics and Toxicokinetics,PR4207,Science,PharmacyandPharmaceuticalScience,0.5333496332168579,2586,0.5517578125,0.52197265625,7,4,33,0.46,2442,1,PR4207
Sociology of Deviance,SC2212,Arts and Social Science,Sociology and Anthropology,0.5333496332168579,2586,0.54931640625,0.52197265625,7,4,59,0.83,2416,1,SC2212
Nature and Society,GE3250,Arts and Social Science,Geography,0.533203125,2587,0.58154296875,0.51953125,3,8,15,0.21,2460,1,GE3250
Cognitive Origin: The Evolution of Primate Intelligence,FAS2882H,Arts and Social Science,FASS DO/Office of Programmes,0.533154308795929,2588,0.546875,0.52197265625,6,5,42,0.59,2433,1,FAS2882H
Death and Dying in Southeast Asia,SE3232,Arts and Social Science,Southeast Asian Studies,0.5331054925918579,2589,0.5615234375,0.521484375,9,2,46,0.65,2429,1,SE3232
Narrative Structures,EL4221,Arts and Social Science,"English,Ling.andTheatre Studies",0.5330566167831421,2590,0.55126953125,0.5244140625,7,4,49,0.69,2426,2,EL4221; EL4221HM
Games and Philosophy,PH2227,Arts and Social Science,Philosophy,0.5330566167831421,2590,0.57080078125,0.5146484375,5,6,39,0.55,2436,1,PH2227
Fourier Analysis and Approximation,MA4229,Science,Mathematics,0.533007800579071,2591,0.5478515625,0.521484375,5,6,37,0.52,2438,1,MA4229
FS: Love Actually? The Social Construction of Romantic Love,FMA1201Q,Arts and Social Science,Sociology and Anthropology,0.532958984375,2592,0.5419921875,0.52880859375,5,6,288,4.06,2189,1,FMA1201Q
Postcolonial Literatures: An Introduction,YHU2277,Yale-NUS College,Yale-NUS College,0.532958984375,2592,0.59619140625,0.51513671875,6,5,35,0.49,2440,1,YHU2277
"Religion, Society & Politics in SE Asia",SE3211,Arts and Social Science,Southeast Asian Studies,0.532910168170929,2593,0.54443359375,0.52197265625,8,3,61,0.86,2414,1,SE3211
Themes in Contemporary Indian History,SN4263,Arts and Social Science,South Asian Studies,0.532910168170929,2593,0.5771484375,0.51611328125,8,3,55,0.77,2420,2,SN4263; SN4263HM
Inquiry and Method,GL2104,Arts and Social Science,Political Science,0.5328124761581421,2594,0.54248046875,0.52783203125,6,5,38,0.54,2437,2,GL2104; GL3101
"Knowledge, Power and Colonialism in Southeast Asia",SE4223,Arts and Social Science,Southeast Asian Studies,0.5328124761581421,2594,0.576171875,0.51220703125,7,4,28,0.39,2447,2,SE4223; SE4223HM
"Intellectual Property in Body, Persona & Art",LL4386,Law,FoL Dean's Office,0.53271484375,2595,0.5537109375,0.52685546875,8,3,94,1.32,2381,2,LL4386; LL4386V
Comparative Constitutionalism,LL4368,Law,FoL Dean's Office,0.53271484375,2595,0.55078125,0.525390625,1,10,41,0.58,2434,2,LL4368; LL4368V
Intermediate Macroeconomics,YSS2214,Yale-NUS College,Yale-NUS College,0.5326172113418579,2596,0.56298828125,0.51904296875,6,5,27,0.38,2448,1,YSS2214
Proseminar in Literary Studies,YHU3210,Yale-NUS College,Yale-NUS College,0.5326172113418579,2596,0.5546875,0.51708984375,4,7,16,0.23,2459,6,YHU3210; YHU3210A; YHU3210B; YHU3210C; YHU3210E; YHU3210F
Diplomacy and Statecraft,YSS2250,Yale-NUS College,Yale-NUS College,0.5325683355331421,2597,0.57763671875,0.52197265625,8,3,107,1.51,2368,1,YSS2250
Probability and Statistics,ST2334,Science,Statistics and Data Science,0.5325683355331421,2597,0.54296875,0.5244140625,5,6,60,0.84,2415,4,ST2334; TCX2102; TIE2020; TMA2103
Criminal Law (I),LC1001I,Law,FoL Dean's Office,0.532519519329071,2598,0.546875,0.52685546875,6,5,79,1.11,2396,1,LC1001I
Historiography and Historical Method,HY4230,Arts and Social Science,History,0.532470703125,2599,0.62841796875,0.51416015625,8,3,29,0.41,2446,2,HY4230; HY4230HM
Shakespeare and Film,TS4220,Arts and Social Science,"English,Ling.andTheatre Studies",0.5323730707168579,2600,0.57421875,0.51123046875,7,4,16,0.23,2459,2,TS4220; TS4220HM
Urbanization in China,YSS3217,Yale-NUS College,Yale-NUS College,0.5323730707168579,2600,0.55859375,0.5166015625,4,7,32,0.45,2443,1,YSS3217
Continental European Philosophy,EU3227,Arts and Social Science,Philosophy,0.5323730707168579,2600,0.53955078125,0.529296875,5,6,95,1.34,2380,2,EU3227; PH3207
Politics of the United Nations,PS3880D,Arts and Social Science,Political Science,0.5323730707168579,2600,0.580078125,0.52099609375,4,7,40,0.56,2435,1,PS3880D
Political Concepts,YSS2217,Yale-NUS College,Yale-NUS College,0.5323241949081421,2601,0.54541015625,0.5283203125,5,6,264,3.72,2212,1,YSS2217
Identity Politics,PS4234,Arts and Social Science,Political Science,0.5321289300918579,2602,0.5439453125,0.52685546875,5,6,104,1.46,2371,2,PS4234; PS4234HM
Jr Sem: Power and Ideas,UTC1404,Residential College,College of Alice and Peter Tan,0.5321289300918579,2602,0.53955078125,0.52978515625,4,7,301,4.24,2176,1,UTC1404
State & Society in Early-Modern Europe,HY2210,Arts and Social Science,History,0.5321289300918579,2602,0.5615234375,0.521484375,8,3,104,1.46,2371,1,HY2210
Art and History,HY2249,Arts and Social Science,History,0.5321289300918579,2602,0.578125,0.50244140625,6,5,10,0.14,2465,1,HY2249
"Intersectionality, Identity and Inequality in Asia",RVX1005,Center for Engl Lang Comms,Center for Engl Lang Comms,0.5321289300918579,2602,0.55029296875,0.5244140625,6,5,58,0.82,2417,1,RVX1005
Language and Thought,PH3245,Arts and Social Science,Philosophy,0.5320800542831421,2603,0.54638671875,0.51953125,5,6,20,0.28,2455,1,PH3245
Modern Critical Theory,EN4242,Arts and Social Science,"English,Ling.andTheatre Studies",0.532031238079071,2604,0.55517578125,0.515625,6,5,37,0.52,2438,2,EN4242; EN4242HM
Global India,YSS4211,Yale-NUS College,Yale-NUS College,0.532031238079071,2604,0.55615234375,0.5234375,4,7,38,0.54,2437,1,YSS4211
Superhero Entertainments,GEH1067,Arts and Social Science,History,0.531982421875,2605,0.54248046875,0.52783203125,5,6,138,1.94,2337,1,GEH1067
Neuropharmacology,LSM3219,Yong Loo Lin Sch of Medicine,Pharmacology,0.531982421875,2605,0.55126953125,0.5185546875,5,6,20,0.28,2455,1,LSM3219
Urbanization and the Environment,YSS3229,Yale-NUS College,Yale-NUS College,0.531933605670929,2606,0.5791015625,0.52197265625,4,7,21,0.3,2454,1,YSS3229
Masterpieces of Western Art: Renaissance to the Present,YHU2203,Yale-NUS College,Yale-NUS College,0.531933605670929,2606,0.5615234375,0.5126953125,7,4,23,0.32,2452,1,YHU2203
Complex Analysis II,MA4247,Science,Mathematics,0.531933605670929,2606,0.54296875,0.5244140625,4,7,31,0.44,2444,1,MA4247
Privacy and Intellectual Property,LL4269,Law,FoL Dean's Office,0.5318847894668579,2607,0.54296875,0.52490234375,3,8,48,0.68,2427,1,LL4269
"Magic, Myths and Society in Southeast Asia",GEC1046,Arts and Social Science,Southeast Asian Studies,0.5318359136581421,2608,0.5810546875,0.52392578125,4,7,75,1.06,2400,1,GEC1046
Administrative Justice: Perspectives from the U.S.,LL4326,Law,FoL Dean's Office,0.53173828125,2609,0.54638671875,0.51806640625,6,5,30,0.42,2445,1,LL4326
Performance Psychology and Neuroscience,YSS3346,Yale-NUS College,Yale-NUS College,0.53173828125,2609,0.55517578125,0.5205078125,6,5,58,0.82,2417,1,YSS3346
The Region in the Postcolonial World,PS2251,Arts and Social Science,Political Science,0.531689465045929,2610,0.53955078125,0.5205078125,6,5,53,0.75,2422,1,PS2251
Central Themes in Philosophy of Science,YHU2335,Yale-NUS College,Yale-NUS College,0.531689465045929,2610,0.57666015625,0.51953125,5,6,25,0.35,2450,1,YHU2335
The Words and World of Lu Xun,YHU3317,Yale-NUS College,Yale-NUS College,0.531689465045929,2610,0.58447265625,0.5185546875,8,3,30,0.42,2445,1,YHU3317
Classical Indian Philosophy of Language,YHU3267,Yale-NUS College,Yale-NUS College,0.531689465045929,2610,0.568359375,0.5146484375,7,4,27,0.38,2448,1,YHU3267
Animal Behaviour,LSM1303,Science,Biological Sciences,0.5315917730331421,2611,0.55419921875,0.51611328125,7,4,76,1.07,2399,2,LSM1303; YSC3235
Introduction to the Philosophy of Technology,GEK2037,Arts and Social Science,Philosophy,0.531494140625,2612,0.55810546875,0.51708984375,6,5,54,0.76,2421,2,GEK2037; PH2223
World Religions,GEC1013,Arts and Social Science,Southeast Asian Studies,0.531445324420929,2613,0.55810546875,0.5244140625,6,5,61,0.86,2414,3,GEC1013; GEH1045; GEK1045
History of Chinese Philosophy,CH2252,Arts and Social Science,Chinese Studies,0.5313476324081421,2614,0.54833984375,0.5224609375,4,7,22,0.31,2453,1,CH2252
How Stars Work,PC3412,Science,Physics,0.531298816204071,2615,0.55517578125,0.521484375,6,5,29,0.41,2446,1,PC3412
Friction - May The Force Be With You,NST2051,NUS College,NUS College Dean's Office,0.531201183795929,2616,0.5458984375,0.5205078125,2,9,46,0.65,2429,1,NST2051
Principles Of Restitution,LL4051,Law,FoL Dean's Office,0.5311523675918579,2617,0.54296875,0.521484375,2,9,32,0.45,2443,1,LL4051
Beginning Ancient Greek,YLG1201,Yale-NUS College,Yale-NUS College,0.5311034917831421,2618,0.5791015625,0.515625,3,8,34,0.48,2441,1,YLG1201
Pain Points: The Problem with Pain,HS2918,Arts and Social Science,Philosophy,0.531054675579071,2619,0.5556640625,0.5166015625,6,5,34,0.48,2441,1,HS2918
Advanced Ordinary Differential Equations,MA4252,Science,Mathematics,0.531054675579071,2619,0.55615234375,0.52392578125,2,9,51,0.72,2424,1,MA4252
Comparative Economic Systems,EC3393,Arts and Social Science,Economics,0.531054675579071,2619,0.54150390625,0.52685546875,4,7,97,1.37,2378,1,EC3393
Introduction to Differential Equations,MA2312,Science,Mathematics,0.531005859375,2620,0.541015625,0.52392578125,7,4,84,1.18,2391,1,MA2312
Print to Screen: Analysing Film Adaptation,RVX1003,Non-Faculty-based Departments,Center for Engl Lang Comms,0.5309082269668579,2621,0.56640625,0.51318359375,8,3,17,0.24,2458,1,RVX1003
Organic Reaction Mechanisms,CM3222,Science,Chemistry,0.5308593511581421,2622,0.58642578125,0.51318359375,5,6,27,0.38,2448,1,CM3222
"The Annals of Lu Buwei, the First Book of Chinese Empire",YHU4260,Yale-NUS College,Yale-NUS College,0.530810534954071,2623,0.5517578125,0.52001953125,6,5,32,0.45,2443,1,YHU4260
State Responsibility: Theory and Practice,LL4292V,Law,FoL Dean's Office,0.53076171875,2624,0.5498046875,0.5244140625,3,8,38,0.54,2437,1,LL4292V
Probability Theory I,ST4237,Science,Statistics and Data Science,0.530712902545929,2625,0.54443359375,0.5205078125,5,6,35,0.49,2440,1,ST4237
Introduction to Geometry,MA2219,Science,Mathematics,0.5306640863418579,2626,0.55322265625,0.51953125,5,6,25,0.35,2450,1,MA2219
Sustainable Development and International Law,LL4502,Law,FoL Dean's Office,0.530322253704071,2627,0.54150390625,0.521484375,5,6,32,0.45,2443,2,LL4502; LL4502V
The Twentieth Century,EN3224,Arts and Social Science,"English,Ling.andTheatre Studies",0.5302734375,2628,0.58447265625,0.5146484375,5,6,17,0.24,2458,1,EN3224
Social Cognition,PL3238,Arts and Social Science,Psychology,0.530224621295929,2629,0.54541015625,0.5185546875,6,5,56,0.79,2419,1,PL3238
Introduction to Classical Indian Texts,SN3276,Arts and Social Science,South Asian Studies,0.530078113079071,2630,0.5458984375,0.5166015625,4,7,19,0.27,2456,1,SN3276
Acting and Directing in Asian Theatre,TS3237,Arts and Social Science,"English,Ling.andTheatre Studies",0.530078113079071,2630,0.55517578125,0.51611328125,5,6,26,0.37,2449,1,TS3237
Classical Chinese Philosophy I,GEK2038,Arts and Social Science,Philosophy,0.529980480670929,2631,0.5595703125,0.517578125,5,6,27,0.38,2448,2,GEK2038; PH2301
Philosophy Capstone Seminar,YHU4103A,Yale-NUS College,Yale-NUS College,0.529980480670929,2631,0.541015625,0.52392578125,3,8,57,0.8,2418,1,YHU4103A
Extreme Physiology,LSM4215,Yong Loo Lin Sch of Medicine,Physiology,0.5299316644668579,2632,0.5439453125,0.521484375,5,6,28,0.39,2447,1,LSM4215
Environmental Change in the Tropics,GE4234,Arts and Social Science,Geography,0.529541015625,2633,0.57470703125,0.50244140625,4,7,10,0.14,2465,2,GE4234; GE4234HM
What is the Global South: Africa in the World,YSS2252,Yale-NUS College,Yale-NUS College,0.5294433832168579,2634,0.55517578125,0.52392578125,6,5,45,0.63,2430,1,YSS2252
Southwest Asia and North Africa: Societies and Politics,YSS2236,Yale-NUS College,Yale-NUS College,0.5294433832168579,2634,0.54345703125,0.5224609375,8,3,47,0.66,2428,1,YSS2236
The Mysteries of Morality,NHS2081,NUS College,NUS College Dean's Office,0.5293945074081421,2635,0.53271484375,0.52490234375,2,9,61,0.86,2414,1,NHS2081
The Afropolitans: Contemporary African Lit. & Film,YHU3247,Yale-NUS College,Yale-NUS College,0.529345691204071,2636,0.5576171875,0.52099609375,7,4,101,1.42,2374,1,YHU3247
Introduction to Analytic Number Theory,MA4263,Science,Mathematics,0.529296875,2637,0.55712890625,0.51513671875,6,5,18,0.25,2457,1,MA4263
Philosophy as a Way of Life,YHU2279,Yale-NUS College,Yale-NUS College,0.529296875,2637,0.53271484375,0.52099609375,5,6,47,0.66,2428,1,YHU2279
Study of Modern Wars,YSS4243,Yale-NUS College,Yale-NUS College,0.529248058795929,2638,0.53955078125,0.52197265625,6,5,74,1.04,2401,1,YSS4243
Russian and Soviet Art 1757 - Present,YHU3392,Yale-NUS College,Yale-NUS College,0.5291503667831421,2639,0.56396484375,0.50634765625,6,5,13,0.18,2462,1,YHU3392
History of Gender in India,HY4239,Arts and Social Science,History,0.529003918170929,2640,0.56640625,0.5146484375,8,3,23,0.32,2452,2,HY4239; HY4239HM
International Relations,YSS2202,Yale-NUS College,Yale-NUS College,0.529003918170929,2640,0.556640625,0.52099609375,8,3,63,0.89,2412,1,YSS2202
Literature and Philosophy,EN3251,Arts and Social Science,"English,Ling.andTheatre Studies",0.529003918170929,2640,0.6044921875,0.51220703125,5,6,15,0.21,2460,1,EN3251
Film Art and Human Concerns,GEC1017,Arts and Social Science,"English,Ling.andTheatre Studies",0.529003918170929,2640,0.55810546875,0.50732421875,9,2,15,0.21,2460,3,GEC1017; GEH1053; GEK2020
Stochastic Processes I,MA3238,Science,Mathematics,0.5289062261581421,2641,0.546875,0.5166015625,3,8,34,0.48,2441,2,MA3238; ST3236
Nations at Play: History of Sport in South Asia,SN2281,Arts and Social Science,South Asian Studies,0.5289062261581421,2641,0.548828125,0.517578125,5,6,47,0.66,2428,1,SN2281
Formal Methods for Philosophy,PH3110,Arts and Social Science,Philosophy,0.5289062261581421,2641,0.54541015625,0.52294921875,6,5,48,0.68,2427,1,PH3110
Topics in Graph Theory,MA4235,Science,Mathematics,0.528857409954071,2642,0.5400390625,0.517578125,4,7,43,0.61,2432,1,MA4235
Psychological Anthropology,YSS4261,Yale-NUS College,Yale-NUS College,0.52880859375,2643,0.56591796875,0.5146484375,8,3,24,0.34,2451,1,YSS4261
International Political Theory,PS4213,Arts and Social Science,Political Science,0.5287109613418579,2644,0.54736328125,0.513671875,5,6,64,0.9,2411,3,PS4213; PS4213HM; YSS3276
Introduction to Real Analysis,YSC3206,Yale-NUS College,Yale-NUS College,0.5286620855331421,2645,0.5478515625,0.5166015625,5,6,33,0.46,2442,1,YSC3206
Combinatorics and Graphs I,MA2214,Science,Mathematics,0.5286620855331421,2645,0.541015625,0.5224609375,6,5,65,0.92,2410,1,MA2214
Urban Theory,YSS3222,Yale-NUS College,Yale-NUS College,0.528613269329071,2646,0.55615234375,0.51806640625,7,4,40,0.56,2435,1,YSS3222
"Empire’s Outlaws: Piracy, Privateering, and Smuggling in the Age of Sail",YHU4225,Yale-NUS College,Yale-NUS College,0.528613269329071,2646,0.54443359375,0.51953125,9,2,46,0.65,2429,1,YHU4225
"Behavioural Economics, Law & Regulation",LL4308V,Law,FoL Dean's Office,0.528564453125,2647,0.55126953125,0.51708984375,5,6,15,0.21,2460,1,LL4308V
International Humanitarian Law,LL4251,Law,FoL Dean's Office,0.528515636920929,2648,0.548828125,0.51708984375,6,5,34,0.48,2441,2,LL4251; LL4251V
Welfare and Distribution,PE4102P,Arts and Social Science,Philosophy,0.528515636920929,2648,0.5419921875,0.5224609375,4,7,50,0.7,2425,2,PE4102P; PE4102PHM
Postcolonial/Postmodern Writing,EN3262,Arts and Social Science,"English,Ling.andTheatre Studies",0.5284668207168579,2649,0.58984375,0.513671875,5,6,31,0.44,2444,1,EN3262
Introduction to Fiction Writing,YHU2293,Yale-NUS College,Yale-NUS College,0.5284179449081421,2650,0.53564453125,0.5205078125,4,7,47,0.66,2428,1,YHU2293
Imperialism and Anti-Colonialism in South Asia,HY3263,Arts and Social Science,History,0.5283203125,2651,0.55517578125,0.52099609375,9,2,66,0.93,2409,1,HY3263
Evolutionary Psychology and Art,NTW2029,NUS College,NUS College Dean's Office,0.5281738042831421,2652,0.5498046875,0.5107421875,7,4,22,0.31,2453,1,NTW2029
Protection Overlaps in Intellectual Property Law,LL4394,Law,FoL Dean's Office,0.528124988079071,2653,0.5419921875,0.51904296875,2,9,25,0.35,2450,2,LL4394; LL4394V
Confucian Thought,CH3253,Arts and Social Science,Chinese Studies,0.528076171875,2654,0.56884765625,0.51708984375,4,7,20,0.28,2455,1,CH3253
The Importance of Being Formal,NST2031,NUS,NUS College Dean's Office,0.528027355670929,2655,0.544921875,0.52099609375,4,7,35,0.49,2440,1,NST2031
General Relativity,PC4248,Science,Physics,0.5279785394668579,2656,0.5439453125,0.51611328125,5,6,35,0.49,2440,1,PC4248
Art Movements and -isms,GEH1066,YST Conservatory of Music,YSTCM Dean's Office,0.5279785394668579,2656,0.55029296875,0.513671875,6,5,51,0.72,2424,1,GEH1066
Hindutva Nationalism,SN4262,Arts and Social Science,South Asian Studies,0.5279296636581421,2657,0.5322265625,0.52392578125,4,7,107,1.51,2368,2,SN4262; SN4262HM
Introduction to Comparative Politics,PS2234,Arts and Social Science,Political Science,0.52783203125,2658,0.53076171875,0.52490234375,1,10,35,0.49,2440,2,PS2234; YSS1206
Ideology in India,YSS4273,Yale-NUS College,Yale-NUS College,0.527783215045929,2659,0.5390625,0.52294921875,9,2,117,1.65,2358,1,YSS4273
Utopias and Dystopias,EN4241,Arts and Social Science,"English,Ling.andTheatre Studies",0.527783215045929,2659,0.5595703125,0.5166015625,5,6,30,0.42,2445,2,EN4241; EN4241HM
International Security,PS3240,Arts and Social Science,Political Science,0.5277343988418579,2660,0.5576171875,0.5146484375,6,5,24,0.34,2451,2,PS3240; YSS2221
Nobodiness: The Self as Story,UTW2001T,Non-Faculty-based Departments,Center for Engl Lang Comms,0.5276855230331421,2661,0.54931640625,0.51513671875,4,7,45,0.63,2430,1,UTW2001T
The Atlantic World,YHU2228,Yale-NUS College,Yale-NUS College,0.527539074420929,2662,0.53955078125,0.51806640625,6,5,66,0.93,2409,1,YHU2228
Environmental History,GEK2008,Arts and Social Science,History,0.5274413824081421,2663,0.5791015625,0.5009765625,8,3,9,0.13,2466,2,GEK2008; HY2235
Critical Approaches to Art History,YHU4207,Yale-NUS College,Yale-NUS College,0.527392566204071,2664,0.5478515625,0.51708984375,7,4,16,0.23,2459,1,YHU4207
Introduction to Art History,AH2101,Arts and Social Science,History,0.527392566204071,2664,0.5830078125,0.495849609375,6,5,8,0.11,2467,1,AH2101
"Colour: Theory, meaning and practice",UTW1001Z,Non-Faculty-based Departments,Center for Engl Lang Comms,0.52734375,2665,0.5595703125,0.51953125,5,6,37,0.52,2438,1,UTW1001Z
The United States in the Asia-Pacific,AS3239,Arts and Social Science,History,0.5272461175918579,2666,0.53515625,0.52099609375,7,4,109,1.53,2366,2,AS3239; HY3239
The Site of Memory: Fact and Fiction in History Writing,YHU4267,Yale-NUS College,Yale-NUS College,0.5272461175918579,2666,0.580078125,0.5126953125,8,3,22,0.31,2453,1,YHU4267
Modern Imperialism,EU3231,Arts and Social Science,History,0.527148425579071,2667,0.53173828125,0.5234375,6,5,124,1.75,2351,2,EU3231; HY3242
Topics in IR: Politics of Global Migration,PS4882D,Arts and Social Science,Political Science,0.527148425579071,2667,0.55029296875,0.51416015625,7,4,44,0.62,2431,2,PS4882D; PS4882DHM
Discrete Mathematics,YSC2213,Yale-NUS College,Yale-NUS College,0.527148425579071,2667,0.55908203125,0.5126953125,6,5,17,0.24,2458,1,YSC2213
Introduction to Legal Theory (J),LC1002J,Law,FoL Dean's Office,0.527148425579071,2667,0.552734375,0.51611328125,2,9,23,0.32,2452,1,LC1002J
'What's in a word?' Meaning across cultures,UTW2001Q,Non-Faculty-based Departments,Center for Engl Lang Comms,0.527148425579071,2667,0.54833984375,0.517578125,5,6,31,0.44,2444,1,UTW2001Q
Democracy and Truth,YSS2243,Yale-NUS College,Yale-NUS College,0.527148425579071,2667,0.55908203125,0.51611328125,7,4,58,0.82,2417,1,YSS2243
Parallel and Distributed Algorithms,CS4231,Computing,Computer Science,0.527099609375,2668,0.53857421875,0.52001953125,6,5,56,0.79,2419,1,CS4231
Acting for the Screen,TS3238,Arts and Social Science,"English,Ling.andTheatre Studies",0.527050793170929,2669,0.56201171875,0.51123046875,7,4,24,0.34,2451,1,TS3238
Home,GEC1032,Arts and Social Science,Japanese Studies,0.5269531011581421,2670,0.54541015625,0.51806640625,8,3,36,0.51,2439,3,GEC1032; GEM1046; GET1003
How Rich Should Anyone Be?,UTW1001T,NUS,Center for Engl Lang Comms,0.52685546875,2671,0.541015625,0.52099609375,3,8,45,0.63,2430,1,UTW1001T
Crazy Rich Europeans: Wealth & Power in Modern History,YHU3322,Yale-NUS College,Yale-NUS College,0.52685546875,2671,0.54248046875,0.51611328125,4,7,56,0.79,2419,1,YHU3322
Anthropology and Theory,AN3101,Arts and Social Science,Sociology and Anthropology,0.526806652545929,2672,0.5419921875,0.515625,9,2,35,0.49,2440,1,AN3101
Introduction to Information Theory,CS3236,Computing,Computer Science,0.5267089605331421,2673,0.56884765625,0.50927734375,5,6,26,0.37,2449,2,CS3236; CS3236R
Issues in Philosophy of Mind,PH4212,Arts and Social Science,Philosophy,0.526660144329071,2674,0.55712890625,0.51171875,4,7,17,0.24,2458,2,PH4212; PH4212HM
Mapping Social Movements in India,SN4234,Arts and Social Science,South Asian Studies,0.526660144329071,2674,0.53857421875,0.513671875,6,5,30,0.42,2445,2,SN4234; SN4234HM
"Nation, Empire, World",AN4207,Arts and Social Science,Sociology and Anthropology,0.526562511920929,2675,0.5595703125,0.5078125,8,3,17,0.24,2458,1,AN4207
Articulating Probability and Statistics in Court,FSC4201,Science,Biological Sciences,0.526562511920929,2675,0.54150390625,0.51708984375,6,5,21,0.3,2454,1,FSC4201
Political Geographies: Space and Power,GE4217,Arts and Social Science,Geography,0.526562511920929,2675,0.572265625,0.51416015625,7,4,49,0.69,2426,2,GE4217; GE4217HM
The Population Bomb: Biopolitics & Geopolitics,YHU4246,Yale-NUS College,Yale-NUS College,0.5265136957168579,2676,0.54638671875,0.505859375,5,6,11,0.15,2464,1,YHU4246
Ethnography as Theory and Method: Classical and Contemporary Readings,YSS4253,Yale-NUS College,Yale-NUS College,0.5263671875,2677,0.5400390625,0.51953125,7,4,38,0.54,2437,1,YSS4253
Japanese Colonialism and Imperialism,HY4233,Arts and Social Science,History,0.5263671875,2677,0.5673828125,0.50146484375,9,2,9,0.13,2466,2,HY4233; HY4233HM
"Appealing Arguments: Logos, Pathos, and Ethos",NHS2005,NUS College,NUS College Dean's Office,0.5263671875,2677,0.54248046875,0.50732421875,4,7,25,0.35,2450,1,NHS2005
History and Popular Culture,HY2260,Arts and Social Science,History,0.5263671875,2677,0.58642578125,0.513671875,8,3,32,0.45,2443,1,HY2260
Coral Reef Ecology,LSM3275,Science,Biological Sciences,0.526318371295929,2678,0.5439453125,0.51220703125,8,3,21,0.3,2454,1,LSM3275
The Horror of the Other,GEK1026,Arts and Social Science,"English,Ling.andTheatre Studies",0.5262206792831421,2679,0.5546875,0.50927734375,7,4,16,0.23,2459,1,GEK1026
Issues in Philosophy of Language,PH4242,Arts and Social Science,Philosophy,0.5262206792831421,2679,0.55224609375,0.51416015625,5,6,25,0.35,2450,2,PH4242; PH4242HM
Sociology of Power:Who Gets to Rule?,SC3205,Arts and Social Science,Sociology and Anthropology,0.526123046875,2680,0.54443359375,0.51220703125,6,5,53,0.75,2422,1,SC3205
International Relations of Asia,GEC1039,Arts and Social Science,Japanese Studies,0.5259765386581421,2681,0.55224609375,0.51416015625,9,2,33,0.46,2442,3,GEC1039; GEH1024; GEM1048
Comparative Political Thought,PS4219,Arts and Social Science,Political Science,0.5259765386581421,2681,0.5322265625,0.52001953125,4,7,67,0.94,2408,2,PS4219; PS4219HM
Nature vs Nurture: Understanding Human Behavior,PL4227,Arts and Social Science,Psychology,0.525927722454071,2682,0.53125,0.51513671875,2,9,44,0.62,2431,2,PL4227; PL4227HM
Social Psychology,PL3105,Arts and Social Science,Psychology,0.5257812738418579,2683,0.57470703125,0.515625,4,7,70,0.99,2405,2,PL3105; YSS3278
Classic and Contemporary Texts in Crime and Punishment,LL4518,Law,FoL Dean's Office,0.5257812738418579,2683,0.537109375,0.51611328125,7,4,21,0.3,2454,2,LL4518; LL4518V
Morphology,EL3205,Arts and Social Science,"English,Ling.andTheatre Studies",0.5257812738418579,2683,0.54638671875,0.513671875,3,8,20,0.28,2455,1,EL3205
African History Through Fiction,YHU4275,Yale-NUS College,Yale-NUS College,0.5257323980331421,2684,0.58154296875,0.50537109375,7,4,13,0.18,2462,1,YHU4275
"Colonial, Anticolonial and Postcolonial Globalizations",GL4881A,Arts and Social Science,Political Science,0.525683581829071,2685,0.58349609375,0.51318359375,5,6,24,0.34,2451,2,GL4881A; GL4881AHM
An Uncensored History of International Law,LL4451,Law,FoL Dean's Office,0.525683581829071,2685,0.55517578125,0.515625,4,7,37,0.52,2438,2,LL4451; LL4451V
Signs and the State,YSS4209,Yale-NUS College,Yale-NUS College,0.525585949420929,2686,0.54296875,0.5107421875,4,7,25,0.35,2450,1,YSS4209
"Gender, Sex and Power",AN4202,Arts and Social Science,Sociology and Anthropology,0.5255371332168579,2687,0.54052734375,0.51171875,6,5,20,0.28,2455,3,AN4202; SC4227; SC4227HM
Music in South Asia,SN2282,Arts and Social Science,South Asian Studies,0.5254882574081421,2688,0.53466796875,0.5185546875,3,8,24,0.34,2451,1,SN2282
The Philippines: A Social and Cultural History,HY3257,Arts and Social Science,History,0.5254882574081421,2688,0.55810546875,0.51025390625,5,6,16,0.23,2459,1,HY3257
Comparative Botany,LSM3258,Science,Biological Sciences,0.5254882574081421,2688,0.5810546875,0.501953125,5,6,10,0.14,2465,1,LSM3258
Islam: Society and Culture in South Asia,SN2276,Arts and Social Science,South Asian Studies,0.5252441167831421,2689,0.5341796875,0.51806640625,10,1,34,0.48,2441,1,SN2276
1917: War and Revolution,YHU3300,Yale-NUS College,Yale-NUS College,0.5252441167831421,2689,0.5263671875,0.52294921875,3,8,63,0.89,2412,1,YHU3300
Narrative in Everyday Life,NTW2004,NUS College,NUS College Dean's Office,0.5250488519668579,2690,0.5595703125,0.5068359375,6,5,24,0.34,2451,1,NTW2004
Christianity in World History,HY2253,Arts and Social Science,History,0.5249999761581421,2691,0.59423828125,0.51318359375,6,5,22,0.31,2453,1,HY2253
Topics in American Culture,AS4233,Arts and Social Science,"English,Ling.andTheatre Studies",0.524951159954071,2692,0.529296875,0.517578125,5,6,38,0.54,2437,4,AS4233; AS4233HM; EN4233; EN4233HM
Keyboard Literature: Sonatas in Context,MUA2204,YST Conservatory of Music,YSTCM Dean's Office,0.524951159954071,2692,0.56591796875,0.51025390625,4,7,13,0.18,2462,1,MUA2204
Philosophy of Language,PH2242,Arts and Social Science,Philosophy,0.524951159954071,2692,0.5537109375,0.513671875,6,5,25,0.35,2450,1,PH2242
Dystopian Fiction,YHU2247,Yale-NUS College,Yale-NUS College,0.524951159954071,2692,0.564453125,0.51220703125,6,5,22,0.31,2453,1,YHU2247
Women and Politics,PS3237,Arts and Social Science,Political Science,0.52490234375,2693,0.5458984375,0.515625,6,5,46,0.65,2429,1,PS3237
Introduction to Anthropology,YSS2227,Yale-NUS College,Yale-NUS College,0.52490234375,2693,0.53662109375,0.5166015625,9,2,45,0.63,2430,1,YSS2227
Hormones and Behavior,YSS4270,Yale-NUS College,Yale-NUS College,0.524853527545929,2694,0.541015625,0.51708984375,5,6,49,0.69,2426,1,YSS4270
Evidence in Forensic Science,FSC3101,Science,Biological Sciences,0.524853527545929,2694,0.54345703125,0.51806640625,6,5,37,0.52,2438,1,FSC3101
Re-examining the Deterministic World of Matter,NST2028,NUS College,NUS College Dean's Office,0.5247558355331421,2695,0.5390625,0.51025390625,4,7,16,0.23,2459,1,NST2028
Islam in World History,HY2255,Arts and Social Science,History,0.524609386920929,2696,0.5986328125,0.5126953125,6,5,32,0.45,2443,1,HY2255
"The Struggle for India, 1920-1964",HY3236,Arts and Social Science,South Asian Studies,0.524609386920929,2696,0.55126953125,0.51513671875,4,7,72,1.01,2403,2,HY3236; SN3262
Alter ego / authentic self? Online political identities,UTW2001W,Non-Faculty-based Departments,Center for Engl Lang Comms,0.524462878704071,2697,0.53466796875,0.515625,8,3,38,0.54,2437,1,UTW2001W
Economic Analysis of Law I,EC3396,Arts and Social Science,Economics,0.5243164300918579,2698,0.53271484375,0.515625,3,8,25,0.35,2450,1,EC3396
Understanding Law and Social Change,NHS2039,NUS College,NUS College Dean's Office,0.5243164300918579,2698,0.53466796875,0.51708984375,2,9,19,0.27,2456,1,NHS2039
Galois Theory,MA4203,Science,Mathematics,0.5242675542831421,2699,0.5478515625,0.517578125,8,3,34,0.48,2441,1,MA4203
Interpretive Sociology,SC4209,Arts and Social Science,Sociology and Anthropology,0.5242675542831421,2699,0.53955078125,0.51318359375,8,3,38,0.54,2437,2,SC4209; SC4209HM
Game Theory,MA4264,Science,Mathematics,0.5240234136581421,2700,0.5517578125,0.515625,8,3,62,0.87,2413,1,MA4264
Topics in Psychology: Moral Judgments,YSS4206A,Yale-NUS College,Yale-NUS College,0.52392578125,2701,0.55810546875,0.51513671875,3,8,18,0.25,2457,1,YSS4206A
"Empires, Colonies and Imperialism",EU2221,Arts and Social Science,History,0.523876965045929,2702,0.57470703125,0.51708984375,4,7,51,0.72,2424,2,EU2221; HY2245
Junior Seminar: Proof: What’s Truth got to do with it?,UTC1102G,Residential College,Tembusu College,0.523876965045929,2702,0.537109375,0.51513671875,3,8,38,0.54,2437,1,UTC1102G
Edge of Empires: The China-Southeast Asia Borderlands,YHU3366,Yale-NUS College,Yale-NUS College,0.5238281488418579,2703,0.5615234375,0.50732421875,4,7,15,0.21,2460,1,YHU3366
How do we frame the Climate Crisis?,UTW1001J,Non-Faculty-based Departments,Center for Engl Lang Comms,0.5237792730331421,2704,0.59033203125,0.50537109375,6,5,11,0.15,2464,1,UTW1001J
Topics in PT: Orientalism and Femininity,PS4883A,Arts and Social Science,Political Science,0.523632824420929,2705,0.541015625,0.51611328125,5,6,28,0.39,2447,2,PS4883A; PS4883AHM
Physics of Climate Change,PC2422,Science,Physics,0.5235840082168579,2706,0.58837890625,0.509765625,4,7,15,0.21,2460,1,PC2422
"Empire, War, and World Order",YSS3344,Yale-NUS College,Yale-NUS College,0.5234375,2707,0.53955078125,0.515625,6,5,24,0.34,2451,1,YSS3344
Foundations in System Dynamics Thinking and Modelling,UTC2702,Residential College,Residential College 4,0.523388683795929,2708,0.54541015625,0.51416015625,5,6,31,0.44,2444,1,UTC2702
Political Philosophy,PH4202,Arts and Social Science,Philosophy,0.523388683795929,2708,0.52783203125,0.5224609375,1,10,73,1.03,2402,2,PH4202; PH4202HM
History of the British Empire to 1850,YHU2328,Yale-NUS College,Yale-NUS College,0.523388683795929,2708,0.56884765625,0.50439453125,7,4,13,0.18,2462,1,YHU2328
Kazimir Malevich and the Black Square,YHU3239,Yale-NUS College,Yale-NUS College,0.5232909917831421,2709,0.5390625,0.513671875,6,5,24,0.34,2451,1,YHU3239
Ancient Epics,YHU2296,Yale-NUS College,Yale-NUS College,0.523193359375,2710,0.54345703125,0.51123046875,7,4,16,0.23,2459,1,YHU2296
Gender Perspectives in Anthropology,YSS3237,Yale-NUS College,Yale-NUS College,0.523144543170929,2711,0.5595703125,0.51025390625,8,3,19,0.27,2456,1,YSS3237
Social Theory and International Relations,PS4231,Arts and Social Science,Political Science,0.523144543170929,2711,0.52490234375,0.52001953125,5,6,34,0.48,2441,2,PS4231; PS4231HM
TV Sitcom,YHU4258,Yale-NUS College,Yale-NUS College,0.5230957269668579,2712,0.5322265625,0.51806640625,5,6,100,1.41,2375,1,YHU4258
Contemporary Egalitarianism,YHU2270,Yale-NUS College,Yale-NUS College,0.5230468511581421,2713,0.5234375,0.5224609375,2,9,63,0.89,2412,2,YHU2270; YSS3355
Social Insect Societies,NST2064,NUS College,NUS College Dean's Office,0.5229736566543579,2714,0.5478515625,0.498046875,4,7,7,0.1,2468,2,NST2064; YSC2259
Happiness and Understanding Nature,NHS2087,NUS College,NUS College Dean's Office,0.522900402545929,2715,0.54736328125,0.50390625,5,6,10,0.14,2465,1,NHS2087
Economics of Education,EC4354,Arts and Social Science,Economics,0.522753894329071,2716,0.53515625,0.51513671875,9,2,37,0.52,2438,2,EC4354; EC4354HM
The Problem of Evil from the Enlightenment to Auschwitz,YHU4212,Yale-NUS College,Yale-NUS College,0.522705078125,2717,0.52587890625,0.51025390625,4,7,15,0.21,2460,1,YHU4212
East Asian International Relations,HY3206,Arts and Social Science,History,0.522705078125,2717,0.5517578125,0.509765625,8,3,38,0.54,2437,1,HY3206
Political Ideologies,GEK2024,Arts and Social Science,Political Science,0.522705078125,2717,0.53271484375,0.517578125,7,4,90,1.27,2385,2,GEK2024; PS2233
Narrative,GEH1051,Arts and Social Science,"English,Ling.andTheatre Studies",0.522656261920929,2718,0.5458984375,0.5107421875,9,2,20,0.28,2455,3,GEH1051; GEK1049; GEX1029
Current Problems in International Law,LL4319V,Law,FoL Dean's Office,0.5225585699081421,2719,0.53076171875,0.5146484375,1,10,21,0.3,2454,1,LL4319V
Constitutionalism: Perspectives from the Global South,LL4551,Law,FoL Dean's Office,0.5224609375,2720,0.54052734375,0.513671875,7,4,25,0.35,2450,1,LL4551
Multitrack Recording Techniques,MUA2170,YST Conservatory of Music,YSTCM Dean's Office,0.5223633050918579,2721,0.541015625,0.51513671875,8,3,25,0.35,2450,1,MUA2170
Feminism: Text & Theory,EN3245,Arts and Social Science,"English,Ling.andTheatre Studies",0.5223633050918579,2721,0.576171875,0.5087890625,6,5,13,0.18,2462,1,EN3245
Cold War and the Chinese Diaspora (in English),CH3299,Arts and Social Science,Chinese Studies,0.5223144292831421,2722,0.55322265625,0.51025390625,7,4,21,0.3,2454,1,CH3299
Happiness: Toward an Anthropology of the Good,AN3210,Arts and Social Science,Sociology and Anthropology,0.522265613079071,2723,0.55419921875,0.51025390625,4,7,21,0.3,2454,1,AN3210
"Merchants, Guns and Money: The Economics of War",GEC1051,Arts and Social Science,History,0.522265613079071,2723,0.54443359375,0.5146484375,5,6,38,0.54,2437,1,GEC1051
Decision and Social Choice,PE3101P,Arts and Social Science,Philosophy,0.522216796875,2724,0.55224609375,0.505859375,3,8,10,0.14,2465,1,PE3101P
Painting the Orient,YHU3274,Yale-NUS College,Yale-NUS College,0.522167980670929,2725,0.5439453125,0.51318359375,6,5,54,0.76,2421,1,YHU3274
Issues in and Around Justice,NTW2024,NUS College,NUS College Dean's Office,0.5221191644668579,2726,0.53466796875,0.515625,6,5,50,0.7,2425,1,NTW2024
History of Strategic Thought,HY3214,Arts and Social Science,History,0.5221191644668579,2726,0.58349609375,0.5068359375,3,8,14,0.2,2461,1,HY3214
Illusions and Hallucinations: Appearance and Reality,NTW2042,NUS College,NUS College Dean's Office,0.5220702886581421,2727,0.5673828125,0.50146484375,4,7,9,0.13,2466,1,NTW2042
Major US Supreme Court Cases and Big Ideas Behind Them,HS2922,Arts and Social Science,Philosophy,0.5220702886581421,2727,0.5439453125,0.515625,2,9,29,0.41,2446,1,HS2922
Plant-Microbe Interactions,LSM3260,Science,Biological Sciences,0.5220702886581421,2727,0.56494140625,0.493896484375,2,9,7,0.1,2468,3,LSM3260; YSC3260; YSC3360
Sufism in Southeast Asia,MS2221,Arts and Social Science,Malay Studies,0.52197265625,2728,0.54052734375,0.509765625,5,6,27,0.38,2448,1,MS2221
Metaphysics,PH2213,Arts and Social Science,Philosophy,0.5218750238418579,2729,0.56298828125,0.5048828125,6,5,11,0.15,2464,1,PH2213
Modern Drama,EN3267,Arts and Social Science,"English,Ling.andTheatre Studies",0.521777331829071,2730,0.58740234375,0.50439453125,6,5,19,0.27,2456,2,EN3267; TS3241
Neo-Confucianism and Chinese Buddhism,YHU2287,Yale-NUS College,Yale-NUS College,0.521679699420929,2731,0.537109375,0.51611328125,4,7,28,0.39,2447,1,YHU2287
African Atlantic Perspectives,YSS4244,Yale-NUS College,Yale-NUS College,0.5216308832168579,2732,0.54931640625,0.50634765625,4,7,19,0.27,2456,1,YSS4244
"Power, Identity, and Citizenship in Democratic Athens",NHT2202,NUS,NUS College Dean's Office,0.521435558795929,2733,0.54248046875,0.51513671875,5,6,22,0.31,2453,1,NHT2202
Descartes and the Perfection of Human Knowledge,YHU3275,Yale-NUS College,Yale-NUS College,0.521191418170929,2734,0.5341796875,0.51123046875,5,6,18,0.25,2457,1,YHU3275
Film and the Mind,NHS2069,NUS College,NUS College Dean's Office,0.521191418170929,2734,0.53857421875,0.505859375,7,4,12,0.17,2463,1,NHS2069
Multispecies Ethnography,YSS4241,Yale-NUS College,Yale-NUS College,0.521069347858429,2735,0.556640625,0.499267578125,5,6,9,0.13,2466,1,YSS4241
Advanced Geomorphology,GE4222,Arts and Social Science,Geography,0.521044909954071,2736,0.5419921875,0.50439453125,2,9,10,0.14,2465,2,GE4222; GE4222HM
"Policing and Security: Past, Present and Future",SC4880D,Arts and Social Science,Sociology and Anthropology,0.52099609375,2737,0.53271484375,0.50927734375,4,7,11,0.15,2464,2,SC4880D; SC4880DHM
European Politics,EU2217,Arts and Social Science,Political Science,0.520947277545929,2738,0.54345703125,0.51171875,7,4,53,0.75,2422,2,EU2217; PS2236
Aquatic Vertebrate Diversity,LSM4257,Science,Biological Sciences,0.5208984613418579,2739,0.53857421875,0.497314453125,6,5,8,0.11,2467,1,LSM4257
Global Political Ecologies,GE4232,Arts and Social Science,Geography,0.5208984613418579,2739,0.53564453125,0.50732421875,6,5,12,0.17,2463,2,GE4232; GE4232HM
Classical Indian Philosophy,YHU2315,Yale-NUS College,Yale-NUS College,0.520751953125,2740,0.53955078125,0.50830078125,5,6,15,0.21,2460,1,YHU2315
Feminist Philosophy,PH3217,Arts and Social Science,Philosophy,0.5206543207168579,2741,0.55224609375,0.50537109375,7,4,12,0.17,2463,1,PH3217
Intellectual Property and Human Rights,LL4305,Law,FoL Dean's Office,0.5206543207168579,2741,0.53564453125,0.51318359375,6,5,43,0.61,2432,1,LL4305
The Eighteenth Century,EN3222,Arts and Social Science,"English,Ling.andTheatre Studies",0.5206543207168579,2741,0.53955078125,0.513671875,4,7,21,0.3,2454,1,EN3222
Fear and the Supernatural Landscape,NHS2085,NUS College,NUS College Dean's Office,0.5206543207168579,2741,0.52490234375,0.5166015625,3,8,30,0.42,2445,1,NHS2085
Sexuality in Comparative Perspective,SC3219,Arts and Social Science,Sociology and Anthropology,0.5206054449081421,2742,0.55126953125,0.50830078125,7,4,22,0.31,2453,1,SC3219
Advanced Readings in Popular Culture,JS4230,Arts and Social Science,Japanese Studies,0.5206054449081421,2742,0.5517578125,0.50341796875,7,4,13,0.18,2462,2,JS4230; JS4230HM
Secrets of the Renaissance Library,EN3218,Arts and Social Science,"English,Ling.andTheatre Studies",0.520556628704071,2743,0.5625,0.5029296875,7,4,10,0.14,2465,1,EN3218
Ordinary Differential Equations,MA3220,Science,Mathematics,0.5203613042831421,2744,0.5498046875,0.5087890625,5,6,21,0.3,2454,1,MA3220
Topics in Environmental Philosophy,PH4216,Arts and Social Science,Philosophy,0.520312488079071,2745,0.55615234375,0.50439453125,5,6,27,0.38,2448,2,PH4216; PH4216HM
Information Retrieval,CS3245,Computing,Computer Science,0.520312488079071,2745,0.5322265625,0.5126953125,6,5,21,0.3,2454,2,CS3245; CS3245R
Game Theory & Applications to Economics,EC3312,Arts and Social Science,Economics,0.5201660394668579,2746,0.54296875,0.5068359375,6,5,20,0.28,2455,1,EC3312
Hollywood Cinema: Constructing the Realistic,GET1044,Arts and Social Science,"English,Ling.andTheatre Studies",0.5198730230331421,2747,0.5810546875,0.50537109375,6,5,25,0.35,2450,2,GET1044; GEX1031
S/F: Science Fiction and Fantasy,EN3243,Arts and Social Science,"English,Ling.andTheatre Studies",0.519824206829071,2748,0.53857421875,0.51123046875,7,4,43,0.61,2432,1,EN3243
Advanced Ancient Greek Poetry,YLG3202,Yale-NUS College,Yale-NUS College,0.519824206829071,2748,0.537109375,0.50439453125,4,7,12,0.17,2463,1,YLG3202
Classical Chinese Philosophy,YHU2297,Yale-NUS College,Yale-NUS College,0.519775390625,2749,0.5400390625,0.51123046875,4,7,13,0.18,2462,1,YHU2297
The Law of Treaties,LL4253V,Law,FoL Dean's Office,0.519726574420929,2750,0.5517578125,0.50537109375,5,6,15,0.21,2460,1,LL4253V
Moro Peoples of the Philippines,SE2226,Arts and Social Science,Southeast Asian Studies,0.519726574420929,2750,0.5302734375,0.51123046875,5,6,16,0.23,2459,1,SE2226
Immigration Economics,EC4362,Arts and Social Science,Economics,0.519482433795929,2751,0.5400390625,0.51171875,5,6,30,0.42,2445,2,EC4362; EC4362HM
Social Thought in Language,EL4251,Arts and Social Science,"English,Ling.andTheatre Studies",0.5194336175918579,2752,0.53564453125,0.50927734375,7,4,18,0.25,2457,2,EL4251; EL4251HM
Human Rights,YSS3211,Yale-NUS College,Yale-NUS College,0.519238293170929,2753,0.53271484375,0.5126953125,7,4,49,0.69,2426,1,YSS3211
The Ancient Greek and Roman Worlds in Cinema,EN4252,Arts and Social Science,"English,Ling.andTheatre Studies",0.519238293170929,2753,0.54638671875,0.5009765625,8,3,9,0.13,2466,2,EN4252; EN4252HM
English Women Novelists 1800-1900,EN4226HM,Arts and Social Science,"English,Ling.andTheatre Studies",0.5191894769668579,2754,0.54931640625,0.5029296875,6,5,10,0.14,2465,1,EN4226HM
Deviance and Conformity: An Introduction to Sociology,YSS1208,Yale-NUS College,Yale-NUS College,0.5191894769668579,2754,0.5361328125,0.509765625,7,4,41,0.58,2434,1,YSS1208
"The Jesuits in China, 1600-1750",YHU3399,Yale-NUS College,Yale-NUS College,0.5191406011581421,2755,0.5498046875,0.5078125,6,5,18,0.25,2457,1,YHU3399
A Brief History of Science,GEH1018,Science,Physics,0.5191406011581421,2755,0.54150390625,0.509765625,4,7,22,0.31,2453,2,GEH1018; GEK1539
The Historiography of Sima Qian,YHU4222,Yale-NUS College,Yale-NUS College,0.519091784954071,2756,0.53955078125,0.5,7,4,9,0.13,2466,1,YHU4222
Metapragmatics and Language Ideology,EL4258,Arts and Social Science,"English,Ling.andTheatre Studies",0.518847644329071,2757,0.52880859375,0.50732421875,7,4,12,0.17,2463,2,EL4258; EL4258HM
The Russo-Japanese War of 1904-5,YHU3240,Yale-NUS College,Yale-NUS College,0.518798828125,2758,0.53955078125,0.51171875,9,2,16,0.23,2459,1,YHU3240
The Guru in Hinduism,YSS3286,Yale-NUS College,Yale-NUS College,0.518798828125,2758,0.53466796875,0.51025390625,7,4,25,0.35,2450,1,YSS3286
Arts in Singapore: Skinning Nudities in the 1990s - 2010s,YHU3346,Yale-NUS College,Yale-NUS College,0.5187011957168579,2759,0.52490234375,0.51318359375,6,5,29,0.41,2446,1,YHU3346
"Gender, Emotion, and the Cold War",HY3266,Arts and Social Science,History,0.5186523199081421,2760,0.52392578125,0.513671875,8,3,16,0.23,2459,1,HY3266
Introducing the Philippines (with Introductory Filipino language),SFI2054,NUS,Office of the Provost,0.5186523199081421,2760,0.537109375,0.50927734375,4,7,22,0.31,2453,1,SFI2054
Buddhism in World History,HY2265,Arts and Social Science,History,0.518603503704071,2761,0.564453125,0.5087890625,8,3,16,0.23,2459,1,HY2265
Alfred Russel Wallace and the Work of Natural History,YSS3301,Yale-NUS College,Yale-NUS College,0.5185546875,2762,0.53515625,0.50732421875,5,6,11,0.15,2464,1,YSS3301
"Total War, 1815-1945",HY2216,Arts and Social Science,History,0.5185546875,2762,0.53955078125,0.5126953125,5,6,40,0.56,2435,1,HY2216
Comparative Environmental Ethics,PH3216,Arts and Social Science,Philosophy,0.5185546875,2762,0.54150390625,0.50732421875,6,5,22,0.31,2453,1,PH3216
War and Southeast Asia,SE2217,Arts and Social Science,Southeast Asian Studies,0.518359363079071,2763,0.560546875,0.5107421875,6,5,27,0.38,2448,1,SE2217
Logic and its Limits,PH2114,Arts and Social Science,Philosophy,0.518261730670929,2764,0.52685546875,0.51171875,5,6,24,0.34,2451,1,PH2114
Theory from the South: Critical Perspectives,YSS4252,Yale-NUS College,Yale-NUS College,0.5181640386581421,2765,0.5322265625,0.51025390625,5,6,30,0.42,2445,1,YSS4252
Historiography of the Zuo Zhuan,YHU4259,Yale-NUS College,Yale-NUS College,0.5181640386581421,2765,0.5439453125,0.5,6,5,7,0.1,2468,1,YHU4259
Money,YHU2268,Yale-NUS College,Yale-NUS College,0.518017590045929,2766,0.52392578125,0.51220703125,8,3,35,0.49,2440,1,YHU2268
History of Non-Western Film,EN3880A,Arts and Social Science,"English,Ling.andTheatre Studies",0.517871081829071,2767,0.5546875,0.50390625,10,1,12,0.17,2463,1,EN3880A
Issues in Aesthetics,PH4243,Arts and Social Science,Philosophy,0.517822265625,2768,0.546875,0.50537109375,9,2,13,0.18,2462,2,PH4243; PH4243HM
Law and Religion,LL4042V,Law,FoL Dean's Office,0.5176757574081421,2769,0.53173828125,0.5068359375,1,10,14,0.2,2461,1,LL4042V
Issues in Metaphysics,PH4240,Arts and Social Science,Philosophy,0.517626941204071,2770,0.55126953125,0.5029296875,6,5,17,0.24,2458,2,PH4240; PH4240HM
Advanced Ancient Greek Prose,YLG3201,Yale-NUS College,Yale-NUS College,0.5174804925918579,2771,0.5341796875,0.50634765625,4,7,11,0.15,2464,1,YLG3201
Nineteenth Century Literature & Culture,EN3223,Arts and Social Science,"English,Ling.andTheatre Studies",0.5174316167831421,2772,0.56494140625,0.50048828125,5,6,9,0.13,2466,1,EN3223
A History of the 20th Century and Beyond,HY4235,Arts and Social Science,History,0.517333984375,2773,0.55224609375,0.50439453125,5,6,16,0.23,2459,2,HY4235; HY4235HM
English Women Novelists 1800‐1900,EN4226,Arts and Social Science,"English,Ling.andTheatre Studies",0.5172363519668579,2774,0.54638671875,0.50390625,6,5,11,0.15,2464,1,EN4226
The English Renaissance,EN3221,Arts and Social Science,"English,Ling.andTheatre Studies",0.51708984375,2775,0.55908203125,0.5078125,6,5,15,0.21,2460,1,EN3221
Cultural heritage: The Politics of Protecting the Past,SC4880C,Arts and Social Science,Sociology and Anthropology,0.5169922113418579,2776,0.55615234375,0.50244140625,9,2,12,0.17,2463,2,SC4880C; SC4880CHM
Globalizing India: The Politics of Economic Change,SN2233,Arts and Social Science,South Asian Studies,0.5169433355331421,2777,0.54345703125,0.505859375,6,5,33,0.46,2442,1,SN2233
Global Modernisms,YHU3310,Yale-NUS College,Yale-NUS College,0.5169433355331421,2777,0.5595703125,0.5029296875,7,4,13,0.18,2462,1,YHU3310
Advanced Topics in Buddhist Philosophy,YHU4279,Yale-NUS College,Yale-NUS College,0.516894519329071,2778,0.5263671875,0.51318359375,7,4,20,0.28,2455,1,YHU4279
Art of India,SN3880A,Arts and Social Science,South Asian Studies,0.5167480707168579,2779,0.5458984375,0.50390625,7,4,11,0.15,2464,1,SN3880A
Shakespeare & the Shape of Life: Intro to the Plays,YHU2243,Yale-NUS College,Yale-NUS College,0.5167480707168579,2779,0.57177734375,0.509765625,5,6,14,0.2,2461,1,YHU2243
Social Philosophy and Policy,GEK2034,Arts and Social Science,Philosophy,0.5166260004043579,2780,0.5546875,0.492919921875,6,5,9,0.13,2466,2,GEK2034; PH2220
Gender Studies,SC2220,Arts and Social Science,Sociology and Anthropology,0.5166015625,2781,0.52294921875,0.51171875,5,6,25,0.35,2450,1,SC2220
Small States in Peace and War,YSS4274,Yale-NUS College,Yale-NUS College,0.5166015625,2781,0.52587890625,0.50732421875,7,4,27,0.38,2448,1,YSS4274
Topics in Cultural Studies,EN4244,Arts and Social Science,"English,Ling.andTheatre Studies",0.5166015625,2781,0.5478515625,0.5068359375,6,5,17,0.24,2458,2,EN4244; EN4244HM
Introducing Laos (with Introductory Thai),SFI2084,NUS,Office of the Provost,0.516552746295929,2782,0.53125,0.51123046875,4,7,16,0.23,2459,1,SFI2084
Introduction to Comparative Philosophy,PH3218,Arts and Social Science,Philosophy,0.516357421875,2783,0.5400390625,0.50927734375,8,3,24,0.34,2451,1,PH3218
South and Southeast Asia: Early Contacts,SN4261,Arts and Social Science,South Asian Studies,0.5162597894668579,2784,0.5205078125,0.5146484375,7,4,54,0.76,2421,2,SN4261; SN4261HM
Theoretical Foundations Of Criminal Law,LL4057V,Law,FoL Dean's Office,0.5162109136581421,2785,0.53076171875,0.50830078125,5,6,14,0.2,2461,1,LL4057V
Dynamical Systems,MA4233,Science,Mathematics,0.516162097454071,2786,0.53759765625,0.5068359375,5,6,19,0.27,2456,1,MA4233
The Self,PH3242,Arts and Social Science,Philosophy,0.516162097454071,2786,0.521484375,0.50830078125,2,9,16,0.23,2459,1,PH3242
Social Movements in Muslim Majority Societies,YSS3350,Yale-NUS College,Yale-NUS College,0.516064465045929,2787,0.5234375,0.51220703125,5,6,44,0.62,2431,1,YSS3350
Nietzsche,PH4262,Arts and Social Science,Philosophy,0.5160156488418579,2788,0.52685546875,0.50439453125,3,8,12,0.17,2463,2,PH4262; PH4262HM
Rhetoric and Politics,PS4220,Arts and Social Science,Political Science,0.515673816204071,2789,0.52490234375,0.51025390625,5,6,41,0.58,2434,2,PS4220; PS4220HM
Money and the Rise of the State,YHU3337,Yale-NUS College,Yale-NUS College,0.515429675579071,2790,0.52001953125,0.51123046875,8,3,24,0.34,2451,1,YHU3337
Introduction to Legal Theory (I),LC1002I,Law,FoL Dean's Office,0.515380859375,2791,0.541015625,0.50146484375,2,9,9,0.13,2466,1,LC1002I
The Nature of the State,YID3232,Yale-NUS College,Yale-NUS College,0.5152832269668579,2792,0.541015625,0.501953125,4,7,10,0.14,2465,1,YID3232
The Aesthetics of Fear: Horror & the Philosophy of Art,YHU2303,Yale-NUS College,Yale-NUS College,0.5152343511581421,2793,0.525390625,0.50537109375,8,3,22,0.31,2453,1,YHU2303
An Introduction to Literary Studies,EN1101E,Arts and Social Science,"English,Ling.andTheatre Studies",0.5152343511581421,2793,0.53857421875,0.50830078125,4,7,17,0.24,2458,2,EN1101E; GEK1000
Twenty-First Century British Fiction,EN3219,Arts and Social Science,"English,Ling.andTheatre Studies",0.5151122808456421,2794,0.5595703125,0.499755859375,5,6,7,0.1,2468,1,EN3219
"Einstein, Gravity, and the Discovery of Black Holes",YSC3268,Yale-NUS College,Yale-NUS College,0.5149170160293579,2795,0.53125,0.497802734375,5,6,8,0.11,2467,1,YSC3268
Cosmology,PC4232,Science,Physics,0.514892578125,2796,0.53125,0.505859375,3,8,13,0.18,2462,1,PC4232
The History of History,YHU4206,Yale-NUS College,Yale-NUS College,0.5147460699081421,2797,0.6123046875,0.50048828125,5,6,4,0.06,2471,1,YHU4206
Topics in IR: International Society,PS4882I,Arts and Social Science,Political Science,0.5147460699081421,2797,0.5263671875,0.5078125,5,6,14,0.2,2461,2,PS4882I; PS4882IHM
Moral Philosophy,PH3203,Arts and Social Science,Philosophy,0.514697253704071,2798,0.517578125,0.50390625,1,10,14,0.2,2461,1,PH3203
Ecocriticism and Popular Culture,UTW1001O,Non-Faculty-based Departments,Center for Engl Lang Comms,0.5146239995956421,2799,0.5341796875,0.491455078125,3,8,8,0.11,2467,1,UTW1001O
Greek Philosophy (Aristotle),PH3222,Arts and Social Science,Philosophy,0.5142822265625,2800,0.55859375,0.499267578125,5,6,9,0.13,2466,1,PH3222
Proseminar Lit Studies: How to Do Things with Literature,YHU3210D,Yale-NUS College,Yale-NUS College,0.5142822265625,2800,0.572265625,0.497802734375,4,7,7,0.1,2468,1,YHU3210D
The Use of Force in International Law,LL4228,Law,FoL Dean's Office,0.5142577886581421,2801,0.525390625,0.50927734375,4,7,20,0.28,2455,2,LL4228; LL4228V
What Impacts Health?,MIH1101,Yong Loo Lin Sch of Medicine,Physiology,0.5142577886581421,2801,0.5625,0.50146484375,6,5,9,0.13,2466,1,MIH1101
Political Order and One-Party Rule,YSS4224,Yale-NUS College,Yale-NUS College,0.51416015625,2802,0.54150390625,0.50732421875,6,5,11,0.15,2464,1,YSS4224
Generalized Linear Models,YSC4238,Yale-NUS College,Yale-NUS College,0.51416015625,2802,0.54443359375,0.497802734375,5,6,8,0.11,2467,1,YSC4238
Neoliberalism,YSS3320,Yale-NUS College,Yale-NUS College,0.5140625238418579,2803,0.52880859375,0.51171875,4,7,52,0.73,2423,1,YSS3320
Topics in Economic History,YSS3333,Yale-NUS College,Yale-NUS College,0.5140380859375,2804,0.5361328125,0.495849609375,8,3,8,0.11,2467,1,YSS3333
Latin American Realities,YHU3302,Yale-NUS College,Yale-NUS College,0.5140136480331421,2805,0.53955078125,0.50048828125,7,4,9,0.13,2466,1,YHU3302
Metaphilosophy and the Politics of Knowing,YHU2340,Yale-NUS College,Yale-NUS College,0.5140136480331421,2805,0.52294921875,0.505859375,7,4,17,0.24,2458,1,YHU2340
International Relations of South Asia,SN3223,Arts and Social Science,South Asian Studies,0.513964831829071,2806,0.53662109375,0.505859375,6,5,14,0.2,2461,1,SN3223
Readings in Neo-Daoism,YHU3368,Yale-NUS College,Yale-NUS College,0.513964831829071,2806,0.52880859375,0.50341796875,7,4,11,0.15,2464,1,YHU3368
Engendering History/Historicising Gender,HY3245,Arts and Social Science,History,0.513842761516571,2807,0.58544921875,0.494384765625,9,2,6,0.08,2469,1,HY3245
War and Peace in Northern Ireland,YHU3402,Yale-NUS College,Yale-NUS College,0.5137695074081421,2808,0.51708984375,0.5078125,5,6,12,0.17,2463,1,YHU3402
Aristotle on Happiness: The Nicomachean Ethics,YHU4272,Yale-NUS College,Yale-NUS College,0.513720691204071,2809,0.5244140625,0.5107421875,2,9,18,0.25,2457,1,YHU4272
History and Theory of Western Theatre 2,TS3231,Arts and Social Science,"English,Ling.andTheatre Studies",0.5136474370956421,2810,0.5478515625,0.496826171875,8,3,6,0.08,2469,1,TS3231
The International Relations of Sub-Saharan Africa,PS3272,Arts and Social Science,Political Science,0.513623058795929,2811,0.54052734375,0.50439453125,8,3,17,0.24,2458,1,PS3272
Backgrounds to Western Literature and Culture,EN2201,Arts and Social Science,"English,Ling.andTheatre Studies",0.513427734375,2812,0.53271484375,0.501953125,6,5,16,0.23,2459,1,EN2201
The Amarna Letters: Diplomacy in the Late Bronze Age,YHU3313,Yale-NUS College,Yale-NUS College,0.513427734375,2812,0.5390625,0.50537109375,5,6,15,0.21,2460,1,YHU3313
Politics and the Visual,GEK3005,Arts and Social Science,Political Science,0.513354480266571,2813,0.55615234375,0.49658203125,8,3,6,0.08,2469,2,GEK3005; PS3260
Palestinian Politics in Changing Middle East,YSS3292,Yale-NUS College,Yale-NUS College,0.5132812261581421,2814,0.52197265625,0.5087890625,4,7,18,0.25,2457,1,YSS3292
Society & Economy in Late Imperial China,HY3205,Arts and Social Science,History,0.5132812261581421,2814,0.5205078125,0.50439453125,8,3,12,0.17,2463,1,HY3205
"Monuments, Memorials, and Commemoration",NTW2003,NUS College,NUS College Dean's Office,0.513134777545929,2815,0.5302734375,0.50341796875,6,5,11,0.15,2464,1,NTW2003
The Struggle for Modern China since 1800,HY2207,Arts and Social Science,History,0.512988269329071,2816,0.548828125,0.4990234375,8,3,7,0.1,2468,1,HY2207
Terrorism & Insurgencies in Contemporary World Politics,YSS3321,Yale-NUS College,Yale-NUS College,0.512939453125,2817,0.53076171875,0.509765625,6,5,21,0.3,2454,1,YSS3321
Grasping Infinity: Paradoxes and Applications,HS2928,Arts and Social Science,Philosophy,0.512939453125,2817,0.5361328125,0.5048828125,5,6,11,0.15,2464,1,HS2928
The Anatomy of Crime,UTC2118,Residential College,Tembusu College,0.512890636920929,2818,0.51953125,0.5029296875,6,5,10,0.14,2465,1,UTC2118
Introduction to Philosophy Of Science,GEM2025,Arts and Social Science,Philosophy,0.512744128704071,2819,0.529296875,0.50244140625,5,6,12,0.17,2463,2,GEM2025; PH2201
Chance and Uncertainty,PH3243,Arts and Social Science,Philosophy,0.512646496295929,2820,0.5205078125,0.50390625,5,6,11,0.15,2464,1,PH3243
Japan and Korea,JS2232,Arts and Social Science,Japanese Studies,0.5125732421875,2821,0.54931640625,0.4921875,8,3,6,0.08,2469,1,JS2232
The Rule of Law,LL4331,Law,FoL Dean's Office,0.5125488042831421,2822,0.5205078125,0.5087890625,4,7,19,0.27,2456,1,LL4331
Democracy and Its Discontents (Athens to the Present),YSS3340,Yale-NUS College,Yale-NUS College,0.5124756097793579,2823,0.5205078125,0.497314453125,4,7,9,0.13,2466,1,YSS3340
The Politics of Knowledge,PS4229,Arts and Social Science,Political Science,0.512402355670929,2824,0.529296875,0.5078125,6,5,12,0.17,2463,2,PS4229; PS4229HM
Religion in Society & Culture,AN3204,Arts and Social Science,Sociology and Anthropology,0.5123535394668579,2825,0.52783203125,0.50244140625,7,4,10,0.14,2465,2,AN3204; SC3208
Explanation and Causation,YHU4276,Yale-NUS College,Yale-NUS College,0.5123046636581421,2826,0.53369140625,0.5009765625,5,6,9,0.13,2466,1,YHU4276
Buddhism In Southeast Asian History,HY3262,Arts and Social Science,History,0.51220703125,2827,0.5419921875,0.5048828125,4,7,18,0.25,2457,1,HY3262
Social Norms: A Philosophical Introduction,YHU2338,Yale-NUS College,Yale-NUS College,0.512158215045929,2828,0.51953125,0.509765625,3,8,49,0.69,2426,1,YHU2338
Law and the Humanities,LL4491,Law,FoL Dean's Office,0.5121093988418579,2829,0.5263671875,0.5048828125,5,6,16,0.23,2459,2,LL4491; LL4491V
Philosophy and Film,GEK2040,Arts and Social Science,Philosophy,0.512036144733429,2830,0.54736328125,0.497314453125,7,4,8,0.11,2467,2,GEK2040; PH2224
What is Race?,NHS2074,NUS College,NUS College Dean's Office,0.512011706829071,2831,0.5361328125,0.50439453125,3,8,16,0.23,2459,1,NHS2074
Anthropology & Human Condition,AN1101E,Arts and Social Science,Sociology and Anthropology,0.511962890625,2832,0.5322265625,0.50439453125,9,2,15,0.21,2460,1,AN1101E
Darwin and Evolution,GEM1536,Science,Biological Sciences,0.511792004108429,2833,0.5341796875,0.494384765625,4,7,7,0.1,2468,5,GEM1536; GET1020; GET1020T; GEX1007; GEX1007T
Powerful Court Women from Qing China and Other Cultures,GEC1049,Arts and Social Science,Chinese Studies,0.511792004108429,2833,0.54541015625,0.49853515625,10,1,5,0.07,2470,1,GEC1049
More is Different: Emergence in Physical Systems,YSC1220,Yale-NUS College,Yale-NUS College,0.511669933795929,2834,0.54736328125,0.5009765625,4,7,8,0.11,2467,1,YSC1220
"Darwin: History, Science and the Evolution of Life",HSI2017,Science,Biological Sciences,0.511669933795929,2834,0.53271484375,0.50244140625,5,6,10,0.14,2465,1,HSI2017
Strange Times: Issues in Contemporary Literature,EN3253,Arts and Social Science,"English,Ling.andTheatre Studies",0.511474609375,2835,0.56591796875,0.49365234375,6,5,4,0.06,2471,1,EN3253
Seminar in European Politics,PS4312,Arts and Social Science,Political Science,0.511425793170929,2836,0.52734375,0.50244140625,7,4,16,0.23,2459,2,PS4312; PS4312HM
Arts of Memory: Public Recollection & Memory Training,NHS2014,NUS College,NUS College Dean's Office,0.511425793170929,2836,0.52099609375,0.5029296875,7,4,10,0.14,2465,1,NHS2014
"Contemporary Populism: Logic, Method and Implications",YHU3378,Yale-NUS College,Yale-NUS College,0.5113281011581421,2837,0.52880859375,0.5,7,4,8,0.11,2467,1,YHU3378
Theatre and Orientalism,TS3248,Arts and Social Science,"English,Ling.andTheatre Studies",0.51123046875,2838,0.537109375,0.494873046875,10,1,6,0.08,2469,1,TS3248
Spatial Decision-Making,GE4240,Arts and Social Science,Geography,0.510693371295929,2839,0.5595703125,0.50146484375,7,4,9,0.13,2466,2,GE4240; GE4240HM
International Refugee Law,LL4340,Law,FoL Dean's Office,0.5106201171875,2840,0.5302734375,0.499755859375,5,6,6,0.08,2469,2,LL4340; LL4340V
Global Theatres,TS2221,Arts and Social Science,"English,Ling.andTheatre Studies",0.510302722454071,2841,0.52197265625,0.49609375,9,2,8,0.11,2467,1,TS2221
Political Parties & Elections,PS4202,Arts and Social Science,Political Science,0.5102783441543579,2842,0.51708984375,0.499267578125,7,4,9,0.13,2466,2,PS4202; PS4202HM
"Bodies, Genders and Sexualities in History",YHU2329,Yale-NUS College,Yale-NUS College,0.5101562738418579,2843,0.5478515625,0.4931640625,9,2,6,0.08,2469,1,YHU2329
From Monarchy to Military: History of Myanmar,HY3247,Arts and Social Science,History,0.509960949420929,2844,0.55859375,0.49755859375,3,8,8,0.11,2467,1,HY3247
Philosophy of Social Science,PH3201,Arts and Social Science,Philosophy,0.509960949420929,2844,0.52978515625,0.497314453125,6,5,8,0.11,2467,1,PH3201
Critical Theory and Hermeneutics,EU2222,Arts and Social Science,Philosophy,0.5098876953125,2845,0.53271484375,0.497802734375,8,3,9,0.13,2466,2,EU2222; PH2219
"Empire, Nation, and Decolonization",YSS3349,Yale-NUS College,Yale-NUS College,0.509814441204071,2846,0.52294921875,0.50439453125,6,5,12,0.17,2463,1,YSS3349
Writing Women: Friendships in Fiction,NHT2213,NUS College,NUS College Dean's Office,0.5096679925918579,2847,0.546875,0.5,4,7,8,0.11,2467,1,NHT2213
New Queer Cinema: Women on Screen,YHU3373,Yale-NUS College,Yale-NUS College,0.5096435546875,2848,0.53125,0.497802734375,8,3,9,0.13,2466,1,YHU3373
The Nature of Truth,PH3251,Arts and Social Science,Philosophy,0.509472668170929,2849,0.5205078125,0.5009765625,3,8,9,0.13,2466,1,PH3251
Game Theory and International Relations,YSS2238,Yale-NUS College,Yale-NUS College,0.509472668170929,2849,0.5234375,0.5048828125,7,4,12,0.17,2463,1,YSS2238
Civil-Military Relations,PS3265,Arts and Social Science,Political Science,0.5093749761581421,2850,0.52001953125,0.50341796875,5,6,13,0.18,2462,1,PS3265
"Boulevards, Arcades and Sewers: Paris 1830-1870",YSS3308,Yale-NUS College,Yale-NUS College,0.509326159954071,2851,0.51904296875,0.50244140625,5,6,10,0.14,2465,1,YSS3308
Effective Reasoning,GEK2048,Arts and Social Science,Philosophy,0.50927734375,2852,0.52587890625,0.5,4,7,9,0.13,2466,3,GEK2048; GET1026; GEX1012
English Women Novelists: the Brontës to George Eliot,YHU3281,Yale-NUS College,Yale-NUS College,0.509033203125,2853,0.5439453125,0.4853515625,6,5,5,0.07,2470,1,YHU3281
Literatures of the Islamic World,YHU2312,Yale-NUS College,Yale-NUS College,0.509033203125,2853,0.52734375,0.49462890625,5,6,6,0.08,2469,1,YHU2312
Topics in Psychology: Thinking,YSS4206D,Yale-NUS College,Yale-NUS College,0.5090087652206421,2854,0.55322265625,0.492431640625,7,4,5,0.07,2470,1,YSS4206D
Metric and Topological Spaces,MA3209,Science,Mathematics,0.508959949016571,2855,0.529296875,0.4970703125,6,5,5,0.07,2470,1,MA3209
Ideological Origins of US Foreign Policy,HY4225,Arts and Social Science,History,0.508959949016571,2855,0.53271484375,0.499267578125,6,5,6,0.08,2469,2,HY4225; HY4225HM
Film Theory,EN4247,Arts and Social Science,"English,Ling.andTheatre Studies",0.5089355707168579,2856,0.53759765625,0.487548828125,6,5,7,0.1,2468,2,EN4247; EN4247HM
Politics and Emotion,NHS2040,NUS,NUS College Dean's Office,0.508740246295929,2857,0.5205078125,0.50341796875,3,8,23,0.32,2452,1,NHS2040
Japanese Film and Literature,JS3216,Arts and Social Science,Japanese Studies,0.508374035358429,2858,0.5458984375,0.48974609375,8,3,5,0.07,2470,1,JS3216
Luck,GEC1028,Arts and Social Science,Economics,0.50830078125,2859,0.51123046875,0.505859375,3,8,25,0.35,2450,2,GEC1028; GEH1074
Love: Histories of an Emotion,HY2267,Arts and Social Science,History,0.5081542730331421,2860,0.5322265625,0.490478515625,7,4,7,0.1,2468,1,HY2267
Introducing the Philippines,SFI2052,NUS,Office of the Provost,0.5078369379043579,2861,0.55029296875,0.499267578125,8,3,7,0.1,2468,1,SFI2052
1989: The End of the Cold War,YHU3314,Yale-NUS College,Yale-NUS College,0.507739245891571,2862,0.5419921875,0.49609375,7,4,5,0.07,2470,1,YHU3314
The Study of War,PS4216,Arts and Social Science,Political Science,0.5076659917831421,2863,0.515625,0.49755859375,6,5,6,0.08,2469,2,PS4216; PS4216HM
Continental Political Theory,YSS4298,Yale-NUS College,Yale-NUS College,0.5076659917831421,2863,0.51806640625,0.498046875,5,6,8,0.11,2467,1,YSS4298
Psychology of Gender,PL4225,Arts and Social Science,Psychology,0.507519543170929,2864,0.5419921875,0.48779296875,5,6,5,0.07,2470,2,PL4225; PL4225HM
"Reason, Secularization & Multiculturalism",NHS3005,NUS,NUS College Dean's Office,0.507373034954071,2865,0.5244140625,0.49560546875,7,4,6,0.08,2469,1,NHS3005
The Genealogy of Affect Theory,EN3252,Arts and Social Science,"English,Ling.andTheatre Studies",0.50732421875,2866,0.5205078125,0.5,6,5,8,0.11,2467,1,EN3252
Recent Continental European Philosophy,EU4223,Arts and Social Science,Philosophy,0.507275402545929,2867,0.52294921875,0.50341796875,5,6,14,0.2,2461,4,EU4223; EU4223HM; PH4214; PH4214HM
International Law's Regulation of Violence,GL4889A,Arts and Social Science,Political Science,0.507250964641571,2868,0.537109375,0.49365234375,3,8,5,0.07,2470,2,GL4889A; GL4889AHM
Writing Global India: (Dis)Possessions of Capitalism,EN4262,Arts and Social Science,"English,Ling.andTheatre Studies",0.507006824016571,2869,0.53662109375,0.497314453125,8,3,7,0.1,2468,2,EN4262; EN4262HM
Buddhists and Brahmins: Kumārila Bhaṭṭa and Dignāga,YHU4262,Yale-NUS College,Yale-NUS College,0.507006824016571,2869,0.533203125,0.4951171875,6,5,6,0.08,2469,1,YHU4262
The Meaning of Colour,HS2917,Arts and Social Science,"English,Ling.andTheatre Studies",0.5069335699081421,2870,0.52490234375,0.501953125,3,8,10,0.14,2465,1,HS2917
"The Making of Modern India, 1856-1947",SN2279,Arts and Social Science,South Asian Studies,0.5068114995956421,2871,0.54052734375,0.4990234375,6,5,7,0.1,2468,1,SN2279
Medieval Western Political Thought,PS3269,Arts and Social Science,Political Science,0.506665050983429,2872,0.52001953125,0.497314453125,7,4,6,0.08,2469,1,PS3269
Functional Analysis,MA4211,Science,Mathematics,0.506640613079071,2873,0.515625,0.5,3,8,8,0.11,2467,1,MA4211
Islamic and Hindu Political Thought,PS2232,Arts and Social Science,Political Science,0.5066162347793579,2874,0.5283203125,0.494384765625,8,3,4,0.06,2471,1,PS2232
Gospels as Literature,YHU3315,Yale-NUS College,Yale-NUS College,0.506542980670929,2875,0.537109375,0.4990234375,5,6,5,0.07,2470,1,YHU3315
Political Philosophy after World War II,YSS3351,Yale-NUS College,Yale-NUS College,0.506542980670929,2875,0.53662109375,0.4951171875,4,7,7,0.1,2468,1,YSS3351
Framing Bollywood: Unpacking The Magic,GEH1009,Arts and Social Science,South Asian Studies,0.5064697265625,2876,0.55615234375,0.498291015625,7,4,4,0.06,2471,4,GEH1009; GEM1050; GEX1000; GEX1000T
Forbidden Romance in Modern Times: East and West,GEC1045,Arts and Social Science,Chinese Studies,0.506396472454071,2877,0.53564453125,0.48828125,6,5,7,0.1,2468,1,GEC1045
Major Moral Philosophers,PH2203,Arts and Social Science,Philosophy,0.506396472454071,2877,0.50927734375,0.50048828125,2,9,9,0.13,2466,1,PH2203
American Literature I,AS3231,Arts and Social Science,"English,Ling.andTheatre Studies",0.50634765625,2878,0.5537109375,0.484130859375,5,6,4,0.06,2471,2,AS3231; EN3231
Keyboard Literature: Genres throughout History,MUA2203,YST Conservatory of Music,YSTCM Dean's Office,0.5062011480331421,2879,0.568359375,0.485595703125,4,7,5,0.07,2470,1,MUA2203
Autotheory and Contemporary Autofiction,EN4249,Arts and Social Science,"English,Ling.andTheatre Studies",0.506152331829071,2880,0.5458984375,0.491943359375,7,4,5,0.07,2470,2,EN4249; EN4249HM
Epistemology,PH2243,Arts and Social Science,Philosophy,0.5059570074081421,2881,0.52734375,0.496826171875,7,4,5,0.07,2470,1,PH2243
Shortcuts: The Aesthetics of Brevity,YHU2333,Yale-NUS College,Yale-NUS College,0.505810558795929,2882,0.52294921875,0.492919921875,7,4,7,0.1,2468,1,YHU2333
Consciousness,PH3241,Arts and Social Science,Philosophy,0.5057373046875,2883,0.537109375,0.49462890625,5,6,6,0.08,2469,2,PH3241; YHU2282
Black Consciousness and the Struggle Against Apartheid,YHU3391,Yale-NUS College,Yale-NUS College,0.505664050579071,2884,0.51123046875,0.498779296875,6,5,8,0.11,2467,1,YHU3391
Crime: Introduction to Anthropology of Law,LL4552,Law,FoL Dean's Office,0.505566418170929,2885,0.556640625,0.495361328125,5,6,4,0.06,2471,1,LL4552
The Bandung Conference of 1955,YHU3263,Yale-NUS College,Yale-NUS College,0.505541980266571,2886,0.521484375,0.49462890625,6,5,6,0.08,2469,1,YHU3263
Topics in American Literature,AS4232,Arts and Social Science,"English,Ling.andTheatre Studies",0.505297839641571,2887,0.55419921875,0.487060546875,5,6,5,0.07,2470,4,AS4232; AS4232HM; EN4232; EN4232HM
"Literary Activism: Texts, Aesthetics, & Politics",YHU3272,Yale-NUS College,Yale-NUS College,0.505297839641571,2887,0.5849609375,0.486572265625,6,5,3,0.04,2472,1,YHU3272
Introducing Laos,SFI2082,NUS,Office of the Provost,0.5052245855331421,2888,0.51318359375,0.50146484375,4,7,5,0.07,2470,1,SFI2082
Western Political Thought,EU2218,Arts and Social Science,Political Science,0.5051513910293579,2889,0.5205078125,0.499267578125,5,6,9,0.13,2466,2,EU2218; PS2231
Science Fiction and Philosophy,GEK2041,Arts and Social Science,Philosophy,0.505126953125,2890,0.5302734375,0.489501953125,5,6,5,0.07,2470,3,GEK2041; GET1025; GEX1011
"Pirates, Oceans and the Maritime World",GEC1003,Arts and Social Science,History,0.504956066608429,2891,0.51220703125,0.49658203125,6,5,8,0.11,2467,3,GEC1003; GEH1013; GEK2049
"Confronting the Holocaust in Text, Film and Music",YHU3338,Yale-NUS College,Yale-NUS College,0.504931628704071,2892,0.5185546875,0.497802734375,5,6,6,0.08,2469,1,YHU3338
Politics of the Middle East,GEK2025,Arts and Social Science,Political Science,0.504833996295929,2893,0.5283203125,0.493896484375,6,5,6,0.08,2469,2,GEK2025; PS2255
Close Reading and Its Alternatives,NHS2006,NUS College,NUS College Dean's Office,0.504638671875,2894,0.54736328125,0.490966796875,4,7,4,0.06,2471,1,NHS2006
Junior Seminar: The Darwinian Revolution,GEM1902B,Residential College,Tembusu College,0.5046142339706421,2895,0.5322265625,0.4931640625,5,6,3,0.04,2472,2,GEM1902B; UTC1102B
Continental Political Thought,YSS3332,Yale-NUS College,Yale-NUS College,0.504589855670929,2896,0.51416015625,0.4970703125,5,6,8,0.11,2467,1,YSS3332
Making Sense of Colonial Ideology and Its Legacies,NHS2017,NUS College,NUS College Dean's Office,0.5045410394668579,2897,0.5146484375,0.4990234375,9,2,5,0.07,2470,1,NHS2017
The Making of Modern Europe,HY2264,Arts and Social Science,History,0.504467785358429,2898,0.51220703125,0.49169921875,5,6,5,0.07,2470,1,HY2264
Ancient Greek Tragedy and Fifth-century Athens,YHU3362,Yale-NUS College,Yale-NUS College,0.50439453125,2899,0.5712890625,0.489501953125,6,5,2,0.03,2473,1,YHU3362
World Religious Poetry,YHU3259,Yale-NUS College,Yale-NUS College,0.50439453125,2899,0.53466796875,0.4892578125,7,4,5,0.07,2470,1,YHU3259
Metropolis: The City in World History,GEC1030,Arts and Social Science,History,0.5042968988418579,2900,0.55029296875,0.48388671875,6,5,4,0.06,2471,2,GEC1030; GEH1077
Topics in Buddhism,PH4208,Arts and Social Science,Philosophy,0.5042968988418579,2900,0.52099609375,0.49755859375,8,3,3,0.04,2472,2,PH4208; PH4208HM
Politics and Film,PS3256,Arts and Social Science,Political Science,0.5042724609375,2901,0.533203125,0.489501953125,8,3,5,0.07,2470,2,PS3256; YSS3361
Populism and the Future of Democracy,PS3310,Arts and Social Science,Political Science,0.504150390625,2902,0.52099609375,0.50048828125,4,7,9,0.13,2466,1,PS3310
"Emotions, Feelings, Affects",YSS3327,Yale-NUS College,Yale-NUS College,0.5040527582168579,2903,0.52001953125,0.493896484375,3,8,8,0.11,2467,1,YSS3327
Indian Buddhist Philosophy,YHU3214,Yale-NUS College,Yale-NUS College,0.5040283203125,2904,0.5244140625,0.49609375,7,4,4,0.06,2471,1,YHU3214
The Trial of Jesus in Western Legal Thought,LL4219,Law,FoL Dean's Office,0.5040283203125,2904,0.51220703125,0.49853515625,3,8,7,0.1,2468,1,LL4219
Representing War,NHS2001,NUS College,NUS College Dean's Office,0.5039306879043579,2905,0.515625,0.494384765625,6,5,6,0.08,2469,1,NHS2001
The Rise of China and International Order,PS3247,Arts and Social Science,Political Science,0.5038818120956421,2906,0.55859375,0.4912109375,5,6,3,0.04,2472,1,PS3247
Greek Philosophy (Socrates and Plato),GEK2036,Arts and Social Science,Philosophy,0.503710925579071,2907,0.53515625,0.4921875,6,5,4,0.06,2471,2,GEK2036; PH2222
Comparative Philosophy,PH4213,Arts and Social Science,Philosophy,0.503710925579071,2907,0.513671875,0.49755859375,7,4,7,0.1,2468,2,PH4213; PH4213HM
Perspectives on Cultures of Death,AN4205,Arts and Social Science,Sociology and Anthropology,0.503662109375,2908,0.5126953125,0.497802734375,7,4,5,0.07,2470,1,AN4205
"Trauma, Loss, Exile and the Literary Imagination",YHU4234,Yale-NUS College,Yale-NUS College,0.5036376714706421,2909,0.5537109375,0.48828125,7,4,3,0.04,2472,1,YHU4234
"The First Opium War, 1839‐42",YHU3230,Yale-NUS College,Yale-NUS College,0.5035644769668579,2910,0.521484375,0.495849609375,7,4,5,0.07,2470,1,YHU3230
"Volcanos, Climate, and Society in the 19th Century",YID3219,Yale-NUS College,Yale-NUS College,0.5035156011581421,2911,0.56591796875,0.489990234375,5,6,3,0.04,2472,1,YID3219
How We Read Today,EN2208,Arts and Social Science,"English,Ling.andTheatre Studies",0.503344714641571,2912,0.5361328125,0.490234375,6,5,3,0.04,2472,1,EN2208
Rebellion and Revolution in Vietnamese History,YHU3285,Yale-NUS College,Yale-NUS College,0.503247082233429,2913,0.541015625,0.490234375,6,5,4,0.06,2471,1,YHU3285
Introduction to Modern Algebra,YSC3237,Yale-NUS College,Yale-NUS College,0.5031982660293579,2914,0.55322265625,0.49169921875,6,5,3,0.04,2472,1,YSC3237
Introduction to African Lit: Sub-Saharan Journeys,YHU2325,Yale-NUS College,Yale-NUS College,0.5031493902206421,2915,0.51708984375,0.495849609375,4,7,3,0.04,2472,1,YHU2325
Buddhist Philosophy,PH3208,Arts and Social Science,Philosophy,0.503100574016571,2916,0.5166015625,0.495361328125,7,4,5,0.07,2470,1,PH3208
Historical Controversies in Psychology,PL4242,Arts and Social Science,Psychology,0.5028076171875,2917,0.525390625,0.49755859375,6,5,2,0.03,2473,2,PL4242; PL4242HM
Cinematic Body Genres and the Framing of Affect,NHS2104,NUS College,NUS College Dean's Office,0.5027099847793579,2918,0.5341796875,0.48681640625,8,3,5,0.07,2470,1,NHS2104
FS: Biopolitics,FMA1207H,Arts and Social Science,History,0.502636730670929,2919,0.513671875,0.49072265625,3,8,5,0.07,2470,1,FMA1207H
Rome and the Genealogy of Urban Life,GEC1053,Arts and Social Science,History,0.5025879144668579,2920,0.5146484375,0.49169921875,3,8,9,0.13,2466,1,GEC1053
Tragedy,EN3268,Arts and Social Science,"English,Ling.andTheatre Studies",0.5025879144668579,2920,0.53857421875,0.488037109375,6,5,3,0.04,2472,1,EN3268
Advanced Latin: Catullus,YHU3324,Yale-NUS College,Yale-NUS College,0.5025390386581421,2921,0.509765625,0.497802734375,7,4,7,0.1,2468,1,YHU3324
Major Playwrights of the 20th Century,TS2239,Arts and Social Science,"English,Ling.andTheatre Studies",0.502514660358429,2922,0.53076171875,0.491943359375,5,6,3,0.04,2472,1,TS2239
Introduction to Game Theory,YSS1205,Yale-NUS College,Yale-NUS College,0.502197265625,2923,0.517578125,0.493896484375,6,5,5,0.07,2470,1,YSS1205
American Literature II,AS3232,Arts and Social Science,"English,Ling.andTheatre Studies",0.502148449420929,2924,0.5400390625,0.487060546875,4,7,4,0.06,2471,2,AS3232; EN3232
The Making of Colonial Indochina,HY3217,Arts and Social Science,History,0.502148449420929,2924,0.51513671875,0.497314453125,3,8,3,0.04,2472,1,HY3217
"Social, Political and Economic Change in India",SN4233,Arts and Social Science,South Asian Studies,0.502001941204071,2925,0.5078125,0.49560546875,7,4,6,0.08,2469,2,SN4233; SN4233HM
"Writing With Theory: Race, Gender, Ecology",EN2211,Arts and Social Science,"English,Ling.andTheatre Studies",0.5019286870956421,2926,0.5517578125,0.488525390625,6,5,4,0.06,2471,1,EN2211
Bad Love in 20C Literature,YHU2305,Yale-NUS College,Yale-NUS College,0.501904308795929,2927,0.56591796875,0.48876953125,7,4,2,0.03,2473,1,YHU2305
Environmental Pollution,GE4237,Arts and Social Science,Geography,0.5016845464706421,2928,0.55029296875,0.47802734375,8,3,5,0.07,2470,2,GE4237; GE4237HM
Lu Xun and Modern China,CH2246,Arts and Social Science,Chinese Studies,0.5016113519668579,2929,0.52392578125,0.486328125,7,4,5,0.07,2470,2,CH2246; CH3274
How to escape despotism?,NHS2096,NUS College,NUS College Dean's Office,0.5016113519668579,2929,0.50439453125,0.49267578125,2,9,6,0.08,2469,1,NHS2096
The Anthropological Imagination,YSS3277,Yale-NUS College,Yale-NUS College,0.50146484375,2930,0.54833984375,0.48681640625,8,3,3,0.04,2472,1,YSS3277
Comparing Deviance: Perverts & Scandalous Improprieties,SC3229,Arts and Social Science,Sociology and Anthropology,0.50146484375,2930,0.51416015625,0.49365234375,7,4,4,0.06,2471,1,SC3229
Death and the Meaning of Life,YHU2209,Yale-NUS College,Yale-NUS College,0.5011962652206421,2931,0.51123046875,0.4951171875,9,2,4,0.06,2471,1,YHU2209
Politics on Screen,GEK2043,Arts and Social Science,Political Science,0.501171886920929,2932,0.51220703125,0.4921875,5,6,5,0.07,2470,2,GEK2043; PS2256
Issues in Epistemology,PH4211,Arts and Social Science,Philosophy,0.5011230707168579,2933,0.51806640625,0.49072265625,6,5,3,0.04,2472,2,PH4211; PH4211HM
"Pompeii: Art, Urban Life & Culture in the Roman Empire",YHU3225,Yale-NUS College,Yale-NUS College,0.5010741949081421,2934,0.52294921875,0.48486328125,7,4,4,0.06,2471,1,YHU3225
"Virtue, Reason and Nature",YHU2321,Yale-NUS College,Yale-NUS College,0.5009765625,2935,0.50244140625,0.5,2,9,3,0.04,2472,1,YHU2321
Real and Imagined Animals in Medieval Literature,YHU2330,Yale-NUS College,Yale-NUS College,0.5008300542831421,2936,0.525390625,0.486083984375,5,6,3,0.04,2472,1,YHU2330
The Great War and Modern Memory,YHU3370,Yale-NUS College,Yale-NUS College,0.5007568597793579,2937,0.525390625,0.491455078125,7,4,4,0.06,2471,1,YHU3370
Religion and Politics in South Asia,YSS3242,Yale-NUS College,Yale-NUS College,0.5007079839706421,2938,0.509765625,0.4912109375,6,5,4,0.06,2471,1,YSS3242
Borders and Boundaries,YSS4282,Yale-NUS College,Yale-NUS College,0.5007079839706421,2938,0.5078125,0.4951171875,6,5,3,0.04,2472,1,YSS4282
Gender and Literature,EN3244,Arts and Social Science,"English,Ling.andTheatre Studies",0.500537097454071,2939,0.54248046875,0.4892578125,4,7,3,0.04,2472,1,EN3244
Phenomenology and Existentialism,YHU3335,Yale-NUS College,Yale-NUS College,0.500537097454071,2939,0.52587890625,0.494140625,3,8,2,0.03,2473,1,YHU3335
Contemporary Political Theory,PS4201,Arts and Social Science,Political Science,0.500317394733429,2940,0.5068359375,0.496337890625,5,6,1,0.01,2474,3,PS4201; PS4201HM; YSS3280
The Biology and Phenomenology of Pain,NST2006,NUS College,NUS College Dean's Office,0.500292956829071,2941,0.5302734375,0.486572265625,4,7,3,0.04,2472,1,NST2006
"Usurpation and Authority, 1558-1674",EN4880A,Arts and Social Science,"English,Ling.andTheatre Studies",0.5001465082168579,2942,0.5595703125,0.484375,7,4,3,0.04,2472,2,EN4880A; EN4880AHM
Realism and Naturalism,YHU2302,Yale-NUS College,Yale-NUS College,0.500073254108429,2943,0.54736328125,0.48046875,5,6,3,0.04,2472,1,YHU2302
Populism,YSS3310,Yale-NUS College,Yale-NUS College,0.5000244379043579,2944,0.52978515625,0.49267578125,7,4,1,0.01,2474,1,YSS3310
Ethics and Aesthetics: The Moral Value of Representational Art,NHS2012,NUS College,NUS College Dean's Office,0.5,2945,0.53857421875,0.487060546875,9,2,2,0.03,2473,1,NHS2012
Regionalism in American Landscapes,AS3233,Arts and Social Science,History,0.49995118379592896,2946,0.55810546875,0.486328125,7,4,2,0.03,2473,1,AS3233
The Anthropology of Politics and Law: An Introduction,YSS2231,Yale-NUS College,Yale-NUS College,0.4999023377895355,2947,0.50732421875,0.49658203125,6,5,2,0.03,2473,1,YSS2231
The Object of Modern Drama,YHU3395,Yale-NUS College,Yale-NUS College,0.4997314512729645,2948,0.552734375,0.480224609375,6,5,2,0.03,2473,1,YHU3395
Living in the Nuclear World,GEC1022,Arts and Social Science,Southeast Asian Studies,0.4996581971645355,2949,0.50732421875,0.48779296875,4,7,6,0.08,2469,2,GEC1022; GEH1059
Political Theology,PS4211,Arts and Social Science,Political Science,0.4996093809604645,2950,0.51708984375,0.489501953125,5,6,3,0.04,2472,2,PS4211; PS4211HM
Women in Film,UTW1001S,Non-Faculty-based Departments,Center for Engl Lang Comms,0.49958497285842896,2951,0.521484375,0.486328125,6,5,5,0.07,2470,1,UTW1001S
Law and Violence,NHS3004,NUS,NUS College Dean's Office,0.4993896484375,2952,0.50634765625,0.495849609375,4,7,1,0.01,2474,1,NHS3004
"Law, Crime, and Punishment in History",HY2257,Arts and Social Science,History,0.49931639432907104,2953,0.56396484375,0.478759765625,4,7,3,0.04,2472,1,HY2257
Asian Cinema: The Silent Era,GEC1038,Arts and Social Science,Chinese Studies,0.49909669160842896,2954,0.55126953125,0.484619140625,9,2,3,0.04,2472,3,GEC1038; GEH1007; GEM1049
British Comic Fiction: The 20th Century,YHU3321,Yale-NUS College,Yale-NUS College,0.49909669160842896,2954,0.52880859375,0.486572265625,4,7,2,0.03,2473,1,YHU3321
Democratic Theory,PS3232,Arts and Social Science,Political Science,0.49897462129592896,2955,0.51416015625,0.493408203125,7,4,2,0.03,2473,3,PS3232; YHU3266; YSS3356
Narai: Siam’s Worldly King and the Revolution of 1688,YHU3355,Yale-NUS College,Yale-NUS College,0.49882811307907104,2956,0.51953125,0.47802734375,4,7,5,0.07,2470,1,YHU3355
Introduction to Indian Thought,GEK2027,Arts and Social Science,Philosophy,0.4988037049770355,2957,0.53173828125,0.487548828125,6,5,3,0.04,2472,3,GEK2027; PH2204; SN2273
The Cold War in Southeast Asia,SE4225,Arts and Social Science,Southeast Asian Studies,0.49812012910842896,2958,0.53271484375,0.48388671875,8,3,2,0.03,2473,2,SE4225; SE4225HM
Anthropology of Sovereignty and Freedom,YSS4290,Yale-NUS College,Yale-NUS College,0.49812012910842896,2958,0.5048828125,0.489013671875,2,9,5,0.07,2470,1,YSS4290
Pynchon and the Poetics of Information,EN4234,Arts and Social Science,"English,Ling.andTheatre Studies",0.498046875,2959,0.55810546875,0.48486328125,7,4,2,0.03,2473,2,EN4234; EN4234HM
Arthropods and the Anthropocene,YSC3258,Yale-NUS College,Yale-NUS College,0.4980224668979645,2960,0.53466796875,0.482421875,4,7,2,0.03,2473,1,YSC3258
Continental Political Theory: Freedom and the Iron Cage,PS4298,Arts and Social Science,Political Science,0.49797362089157104,2961,0.51025390625,0.489990234375,3,8,4,0.06,2471,1,PS4298
Europe since 1945 in Film,EU2224,Arts and Social Science,History,0.49763184785842896,2962,0.52490234375,0.485595703125,10,1,2,0.03,2473,1,EU2224
More than art imitates life: Women and Men in Film,UTC2728,Residential College,Residential College 4,0.49755859375,2963,0.52880859375,0.48583984375,6,5,2,0.03,2473,1,UTC2728
"Universe, Big Bang, and Unsolved Mysteries",GET1043,Science,Physics,0.4974121153354645,2964,0.50439453125,0.489501953125,8,3,2,0.03,2473,3,GET1043; GEX1024; GEX1024T
Psychology of Religion,PL4880P,Arts and Social Science,Psychology,0.4972167909145355,2965,0.57275390625,0.48046875,7,4,2,0.03,2473,2,PL4880P; PL4880PHM
Shakespeare in His Time and Ours,EN3229,Arts and Social Science,"English,Ling.andTheatre Studies",0.4971923828125,2966,0.53564453125,0.4873046875,3,8,3,0.04,2472,1,EN3229
"Religions, Secularity, Post-Secularity",SC4218,Arts and Social Science,Sociology and Anthropology,0.4971923828125,2966,0.5185546875,0.4892578125,7,4,3,0.04,2472,2,SC4218; SC4218HM
Social Psychology of the Unconscious,PL4239,Arts and Social Science,Psychology,0.4970703125,2967,0.5146484375,0.486328125,4,7,3,0.04,2472,2,PL4239; PL4239HM
Philosophy of Art,GEK2002,Arts and Social Science,Philosophy,0.4970459043979645,2968,0.53662109375,0.482666015625,8,3,3,0.04,2472,2,GEK2002; PH2209
Topics in Lit. 2: The Subject of Reading,NHS2003,NUS College,NUS College Dean's Office,0.4969726502895355,2969,0.51171875,0.487548828125,6,5,4,0.06,2471,1,NHS2003
The Self and Society: The Novel of Development,YHU4249,Yale-NUS College,Yale-NUS College,0.4969482421875,2970,0.50244140625,0.491455078125,1,10,5,0.07,2470,1,YHU4249
Ignorance and Knowing,UTC1113,Residential College,Tembusu College,0.49677735567092896,2971,0.51513671875,0.489501953125,6,5,3,0.04,2472,1,UTC1113
Theorizing the State,YSS4286,Yale-NUS College,Yale-NUS College,0.4962402284145355,2972,0.50830078125,0.491455078125,5,6,3,0.04,2472,1,YSS4286
Phenomenology,PH4207,Arts and Social Science,Philosophy,0.4961914122104645,2973,0.5126953125,0.492431640625,5,6,1,0.01,2474,2,PH4207; PH4207HM
Issues in Philosophical Logic,PH4241,Arts and Social Science,Philosophy,0.49604493379592896,2974,0.51025390625,0.486328125,4,7,3,0.04,2472,2,PH4241; PH4241HM
Metaphysics of Human Nature,YHU3234,Yale-NUS College,Yale-NUS College,0.49592286348342896,2975,0.51416015625,0.489501953125,5,6,2,0.03,2473,1,YHU3234
The Political Theory of Hannah Arendt,YSS4276,Yale-NUS College,Yale-NUS College,0.49567872285842896,2976,0.51904296875,0.482421875,8,3,2,0.03,2473,1,YSS4276
Democratic Backsliding,YSS4297,Yale-NUS College,Yale-NUS College,0.4955078065395355,2977,0.51025390625,0.4921875,5,6,1,0.01,2474,1,YSS4297
Warring States China Intellectual and Political History,YHU3224,Yale-NUS College,Yale-NUS College,0.4953857362270355,2978,0.51904296875,0.488525390625,5,6,1,0.01,2474,1,YHU3224
"Sex, Decadence and Decay: Weimar Berlin (1918-33)",YHU3299,Yale-NUS College,Yale-NUS College,0.49528807401657104,2979,0.50341796875,0.490966796875,6,5,1,0.01,2474,1,YHU3299
Histories of the Body,HY2269,Arts and Social Science,History,0.4950927793979645,2980,0.537109375,0.4765625,7,4,2,0.03,2473,1,HY2269
Anthropology of Militarization,YSS3354,Yale-NUS College,Yale-NUS College,0.49506837129592896,2981,0.50927734375,0.48681640625,5,6,2,0.03,2473,1,YSS3354
Appearance and Reality,PH3244,Arts and Social Science,Philosophy,0.4947265684604645,2982,0.5107421875,0.48974609375,6,5,2,0.03,2473,1,PH3244
Rome in Antiquity,YHU3339,Yale-NUS College,Yale-NUS College,0.4947265684604645,2982,0.52001953125,0.491455078125,4,7,1,0.01,2474,1,YHU3339
Greek Thinkers,PH4209,Arts and Social Science,Philosophy,0.49470216035842896,2983,0.509765625,0.487548828125,7,4,1,0.01,2474,2,PH4209; PH4209HM
Food and Ethics in Roman Literature and Culture,YHU3248,Yale-NUS College,Yale-NUS College,0.4945068359375,2984,0.51123046875,0.48681640625,2,9,3,0.04,2472,1,YHU3248
Reading the Horror Film,EN3248,Arts and Social Science,"English,Ling.andTheatre Studies",0.4944824278354645,2985,0.5185546875,0.48828125,5,6,2,0.03,2473,1,EN3248
Political Islam,PS3225,Arts and Social Science,Political Science,0.4944091737270355,2986,0.501953125,0.484619140625,4,7,5,0.07,2470,1,PS3225
The Anthropology of Popular Culture,YSS4216,Yale-NUS College,Yale-NUS College,0.49418944120407104,2987,0.521484375,0.486572265625,3,8,1,0.01,2474,1,YSS4216
Philosophical Issues in Law,LL4541,Law,FoL Dean's Office,0.4941162168979645,2988,0.50537109375,0.485595703125,2,9,1,0.01,2474,2,LL4541; LL4541V
Hume and Kant,PH2207,Arts and Social Science,Philosophy,0.49406737089157104,2989,0.52685546875,0.484130859375,2,9,1,0.01,2474,1,PH2207
Philosophy and Literature,PH3214,Arts and Social Science,Philosophy,0.49396973848342896,2990,0.54638671875,0.478271484375,7,4,2,0.03,2473,1,PH3214
World Literature and its Discontents,YHU2233,Yale-NUS College,Yale-NUS College,0.4939208924770355,2991,0.5537109375,0.482421875,7,4,2,0.03,2473,1,YHU2233
War Termination and the Stability of Peace,PS4235,Arts and Social Science,Political Science,0.4936767518520355,2992,0.5126953125,0.484130859375,6,5,2,0.03,2473,2,PS4235; PS4235HM
Plato on Love and Death,YHU4266,Yale-NUS College,Yale-NUS College,0.49335938692092896,2993,0.50634765625,0.48486328125,7,4,2,0.03,2473,1,YHU4266
State and Society in the Ancient Near East,YHU2318,Yale-NUS College,Yale-NUS College,0.49323731660842896,2994,0.5126953125,0.487060546875,5,6,2,0.03,2473,1,YHU2318
Liberalism and Its Critics,YSS3326,Yale-NUS College,Yale-NUS College,0.4929443299770355,2995,0.50244140625,0.48583984375,6,5,1,0.01,2474,1,YSS3326
Comparative Analysis of Human Rights,SC4221,Arts and Social Science,Sociology and Anthropology,0.49260252714157104,2996,0.50390625,0.486572265625,7,4,2,0.03,2473,2,SC4221; SC4221HM
Making Sense of Violence,SC4228,Arts and Social Science,Sociology and Anthropology,0.4924072325229645,2997,0.5126953125,0.48388671875,5,6,2,0.03,2473,2,SC4228; SC4228HM
The Anthropology of Human Rights,YSS4229,Yale-NUS College,Yale-NUS College,0.4924072325229645,2997,0.50146484375,0.4853515625,9,2,0,0.0,2475,1,YSS4229
The Politics of European Integration,PS3880H,Arts and Social Science,Political Science,0.49235838651657104,2998,0.5205078125,0.478759765625,7,4,2,0.03,2473,1,PS3880H
Late 20th Century French Philosophy,YHU2260,Yale-NUS College,Yale-NUS College,0.4921630918979645,2999,0.51611328125,0.482666015625,6,5,2,0.03,2473,1,YHU2260
Topics in Buddhist Philosophy,YHU3388,Yale-NUS College,Yale-NUS College,0.49213868379592896,3000,0.505859375,0.483642578125,7,4,2,0.03,2473,1,YHU3388
Europe of the Dictators,EU3212,Arts and Social Science,History,0.49187010526657104,3001,0.49365234375,0.49072265625,2,9,0,0.0,2475,2,EU3212; HY3227
Religion-State Relations in Comparative Perspective,YSS4267,Yale-NUS College,Yale-NUS College,0.49162596464157104,3002,0.498291015625,0.487548828125,4,7,0,0.0,2475,1,YSS4267
Be Water My Friend: Why We Fight the Way We Do,NHS2095,NUS College,NUS College Dean's Office,0.4912109375,3003,0.50537109375,0.482177734375,5,6,1,0.01,2474,1,NHS2095
Upheaval in Europe: 1848-1918,EU2213,Arts and Social Science,History,0.4910888671875,3004,0.5068359375,0.487548828125,3,8,1,0.01,2474,2,EU2213; HY2231
Love's Word: Reading across Literature and Philosophy,EN2277,Arts and Social Science,"English,Ling.andTheatre Studies",0.49101561307907104,3005,0.50927734375,0.481689453125,9,2,2,0.03,2473,1,EN2277
Vasubandhu,YHU3320,Yale-NUS College,Yale-NUS College,0.49101561307907104,3005,0.5166015625,0.4833984375,3,8,2,0.03,2473,1,YHU3320
Jonathan Swift,EN4251,Arts and Social Science,"English,Ling.andTheatre Studies",0.4908447265625,3006,0.517578125,0.482666015625,5,6,1,0.01,2474,2,EN4251; EN4251HM
The Philosophy of Simone de Beauvoir,YSS3318,Yale-NUS College,Yale-NUS College,0.49079591035842896,3007,0.51171875,0.48193359375,6,5,2,0.03,2473,1,YSS3318
Introduction to Political Theory,PS2258,Arts and Social Science,Political Science,0.49079591035842896,3007,0.50048828125,0.484130859375,7,4,0,0.0,2475,1,PS2258
Republican Political Theory,YSS3283,Yale-NUS College,Yale-NUS College,0.49072265625,3008,0.53662109375,0.476318359375,7,4,2,0.03,2473,1,YSS3283
Major Political Thinkers,PS4217,Arts and Social Science,Political Science,0.49064940214157104,3009,0.51123046875,0.48486328125,4,7,1,0.01,2474,2,PS4217; PS4217HM
Modern Chinese Literature,CH2221,Arts and Social Science,Chinese Studies,0.4906249940395355,3010,0.54541015625,0.476318359375,6,5,2,0.03,2473,3,CH2221; CH2221S; CH3226
Grand Strategy in Peace and War,HY4234,Arts and Social Science,History,0.49028319120407104,3011,0.498291015625,0.4873046875,5,6,0,0.0,2475,2,HY4234; HY4234HM
Literary Genres: Ancient Epic and Gangster Film,YHU2256,Yale-NUS College,Yale-NUS College,0.4902099668979645,3012,0.5234375,0.47412109375,8,3,2,0.03,2473,1,YHU2256
Philosophical Logic,PH3247,Arts and Social Science,Philosophy,0.49006348848342896,3013,0.51416015625,0.47998046875,6,5,2,0.03,2473,1,PH3247
Rivers of India: Divinity & Sacred Space,SN3278,Arts and Social Science,South Asian Studies,0.48981934785842896,3014,0.49462890625,0.482666015625,8,3,0,0.0,2475,1,SN3278
Poetry in/and/of the World,YHU3332,Yale-NUS College,Yale-NUS College,0.48969727754592896,3015,0.51318359375,0.4736328125,6,5,1,0.01,2474,1,YHU3332
"Religion, Ritual and Magic",YSS2223,Yale-NUS College,Yale-NUS College,0.48942869901657104,3016,0.50390625,0.48388671875,5,6,1,0.01,2474,1,YSS2223
The Short Story as a Global Form,EN4880C,Arts and Social Science,"English,Ling.andTheatre Studies",0.489013671875,3017,0.52001953125,0.47705078125,6,5,2,0.03,2473,2,EN4880C; EN4880CHM
The Politics of Adapting to Climate Change,YSS3347,Yale-NUS College,Yale-NUS College,0.4889892637729645,3018,0.55810546875,0.472900390625,4,7,1,0.01,2474,1,YSS3347
Comparative Constitutional Government,LL4256,Law,FoL Dean's Office,0.4889892637729645,3018,0.50244140625,0.483154296875,6,5,1,0.01,2474,1,LL4256
International Relations in Political Thought,PS4311,Arts and Social Science,Political Science,0.4889160096645355,3019,0.50927734375,0.480224609375,9,2,1,0.01,2474,2,PS4311; PS4311HM
Debates on Human Rights,GL4889B,Arts and Social Science,Political Science,0.4888916015625,3020,0.51318359375,0.480224609375,6,5,1,0.01,2474,2,GL4889B; GL4889BHM
Politics of Non-Violence,PS4215,Arts and Social Science,Political Science,0.4888916015625,3020,0.492431640625,0.4853515625,2,9,0,0.0,2475,2,PS4215; PS4215HM
Philosophy and Political Thought 1,YCC1113,Yale-NUS College,Yale-NUS College,0.488525390625,3021,0.490234375,0.48681640625,1,10,0,0.0,2475,1,YCC1113
Political Inquiry,PS3257,Arts and Social Science,Political Science,0.4885009825229645,3022,0.50244140625,0.48388671875,9,2,1,0.01,2474,1,PS3257
Major Political Philosophers,PH2202,Arts and Social Science,Philosophy,0.48847657442092896,3023,0.5048828125,0.4775390625,7,4,1,0.01,2474,1,PH2202
Modern Political Philosophy: Machiavelli to Nietzsche,YSS2248,Yale-NUS College,Yale-NUS College,0.48833006620407104,3024,0.491943359375,0.48193359375,3,8,0,0.0,2475,1,YSS2248
Literature and Humanities 1,YCC1111,Yale-NUS College,Yale-NUS College,0.48798829317092896,3025,0.5224609375,0.4755859375,6,5,2,0.03,2473,1,YCC1111
Sick Lit: Illness in Literature,EN3880C,Arts and Social Science,"English,Ling.andTheatre Studies",0.48762208223342896,3026,0.529296875,0.47802734375,7,4,1,0.01,2474,1,EN3880C
Debate and Reasoning in Indian Philosophy,YHU3297,Yale-NUS College,Yale-NUS College,0.48735350370407104,3027,0.51806640625,0.477294921875,9,2,1,0.01,2474,1,YHU3297
Philosophy of Religion,PH2211,Arts and Social Science,Philosophy,0.4873046875,3028,0.49658203125,0.482666015625,4,7,0,0.0,2475,2,PH2211; YHU3265
Existentialist Political Theory,PS4233,Arts and Social Science,Political Science,0.48725587129592896,3029,0.51220703125,0.48193359375,6,5,1,0.01,2474,2,PS4233; PS4233HM
"Sacrifice, Sex, and Power in Medieval Kashmir",YHU3291,Yale-NUS College,Yale-NUS College,0.4867187440395355,3030,0.501953125,0.4755859375,6,5,1,0.01,2474,1,YHU3291
Philosophy of Mind,PH2241,Arts and Social Science,Philosophy,0.4865966737270355,3031,0.5224609375,0.471923828125,5,6,2,0.03,2473,1,PH2241
Topics in Western Philosophy,PH4210,Arts and Social Science,Philosophy,0.486572265625,3032,0.5029296875,0.484375,3,8,1,0.01,2474,2,PH4210; PH4210HM
Fictions of the Supernatural,EN2212,Arts and Social Science,"English,Ling.andTheatre Studies",0.48576658964157104,3033,0.505859375,0.4697265625,5,6,1,0.01,2474,1,EN2212
The Arab Defeat of 1967 and its Aesthetic Afterlives,YHU3333,Yale-NUS College,Yale-NUS College,0.4849609434604645,3034,0.49560546875,0.478759765625,9,2,0,0.0,2475,1,YHU3333
Oppression and Injustice,YHU2280,Yale-NUS College,Yale-NUS College,0.4848388731479645,3035,0.5107421875,0.473876953125,7,4,1,0.01,2474,1,YHU2280
The Economics of Inequality,YSS4249,Yale-NUS College,Yale-NUS College,0.4847168028354645,3036,0.49951171875,0.4716796875,5,6,0,0.0,2475,2,YSS4249; YSS4260
Philosophy of Human Rights,YHU3357,Yale-NUS College,Yale-NUS College,0.4842529296875,3037,0.51171875,0.4765625,9,2,1,0.01,2474,1,YHU3357
Ghosts and Spirits in Society and Culture,GEC1024,Arts and Social Science,Sociology and Anthropology,0.4842285215854645,3038,0.494140625,0.4794921875,7,4,0,0.0,2475,2,GEC1024; GEH1062
Karl Marx and the Age of Revolutions,YHU3352,Yale-NUS College,Yale-NUS College,0.4835205078125,3039,0.5,0.470458984375,7,4,0,0.0,2475,1,YHU3352
The Ancient World: The Roman Empire,HY2262,Arts and Social Science,History,0.4835205078125,3039,0.5166015625,0.477783203125,5,6,1,0.01,2474,1,HY2262
Recent Philosophy,PH3206,Arts and Social Science,Philosophy,0.48320311307907104,3040,0.492431640625,0.4765625,6,5,0,0.0,2475,1,PH3206
Learning to Choose Better,ALS1020,Non-Faculty-based Departments,Office of the Provost,0.4831298887729645,3041,0.489501953125,0.475341796875,5,6,0,0.0,2475,1,ALS1020
Literature and Psychoanalysis,EN3241,Arts and Social Science,"English,Ling.andTheatre Studies",0.4830566346645355,3042,0.5419921875,0.47021484375,9,2,1,0.01,2474,1,EN3241
Colonialism and Decolonization,YSS3302,Yale-NUS College,Yale-NUS College,0.48291015625,3043,0.5,0.470947265625,7,4,0,0.0,2475,1,YSS3302
Whatever it takes? Making War on Civilians,GEC1031,Arts and Social Science,History,0.4827636778354645,3044,0.494873046875,0.478759765625,5,6,0,0.0,2475,2,GEC1031; GEH1079
The Bacchae of Euripides,YHU3340,Yale-NUS College,Yale-NUS College,0.48261719942092896,3045,0.5263671875,0.468994140625,7,4,1,0.01,2474,1,YHU3340
Hollywood in the 1930s,YHU3312,Yale-NUS College,Yale-NUS College,0.4822021424770355,3046,0.53515625,0.470458984375,5,6,1,0.01,2474,1,YHU3312
Roman Literary Cultures,YHU2211,Yale-NUS College,Yale-NUS College,0.48139649629592896,3047,0.5185546875,0.471923828125,8,3,1,0.01,2474,1,YHU2211
A Major Philosopher,PH4206,Arts and Social Science,Philosophy,0.4813476502895355,3048,0.51025390625,0.470703125,6,5,1,0.01,2474,2,PH4206; PH4206HM
Modernist America,YHU3390,Yale-NUS College,Yale-NUS College,0.4812255799770355,3049,0.50439453125,0.4658203125,6,5,1,0.01,2474,1,YHU3390
Issues in Indian Philosophy,PH3204,Arts and Social Science,Philosophy,0.4810791015625,3050,0.483642578125,0.477294921875,7,4,0,0.0,2475,2,PH3204; SN3272
Exploring the Socratic Dialogue,YHU3401,Yale-NUS College,Yale-NUS College,0.48103028535842896,3051,0.486572265625,0.474365234375,2,9,0,0.0,2475,1,YHU3401
Topics in History,HY3880,Arts and Social Science,History,0.4808593690395355,3052,0.572265625,0.464111328125,8,3,1,0.01,2474,3,HY3880; HY4880; HY4880HM
Topics in the Eighteenth Century,EN4222,Arts and Social Science,"English,Ling.andTheatre Studies",0.47980958223342896,3053,0.491943359375,0.470703125,7,4,0,0.0,2475,2,EN4222; EN4222HM
Understanding Irony,NHS2002,NUS College,NUS College Dean's Office,0.4794921875,3054,0.509765625,0.46923828125,5,6,1,0.01,2474,1,NHS2002
Rome from City State to Empire,YHU2314,Yale-NUS College,Yale-NUS College,0.4791503846645355,3055,0.51513671875,0.47314453125,2,9,1,0.01,2474,1,YHU2314
Comparative Democratic Politics,PS4228,Arts and Social Science,Political Science,0.47907716035842896,3056,0.48828125,0.4765625,5,6,0,0.0,2475,2,PS4228; PS4228HM
Global Philosophy of Metaphor,YHU3372,Yale-NUS College,Yale-NUS College,0.4789794981479645,3057,0.491943359375,0.470458984375,6,5,0,0.0,2475,1,YHU3372
Topics in Indian Philosophy,PH4204,Arts and Social Science,Philosophy,0.47893065214157104,3058,0.48681640625,0.47314453125,9,2,0,0.0,2475,2,PH4204; PH4204HM
Advanced Latin: Ovid’s Metamorphoses,YHU3329,Yale-NUS College,Yale-NUS College,0.47871094942092896,3059,0.50341796875,0.46484375,4,7,1,0.01,2474,1,YHU3329
Metaphysics of Gender,YHU3398,Yale-NUS College,Yale-NUS College,0.47868651151657104,3060,0.48974609375,0.470947265625,5,6,0,0.0,2475,1,YHU3398
Quantification and Modality,PH3250,Arts and Social Science,Philosophy,0.4784179627895355,3061,0.49853515625,0.4697265625,4,7,0,0.0,2475,1,PH3250
Ancient Greek Philosophy,YHU2252,Yale-NUS College,Yale-NUS College,0.47802734375,3062,0.4921875,0.4677734375,5,6,0,0.0,2475,1,YHU2252
The Anthropology of Dreams and Sleep,YSS4228,Yale-NUS College,Yale-NUS College,0.47795408964157104,3063,0.51171875,0.466796875,6,5,1,0.01,2474,1,YSS4228
What is a Planet?,HSI2009,Science,Physics,0.4778808653354645,3064,0.48681640625,0.4716796875,5,6,0,0.0,2475,1,HSI2009
Cold War in East Asia,HY3254,Arts and Social Science,History,0.47785645723342896,3065,0.51171875,0.463623046875,8,3,2,0.03,2473,1,HY3254
Modern Middle East History: From 1699 to the Present,HY2261,Arts and Social Science,History,0.47783201932907104,3066,0.51708984375,0.46875,8,3,1,0.01,2474,1,HY2261
Theories of Freedom,YSS3339,Yale-NUS College,Yale-NUS College,0.4777587950229645,3067,0.483642578125,0.476806640625,3,8,0,0.0,2475,1,YSS3339
Topics in Int’l Criminal Law (A): Aggression,LL4016A,Law,FoL Dean's Office,0.4776855409145355,3068,0.490478515625,0.46484375,6,5,0,0.0,2475,1,LL4016A
Kant,PH4261,Arts and Social Science,Philosophy,0.4776611328125,3069,0.493408203125,0.470458984375,3,8,0,0.0,2475,3,PH4261; PH4261HM; YHU3212
"South Asian Democracies - Violence, Conflict, and Hope",SN2213,Arts and Social Science,South Asian Studies,0.4773925840854645,3070,0.495849609375,0.47021484375,4,7,0,0.0,2475,1,SN2213
Masculinities on Film,UTW2001S,Non-Faculty-based Departments,Center for Engl Lang Comms,0.47709959745407104,3071,0.49951171875,0.4658203125,5,6,0,0.0,2475,1,UTW2001S
Nuclear Politics,YSS2237,Yale-NUS College,Yale-NUS College,0.4767822325229645,3072,0.5048828125,0.468017578125,6,5,1,0.01,2474,1,YSS2237
US Foreign Policy,PS3242,Arts and Social Science,Political Science,0.4764404296875,3073,0.490234375,0.466796875,8,3,0,0.0,2475,2,PS3242; YSS3238
Identity and Western Literature,GEK2018,Arts and Social Science,"English,Ling.andTheatre Studies",0.476318359375,3074,0.50732421875,0.460693359375,4,7,1,0.01,2474,1,GEK2018
Restitution of Unjust Enrichment,LL4316V,Law,FoL Dean's Office,0.4762939512729645,3075,0.4853515625,0.47119140625,4,7,0,0.0,2475,1,LL4316V
Novel Evidence:19th-Century British Fiction and the Law,YHU4217,Yale-NUS College,Yale-NUS College,0.47626954317092896,3076,0.494873046875,0.466064453125,2,9,0,0.0,2475,1,YHU4217
Making America Modern,AS3240,Arts and Social Science,History,0.4760986268520355,3077,0.481689453125,0.471923828125,5,6,0,0.0,2475,2,AS3240; HY3240
Advanced Latin: Catiline in the Roman Elite Imagination,YHU3325,Yale-NUS College,Yale-NUS College,0.4759277403354645,3078,0.49267578125,0.462158203125,6,5,0,0.0,2475,1,YHU3325
Meaning of Home and Identity in the Diaspora,UTW1001K,NUS,Center for Engl Lang Comms,0.4759277403354645,3078,0.484130859375,0.470703125,4,7,0,0.0,2475,1,UTW1001K
History of Crises: Europe's 20th Century,YHU2307,Yale-NUS College,Yale-NUS College,0.4758544862270355,3079,0.51123046875,0.469482421875,7,4,1,0.01,2474,1,YHU2307
Early Modern Empiricism,YHU3356,Yale-NUS College,Yale-NUS College,0.47575682401657104,3080,0.48876953125,0.465576171875,4,7,0,0.0,2475,1,YHU3356
Einstein's Universe & Quantum Weirdness,GEH1027,Science,Physics,0.47575682401657104,3080,0.5107421875,0.4599609375,5,6,1,0.01,2474,1,GEH1027
Genocide and Memory,NTW2022,NUS,NUS College Dean's Office,0.47539061307907104,3081,0.494140625,0.4677734375,9,2,0,0.0,2475,1,NTW2022
"Slurs, Insults & Hate Speech: Pragmatics of Pejoratives",YHU3350,Yale-NUS College,Yale-NUS College,0.4750732481479645,3082,0.490234375,0.468017578125,6,5,0,0.0,2475,1,YHU3350
"Heretics and Deviants: Writing, Rebellion, and Islam",YHU3260,Yale-NUS College,Yale-NUS College,0.4749999940395355,3083,0.51025390625,0.462890625,10,1,1,0.01,2474,1,YHU3260
What is Gender?,NHS3001,NUS College,NUS College Dean's Office,0.47453612089157104,3084,0.48486328125,0.467529296875,6,5,0,0.0,2475,1,NHS3001
Reader-Responsibility,EN3880B,Arts and Social Science,"English,Ling.andTheatre Studies",0.47443848848342896,3085,0.499755859375,0.461181640625,7,4,0,0.0,2475,1,EN3880B
History of Philosophy,PH4217,Arts and Social Science,Philosophy,0.47382813692092896,3086,0.54052734375,0.454833984375,9,2,1,0.01,2474,2,PH4217; PH4217HM
Literature and Culture in Ancient Rome,EN2209,Arts and Social Science,"English,Ling.andTheatre Studies",0.4736328125,3087,0.490234375,0.461669921875,5,6,0,0.0,2475,1,EN2209
Capitalism and Political Theory,PS4237,Arts and Social Science,Political Science,0.4736084043979645,3088,0.4951171875,0.466552734375,6,5,0,0.0,2475,2,PS4237; PS4237HM
Introduction to Classical Arabic Philosophy,YHU2326,Yale-NUS College,Yale-NUS College,0.47321778535842896,3089,0.497802734375,0.4638671875,6,5,0,0.0,2475,1,YHU2326
"Ancient Tragedy: Gender, Politics, and Poetry",YHU3311,Yale-NUS College,Yale-NUS College,0.4725341796875,3090,0.5146484375,0.460205078125,6,5,1,0.01,2474,1,YHU3311
Epic Traditions in South- and SE-Asia,SN4276,Arts and Social Science,South Asian Studies,0.47248536348342896,3091,0.49853515625,0.457275390625,8,3,0,0.0,2475,2,SN4276; SN4276HM
Logic,GEM2006,Arts and Social Science,Philosophy,0.47185057401657104,3092,0.484130859375,0.463623046875,3,8,0,0.0,2475,3,GEM2006; GET1028; GEX1014
The Modern Middle East in the Age of Globalizations,GL4887A,Arts and Social Science,Political Science,0.47138673067092896,3093,0.4853515625,0.464599609375,4,7,0,0.0,2475,2,GL4887A; GL4887AHM
"Empire, Slavery and the Making of the Americas",YHU3238,Yale-NUS College,Yale-NUS College,0.4708007872104645,3094,0.48291015625,0.4638671875,7,4,0,0.0,2475,1,YHU3238
Ancient Greek Political Philosophy,YSS2208,Yale-NUS College,Yale-NUS College,0.47062987089157104,3095,0.48486328125,0.463623046875,6,5,0,0.0,2475,1,YSS2208
Ovid the Innovator,YHU3222,Yale-NUS College,Yale-NUS College,0.4703369140625,3096,0.481689453125,0.4619140625,5,6,0,0.0,2475,1,YHU3222
Non-Classical Logic,PH2112,Arts and Social Science,Philosophy,0.47026365995407104,3097,0.491943359375,0.459716796875,4,7,0,0.0,2475,1,PH2112
Forms of Poetry,YHU2224,Yale-NUS College,Yale-NUS College,0.46979981660842896,3098,0.495849609375,0.461669921875,8,3,0,0.0,2475,1,YHU2224
German Political Thought,PS3267,Arts and Social Science,Political Science,0.4686523377895355,3099,0.48876953125,0.45751953125,9,2,0,0.0,2475,1,PS3267
Aristotle,YHU3245,Yale-NUS College,Yale-NUS College,0.46855467557907104,3100,0.5068359375,0.457763671875,4,7,1,0.01,2474,1,YHU3245
Mexican Revolutionary Aesthetics,YHU3334,Yale-NUS College,Yale-NUS College,0.46818846464157104,3101,0.483642578125,0.46142578125,6,5,0,0.0,2475,1,YHU3334
Troy Story: Snapshots of an Evolving Legend,YHU3348,Yale-NUS College,Yale-NUS College,0.4681640565395355,3102,0.4833984375,0.46044921875,7,4,0,0.0,2475,1,YHU3348
Terrorism,YSS3366,Yale-NUS College,Yale-NUS College,0.4678710997104645,3103,0.479736328125,0.460205078125,10,1,0,0.0,2475,1,YSS3366
Philosophy and Political Thought 2,YCC1114,Yale-NUS College,Yale-NUS College,0.4676513671875,3104,0.47900390625,0.462158203125,7,4,0,0.0,2475,1,YCC1114
"Woolf, Historiography, and the Scene of the Modern",YHU3243,Yale-NUS College,Yale-NUS College,0.4674072265625,3105,0.50732421875,0.45068359375,10,1,1,0.01,2474,1,YHU3243
The Seven Deadly Sins,NHS2101,NUS College,NUS College Dean's Office,0.4663330018520355,3106,0.47216796875,0.460205078125,5,6,0,0.0,2475,1,NHS2101
Ovid the Innovator: Advanced Ancient Roman Poetry,EN4269,Arts and Social Science,"English,Ling.andTheatre Studies",0.4653076231479645,3107,0.482177734375,0.456298828125,6,5,0,0.0,2475,2,EN4269; EN4269HM
Metafictions and the Novel,EN4261,Arts and Social Science,"English,Ling.andTheatre Studies",0.4640869200229645,3108,0.49560546875,0.456787109375,7,4,0,0.0,2475,2,EN4261; EN4261HM
"The Roman Emperor Nero: Sex, Stage and Scandal",YHU3252,Yale-NUS College,Yale-NUS College,0.4640136659145355,3109,0.471435546875,0.455322265625,3,8,0,0.0,2475,1,YHU3252
The Witchcraft Trials of Colonial New England,YHU3396,Yale-NUS College,Yale-NUS College,0.46240234375,3110,0.478759765625,0.4541015625,8,3,0,0.0,2475,1,YHU3396
Christianity and Contemporary Literature/Culture,EN3266,Arts and Social Science,"English,Ling.andTheatre Studies",0.46240234375,3110,0.490966796875,0.446044921875,7,4,0,0.0,2475,1,EN3266
Maverick or Mahatma? Gandhi’s Life & Legacy,GEC1033,Arts and Social Science,South Asian Studies,0.4619384706020355,3111,0.4833984375,0.450927734375,5,6,0,0.0,2475,3,GEC1033; GEK1048; GET1009
English Women Novelists: Austen and her Predecessors,YHU3270,Yale-NUS College,Yale-NUS College,0.4616455137729645,3112,0.48095703125,0.450439453125,7,4,0,0.0,2475,1,YHU3270
Modernist Women’s Writing: 1910-1939,YHU4257,Yale-NUS College,Yale-NUS College,0.4600830078125,3113,0.5205078125,0.4453125,6,5,1,0.01,2474,1,YHU4257
"Nasty Women: Gender, Sexuality & Race in Early America",YHU3295,Yale-NUS College,Yale-NUS College,0.4596923887729645,3114,0.47216796875,0.452880859375,8,3,0,0.0,2475,1,YHU3295
Justification,YHU3380,Yale-NUS College,Yale-NUS College,0.45930176973342896,3115,0.482177734375,0.44921875,6,5,0,0.0,2475,1,YHU3380
Introduction to Sikhism,SN2278,Arts and Social Science,South Asian Studies,0.45893555879592896,3116,0.47412109375,0.45263671875,5,6,0,0.0,2475,1,SN2278
Founders of Modern Philosophy,GEK2028,Arts and Social Science,Philosophy,0.4574951231479645,3117,0.49072265625,0.4453125,6,5,0,0.0,2475,2,GEK2028; PH2206
Modern Social Thought,YCC2121,Yale-NUS College,Yale-NUS College,0.45744627714157104,3118,0.470458984375,0.448974609375,7,4,0,0.0,2475,1,YCC2121
Fiction and the Supernatural,YHU3296,Yale-NUS College,Yale-NUS College,0.4571533203125,3119,0.50244140625,0.44970703125,6,5,1,0.01,2474,1,YHU3296
Kant's Critique of Pure Reason,PH3261,Arts and Social Science,Philosophy,0.4564208984375,3120,0.4736328125,0.4482421875,5,6,0,0.0,2475,1,PH3261
The Political Philosophy of Spinoza,YHU4220,Yale-NUS College,Yale-NUS College,0.45576173067092896,3121,0.472412109375,0.451416015625,6,5,0,0.0,2475,1,YHU4220
American Government and Politics,PS2254,Arts and Social Science,Political Science,0.45573729276657104,3122,0.469970703125,0.447265625,9,2,0,0.0,2475,1,PS2254
"Cold War in Europe, 1945-1991",EU3230,Arts and Social Science,History,0.45402830839157104,3123,0.484130859375,0.44140625,8,3,0,0.0,2475,2,EU3230; HY3209
Equiano's Slave Narrative: Texts & Contexts,YHU3282,Yale-NUS College,Yale-NUS College,0.4519287049770355,3124,0.465576171875,0.443115234375,8,3,0,0.0,2475,1,YHU3282
Modern Western Political Thought,EU2204,Arts and Social Science,Political Science,0.45075684785842896,3125,0.460205078125,0.4482421875,4,7,0,0.0,2475,2,EU2204; PS2204
The Ancient World: Ancient Greece,HY2263,Arts and Social Science,History,0.4491943418979645,3126,0.493896484375,0.4384765625,7,4,0,0.0,2475,1,HY2263
From Ancient Cosmologies to Big Bang,HSI2012,Science,Physics,0.4458984434604645,3127,0.4619140625,0.43603515625,5,6,0,0.0,2475,1,HSI2012
Borges and Literary Theory,YHU4255,Yale-NUS College,Yale-NUS College,0.4450927674770355,3128,0.5146484375,0.42431640625,7,4,1,0.01,2474,1,YHU4255
Thomas Aquinas on Evil,YHU3375,Yale-NUS College,Yale-NUS College,0.4430175721645355,3129,0.450439453125,0.440185546875,7,4,0,0.0,2475,1,YHU3375
The Political Thought of the Enlightenment,YSS2239,Yale-NUS College,Yale-NUS College,0.43986815214157104,3130,0.455322265625,0.4296875,7,4,0,0.0,2475,1,YSS2239
Ancient Humour: Greece and Rome,YHU4227,Yale-NUS College,Yale-NUS College,0.43903809785842896,3131,0.46142578125,0.433349609375,7,4,0,0.0,2475,1,YHU4227
Nietzsche: An Untimely Thinker and His Times,YHU3221,Yale-NUS College,Yale-NUS College,0.43842774629592896,3132,0.443359375,0.43212890625,4,7,0,0.0,2475,1,YHU3221
Plato’s Political Thought,YSS3343,Yale-NUS College,Yale-NUS College,0.43815916776657104,3133,0.4423828125,0.430908203125,5,6,0,0.0,2475,1,YSS3343
Women Novelists: 1750-1800,EN3228,Arts and Social Science,"English,Ling.andTheatre Studies",0.4374755918979645,3134,0.44775390625,0.432373046875,9,2,0,0.0,2475,1,EN3228
Empiricism,YHU2339,Yale-NUS College,Yale-NUS College,0.43681639432907104,3135,0.454833984375,0.427490234375,8,3,0,0.0,2475,1,YHU2339
Cold War in the Global South,HY3258,Arts and Social Science,History,0.43376463651657104,3136,0.455078125,0.424072265625,8,3,0,0.0,2475,1,HY3258
Socrates on Trial,YHU3294,Yale-NUS College,Yale-NUS College,0.4327636659145355,3137,0.450927734375,0.42138671875,7,4,0,0.0,2475,1,YHU3294
Writing the Desert,YHU3367,Yale-NUS College,Yale-NUS College,0.43012696504592896,3138,0.44140625,0.420654296875,8,3,0,0.0,2475,1,YHU3367
Ancient Western Political Thought,EU2203,Arts and Social Science,Political Science,0.417724609375,3139,0.439453125,0.41259765625,4,7,0,0.0,2475,2,EU2203; PS2203
"Hinduism, Nationalism, and the Bhagavad Gita in the 20th Century",YHU3330,Yale-NUS College,Yale-NUS College,0.41748046875,3140,0.44189453125,0.40771484375,5,6,0,0.0,2475,1,YHU3330
American Political Thought,PS3259,Arts and Social Science,Political Science,0.4067138731479645,3141,0.44189453125,0.39599609375,6,5,0,0.0,2475,1,PS3259
