module code,title,faculty,mean_sim,max_sim,top5_mean_sim
PF3208,Project Leadership,College of Design and Engineering,0.46318522,0.81566197,0.76876414
FIN3102C,Investment Analysis and Portfolio Management,NUS Business School,0.4979179,0.782692,0.76851654
FIN3102D,Investment Analysis and Portfolio Management,NUS Business School,0.4979179,0.782692,0.76851654
FIN3702,Investment Analysis and Portfolio Management,NUS Business School,0.4979179,0.782692,0.76851654
FIN3702B,Investment Analysis and Portfolio Management,NUS Business School,0.4979179,0.782692,0.76851654
FIN3702A,Investment Analysis and Portfolio Management,NUS Business School,0.4979179,0.782692,0.76851654
FIN3102A,Investment Analysis and Portfolio Management,NUS Business School,0.4979179,0.782692,0.76851654
FIN3702D,Investment Analysis and Portfolio Management,NUS Business School,0.4979179,0.782692,0.76851654
FIN3702C,Investment Analysis and Portfolio Management,NUS Business School,0.4979179,0.782692,0.76851654
FIN3102B,Investment Analysis and Portfolio Management,NUS Business School,0.4979179,0.782692,0.76851654
FIN3102,Investment Analysis and Portfolio Management,NUS Business School,0.4979179,0.782692,0.76851654
TCE4282,Building Information Modeling for Project Management,Cont and Lifelong Education,0.4510629,0.77909565,0.7648527
CE4282,Building Information Modeling for Project Management,College of Design and Engineering,0.4510629,0.77909565,0.7648527
FIN4713,Advanced Portfolio Management: Securities Analysis & Valuation,NUS Business School,0.5377268,0.7624052,0.7551017
GEN2062Y,Community Activities for Seniors,NUS,0.509556,0.766304,0.75269544
FST4288,Honours Project in Food Science and Technology,Science,0.5021171,0.76450586,0.7522524
DSC4213,Analytical Tools for Consulting,NUS Business School,0.527273,0.76389617,0.75130093
EE4410,Integrated Circuit And System Design,College of Design and Engineering,0.4383056,0.7584716,0.74994457
FST3112,Food Quality Assurance and Control,Science,0.5044573,0.78686064,0.7466345
EE4410A,Integrated Circuit Design,College of Design and Engineering,0.4321761,0.75456893,0.7459985
FIN3721,Consumer Banking Wealth Management,NUS Business School,0.4864695,0.79766077,0.7455846
FIN3135,Consumer Banking Wealth Management,NUS Business School,0.4864695,0.79766077,0.7455846
CN4217R,Processing of Microelectronic Materials,College of Design and Engineering,0.49642882,0.76007634,0.7440401
CN4217E,Processing of Microelectronic Materials,Cont and Lifelong Education,0.49318618,0.74842095,0.74328387
TCN4217,Processing of Microelectronic Materials,Cont and Lifelong Education,0.49318618,0.74842095,0.74328387
CE3166,Steel Design for Urban Infrastructure,College of Design and Engineering,0.48962468,0.75984913,0.74250114
IS2108,Full-stack Software Engineering for AI Solutions I,Computing,0.45910683,0.79705393,0.73898256
CS3203,Software Engineering Project,Computing,0.46125457,0.78023136,0.7371119
LAD3003,Professional Practice,College of Design and Engineering,0.5064394,0.81313974,0.73710394
IS3108,Full-stack Software Engineering for AI Solutions II,Computing,0.47852334,0.7694652,0.73668283
UTC2416,Positive Youth Development in Singapore,Residential College,0.5098179,0.7361555,0.7361555
UTS2411,Positive Youth Development in Singapore,Residential College,0.5098179,0.7361555,0.7361555
MKT4722,Personal Selling & Sales Management,NUS Business School,0.5192967,0.74547774,0.7360228
MNO4717,Talent Acquisition,NUS Business School,0.5094964,0.7537848,0.7357262
CE4103,Civil Engineering Design Project,College of Design and Engineering,0.45620298,0.74605787,0.7356928
IS2102,Requirements Analysis for Business IT Systems,Computing,0.48340765,0.75296485,0.7349719
CS3216,Software Product Engineering for Digital Markets,Computing,0.49779546,0.75805485,0.7349715
EE3408E,Integrated Analog Design,Cont and Lifelong Education,0.44888538,0.74782157,0.7349691
TCE3166,Structural Steel Design and System,Cont and Lifelong Education,0.49237812,0.76701546,0.73476565
LL4475V,Law and Practice of Investment Management,Law,0.5247162,0.7543995,0.73453057
LL4475,Law and Practice of Investment Management,Law,0.5247162,0.7543995,0.73453057
ID2041,Design Internship,College of Design and Engineering,0.48524427,0.74575084,0.7316148
IS4262,Digital Product Management,Computing,0.4879175,0.7632631,0.731456
PF3504,Sustainable Energy Management,College of Design and Engineering,0.48413184,0.7533951,0.7313791
PR3146,Pharmacy Law in Singapore,Science,0.4836057,0.77199477,0.7311271
GEN2050X,Teach SG,NUS,0.50856197,0.74438524,0.73044187
GEN2050Y,Teach SG,NUS,0.50526315,0.7440243,0.7291473
GEN2050,Teach SG,NUS,0.50526315,0.74402416,0.72914726
TCE3165,Structural Concrete Design,Cont and Lifelong Education,0.4625428,0.7484907,0.72905004
MKT3428,Wealth Management Marketing,NUS Business School,0.51159644,0.76048744,0.7289766
MKT3723,Wealth Management Marketing,NUS Business School,0.51159644,0.76048744,0.7289766
LL4412,Securities and Capital Markets Regulation,Law,0.51850474,0.7393408,0.7287444
MKT3425,Retail Marketing,NUS Business School,0.55423397,0.7306936,0.72822255
MKT3720,Retail Marketing,NUS Business School,0.55834687,0.72864026,0.72729546
LL4191,Wealth Management Law,Law,0.47675776,0.7311225,0.7270564
ME3263,Design For Manufacturing And Assembly,College of Design and Engineering,0.48046947,0.72671527,0.7267152
CN4101,Process Control and Safety,College of Design and Engineering,0.47441772,0.73540264,0.725124
MNO3712,Training and Development,NUS Business School,0.52466214,0.7476609,0.7246407
TCN4211,Petrochemicals & Processing Technology,Cont and Lifelong Education,0.49567002,0.77657276,0.7244644
MNO4314,Consulting to Management,NUS Business School,0.5549105,0.7493935,0.72425896
CS2113T,Software Engineering & Object-Oriented Programming,Computing,0.47234657,0.7495925,0.7242011
CS2113,Software Engineering & Object-Oriented Programming,Computing,0.47234657,0.7495925,0.7242011
CN4233E,Good Manufacturing Practices in Pharmaceutical Industry,Cont and Lifelong Education,0.47630548,0.73058975,0.72411954
IS3107,Data Engineering,Computing,0.44070986,0.7568352,0.72410786
MLE4213,Innovation & Product Development for Material Engineers,College of Design and Engineering,0.49519935,0.7465819,0.7239339
NM3243,User Experience Design,Arts and Social Science,0.46100214,0.76237315,0.723834
IPM3102,Infrastructure and Facilities Management,College of Design and Engineering,0.50542945,0.7353761,0.7235456
TCN4233,Good Manufacturing Practices in Pharmaceutical Industry,Cont and Lifelong Education,0.47530863,0.7313835,0.72332466
ME3263E,Design for Manufacturing and Assembly,Cont and Lifelong Education,0.47965765,0.722576,0.72257596
TME3263,Design for Manufacturing and Assembly,Cont and Lifelong Education,0.47965765,0.722576,0.72257596
CN4223R,Microelectronic Thin Films,College of Design and Engineering,0.4751283,0.7738873,0.7224579
TEE3201,Software Engineering,Cont and Lifelong Education,0.4881515,0.73549074,0.7221665
TE3201,Software Engineering,Cont and Lifelong Education,0.4881515,0.73549074,0.7221664
MLE4101,B.Eng. Dissertation,College of Design and Engineering,0.46256414,0.7695396,0.72209126
MLE4101B,B.Eng. Dissertation,College of Design and Engineering,0.46256414,0.7695396,0.72209126
MLE4219,Materials for Optics: from Quantum Light to Nanodevices,College of Design and Engineering,0.45946148,0.7663597,0.7218073
TCX3221,Software Engineering,Cont and Lifelong Education,0.46780083,0.73925436,0.7214578
GEN2062X,Community Activities for Seniors with SG Cares,NUS,0.4984507,0.74022293,0.72064143
TIE4240,Project Management,Cont and Lifelong Education,0.44945648,0.73869455,0.72062904
CE2183,Construction Project Management,College of Design and Engineering,0.47383115,0.731269,0.72050285
TCE2183,Construction Project Management,Cont and Lifelong Education,0.47383115,0.731269,0.72050285
MNO3321,Training and Development,NUS Business School,0.5187258,0.7459892,0.72035486
CN4211E,Petrochemicals & Processing Technology,Cont and Lifelong Education,0.5022848,0.7734158,0.71991944
FST1101B,Science and Technology of Foods,Science,0.45948884,0.75888497,0.7194992
IE4240,Project Management,College of Design and Engineering,0.44680664,0.7359092,0.71930355
EE4415,Integrated Digital Design,College of Design and Engineering,0.42950687,0.72431356,0.71926135
EE4415E,Integrated Digital Design,Cont and Lifelong Education,0.42950687,0.72431356,0.71926135
TEE4415,Integrated Digital Design,Cont and Lifelong Education,0.42950687,0.72431356,0.71926135
PHS3122,Pharmaceutical Quality Management,Science,0.4712173,0.72154605,0.71921635
MNO4711,Consulting to Management,NUS Business School,0.5417337,0.7430392,0.719056
PF3209,Building Information Modelling,College of Design and Engineering,0.43985724,0.73570395,0.71856785
PF2505,M&E Systems,College of Design and Engineering,0.4642801,0.7288558,0.7185653
TR3001,New Product Development,Non-Faculty-based Departments,0.50150925,0.7212192,0.7183324
CN4211R,Petrochemicals and Processing Technology,College of Design and Engineering,0.4895483,0.7727133,0.7182075
BN1112,Introduction to Biomedical Design and Manufacturing,College of Design and Engineering,0.45059958,0.7438793,0.7180184
TEE3408,Integrated Analog Design,Cont and Lifelong Education,0.4194826,0.7323427,0.7177564
EE3408C,Integrated Analog Design,College of Design and Engineering,0.4194826,0.7323427,0.7177564
CS3217,Software Engineering on Modern Application Platforms,Computing,0.474802,0.73209,0.717656
MLE3101A,Materials Characterization,College of Design and Engineering,0.48294485,0.750758,0.7171161
TM3101,Mechanical Systems Design,Cont and Lifelong Education,0.47980002,0.73150724,0.71655166
ETP2271,Discovering Resilience and Purpose,NUS,0.5085158,0.7161416,0.7161416
MKT4415J,SIM: Personal Selling & Sales Management,NUS Business School,0.5216893,0.7306255,0.716098
ME3101,Mechanical Systems Design I,College of Design and Engineering,0.48250914,0.73862004,0.71606684
ID2113,Visual Communication Design,College of Design and Engineering,0.4559924,0.71962726,0.71587193
MNO2711X,NUS Young Leaders Programme (NYLP),NUS Business School,0.5259386,0.71513975,0.71513975
ID3126,Motion Design,College of Design and Engineering,0.46416226,0.75416934,0.7150981
ID3132,Digital Creation and Production,College of Design and Engineering,0.47570887,0.72300744,0.7150331
CS4243,Computer Vision and Pattern Recognition,Computing,0.4688818,0.7494594,0.7149644
SA4104,Digital Product Management,NUS-ISS,0.50559956,0.7199495,0.71489185
UTC2725,Leadership At the Fringe,Residential College,0.51509327,0.7147693,0.7147693
UTS2712,Leadership At the Fringe,Residential College,0.51509327,0.7147693,0.7147693
SA4101,Software Analysis and Design,NUS-ISS,0.52019256,0.7291346,0.7146589
DSC4214,Co-ordination and Flexibility in SCM,NUS Business School,0.5204461,0.74340236,0.7144848
FIN4112K,SIF: Applied Portfolio Management Techniques,NUS Business School,0.49589798,0.7294727,0.7144785
UTS2415,The Effective Non-Profit in Singapore,Residential College,0.5520936,0.71531284,0.71447086
UTC2415,The Effective Non-Profit in Singapore,Residential College,0.5520936,0.71531284,0.71447086
FST3288,Advanced UROPS in Food Science & Technology I,Science,0.47497684,0.7284478,0.7144629
EE4112,Radio Frequency Design and Systems,College of Design and Engineering,0.46453062,0.7660287,0.7143202
CN4215R,Food Technology and Engineering,College of Design and Engineering,0.48186037,0.7393991,0.71423995
YSC3232,Software Engineering,Yale-NUS College,0.4659869,0.7294605,0.7142157
AR3722,Sustainable Environmental System,College of Design and Engineering,0.47743413,0.7203041,0.7140465
ID2105,Design for Context and Sustainability,College of Design and Engineering,0.5161462,0.7224514,0.7139882
RE4801,Real Estate Internship Programme,NUS Business School,0.5514308,0.7262674,0.71386623
CN4233R,Good Manufacturing Practices in Pharmaceutical Industry,College of Design and Engineering,0.47476053,0.7213971,0.7135402
IPM2106,Mechanical and Electrical Systems,College of Design and Engineering,0.47374305,0.720222,0.71352756
MLE3101,Materials Characterisation Laboratory,College of Design and Engineering,0.48625082,0.7396544,0.7134345
MKT3717,Product & Brand Management,NUS Business School,0.5149225,0.7225491,0.7133586
MKT3717A,Product & Brand Management,NUS Business School,0.5149225,0.7225491,0.7133586
MKT3717B,Product & Brand Management,NUS Business School,0.5149225,0.7225491,0.7133586
RE1705,Real Estate Finance and Accounting,NUS Business School,0.49137157,0.72912544,0.7133277
CN4111E,Process Design & Safety,Cont and Lifelong Education,0.4741902,0.7188109,0.71319455
YSC2257,AI Projects and Case Studies,Yale-NUS College,0.47057018,0.7194769,0.7129036
MKT4415M,SIM: Product Experience Management,NUS Business School,0.49868104,0.72724026,0.7124377
DOS3713,Project Management,NUS Business School,0.48612967,0.73124933,0.712395
CN3102,Chemical Engineering Process Lab II,College of Design and Engineering,0.49118075,0.71655273,0.7122996
CS2103T,Software Engineering,Computing,0.46628127,0.72624034,0.71225584
CS2103DE,Software Engineering,College of Design and Engineering,0.46628127,0.72624034,0.71225584
CS2103,Software Engineering,Computing,0.46628127,0.72624034,0.71225584
GES1024,Real Estate Development & Investment Law,NUS Business School,0.47223666,0.73802316,0.71214896
GESS1018,Real Estate Development & Investment Law,NUS Business School,0.47223666,0.73802316,0.71214896
MLE4208,Photovoltaics Materials,College of Design and Engineering,0.44306138,0.7263098,0.7119567
CDE2300,Product Design and Innovation,College of Design and Engineering,0.49750793,0.7241143,0.7118165
IS4108,AI Solutioning Capstone Project,Computing,0.49019784,0.7255734,0.71177894
MNO2711,NUS Young Leaders Programme (NYLP),NUS Business School,0.5198917,0.71162397,0.71162397
MNO2711Y,NUS Young Leaders Programme (NYLP),NUS Business School,0.5198917,0.71162397,0.71162397
TS2235,Marketing the Arts and Leisure Services,Arts and Social Science,0.5385633,0.71143466,0.71143466
MKT3418,Product And Brand Management,NUS Business School,0.51562154,0.7185159,0.71138746
MKT3418B,Product and Brand Management,NUS Business School,0.51562154,0.7185159,0.71138746
MKT3418A,Product and Brand Management,NUS Business School,0.51562154,0.7185159,0.71138746
ID3123,Interaction Design,College of Design and Engineering,0.45451212,0.7362642,0.7112916
NST2034,AI Projects and Case Studies,NUS College,0.47293147,0.71709687,0.7111453
FIN4761C,SIF: Applied Portfolio Management Techniques,NUS Business School,0.49567652,0.7273523,0.71113706
ID3128,Electronic Media and Production for Design,College of Design and Engineering,0.46732056,0.72284496,0.7110289
TCN4231,Downstream Processing of Biochemical and Pharmaceutical Products,Cont and Lifelong Education,0.49230686,0.74394596,0.71075344
CN4231E,Downstream Processing of Biochemical and Pharmaceutical Products,Cont and Lifelong Education,0.49230686,0.74394596,0.71075344
ACC3703,Taxation,NUS Business School,0.521152,0.71930957,0.71071684
ACC4612A,SIA: Internal Auditing,NUS Business School,0.49252865,0.7301489,0.7104427
LAC3201,Chinese 3,Arts and Social Science,0.4858649,0.725058,0.7103809
CS4262,Machine Learning Systems,Computing,0.4530397,0.7529185,0.71025187
IE4108,Analytics for E-Commerce,College of Design and Engineering,0.5169729,0.7217951,0.71004254
YSC4227,Computer Vision and Deep Learning,Yale-NUS College,0.41121414,0.7407156,0.7099856
CE3165,Concrete Design for Urban Infrastructure,College of Design and Engineering,0.46869135,0.7215131,0.70997095
GEN2061,Support Healthy AgeingSG,NUS,0.5257802,0.72911185,0.70976216
GEN2061Y,Support Healthy AgeingSG,NUS,0.5257802,0.72911185,0.70976216
GEN2061X,Support Healthy AgeingSG,NUS,0.5257802,0.72911185,0.70976216
IE3102A,Systems Engineering Project,College of Design and Engineering,0.48129213,0.7354011,0.7096502
DSC3223,Operations Strategy,NUS Business School,0.5191019,0.71489775,0.70932925
ACC3701,Assurance and Attestation,NUS Business School,0.4794012,0.72889555,0.70931786
MKT3718,Advertising & Promotion Management,NUS Business School,0.52663684,0.71649337,0.70929044
MKT3420,Advertising & Promotion Management,NUS Business School,0.52663684,0.71649325,0.7092904
LSM3256,Tropical Horticulture,Science,0.5011193,0.73646045,0.7091056
MKT3420B,Promotional Management,NUS Business School,0.523181,0.7250739,0.70909035
EE4112E,Radio Frequency Design and Systems,Cont and Lifelong Education,0.45765933,0.7594946,0.7090571
TEE4112,Radio Frequency Design and Systems,Cont and Lifelong Education,0.45765933,0.7594946,0.7090571
CN4240R,Unit Operations and Processes for Effluent Treatment,College of Design and Engineering,0.47341686,0.71653485,0.70899755
ACC2712,Financial Accounting,NUS Business School,0.5030513,0.7204605,0.708989
DSC3202,Procurement Management,NUS Business School,0.5019694,0.7160615,0.70890504
DOS3702,Procurement Management,NUS Business School,0.5019694,0.7160615,0.7089049
IS3150,Digital Media Marketing,Computing,0.488225,0.7157382,0.70886344
CN4251,Troubleshooting with Case Studies for Process Engineers,College of Design and Engineering,0.4766832,0.72337687,0.7088329
IE3102,Systems Engineering Project,College of Design and Engineering,0.4830432,0.73506546,0.7088059
CN4240E,Unit Operations and Processes for Effluent Treatment,Cont and Lifelong Education,0.47142503,0.71593904,0.7084454
TCN4240,Unit Operations and Processes for Effluent Treatment,Cont and Lifelong Education,0.47142503,0.71593904,0.7084454
RE2707,Asset and Property Management,NUS Business School,0.5154004,0.71697676,0.70831996
LL4008B,Charterparties,Law,0.5044541,0.7609545,0.70816886
LL4008BV,Charterparties,Law,0.5044541,0.7609545,0.70816886
DSC3225,Project Management,NUS Business School,0.51840687,0.71298593,0.7081129
ESE2102,Principles & Practice in Environmental Monitoring,College of Design and Engineering,0.51271605,0.7465413,0.70801795
LL4055,Securities Regulation,Law,0.5277742,0.71249115,0.7079115
ESP3201A,Machine Learning in Engineering Science,College of Design and Engineering,0.42454794,0.7259035,0.70774996
ME4101B,Mechanical Systems Design,College of Design and Engineering,0.4920756,0.72762746,0.7077363
MUA2242,Collaborative Piano - Instrumental Accompaniment,YST Conservatory of Music,0.48460594,0.76130784,0.7074835
CN2108,Chemical Engineering Process Laboratory I,College of Design and Engineering,0.45986065,0.71723384,0.70719594
SPH2301,Health of the Working Population,SSH School of Public Health,0.5091068,0.71306586,0.70719427
TME4261,Tool Engineering,Cont and Lifelong Education,0.44684935,0.70719,0.70719
ME4261,Tool Engineering,College of Design and Engineering,0.44684935,0.70719004,0.70719
ME4261E,Tool Engineering,Cont and Lifelong Education,0.44684935,0.70719004,0.70719
CE3204,Data Management for Civil Engineers,College of Design and Engineering,0.4748875,0.7184415,0.7071307
EE4212,Computer Vision,College of Design and Engineering,0.42251527,0.7364159,0.7070833
DSC3226,Sustainable Operations Management,NUS Business School,0.48423254,0.71270514,0.7070165
DOS3714,Sustainable Operations Management,NUS Business School,0.48423254,0.71270514,0.7070165
MKT3724,Sustainability Marketing,NUS Business School,0.49569657,0.7383381,0.70682585
SW3219,Child-centric Social Work,Arts and Social Science,0.495832,0.721489,0.70676506
FST2205,Global Food Science & Technology Immersion Programme,Science,0.49859646,0.7105501,0.706516
LAD4003,Landscape Construction II,College of Design and Engineering,0.49136198,0.73402846,0.7062845
LAJ3204,Business Japanese 2,Arts and Social Science,0.5199344,0.7145682,0.70610785
FST4199,Honours Project in Food Science & Tech,Science,0.49723977,0.73253727,0.70608145
RE1703,Principles of Law for Real Estate,NUS Business School,0.474895,0.718307,0.7060435
DSC3203,Service Operations Management,NUS Business School,0.51983315,0.7294563,0.7058409
DOS3703,Service Operations Management,NUS Business School,0.51983315,0.7294563,0.7058409
EE3031E,Innovation & Enterprise I,Cont and Lifelong Education,0.4950027,0.7090813,0.7057829
ACC4614,Financial Institution Audit & Compliance,NUS Business School,0.47071242,0.7554428,0.7056844
TIE4230,Quality Engineering II,Cont and Lifelong Education,0.5161773,0.7067078,0.7056083
FST2288,Basic UROPS in Food Science & Technology I,Science,0.5003622,0.72024006,0.7054604
CE4103R,Design Project,College of Design and Engineering,0.49511755,0.72878623,0.7052887
IE4280,Generative AI and FinTech Technologies,College of Design and Engineering,0.45925447,0.71551216,0.70520467
GEN2008,Purposeful and Productive Ageing in the Community,Arts and Social Science,0.50333124,0.7295315,0.7049913
ID3131,Techniques in Interaction Design and User Experience,College of Design and Engineering,0.44569623,0.7704687,0.7049562
MLE4209,Magnetism and Magnetic Materials,College of Design and Engineering,0.44893885,0.72423625,0.7049258
SW3221,Protection of Vulnerable Clients,Arts and Social Science,0.5190247,0.72154874,0.7049209
MUA2241,Collaborative Piano - Vocal Accompaniment,YST Conservatory of Music,0.50039804,0.7299702,0.7049003
CN3109,Chemical Engineering Process Laboratory III,College of Design and Engineering,0.48547357,0.70879245,0.7048207
EE3032,Innovation & Enterprise II,College of Design and Engineering,0.46775788,0.7086234,0.70479906
CS3201,Software Engineering Project I,Computing,0.45879897,0.7469239,0.7047497
ACC4761A,Seminars in Accounting: Internal Audit,NUS Business School,0.47594926,0.725755,0.7045902
TME3101,Mechanical Systems Design,Cont and Lifelong Education,0.4742433,0.72417635,0.70440793
FIN2704X,Finance,NUS Business School,0.47412086,0.7136962,0.70435816
FIN2704,Finance,NUS Business School,0.47412086,0.7136962,0.70435816
SW4228HM,Social Work In Medical Setting,Arts and Social Science,0.4638353,0.72256786,0.70401293
SW4228,Social Work In Medical Setting,Arts and Social Science,0.4638353,0.72256786,0.70401293
CE4283A,BIM Technologies,College of Design and Engineering,0.46307793,0.70801175,0.70381224
ME2101E,Fundamentals of Mechanical Design,Cont and Lifelong Education,0.47377554,0.7123692,0.70362717
DOS3704,Operations Strategy,NUS Business School,0.49416703,0.72003996,0.70353353
CN3135,"Process Safety, Health and Environment",College of Design and Engineering,0.47053936,0.7117399,0.70345294
CN3135E,"Process Safety, Health and Environment",Cont and Lifelong Education,0.47053936,0.7117399,0.70345294
TCN3135,"Process Safety, Health and Environment",Cont and Lifelong Education,0.47053942,0.71174,0.70345294
FIN3117,Bank Management,NUS Business School,0.46888882,0.7114521,0.7033904
FIN3713,Bank Management,NUS Business School,0.46888882,0.7114521,0.7033904
ME2102,Engineering Innovation and Modelling,College of Design and Engineering,0.4826,0.7068376,0.7033679
CLC2203,Community Development Practicum I,Non-Faculty-based Departments,0.5084473,0.7203974,0.7033555
TCE4103,Design Project,Cont and Lifelong Education,0.46801737,0.7071508,0.7031059
MLE4205,Theory and Modelling of Materials Properties,College of Design and Engineering,0.46062088,0.73669004,0.7030384
SA4101C,Software Analysis and Design,NUS-ISS,0.47688738,0.740713,0.70300865
ESP3201,Machine Learning in Robotics and Engineering,College of Design and Engineering,0.4274517,0.7358524,0.7029986
ME2105,Principles of Mechatronics and Automation,College of Design and Engineering,0.43850687,0.75083977,0.70287335
CN3108,Chemical Engineering Process Laboratory II,College of Design and Engineering,0.47064817,0.72188395,0.70280635
ME4252,Nanomaterials for Energy Engineering,College of Design and Engineering,0.46057603,0.73646593,0.7027551
MKT3714B,Digital Marketing,NUS Business School,0.508921,0.7373061,0.7027279
MKT3415,Digital Marketing,NUS Business School,0.508921,0.7373061,0.7027279
MKT3714A,Digital Marketing,NUS Business School,0.508921,0.7373061,0.7027279
MKT3714,Digital Marketing,NUS Business School,0.508921,0.7373061,0.7027279
ME2101,Fundamentals Of Mechanical Design,College of Design and Engineering,0.4735932,0.7136484,0.7026862
MLE1112,Foundation Materials Science and Engineering 2,College of Design and Engineering,0.45582622,0.7412162,0.702539
PF2110,Infrastructure and Facilities Management,College of Design and Engineering,0.4697951,0.7106343,0.7021831
LL4529,FinTech and the Law,Law,0.47798648,0.77995473,0.7019421
LL4529V,FinTech and the Law,Law,0.47798648,0.77995473,0.7019421
IS4250,IT-enabled Healthcare Solutioning,Computing,0.4633759,0.70236254,0.7018962
NM3232,Strategic Communication,Arts and Social Science,0.5003395,0.72608674,0.70187396
UTC2103,Health and the Community in Singapore,Residential College,0.48261663,0.72844654,0.7015735
UTS2103,Health and the Community in Singapore,Residential College,0.48261663,0.72844654,0.7015735
CN4235,Chemical Process Safety,College of Design and Engineering,0.4370485,0.7174516,0.701507
CN3101,Chemical Engineering Process Lab I,College of Design and Engineering,0.45668456,0.7048229,0.70125514
CE3155B,Structural Modelling,College of Design and Engineering,0.45843667,0.7254692,0.7009776
MNO2706,Business Communication for Leaders (ACC),NUS Business School,0.52553874,0.70095676,0.70095676
SW4224HM,Financial Capability and Asset Building,Arts and Social Science,0.50789577,0.7184372,0.70094824
SW4224,Financial Capability and Asset Building,Arts and Social Science,0.50789577,0.7184372,0.70094824
AR1326,Architectural Construction,College of Design and Engineering,0.4777327,0.7042669,0.7009069
PF3306,Facilities Management Law And Contracts,College of Design and Engineering,0.4930675,0.738869,0.7006774
CM3201,Principles of Chemical Processes,Science,0.46261394,0.72010523,0.70061207
BSN3717,Family Business,NUS Business School,0.5478156,0.7100339,0.7005384
CN4216E,Electronic Materials Science,Cont and Lifelong Education,0.4690684,0.7249701,0.70051205
TCN4216,Electronic Materials Science,Cont and Lifelong Education,0.4690684,0.7249701,0.70051205
MKT4720,Product Experience Management,NUS Business School,0.49218765,0.7139125,0.70045376
CN4119,Final Year Design Project,College of Design and Engineering,0.48328972,0.7078951,0.70044684
NST2045,Food Production and Security in Urban Singapore,NUS College,0.52205604,0.710309,0.7003281
UTC2707,Understanding Health and Social Care in Singapore,Residential College,0.4856907,0.71954036,0.7001414
UTS2701,Understanding Health and Social Care in Singapore,Residential College,0.4856907,0.71954036,0.7001414
TEE4101,Radio-Frequency (RF) Communications,Cont and Lifelong Education,0.44663295,0.7520814,0.7001376
LAC2201,Chinese 2,Arts and Social Science,0.47624952,0.7022645,0.7000856
PR2143,Pharmaceutical Analysis for Quality Assurance,Science,0.4744472,0.7094991,0.69993955
MKT3761D,TIM: Sustainability Marketing,NUS Business School,0.5066287,0.7339388,0.6998981
DBA4714,Deep Learning and Generative AI in Business,NUS Business School,0.4866176,0.7409721,0.6998043
RE3809,Real Estate Development and Finance Law,NUS Business School,0.4819718,0.71088,0.6997694
EE4401,Optoelectronics,College of Design and Engineering,0.43822473,0.70527977,0.6996758
UTS2831,Global AI Innovations and Singapore Entrepreneurial Landscape,Residential College,0.48977995,0.7115054,0.69959897
CE1103,Principles of Structural and Geotechnical Engineering,College of Design and Engineering,0.46252972,0.7119126,0.69945276
SW3215,Socio-Cultural Theories in Social Work,Arts and Social Science,0.48321462,0.7277684,0.69936496
ACC4612K,Sem. in Acctg: Accounting & Business Analysis for Banks,NUS Business School,0.5085071,0.7004717,0.6992053
ACC4761H,Sem. in Acctg: Accounting & Business Analysis for Banks,NUS Business School,0.5085071,0.7004717,0.6992053
ME4101A,Bachelor Of Engineering Dissertation,College of Design and Engineering,0.48633644,0.7100756,0.69913423
TIC4004,Software Quality Control,Cont and Lifelong Education,0.45158944,0.71113455,0.69905746
ETP3224,Global Entrepreneurial Leadership,Non-Faculty-based Departments,0.5083517,0.6990327,0.6990327
TR4001,Global Entrepreneurial Leadership,Non-Faculty-based Departments,0.50835174,0.6990327,0.6990327
PR4206,Industrial Pharmacy,Science,0.4957987,0.706534,0.6989244
EC3385,Maritime and Shipping Economics,Arts and Social Science,0.48198438,0.7371229,0.6987513
NM3219,Writing for Communication Management,Arts and Social Science,0.51584244,0.7037084,0.69871193
EE3801,Data Engineering Principles,College of Design and Engineering,0.45451283,0.7279341,0.69838494
LAC3202,Chinese 4,Arts and Social Science,0.49400562,0.72388315,0.6983832
ACC3727,"Business Processes, Systems and Assurance - Advanced",NUS Business School,0.52034634,0.7040966,0.69835347
QF2103,Computing for Quantitative Finance,Science,0.4517194,0.73173046,0.6980866
CN4248,Sustainable Process Development,College of Design and Engineering,0.47636697,0.7022909,0.69800043
TCN4248,Sustainable Process Development,Cont and Lifelong Education,0.47636697,0.7022909,0.69800043
FIN3761A,TIF: Transaction Banking,NUS Business School,0.5180271,0.73004043,0.6978709
FIN4118,Equity Research Seminar,NUS Business School,0.50182027,0.70904124,0.69785815
FIN4716,Equity Research Seminar,NUS Business School,0.50182027,0.70904124,0.69785815
TIC2002,Introduction to Software Engineering,Cont and Lifelong Education,0.46979046,0.7187551,0.69780767
FIN3720,Financial Statement Analysis,NUS Business School,0.4870755,0.7164843,0.6977286
LL4063V,Business & Finance For Lawyers,Law,0.4857491,0.70765215,0.6976615
LL4063,Business & Finance For Lawyers,Law,0.4857491,0.70765215,0.6976615
FST3201,Independent Study (Food Science & Tech),Science,0.4966065,0.7124419,0.69755185
TCN4215,Food Technology and Engineering,Cont and Lifelong Education,0.46562484,0.7099172,0.6975255
CN4215E,Food Technology And Engineering,Cont and Lifelong Education,0.46562484,0.70991707,0.6975254
NUR3114,Leadership and Management,Yong Loo Lin Sch of Medicine,0.48934865,0.70604086,0.6974887
DOS4716,Advanced Operations and Supply Chain Management,NUS Business School,0.50322694,0.7087899,0.69722396
AR2523,Computational Thinking: Building Information Modelling,College of Design and Engineering,0.43936712,0.71994126,0.69719267
FST4102,Advanced Food Processing Technology,Science,0.4564748,0.7236997,0.69697887
IS4100,IT Project Management,Computing,0.4701199,0.72888434,0.6968087
ACC3714,Accounting for Entrepreneurs: From Startup to Exit,NUS Business School,0.5051892,0.73409253,0.69673073
TCX3224,Managing Software Projects,Cont and Lifelong Education,0.47467005,0.7096922,0.6967224
MLE3111,Materials Properties & Processing Laboratory,College of Design and Engineering,0.49382073,0.7182449,0.6966733
LAD2003,Landscape Construction I,College of Design and Engineering,0.46129286,0.74862874,0.69666326
ME3102,Mechanical Systems Design II,College of Design and Engineering,0.4656574,0.71735513,0.6965958
CE4104N,Final Year Project,College of Design and Engineering,0.49703974,0.7208044,0.6964904
MKT3422D,TIM: Sustainability Marketing,NUS Business School,0.4938223,0.73749626,0.6963962
EE4434,"Integrated Circuit Technology, Design and Testing",College of Design and Engineering,0.43746033,0.7090194,0.6962926
GEN2060,Reconnect SeniorsSG,NUS,0.48414084,0.7082099,0.6959944
GEN2060Y,Reconnect SeniorsSG,NUS,0.48414084,0.7082099,0.6959944
GEN2060X,Reconnect SeniorsSG,NUS,0.48414084,0.7082099,0.6959944
CM4251,Characterization Techniques in Materials Chemistry,Science,0.43153957,0.74008995,0.6958817
BN3301,Introduction To Biomaterials,College of Design and Engineering,0.46208438,0.732875,0.6958569
TEE3031,Innovation & Enterprise I,Cont and Lifelong Education,0.48825592,0.69938374,0.69575405
ME2162E,Manufacturing Processes,College of Design and Engineering,0.46830192,0.7176174,0.69573575
LL4094AV,The Corporate Law Clinic,Law,0.5215126,0.6978683,0.6956712
CE3203,Optimization and Algorithms for Civil Engineers,College of Design and Engineering,0.45493326,0.7005961,0.69562733
IE2130E,Quality Engineering I,Cont and Lifelong Education,0.46371987,0.7000997,0.6956162
TIE2130,Quality Engineering I,Cont and Lifelong Education,0.46371993,0.70009977,0.6956162
MLE4201,Advanced Materials Characterisation,College of Design and Engineering,0.4717378,0.733454,0.6955255
TIC4902S,Software Engineering Capstone,Cont and Lifelong Education,0.46237358,0.710904,0.6955136
LAD2006,Design 3,College of Design and Engineering,0.48826724,0.72477394,0.69547737
LAD2001,Design 3,College of Design and Engineering,0.48826724,0.72477394,0.6954773
CN4216R,Electronic Materials Science,College of Design and Engineering,0.47328794,0.71980464,0.6954373
EG3301R,Ideas to Proof-of-Concept,College of Design and Engineering,0.4880078,0.71181923,0.69542825
GES1000T,Singapore Employment Law,Cont and Lifelong Education,0.519915,0.70031834,0.69526184
CS3202,Software Engineering Project II,Computing,0.4548599,0.7437153,0.69516367
FIN3711,International Financial Management,NUS Business School,0.4898376,0.7131677,0.6951427
FIN3115,International Financial Management,NUS Business School,0.4898376,0.7131677,0.6951427
NM4208HM,Strategic Communication Design,Arts and Social Science,0.47679237,0.7159164,0.69494617
NM4208,Strategic Communication Design,Arts and Social Science,0.47679237,0.7159164,0.69494617
NM4247HM,Creative Writing in the Marketplace,Arts and Social Science,0.45550004,0.7719952,0.6949419
NM4247,Creative Writing in the Marketplace,Arts and Social Science,0.45550004,0.7719952,0.6949419
BN3101A,Biomedical Engineering Design,College of Design and Engineering,0.44845998,0.710671,0.69481015
CS3240,Interaction Design,Computing,0.46292293,0.71864605,0.69474584
ME4263,Fundamentals of Product Development,College of Design and Engineering,0.50151014,0.71165514,0.69462
EE4101E,Radio-Frequency (RF) Communications,Cont and Lifelong Education,0.44920516,0.74519056,0.6944646
QF4288,Undergraduate Project in Quantitative Finance,Science,0.4760896,0.72715014,0.6944337
CE4106,B.Eng Dissertation,College of Design and Engineering,0.46829784,0.7029432,0.6943196
ESP3903,Major Design Project 2,College of Design and Engineering,0.49353445,0.6998481,0.694198
SW4209,Law & Social Work Practice,Arts and Social Science,0.46971112,0.7298426,0.6941918
SW4209HM,Law & Social Work Practice,Arts and Social Science,0.46971112,0.7298426,0.6941918
IE2130,Quality Engineering I,College of Design and Engineering,0.4602483,0.6989729,0.6941718
MT4003,Engineering Product Development,College of Design and Engineering,0.4867486,0.69709,0.69417065
TEE4210,Network Protocols and Applications,Cont and Lifelong Education,0.46829978,0.7052388,0.6941472
EE4210E,Network Protocols and Applications,Cont and Lifelong Education,0.46829978,0.7052388,0.6941472
TCN1422,Materials for Chemical Engineers,Cont and Lifelong Education,0.44679767,0.7249807,0.6941298
TC1422,Materials for Chemical Engineers,Cont and Lifelong Education,0.44679767,0.7249807,0.6941298
CN4208E,Biochemical Engineering,Cont and Lifelong Education,0.47057948,0.7052188,0.69412404
MLE4231,Optoelectronics with Organics and Nanocrystals,College of Design and Engineering,0.45939013,0.74100554,0.6940713
PHS2120,Drug Product Development and Lifecycle Management,Science,0.51247466,0.7099172,0.694033
CN3101A,Chemical Engineering Process Lab,College of Design and Engineering,0.4491506,0.7014465,0.6937445
CM3251,Nanochemistry,Science,0.45784336,0.7114756,0.6935772
PF4208,Safety and Health Management,College of Design and Engineering,0.46998444,0.6987839,0.6935366
CS4211,Formal Methods for Software Engineering,Computing,0.47140732,0.7035752,0.6935275
EE4438,Solar Cells and Modules,College of Design and Engineering,0.45996237,0.70758235,0.6933943
CDE3301,Ideas to Proof-of-Concept,College of Design and Engineering,0.48299688,0.70881367,0.69325316
TBA3222,Marketing Analytics,Cont and Lifelong Education,0.4953029,0.7188915,0.69325113
CS4243R,Computer Vision and Pattern Recognition,Computing,0.48520592,0.71840084,0.69324
TCE2112,Soil Mechanics,Cont and Lifelong Education,0.46030703,0.7142496,0.6929669
CE2409,Computer Applications in Civil Engineering,College of Design and Engineering,0.45458466,0.6964334,0.6929469
LL4054V,Domestic and International Sale of Goods,Law,0.53178483,0.69848186,0.6928957
CE2112,Soil Mechanics,College of Design and Engineering,0.47321546,0.7245021,0.69288945
TIC4902C,Cybersecurity Capstone Project,Cont and Lifelong Education,0.45498514,0.71768236,0.6928009
MUA3208,Creative Producing for Performers,YST Conservatory of Music,0.49595326,0.70939547,0.6927842
NM4248,Lifestyle Writing,Arts and Social Science,0.49447185,0.76704144,0.6927818
TCE3116,Foundation Engineering,Cont and Lifelong Education,0.45920002,0.6926565,0.6926565
TCE3100,Independent Study in Civil Engineering Infrastructure,Cont and Lifelong Education,0.47458628,0.7238715,0.6926389
CH2276,Understanding Chinese Media and Cultural Industries,Arts and Social Science,0.49858236,0.70044494,0.692632
CE3116,Foundation Engineering,College of Design and Engineering,0.46353632,0.69252706,0.69252706
MLE4102,Design Project,College of Design and Engineering,0.4833214,0.69568914,0.6925178
IE4230,Quality Engineering II,College of Design and Engineering,0.46860927,0.69919026,0.69247544
BMI3201C,Clinical Data System Design Testing and Governance,Yong Loo Lin Sch of Medicine,0.51692194,0.6945282,0.6924721
BMI3201,Clinical Data System Design Testing and Governance,Yong Loo Lin Sch of Medicine,0.51692194,0.6945282,0.6924721
TME2101,Fundamentals of Mechanical Design,Cont and Lifelong Education,0.46722534,0.7020342,0.6924063
TR3003,Global Entrepreneurial Marketing,Non-Faculty-based Departments,0.5227212,0.71551067,0.6921121
ETP3251,Global Entrepreneurial Marketing,Non-Faculty-based Departments,0.5227212,0.7155107,0.6921121
BCP4002B,Consulting Practicum,NUS Business School,0.5467459,0.70137393,0.69190663
RB2301,Robot Programming,College of Design and Engineering,0.445338,0.7500018,0.6918585
EC2880C,Introduction to Foreign Exchange,Arts and Social Science,0.48481357,0.7290622,0.6918567
BT4301,Business Analytics Solutions Development and Deployment,Computing,0.48116678,0.70128155,0.6917486
DOS4761,Seminars in Operations and Supply Chain Management,NUS Business School,0.49984598,0.7045418,0.6917054
BSP3011,Family Business,NUS Business School,0.537595,0.70749825,0.6916841
BT4211,Data-Driven Marketing,Computing,0.5095694,0.71902174,0.6915805
ID4103,Design Detailing,College of Design and Engineering,0.4894107,0.71590364,0.6914174
FST3288R,Advanced UROPS in Food Science & Technology I (REx),Science,0.47885498,0.6975058,0.69141
PF3104,Project Execution,College of Design and Engineering,0.4552795,0.7000344,0.69140035
IPM4102,Project Execution,College of Design and Engineering,0.4552795,0.7000344,0.69140035
DBA4812,Supply Chain Analytics,NUS Business School,0.46645752,0.7361014,0.6912478
FIN4761B,SIF: Investment Banking,NUS Business School,0.4815504,0.71717685,0.6912421
FIN4112H,SIF: Investment Banking,NUS Business School,0.4815504,0.71717685,0.69124204
TCE2155,Structural Mechanics and Materials,Cont and Lifelong Education,0.46068677,0.69121975,0.69121975
MKT3417,Customer Relationship Management,NUS Business School,0.48884583,0.692749,0.6911768
MKT3716,Customer Relationship Management,NUS Business School,0.48884583,0.692749,0.6911768
BN2105,Medical Device Life Cycle Management,College of Design and Engineering,0.45511255,0.7015866,0.6910709
SW3211,Community-Based Family Services,Arts and Social Science,0.47818285,0.7109227,0.69094265
ID2322,Materials and Production,College of Design and Engineering,0.4925109,0.71508396,0.69089556
YSS2233,Investment Analysis and Economics,Yale-NUS College,0.4575087,0.69995296,0.6908827
ACC4702,Advanced Corporate Accounting and Reporting,NUS Business School,0.5169197,0.7029417,0.6907521
ACC3704,Advanced Corporate Accounting and Reporting,NUS Business School,0.5169197,0.7029417,0.6907521
LL4238V,International Corporate Finance,Law,0.49138942,0.7141657,0.6906812
LL4238,International Corporate Finance,Law,0.49138942,0.7141657,0.6906812
TCX3215,Solutions Development for Business Analytics,Cont and Lifelong Education,0.45497048,0.7044183,0.69067204
CS3226,Web Programming and Applications,Computing,0.4525222,0.7137165,0.69060385
PC3243,Photonics,Science,0.4410262,0.70845366,0.6905782
CN4118R,B.Eng. Dissertation,College of Design and Engineering,0.49113357,0.7027672,0.69052184
CN4118,B.Eng. Dissertation,College of Design and Engineering,0.49113357,0.7027672,0.69052184
ME2103,Engineering Visualization & Modeling,College of Design and Engineering,0.4726243,0.70169795,0.690448
ID4106,Design Thesis Project,College of Design and Engineering,0.47980332,0.7040119,0.6904399
PR4192,Direct Patient Care Internship,Science,0.50115794,0.7061533,0.6904132
ME3242,Automation,College of Design and Engineering,0.4679728,0.7075447,0.6902747
TME3242,Automation,Cont and Lifelong Education,0.4679728,0.7075447,0.6902747
ME3242E,Automation,Cont and Lifelong Education,0.4679728,0.7075447,0.6902747
TIC4303,Software Security,Cont and Lifelong Education,0.46025,0.7075263,0.69022447
CN1111X,Chemical Engineering Principles,College of Design and Engineering,0.45770508,0.70125294,0.69005764
CN1111,Chemical Engineering Principles,College of Design and Engineering,0.45770508,0.70125294,0.69005764
NRM3301,NUSC Undergraduate Research Opportunity (UROP),NUS College,0.49732736,0.72082454,0.690037
BT4101,B.Sc. (Business Analytics) Dissertation,Computing,0.48300853,0.6975312,0.69000846
LL4008AV,Carriage of Goods by Sea,Law,0.49951082,0.7104622,0.68992865
CFG2100,Introduction to Decision-Making in Business,NUS,0.528479,0.6899258,0.6899258
FST3105,Food Product Development and Packaging,Science,0.48853326,0.7059962,0.68991405
LL4008A,Carriage of Goods by Sea,Law,0.4997619,0.7105012,0.68990964
MUA4113,Piano Pedagogy,YST Conservatory of Music,0.43398476,0.7307341,0.6896941
LL4483V,Aviation Financing,Law,0.46721587,0.7262237,0.6896652
LL4483,Aviation Financing,Law,0.46721587,0.7262237,0.6896652
TEE3013,Labview for Electrical Engineers,Cont and Lifelong Education,0.46538517,0.6975044,0.6894928
LL4074V,Mergers & Acquisitions,Law,0.50905746,0.72702706,0.68944275
LL4074,Mergers & Acquisitions,Law,0.50905746,0.72702706,0.68944275
NEP3001AZ,Impact Experience Project (One Year),NUS College,0.5086964,0.7198399,0.6893982
NEP3001AH,Impact Experience Project (One Year),NUS College,0.5086964,0.7198399,0.6893982
NEP3001A,Impact Experience Project (One Year),NUS College,0.5086964,0.7198399,0.6893982
NEP3001AS,Impact Experience Project (One Year),NUS College,0.5086964,0.7198399,0.6893982
BLD3003,Personal Leadership Development,NUS Business School,0.48503107,0.6893666,0.6893666
LL4185,"Government Regulations: Law, Policy & Practice",Law,0.49810076,0.70682895,0.6893552
LL4185V,"Government Regulations: Law, Policy & Practice",Law,0.49810076,0.70682895,0.6893552
ACC2727,"Business Processes, Systems and Assurance-Foundation",NUS Business School,0.5238497,0.69318795,0.689286
CN4201R,Petroleum Refining,College of Design and Engineering,0.48888436,0.69929314,0.6892264
ID2112,Digital Design & Fabrication,College of Design and Engineering,0.47743914,0.68920016,0.68920016
ACC4611,Advanced Taxation,NUS Business School,0.5041307,0.72036994,0.6891856
ACC4711,Advanced Taxation,NUS Business School,0.5041307,0.72036994,0.6891856
DSC3201,Supply Chain Management,NUS Business School,0.48370776,0.7036532,0.6889637
DOS3701,Supply Chain Management,NUS Business School,0.48370776,0.7036532,0.6889637
NEP3002B,Impact Experience Project,NUS College,0.4960754,0.71461976,0.68895924
NEP3002,Impact Experience Project,NUS College,0.4960754,0.71461976,0.68895924
NEP3001Z,Impact Experience Project,NUS College,0.4960754,0.71461976,0.68895924
NEP3002A,Impact Experience Project,NUS College,0.4960754,0.71461976,0.68895924
NEP3002C,Impact Experience Project,NUS College,0.4960754,0.71461976,0.68895924
NEP3002E,Impact Experience Project,NUS College,0.4960754,0.71461976,0.68895924
NEP3002D,Impact Experience Project,NUS College,0.4960754,0.71461976,0.68895924
NEP3001,Impact Experience Project,NUS College,0.4960754,0.71461976,0.68895924
CS3213,Foundations of Software Engineering,Computing,0.45635387,0.7112545,0.6889099
GMS4100B,Duke-NUS Health Innovator Programme Part 2,Duke-NUS Medical School,0.48566347,0.69561917,0.6888535
PF2305,Event Management,College of Design and Engineering,0.4569762,0.7149767,0.6887971
ME4223,Thermal Environmental Engineering,College of Design and Engineering,0.4559657,0.73932964,0.6887778
TEE4407,Analog Electronics,Cont and Lifelong Education,0.44294912,0.7092583,0.6887237
EE4407E,Analog Electronics,Cont and Lifelong Education,0.44294912,0.7092583,0.6887236
UTS2101,Biomedicine and Singapore Society,Residential College,0.48299354,0.7048583,0.6886813
BT4103,Business Analytics Capstone Project,Computing,0.4780188,0.6941723,0.6886598
SW4226HM,Social Enterprises and Social Innovations,Arts and Social Science,0.5141018,0.69605404,0.6885834
SW4226,Social Enterprises and Social Innovations,Arts and Social Science,0.5141018,0.69605404,0.6885834
EE4704,Image Processing and Analysis,College of Design and Engineering,0.45050052,0.74312526,0.688388
RE4811,Statutory & Advanced Real Estate Valuation,NUS Business School,0.48124912,0.6989174,0.688338
UTC2732,Rethinking Ageing: Potential for Integration,Residential College,0.49756905,0.71494406,0.6882771
UTS2717,Rethinking Ageing: Potential for Integration,Residential College,0.49756905,0.71494406,0.6882771
CS4239,Software Security,Computing,0.4587147,0.7064778,0.68794304
LAD3001,Design 5,College of Design and Engineering,0.48996735,0.70181185,0.68786013
SA4110,Machine Learning Application Development,NUS-ISS,0.46070415,0.7092589,0.68780136
SA4110C,Machine Learning Application Development,NUS-ISS,0.46070415,0.7092589,0.68780136
LL4056B,Tax Planning & Policy,Law,0.511628,0.69141704,0.6877241
LL4056AV,Tax Planning & Policy,Law,0.511628,0.69141704,0.6877241
LL4056A,Tax Planning & Policy,Law,0.511628,0.69141704,0.6877241
LL4056BV,Tax Planning & Policy,Law,0.511628,0.69141704,0.6877241
SE3551,FASS Undergraduate Research Opportunity (UROP),Arts and Social Science,0.50182873,0.706692,0.6875383
BSN3713,Entrepreneurial Boot Camp,NUS Business School,0.49744487,0.6874125,0.68741244
EE3013C,Labview for Electrical Engineers,College of Design and Engineering,0.46253482,0.69624335,0.68739533
EE3013E,Labview for Electrical Engineers,Cont and Lifelong Education,0.46253482,0.69624335,0.68739533
QF3101,Investment Instruments and Risk Management,Science,0.47118795,0.7000785,0.6873878
PF4309,Infrastructure Operations and Maintenance,College of Design and Engineering,0.4813511,0.7063117,0.6873249
IS4401,Generative AI and Business Applications,Computing,0.44182044,0.72012377,0.68714494
ME3251,Materials For Engineers,College of Design and Engineering,0.48370528,0.7083524,0.68699366
ME3251E,Materials For Engineers,Cont and Lifelong Education,0.48370522,0.7083524,0.6869936
TME3251,Materials For Engineers,Cont and Lifelong Education,0.48370522,0.7083524,0.6869936
SA4105,Web Application Development,NUS-ISS,0.49973124,0.69081163,0.6869741
SA4105C,Web Application Development,NUS-ISS,0.49973124,0.69081163,0.6869741
SPH2004,"Lifestyle, Behaviour and Public Health",SSH School of Public Health,0.5007453,0.7116324,0.6869521
PR3202,Community Health & Preventative Care,Science,0.492153,0.69499445,0.68686867
MNO4314B,Seminar in M&O: Consulting to Management,NUS Business School,0.51571935,0.71738935,0.6868598
MNO4314A,Seminar in M&O: Consulting to Management,NUS Business School,0.51571935,0.71738935,0.6868598
AR3721,Building Environmental System Modelling,College of Design and Engineering,0.47109714,0.7001805,0.6867614
CN4122N,Process Synthesis and Simulation,College of Design and Engineering,0.47616723,0.6911341,0.6867095
RE4702,Professional Practice and Ethics,NUS Business School,0.5029102,0.71283495,0.6866225
TCN4208,Biochemical Engineering,Cont and Lifelong Education,0.4629506,0.7003223,0.6865448
ME3103,Mechanical Systems Design,College of Design and Engineering,0.44184572,0.718995,0.68652105
TBA3103,Application Systems Development for Business Analytics,Cont and Lifelong Education,0.47588316,0.6891893,0.6863492
BST3762,Effective Leadership in Action,NUS Business School,0.5102093,0.6860863,0.6860863
CS4277,3D Computer Vision,Computing,0.43335977,0.7486915,0.6860119
CS4240R,Interaction Design for Virtual and Augmented Reality,Computing,0.49300125,0.70999897,0.6859275
TIC2003,Software Development Project,Cont and Lifelong Education,0.46139064,0.6922919,0.68586874
LC2013,Corporate Deals,Law,0.5199959,0.6931847,0.6858038
ME4223E,Thermal Environmental Engineering,Cont and Lifelong Education,0.45535034,0.7282986,0.6857794
LL4065,Comparative Corporate Governance,Law,0.53756726,0.6888402,0.6856812
EE4704E,Introduction to Computer Vision and Image Processing,Cont and Lifelong Education,0.41352707,0.7306725,0.6856472
TEE4704,Introduction to Computer Vision and Image Processing,Cont and Lifelong Education,0.41352707,0.7306725,0.6856472
MNO4713,Leading Across Borders,NUS Business School,0.5234952,0.7038326,0.68564
NHS2055R,"""Curating"" Singapore: Museums, Heritage and Spaces",NUS College,0.474695,0.6990412,0.68559605
NHS2055,"""Curating"" Singapore: Museums, Heritage and Spaces",NUS College,0.474695,0.6990411,0.685596
FIN4112M,SIF: Applied Investment Valuation,NUS Business School,0.48516804,0.69623256,0.68552
LL4034,International Regulation of Shipping,Law,0.4872077,0.6928609,0.68548536
LL4034V,International Regulation of Shipping,Law,0.4872077,0.6928609,0.68548536
FIN3120B,TIF: Transaction Banking,NUS Business School,0.50222707,0.71146184,0.6854464
DSC2703,Operations and Technology Management,NUS Business School,0.49960035,0.6971551,0.68537176
NM3245,Managing Arts and Cultural Events,Arts and Social Science,0.47618932,0.7214766,0.6852995
ME3261,Computer-Aided Design And Manufacturing,College of Design and Engineering,0.46553212,0.71465385,0.6852311
AR4955G,Architectural Design- Video and Presentation,College of Design and Engineering,0.47597852,0.697648,0.6851637
TIC4003,Software Project Management,Cont and Lifelong Education,0.46481007,0.69599664,0.6851514
ME3261E,Computer-Aided Design and Manufacturing,Cont and Lifelong Education,0.4632757,0.71532756,0.68509537
TME3261,Computer-Aided Design and Manufacturing,Cont and Lifelong Education,0.4632757,0.71532756,0.68509537
NUR3501,"Professionalism, Ethics and Law in Healthcare",Yong Loo Lin Sch of Medicine,0.48192006,0.6946946,0.6850026
BT3103,Application Systems Development for Business Analytics,Computing,0.4908773,0.6885137,0.68496287
EE4101,RF Communications,College of Design and Engineering,0.4479605,0.73925734,0.6849464
EE4407,Analog Electronics,College of Design and Engineering,0.43766695,0.70468086,0.6848749
MKT4420,Marketing Analytics,NUS Business School,0.50912297,0.7040415,0.684857
MKT4812,Marketing Analytics,NUS Business School,0.50912297,0.7040415,0.684857
TSC3222,Global Sourcing & Supply Management,Cont and Lifelong Education,0.47762862,0.6963845,0.68474156
MKT4723,Customer Experience Management,NUS Business School,0.5018098,0.71370035,0.68473685
LL4259V,Alternative Investments,Law,0.4907481,0.69902086,0.68470746
LL4259AV,Alternative Investments,Law,0.4907481,0.69902086,0.68470746
IS4226,Systematic Trading Strategies and Systems,Computing,0.4848559,0.6962317,0.68470335
CFG3001,Career Advancement,Non-Faculty-based Departments,0.5310979,0.6881444,0.684692
TSC3100,Supply Chain Design,Cont and Lifelong Education,0.5031284,0.69609296,0.68467796
CS3271,Software Engineering for Reactive Systems,Computing,0.46768603,0.69411504,0.6845573
FIN3120D,TIF: Foreign Exchange Trading,NUS Business School,0.45484415,0.7438879,0.6845215
UTC2413,Communicating with Communities in the 21st century,Residential College,0.51142037,0.69041353,0.68441457
UTS2416,Communicating with Communities in the 21st century,Residential College,0.51142037,0.69041353,0.68441457
FIN3101C,Corporate Finance,NUS Business School,0.47978166,0.71045274,0.6844084
FIN3701D,Corporate Finance,NUS Business School,0.47978166,0.71045274,0.6844084
FIN3701,Corporate Finance,NUS Business School,0.47978166,0.71045274,0.6844084
FIN3101,Corporate Finance,NUS Business School,0.47978166,0.71045274,0.6844084
FIN3101A,Corporate Finance,NUS Business School,0.47978166,0.71045274,0.6844084
FIN3701C,Corporate Finance,NUS Business School,0.47978166,0.71045274,0.6844084
FIN3701B,Corporate Finance,NUS Business School,0.47978166,0.71045274,0.6844084
FIN3701A,Corporate Finance,NUS Business School,0.47978175,0.7104528,0.6844084
FIN3101B,Corporate Finance,NUS Business School,0.47978166,0.71045274,0.6844084
ID2111,Computer Aided Industrial Design,College of Design and Engineering,0.47134173,0.6938688,0.68422973
FIN3718,Value Investing in Asia,NUS Business School,0.5007813,0.7640238,0.6842295
YLC2202,Intermediate Chinese 2,Yale-NUS College,0.47739923,0.7037828,0.68420905
ACC4713,Banking Institutions:Managing Risks in a DigitalWorld,NUS Business School,0.4681074,0.74818194,0.6840722
UTS2414,Community Leadership,Residential College,0.48862487,0.68635255,0.68404967
UTC2400,Community Leadership,Residential College,0.48862487,0.68635255,0.68404967
PC4236,Computational Condensed Matter Physics,Science,0.45863357,0.70938396,0.68386984
UTS2891,Complex AI issues confronting Singapore and the World,Residential College,0.49200612,0.70195615,0.6838233
SW3105,Empowering Communities: Strategies and Practices,Arts and Social Science,0.48871267,0.7106248,0.68381196
NUR1107B,Clinical Practice: Community Care I,Yong Loo Lin Sch of Medicine,0.46986264,0.69791657,0.6837462
NM3244,Consulting as a Communication & Career Skill,Arts and Social Science,0.52777934,0.6918581,0.6836808
AH3202,Time Traveller: The Curatorial in Southeast Asia,Arts and Social Science,0.4783281,0.7100734,0.6836675
GEN2003,Inclusivity and Equality: Domestic Worker Community,Arts and Social Science,0.5334672,0.7077017,0.6835068
ME4253,Biomaterials Engineering,College of Design and Engineering,0.44812414,0.72875005,0.683463
LL4138V,Int'l & Comp Law of Sale in Asia,Law,0.50840443,0.6847629,0.683419
PC3280,Senior Student Seminar,Science,0.530592,0.69932795,0.68332255
MS3551,FASS Undergraduate Research Opportunity (UROP),Arts and Social Science,0.49889305,0.7017956,0.68324745
BN4108,Biomedical Engineering for Global Health,College of Design and Engineering,0.49298388,0.68791044,0.6831187
GES1017,Building a Dynamic Singapore - Role of Engineers,College of Design and Engineering,0.5160585,0.69933075,0.6830255
UTC1102F,"Junior Seminar: Leadership: Technology, Configuration, Work",Residential College,0.53714573,0.6828933,0.6828933
ID2324,Manufacturing for Design,College of Design and Engineering,0.46996045,0.69775236,0.68286085
NRM3302,NUSC Undergraduate Research Opportunity (S&T - UROP)),NUS College,0.49891672,0.71535313,0.682824
FST2204,Seafood Supply Chains in Japan and Singapore,Science,0.5078218,0.69069225,0.68281305
ID4401,Spatial Computing: Design and Development,College of Design and Engineering,0.47206572,0.7106478,0.68279445
LL4453,Fashion Law,Law,0.51484436,0.6943533,0.6827642
LL4453V,Fashion Law,Law,0.51484436,0.6943533,0.6827642
MNO3713,Management of Employee Relations,NUS Business School,0.5314922,0.69642013,0.68261683
MNO3323,Management of Employee Relations,NUS Business School,0.5314922,0.69642013,0.68261683
DOS4811,Data Visualisation,NUS Business School,0.48973536,0.6969819,0.6825899
DSC4215,Data Visualisation,NUS Business School,0.48973536,0.6969819,0.6825899
FIN3761C,TIF: Foreign Exchange Trading,NUS Business School,0.45508793,0.74103004,0.68255556
MKT3715B,Business-to-Business Marketing,NUS Business School,0.51590914,0.68621325,0.6823933
MKT3416A,Business-to-Business Marketing,NUS Business School,0.51590914,0.68621325,0.6823933
MKT3715,Business-to-Business Marketing,NUS Business School,0.51590914,0.68621325,0.6823933
MKT3715A,Business-to-Business Marketing,NUS Business School,0.51590914,0.68621325,0.6823933
MKT3416,Business-to-Business Marketing,NUS Business School,0.51590914,0.68621325,0.6823933
MKT3416B,Business-to-Business Marketing,NUS Business School,0.51590914,0.68621325,0.6823933
NM4401,Honours Thesis,Arts and Social Science,0.48627454,0.6908273,0.6823319
NM4401HM,Honours Thesis,Arts and Social Science,0.48627454,0.6908273,0.6823319
MLE3111A,Materials Properties & Processing Laboratory,College of Design and Engineering,0.44848806,0.68889105,0.6822399
FIN3113,Financial Statement Analysis,NUS Business School,0.45858946,0.7109158,0.68222684
MLE4218,AI for Biomaterials Discovery,College of Design and Engineering,0.44024307,0.7119263,0.6821902
PR4138,Pharmacy Professional Skills Development IV,Science,0.5200413,0.6939736,0.68209994
LL4537V,Legal Ethics and Professional Conduct,Law,0.50579643,0.69595224,0.6820844
LL4537,Legal Ethics and Professional Conduct,Law,0.50579643,0.69595224,0.6820843
EE4512,Renewable Energy Systems Capstone Design,College of Design and Engineering,0.4434009,0.7332815,0.68206674
LL4382,Private International Law,Law,0.45889714,0.6893646,0.68205863
LL4382V,Private International Law,Law,0.45889714,0.6893646,0.68205863
SC3551,FASS Undergraduate Research Opportunity (UROP),Arts and Social Science,0.49782938,0.70665836,0.6820426
PL3551,FASS Undergraduate Research Opportunity (UROP),Arts and Social Science,0.49782938,0.70665836,0.6820426
EN3551,FASS Undergraduate Research Opportunity (UROP),Arts and Social Science,0.49782938,0.70665836,0.6820426
EL3551,FASS Undergraduate Research Opportunity (UROP),Arts and Social Science,0.49782938,0.70665836,0.6820426
SW3551,FASS Undergraduate Research Opportunity (UROP),Arts and Social Science,0.49782938,0.70665836,0.6820426
EC3551,FASS Undergraduate Research Opportunity (UROP),Arts and Social Science,0.49782938,0.70665836,0.6820426
GE3551,FASS Undergraduate Research Opportunity (UROP),Arts and Social Science,0.49782938,0.70665836,0.6820426
TS3551,FASS Undergraduate Research Opportunity (UROP),Arts and Social Science,0.49782938,0.70665836,0.6820426
NM3551,FASS Undergraduate Research Opportunity (UROP),Arts and Social Science,0.49782938,0.70665836,0.6820426
AN3551,FASS Undergraduate Research Opportunity (UROP),Arts and Social Science,0.49782938,0.70665836,0.6820426
SN3551,FASS Undergraduate Research Opportunity (UROP),Arts and Social Science,0.49782938,0.70665836,0.6820426
PS3551,FASS Undergraduate Research Opportunity (UROP ),Arts and Social Science,0.49782938,0.70665836,0.6820426
JS3551,FASS Undergraduate Research Opportunity (UROP),Arts and Social Science,0.49782938,0.70665836,0.6820426
CL3551,FASS Undergraduate Research Opportunity (UROP),Arts and Social Science,0.49782938,0.70665836,0.6820426
CH3551,FASS Undergraduate Research Opportunity (UROP),Arts and Social Science,0.49782938,0.70665836,0.6820426
PH3551,FASS Undergraduate Research Opportunity (UROP),Arts and Social Science,0.49782938,0.70665836,0.6820426
PC3251,Nanophysics,Science,0.45496783,0.7177484,0.6820214
ESE4502N,Final Year Project,College of Design and Engineering,0.49513087,0.69449663,0.68199587
SP1230,NUS H3 Science Research Programme,Science,0.49284163,0.6831088,0.68198824
PR2151,Applied Patient Care Skills II,Science,0.49610177,0.7019084,0.68192935
BSP3001B,Strategic Management,NUS Business School,0.4776301,0.6823443,0.68185633
CH2273,Chinese Media in Singapore: Theory and Practice,Arts and Social Science,0.48308057,0.6962714,0.68182594
EE3031,Innovation & Enterprise I,College of Design and Engineering,0.48766065,0.68765366,0.6817735
IS4246,Smart Systems and AI Governance,Computing,0.4761388,0.6857065,0.68175316
AR4104,Architectural & Technology Design 2,College of Design and Engineering,0.44282404,0.68784237,0.6817428
MUA2243,Collaborative Piano - Chamber Music,YST Conservatory of Music,0.47241288,0.7227715,0.6817052
ME4102,Standards in Mechanical Engineering,College of Design and Engineering,0.4724844,0.6836472,0.68135035
DAO2703A,Operations and Technology Management,NUS Business School,0.48308715,0.7031082,0.68131864
DAO2703,Operations and Technology Management,NUS Business School,0.48308715,0.7031082,0.68131864
UTC2733,Rethinking Age: Potential for Connection,Residential College,0.49589282,0.7148427,0.68127394
UTS2718,Rethinking Age: Potential for Connection,Residential College,0.49589282,0.7148427,0.68127394
EE4110,RFIC and MMIC Design,College of Design and Engineering,0.415698,0.69979227,0.68125355
EX3010,Exchange Technical Essential,College of Design and Engineering,0.55059916,0.7085244,0.68124926
TME4223,Thermal Environmental Engineering,Cont and Lifelong Education,0.4543943,0.7222789,0.6812358
MLE1002,Materials Science & Engineering Principles & Practice II,College of Design and Engineering,0.4577455,0.7031536,0.6812037
PHS4993,Exchange Enrichment Level 4000 Course,Science,0.52003884,0.6908525,0.68119323
PHS4992,Exchange Enrichment Level 4000 Course,Science,0.52003884,0.6908525,0.68119323
PHS4991,Exchange Enrichment Level 4000 Course,Science,0.52003884,0.6908525,0.68119323
CM3289N,Advanced UROPS in Nanochemistry II,Science,0.46094164,0.6946713,0.6811476
BSP4011,Global Strategic Management,NUS Business School,0.50909543,0.6824619,0.68102443
BSP4512,Global Strategic Management,NUS Business School,0.50909543,0.6824619,0.68102443
CN4221R,Control of Industrial Processes,College of Design and Engineering,0.48439738,0.6854404,0.68095386
LAD4011,Design 8 (Emphasis on Landscape Technology),College of Design and Engineering,0.46410084,0.7157407,0.68079054
NRM3302R,NUSC Undergraduate Research Opportunity (S&T UROP),NUS College,0.49403957,0.7089282,0.6807579
TCN1111,Chemical Engineering Principles,Cont and Lifelong Education,0.4640246,0.69249,0.6807431
CN1111E,Chemical Engineering Principles,Cont and Lifelong Education,0.4640246,0.69248986,0.68074304
PHS1101,The Billion-Dollar Pill - Bench to Bedside Drug Development,Science,0.5128728,0.6919013,0.6807103
EE4216,Hardware for Internet of Things,College of Design and Engineering,0.42294872,0.74738455,0.6806129
MKT3427,Research for Marketing Insights,NUS Business School,0.5201088,0.69297516,0.68056756
MKT3722,Research for Marketing Insights,NUS Business School,0.5201088,0.69297516,0.68056756
MLE4225,Electro-active Materials for Sustainability,College of Design and Engineering,0.46447447,0.7132424,0.68051594
EG2101,Pathways to Engineering Leadership,College of Design and Engineering,0.49016237,0.6805042,0.6805042
UTS2114,Technologies and Ageing in Singapore,Residential College,0.50840425,0.6828511,0.68049705
UTC2114,Technologies and Ageing in Singapore,Residential College,0.50840425,0.6828511,0.68049705
SSB1204,Singapore Employment Law,NUS Business School,0.51096123,0.6839061,0.68041384
ES2002,Business Communication for Leaders (BBA),Non-Faculty-based Departments,0.51589096,0.6843261,0.6803721
FIN3132,Value Investing In Asia,NUS Business School,0.49695846,0.7585516,0.68035954
MLE4210,Materials for energy storage and conversion,College of Design and Engineering,0.4402613,0.7286387,0.68035096
PF3301,Maintainability of Facilities,College of Design and Engineering,0.45726055,0.69101644,0.68034226
MKT3811,Marketing Analysis & Decision Making,NUS Business School,0.5159193,0.68032783,0.68032783
LAJ4205,Japanese for Contemporary Society,Arts and Social Science,0.47083682,0.7100957,0.6802863
LAJ4205HM,Japanese for Contemporary Society,Arts and Social Science,0.47083682,0.7100957,0.6802863
EE4411,Silicon Processing Technology,College of Design and Engineering,0.43561205,0.68329453,0.68022007
YLC2201,Intermediate Chinese 1,Yale-NUS College,0.47685933,0.7071764,0.68017447
NM4257,Multiplatform Advertising Strategies,Arts and Social Science,0.49086234,0.6898403,0.6800676
NM4257HM,Multiplatform Advertising Strategies,Arts and Social Science,0.49086234,0.6898403,0.6800676
UTC2110,Happiness By Design,Residential College,0.5108719,0.68884593,0.68001735
UTS2110,Happiness By Design,Residential College,0.5108719,0.68884593,0.68001735
TCE3115,Geotechnical Engineering,Cont and Lifelong Education,0.4490683,0.7195362,0.67988074
CFG1002,Career Catalyst,Non-Faculty-based Departments,0.5320445,0.6947596,0.6798441
ID3130,Branding and the Elements of Storytelling,College of Design and Engineering,0.47981566,0.6974368,0.67976105
DSA4213,Natural Language Processing for Data Science,Science,0.4448859,0.69357944,0.67971426
NRM3301R,NUSC Undergraduate Research Opportunity (UROP),NUS College,0.48971906,0.707571,0.6796988
EE4210,Network Protocols and Applications,College of Design and Engineering,0.44623992,0.697585,0.6796695
DSA4299C,Applied Project in Data Science and Analytics,Science,0.48912263,0.68942606,0.6796645
DSA4299,Applied Project in Data Science and Analytics,Science,0.48912263,0.68942606,0.6796645
ACC4761E,Seminars in Accounting: Public Sector Audit,NUS Business School,0.47017244,0.68628395,0.6795486
MLE1101,Introductory Materials Science And Engineering,College of Design and Engineering,0.45053262,0.710295,0.67951643
LL4162,Singapore Corporate Governance,Law,0.509271,0.6794945,0.6794945
EE4436E,Fabrication Process Technology,Cont and Lifelong Education,0.43829796,0.6963109,0.6793954
TEE4436,Fabrication Process Technology,Cont and Lifelong Education,0.43829796,0.6963109,0.6793953
LL4405A,Law of Intellectual Property (A),Law,0.5014239,0.68597484,0.6793921
MLE2001A,Materials Science & Engineering Principles & Practice II,College of Design and Engineering,0.45845166,0.7177436,0.67938936
MLE4217,Application of Big Data in Materials Science,College of Design and Engineering,0.42902258,0.70284146,0.679319
MKT3701,Marketing Strategy: Analysis and Practice,NUS Business School,0.51666933,0.6860677,0.6791695
MKT3401A,Marketing Strategy: Analysis and Practice,NUS Business School,0.51666933,0.6860677,0.6791695
MKT3401B,Marketing Strategy: Analysis and Practice,NUS Business School,0.51666933,0.6860677,0.6791695
MKT3401,Marketing Strategy: Analysis and Practice,NUS Business School,0.51666933,0.6860677,0.6791695
MKT3701B,Marketing Strategy: Analysis and Practice,NUS Business School,0.51666933,0.6860677,0.6791695
MKT3701A,Marketing Strategy: Analysis and Practice,NUS Business School,0.51666933,0.6860677,0.6791695
MLE4211,Nanoelectronics and information technology,College of Design and Engineering,0.4600752,0.69174683,0.6791667
EE4802,Learning from Data,College of Design and Engineering,0.43341327,0.71284854,0.67911816
IE4213,Learning from Data,College of Design and Engineering,0.43341327,0.71284854,0.67911816
CS4880,Digital Entrepreneurship,Computing,0.48974487,0.6903467,0.67904794
LAC4202,Chinese 6,Arts and Social Science,0.46167594,0.6950151,0.67901754
LAC4202HM,Chinese 6,Arts and Social Science,0.46167594,0.6950151,0.67901754
FIN4761D,SIF: Family Business & Wealth Management,NUS Business School,0.50888693,0.6857567,0.67877704
FIN4112L,SIF: Family Business & Wealth Management,NUS Business School,0.50888693,0.6857567,0.67877704
CLC2204,Community Development With Youth,Non-Faculty-based Departments,0.4864983,0.6944087,0.6787728
TIE3100,Systems Design Project,Cont and Lifelong Education,0.496272,0.6936588,0.678671
LAD3002,Design 6,College of Design and Engineering,0.4657335,0.7369539,0.6786579
ACC4612F,Seminars in Accounting: Public Sector Audit,NUS Business School,0.46967417,0.6851473,0.67856485
MKT3421,Marketing Analysis & Decision Making,NUS Business School,0.51577497,0.68081665,0.6785461
MKT4715,Business Strategy Simulation for Marketers,NUS Business School,0.50858307,0.6831138,0.6785384
LL4257,Law & Finance,Law,0.50499403,0.6885209,0.6785153
EE4436,Fabrication Process Technology,College of Design and Engineering,0.43931308,0.69415945,0.6784735
LL4489,Corporate Law and Economics,Law,0.51395947,0.694299,0.67843425
LL4489V,Corporate Law and Economics,Law,0.51395947,0.694299,0.67843425
RB4101B,Robotic Systems Design,College of Design and Engineering,0.45178673,0.6839218,0.6784106
PL4880SHM,Programme Evaluation in the Social Service Sector,Arts and Social Science,0.47249138,0.69401443,0.6784069
PL4880S,Programme Evaluation in the Social Service Sector,Arts and Social Science,0.47249138,0.69401443,0.6784069
CN1101,Chemical Engineering Principles and Practice I,College of Design and Engineering,0.4831079,0.6813091,0.67839986
ACC4714,Advanced and Sustainability Assurance,NUS Business School,0.51497614,0.68543917,0.6783954
SPH2402,Public Health and Innovations for Ageing Populations,SSH School of Public Health,0.46559674,0.69608307,0.67839414
GEK2033,Business Ethics,Arts and Social Science,0.48792663,0.68158674,0.67838484
PH2218,Business Ethics,Arts and Social Science,0.4879266,0.6815867,0.6783848
MLE4230,Current Topics in Materials AI,College of Design and Engineering,0.4490493,0.69427574,0.6783776
IE3100M,System Design Project,College of Design and Engineering,0.49057472,0.69197255,0.6783258
EE4412,Technology & Modelling Of Si Transistors,College of Design and Engineering,0.45381832,0.7037032,0.67831874
DBA4811,Analytics for Consulting,NUS Business School,0.5139026,0.6825773,0.67828697
NST2047,Rethinking Sustainability in a Green City,NUS College,0.4919645,0.6981523,0.6782727
GESS1036,Singapore Employment Law and Policies,NUS Business School,0.52679926,0.68320906,0.6782363
IE4215,Machine Learning for Industrial Engineering,College of Design and Engineering,0.48797598,0.69869864,0.6781901
GL3551,FASS Undergraduate Research Opportunity,Arts and Social Science,0.49582422,0.7006142,0.67818105
HY3551,FASS Undergraduate Research Opportunity,Arts and Social Science,0.49582422,0.7006142,0.67818105
EL2207,Speech and Language Disorders,Arts and Social Science,0.42492473,0.6834208,0.6781435
FST2109,Fundamentals of Food Engineering,Science,0.47009587,0.7168424,0.6781074
CE4283B,Virtual Design and Construction: Moving Beyond BIM,College of Design and Engineering,0.4620876,0.6785892,0.67810535
ID1113,Modelling and Sketching for Design,College of Design and Engineering,0.44674096,0.68798685,0.67801076
CN4102,Chemical Engineering Lab,College of Design and Engineering,0.44443372,0.68349934,0.6779829
SW4230HM,Urban Youth Work,Arts and Social Science,0.4627171,0.69915867,0.677981
SW4230,Urban Youth Work,Arts and Social Science,0.46271712,0.6991588,0.677981
TCX2004,Introduction to Application Development,Cont and Lifelong Education,0.46984956,0.68600327,0.6779737
UTC1415,Jr Sem: Family in a Changing Singapore,Residential College,0.49735335,0.6904209,0.67796224
LAJ3203,Business Japanese 1,Arts and Social Science,0.4772999,0.7183834,0.6779584
BN3101,Biomedical Engineering Design,College of Design and Engineering,0.4553656,0.69805056,0.6779326
LL4261V,Employment Law & Migrant Workers Clinic,Law,0.5333242,0.6897882,0.6778803
LL4021V,Environmental Law,Law,0.48537832,0.68511766,0.67780536
FST2107,Food Analysis and Lab,Science,0.47220203,0.7022207,0.677791
ID3122,Innovation and Design,College of Design and Engineering,0.47835767,0.68852526,0.67779005
PHS3123,Biotechnology for Pharmaceutical Science,Science,0.44193044,0.68935895,0.67778164
EE2026,Digital Design,College of Design and Engineering,0.42448628,0.68033946,0.67777526
TEE2026,Digital Design,Cont and Lifelong Education,0.42448628,0.68033946,0.67777526
LSM4242,Protein Engineering,Science,0.4480335,0.7063652,0.6776992
ESP4401,Optimisation of Energy Systems,College of Design and Engineering,0.47520933,0.7030978,0.67762274
MLE4102A,Design Project,College of Design and Engineering,0.48763806,0.687703,0.677533
LAD2002,Design 4,College of Design and Engineering,0.47681403,0.7004329,0.67748183
LAD2007,Design 4,College of Design and Engineering,0.47681403,0.7004329,0.67748183
LAC1201,Chinese 1,Arts and Social Science,0.4550667,0.6997062,0.67746526
CLC3308,Being There: Engaging communities on the ground,Non-Faculty-based Departments,0.5255788,0.68907315,0.67744553
ESE4501,Design Project,College of Design and Engineering,0.4876853,0.6925434,0.67740375
LL4309,Strategies for Asian Disputes - A Comparative Analysis,Law,0.48848873,0.742087,0.67735064
LL4309V,Strategies for Asian Disputes - A Comparative Analysis,Law,0.48848873,0.742087,0.67735064
GEH1063,"Understanding Body, Mind and Culture through Sport",Yong Loo Lin Sch of Medicine,0.50294787,0.70119965,0.6773278
PS3245,Public Personnel Administration,Arts and Social Science,0.5249089,0.7009197,0.67731774
IE4211,Modelling & Analytics,College of Design and Engineering,0.48075655,0.7106918,0.6772755
CN4203R,Polymer Engineering,College of Design and Engineering,0.4624889,0.69635963,0.67727077
CN4203E,Polymer Engineering,Cont and Lifelong Education,0.4624889,0.69635963,0.67727077
TCN4203,Polymer Engineering,Cont and Lifelong Education,0.4624889,0.69635963,0.67727077
GMS1000,The Duke-NUS Premed Course,Duke-NUS Medical School,0.4258023,0.69047046,0.67722845
RE3702,Property Tax and Statutory Valuation,NUS Business School,0.4794277,0.68412125,0.6771242
ZB3289,Advanced UROPS in Computational Biology II,Science,0.48082328,0.6907096,0.67707115
NUR1202C,Clinical Experience I,Yong Loo Lin Sch of Medicine,0.47807842,0.69809794,0.67704207
EE4502,Electric Drives & Control,College of Design and Engineering,0.46651402,0.7097228,0.677039
BT4013,Analytics for Capital Market Trading and Investment,Computing,0.43589866,0.70539576,0.677034
MUA2163,Leading and Guiding Through Music,YST Conservatory of Music,0.5072169,0.6989302,0.676994
CN1101A,Chemical Engineering Principles and Practice I,College of Design and Engineering,0.4828855,0.67912644,0.67698413
CM3254,Sustainable Polymers and Biomass,Science,0.4603173,0.71340585,0.676932
LL4085,International Trusts,Law,0.492045,0.69918954,0.6769018
CM3289NR,Advanced UROPS in Nanochemistry II (REx),Science,0.47431692,0.6905658,0.6768684
EE2021,Devices and Circuits,College of Design and Engineering,0.44663644,0.69336045,0.6767953
ID3127,Transdisciplinary Innovation Project,College of Design and Engineering,0.50036836,0.688684,0.6767884
MLE3112,Machine Learning Approaches in Materials Laboratory,College of Design and Engineering,0.42737335,0.69163644,0.6766108
IE3100R,Systems Design Project,College of Design and Engineering,0.48875836,0.69328964,0.6765989
MUA3241,Collaborative Piano - Vocal Accompaniment,YST Conservatory of Music,0.4816325,0.7007041,0.6765966
ACC2707,Corporate Accounting & Reporting I,NUS Business School,0.51704776,0.6857702,0.67657703
LAC3204,Chinese for Business & Social Sciences,Arts and Social Science,0.48860303,0.68629164,0.67655164
CN4123,Design Project,College of Design and Engineering,0.4805929,0.691,0.67649287
CN4123E,Design Project,Cont and Lifelong Education,0.4805929,0.691,0.67649287
TCX2006,Introduction to AI and Machine Learning,Cont and Lifelong Education,0.44921726,0.70712066,0.67647517
LAD4004,GeoDesign,College of Design and Engineering,0.44570476,0.718833,0.67645943
EE4307,Control Systems Design And Simulation,College of Design and Engineering,0.470397,0.6821263,0.6763822
PHS3220,Microbiology for Pharmaceutical Science,Science,0.46129552,0.704941,0.67635834
GEN2070,Community Link (ComLink) Befrienders,NUS,0.47636345,0.69427544,0.6763299
GEN2070X,Community Link (ComLink) Befrienders,NUS,0.47636345,0.69427544,0.6763299
GEN2070Y,Community Link (ComLink) Befrienders,NUS,0.47636345,0.69427544,0.6763299
YHU3216,Photojournalism,Yale-NUS College,0.47859976,0.6859148,0.67626363
SW4201HM,Theory Building in Social Work Practice,Arts and Social Science,0.49693817,0.71848506,0.6762048
SW4201,Theory Building in Social Work Practice,Arts and Social Science,0.49693817,0.71848506,0.6762048
MKT4761J,SIM: AI in Marketing,NUS Business School,0.49123672,0.69099337,0.67620164
CDE2310,Fundamentals of Systems Design,College of Design and Engineering,0.47007015,0.69725835,0.67609835
EG2310,Fundamentals of Systems Design,College of Design and Engineering,0.47007015,0.69725835,0.67609835
RE2708,Computational Thinking and Programming for Real Estate,NUS Business School,0.50156957,0.7570007,0.6760508
CE3155A,Structural Behaviour,College of Design and Engineering,0.4362467,0.6816952,0.67602956
BT1101,Introduction to Business Analytics,Computing,0.48315242,0.698007,0.675984
TCX2002,Introduction to Business Analytics,Cont and Lifelong Education,0.48315242,0.698007,0.675984
CFA1101A,Performing Arts in Practice (Music) 1,YST Conservatory of Music,0.48126456,0.6954551,0.6759833
ME4254E,Materials in Engineering Design,Cont and Lifelong Education,0.46666673,0.7015476,0.6759552
TME4254,Materials in Engineering Design,Cont and Lifelong Education,0.46666673,0.7015476,0.6759552
CS3249,User Interface Development,Computing,0.46723837,0.7184887,0.675833
TCX3223,User Interface Development,Cont and Lifelong Education,0.45651585,0.7143818,0.6758046
ACC2708,Corporate Accounting & Reporting II,NUS Business School,0.5020355,0.68053883,0.67572564
HS1503,Understanding AI and Its Impact: from Turing to ChatGPT,Arts and Social Science,0.44232178,0.6893212,0.67569125
CE3102,Socio-economically sustainable developments,College of Design and Engineering,0.5100074,0.7010077,0.67560947
ID3106,Design Platforms 3,College of Design and Engineering,0.5043298,0.69147176,0.6755904
PC3242,Nanofabrication and Nanocharacterization,Science,0.45195308,0.68925774,0.6755829
EE4218,Embedded Hardware System Design,College of Design and Engineering,0.40900543,0.73888147,0.6755253
EE2033,Integrated System Lab,College of Design and Engineering,0.4728312,0.6937024,0.67551625
NUR2107B,Clinical Practice: Specialty Care,Yong Loo Lin Sch of Medicine,0.44741493,0.6798839,0.6754806
PR4150,Professional Identity and Skills Development IV,Science,0.5059992,0.6984257,0.675435
ID2118,Product Photography,College of Design and Engineering,0.49835247,0.6953473,0.6754113
MLE1001B,Materials Science & Engineering Principles & Practice 1,College of Design and Engineering,0.4607981,0.7023165,0.67538714
GMS4100A,Duke-NUS Health Innovator Programme Part 1,Duke-NUS Medical School,0.47486424,0.68411523,0.6753832
ESE4501R,Design Project,College of Design and Engineering,0.48701054,0.6898596,0.6753708
FST3111,Food Analysis and Lab,Science,0.46867967,0.699046,0.6753603
LL4395V,The Law & Practice of Modern Trust Structures,Law,0.4779969,0.6853478,0.67518145
LL4395,The Law & Practice of Modern Trust Structures,Law,0.4779969,0.6853478,0.67518145
ME3252,Materials for Mechanical Engineering,College of Design and Engineering,0.452079,0.6983744,0.6751234
TCE3155,Structural Analysis,Cont and Lifelong Education,0.44309857,0.682946,0.67507595
CE3155,Structural Analysis,College of Design and Engineering,0.44309857,0.682946,0.67507595
SW4223HM,Child-Centric Social Work,Arts and Social Science,0.4626371,0.6842474,0.6750277
SW4223,Child-Centric Social Work,Arts and Social Science,0.4626371,0.6842474,0.6750277
SP2718F,Data Science in Action: Financial Transactions and Payments,Science,0.4961333,0.69502807,0.6750057
MKT4719,Distribution Management: Channels and Platforms,NUS Business School,0.51105183,0.683,0.67497206
CS4248R,Natural Language Processing,Computing,0.47333047,0.69658965,0.67491555
AR2326,Architectural Construction II,College of Design and Engineering,0.46781203,0.68812954,0.67486733
NST2021,Thoughtful Learning with Machines,NUS College,0.4619639,0.6822821,0.6747991
TCN4122,Process Synthesis and Simulation,Cont and Lifelong Education,0.4646743,0.6789917,0.6747773
FIN3703C,Financial Markets,NUS Business School,0.5006443,0.6805301,0.67476285
FIN3703D,Financial Markets,NUS Business School,0.5006443,0.6805301,0.67476285
FIN3703B,Financial Markets,NUS Business School,0.5006443,0.6805301,0.67476285
FIN3703A,Financial Markets,NUS Business School,0.5006443,0.6805301,0.67476285
FIN3703,Financial Markets,NUS Business School,0.5006443,0.6805301,0.67476285
FIN3103,Financial Markets,NUS Business School,0.5006443,0.6805301,0.67476285
LL4327V,Mergers and Acquisitions: A Practitioner’s Perspective,Law,0.5154893,0.70511514,0.6747626
CE4002,Carbon Management in the Built Environment,College of Design and Engineering,0.49340484,0.6775922,0.6747138
CN4250,Chemical Product Design,College of Design and Engineering,0.48987406,0.69116527,0.67470723
MLE2001,Materials Science & Engineering Principles & Practice II,College of Design and Engineering,0.44430536,0.6997205,0.6746848
CN4122,Process Synthesis and Simulation,College of Design and Engineering,0.46368384,0.67678905,0.67435455
CN4122E,Process Synthesis and Simulation,Cont and Lifelong Education,0.46368384,0.67678905,0.67435455
MUA4441,Collaborative Piano - Vocal Accompaniment 5,YST Conservatory of Music,0.48593014,0.7025872,0.67432725
NM4250,Data Journalism and Analysis,Arts and Social Science,0.49687344,0.6843152,0.67426693
NM4250HM,Data Journalism and Analysis,Arts and Social Science,0.49687344,0.6843152,0.67426693
ETP3223,Globalization of New Ventures,Non-Faculty-based Departments,0.53459615,0.6911746,0.674184
TR3014,Globalization of New Ventures,Non-Faculty-based Departments,0.53459615,0.6911746,0.67418396
NUR3105B,Clinical Practice: Community Care II,Yong Loo Lin Sch of Medicine,0.4486052,0.6853225,0.6740726
PHS2103,Essentials of Pharmaceutical and Synthetic Chemistry,Science,0.47830334,0.68608564,0.6740502
MNO4714,Developing Impactful Social Sector Solutions,NUS Business School,0.510811,0.6853939,0.6740392
FST2106,Post Harvest Food Processing,Science,0.5057331,0.6981654,0.6740378
BSN4711,Product Validation,NUS Business School,0.48850298,0.7003512,0.6740192
ESE4502,B.Eng. Dissertation,College of Design and Engineering,0.4718628,0.71323323,0.67401797
TCN4242,Optimization of Chemical Processes,Cont and Lifelong Education,0.45899296,0.6855145,0.6740068
LL4434V,International Commodity Trading Law Clinic,Law,0.46128315,0.6809772,0.6739088
LL4434,International Commodity Trading Law Clinic,Law,0.46128315,0.6809772,0.6739088
LC1015,Singapore Law in Context,Law,0.4723406,0.677696,0.673908
LC1025,Singapore Law in Context,Law,0.4723406,0.677696,0.673908
EE4408,Silicon Device Reliability,College of Design and Engineering,0.4507972,0.70192885,0.67383593
GEH1002,Economic Issues in Dev World,Arts and Social Science,0.52051234,0.673986,0.67383564
SW4219,Crisis and Disaster Recovery Management,Arts and Social Science,0.4734379,0.6874461,0.67375106
SW4219HM,Crisis and Disaster Recovery Management,Arts and Social Science,0.4734379,0.6874461,0.67375106
SC2211,Medical Sociology,Arts and Social Science,0.4719584,0.6921133,0.6736642
ACC4615,Advanced Assurance and Attestation,NUS Business School,0.49430916,0.68306,0.67356384
CM3288N,Advanced UROPS in Nanochemistry I,Science,0.46198562,0.6868771,0.67356265
LL4462V,Civil Law Approaches to Conflict of Laws,Law,0.47591615,0.690719,0.67352736
LL4462,Civil Law Approaches to Conflict of Laws,Law,0.47591615,0.690719,0.67352736
LAM2201,Malay 2,Arts and Social Science,0.48811457,0.7223279,0.6735213
AR1101,Design I,College of Design and Engineering,0.47106737,0.67441064,0.6734444
MUA4180,Internship in Audio Arts and Science 2,YST Conservatory of Music,0.5094563,0.68459535,0.6734061
PC2020,Electromagnetics for Electrical Engineers,Science,0.4464461,0.6807714,0.6733657
TEE2033,Integrated System Lab,Cont and Lifelong Education,0.47448632,0.6820246,0.67333764
ESE3301,Microbiology in Natural and Built Environments,College of Design and Engineering,0.44621357,0.7498725,0.6733274
MUA4541,Collaborative Piano Vocal Accompaniment 6,YST Conservatory of Music,0.48523498,0.69832855,0.6733201
MLE1111,Foundation Materials Science and Engineering I,College of Design and Engineering,0.45345658,0.7077328,0.67330456
CS2103R,Software Engineering,Computing,0.48397854,0.6818083,0.6732228
MS4880,Topics in Malay Studies,Arts and Social Science,0.49223983,0.70315933,0.6732116
ACC3715,Accounting Analytics and AI,NUS Business School,0.46003184,0.7024604,0.6731583
RE3807,Corporate Finance for Real Estate,NUS Business School,0.46435142,0.6967912,0.67312974
FST4201,Current Topics ( Food Science & Tech ),Science,0.4845683,0.68177533,0.67308754
PR2289,Basic UROPS in Pharmacy II,Science,0.47993878,0.7011844,0.673051
SE3221,Traditional Music in a SE Asian Country,Arts and Social Science,0.48712978,0.6819035,0.6730358
CM4258,Advanced Polymer Science,Science,0.44796526,0.688203,0.6729476
NUR3105C,Clinical Practice: Community Care II,Yong Loo Lin Sch of Medicine,0.4465111,0.6869576,0.6729312
CN4205R,Pinch Analysis and Process Integration,College of Design and Engineering,0.4623324,0.679388,0.6729127
LAD2008,Landscape Representation,College of Design and Engineering,0.48297182,0.6872028,0.67290986
ID4105,Design Platforms 4,College of Design and Engineering,0.5046729,0.68454957,0.6728242
ENV2102,Environmental Law,Science,0.50070286,0.6846428,0.6728033
NM3230,Digital Storytelling,Arts and Social Science,0.44590217,0.6821265,0.67278993
CL1101S,Chinese Language: Its Past and Present,Arts and Social Science,0.4302833,0.68328416,0.6727645
ESE4403,Membrane Tech In Env Applns,College of Design and Engineering,0.4584581,0.73737717,0.6727614
IPM3505,Computational Fluid Dynamics for the Built Environment,College of Design and Engineering,0.4837791,0.6972647,0.6727602
MD3140,Core Clinical Practice,Yong Loo Lin Sch of Medicine,0.49598095,0.67868054,0.6727599
PR2288,Basic UROPS in Pharmacy I,Science,0.47836295,0.70188105,0.67273915
SP2201,Agri-Science in Japan and Singapore,Science,0.48109558,0.68888426,0.6727314
AR3324,Architectural Structures,College of Design and Engineering,0.4721559,0.6779007,0.6727263
DSC4217,Business Analytics with R,NUS Business School,0.45420355,0.699449,0.6727236
IS4236,Cloud Services and Infrastructure Management,Computing,0.46929106,0.6831272,0.67260754
PC4253,Thin Film Technology,Science,0.45111522,0.73237336,0.67256033
NUR4102C,Consolidated Clinical Practice,Yong Loo Lin Sch of Medicine,0.46385503,0.67860776,0.672553
PF2103,Measurement (Building Works),College of Design and Engineering,0.46682656,0.683671,0.67253274
IPM2103,Measurement (Building Works),College of Design and Engineering,0.46682656,0.683671,0.67253274
LSM4352,Sustainable Urban Food Production for Food Security,Science,0.47086895,0.69263947,0.6725112
FIN3103C,Financial Markets,NUS Business School,0.5009543,0.67872965,0.67245185
FIN3103A,Financial Markets,NUS Business School,0.5009543,0.67872965,0.67245185
FIN3103B,Financial Markets,NUS Business School,0.5009543,0.67872965,0.67245185
TIC4002,Software Engineering Practicum II,Cont and Lifelong Education,0.4486316,0.6855475,0.6724373
DSA4510,Startups in Data-Driven Economies,Science,0.4955722,0.6846428,0.67237365
CS4246R,AI Planning and Decision Making,Computing,0.4930012,0.6797687,0.6723536
EE4604,Biological Perception in Digital Media,College of Design and Engineering,0.45340356,0.69849116,0.6722865
LAC4201,Chinese 5,Arts and Social Science,0.4837112,0.6744771,0.6722774
LAC4201HM,Chinese 5,Arts and Social Science,0.4837112,0.6744771,0.6722774
MUA4442,Collaborative Piano - Instrumental Accompaniment 5,YST Conservatory of Music,0.4654364,0.71417594,0.6722585
ETP3321A,Summer Programme in Entrepreneurship,Non-Faculty-based Departments,0.48623824,0.7196629,0.6722368
TR3301,Summer Programme in Entrepreneurship,Non-Faculty-based Departments,0.4862382,0.7196628,0.67223674
TR3301A,Summer Programme in Entrepreneurship,Non-Faculty-based Departments,0.4862382,0.7196628,0.67223674
ETP3321,Summer Programme in Entrepreneurship,Non-Faculty-based Departments,0.4862382,0.7196628,0.67223674
CFG1004,Financial Readiness for Young Professionals,NUS,0.48163572,0.68212926,0.67217743
TCX3211,Data Management and Visualisation,Cont and Lifelong Education,0.47981918,0.68731916,0.67216194
NM4255,Social Media and Computational Communication,Arts and Social Science,0.47683486,0.6822101,0.6721215
NM4255HM,Social Media and Computational Communication,Arts and Social Science,0.47683483,0.68221,0.67212147
IS4103,Information Systems Capstone Project,Computing,0.4879411,0.6960648,0.67205805
UTC2104,Intelligence and Singapore Society,Residential College,0.50376385,0.6863047,0.6720257
UTS2104,Intelligence and Singapore Society,Residential College,0.50376385,0.6863047,0.6720257
UTS2100,Intelligence and Singapore Society,Residential College,0.50376385,0.6863047,0.6720257
TIC3002,User Interface Design and Implementation,Cont and Lifelong Education,0.47100568,0.70192564,0.67197895
FST3104,"Food Sensory, Innovation and Packaging",Science,0.46917492,0.6815909,0.6719753
FSP4003,Field Service Project,NUS Business School,0.5133319,0.70197046,0.6719705
ESP3102,From Making Nano to Probing Nano,College of Design and Engineering,0.45441598,0.69293576,0.6719336
CM3288NR,Advanced UROPS in Nanochemistry I (REx),Science,0.47543913,0.6845988,0.67192805
ME4103,Mechanical Engineering and Society,College of Design and Engineering,0.48055238,0.68118954,0.67186916
FST4103,Food Colloids and Components Science,Science,0.46820766,0.6890536,0.67182624
LC1005,Singapore Legal System,Law,0.47885978,0.68040043,0.67181224
EG2201B,Practising Design Thinking,College of Design and Engineering,0.4755814,0.6842998,0.67179555
IE3100E,Systems Design Project,Cont and Lifelong Education,0.4830139,0.69395864,0.6717774
MLE1010,Materials Engineering Principles & Practices,College of Design and Engineering,0.43903178,0.70334554,0.67169046
ZB3288,Advanced UROPS in Computational Biology I,Science,0.47536922,0.68906623,0.6716592
CN2102,Chemical Engineering Principles and Practice II,College of Design and Engineering,0.48569837,0.68871796,0.6716536
PHS4121,Regulation of Healthcare Products,Science,0.45198518,0.71500117,0.67161703
PR2122,Biotechnology for Pharmacy,Science,0.44400373,0.68287736,0.6715505
WR1401,Workplace Readiness,Residential College,0.51676166,0.67151564,0.67151564
MKT4415F,SIM: Growing and Marketing the Next On-Demand Unicorn,NUS Business School,0.49462315,0.68814075,0.67144156
MKT4761A,SIM: Growing and Marketing the Next On-Demand Unicorn,NUS Business School,0.49462315,0.68814075,0.67144156
MNO3317,Advanced Leadership,NUS Business School,0.49112028,0.6762337,0.6713802
PHS4201,Microbiology for Pharmaceutical Science,Science,0.45581833,0.6998237,0.67137104
MUA4542,Collaborative Piano - Instrumental Accompaniment 6,YST Conservatory of Music,0.46667472,0.7163414,0.67124003
CS4248,Natural Language Processing,Computing,0.4278453,0.7072864,0.6711403
BN4303,Tissue Engineering for Designing Food,College of Design and Engineering,0.44898683,0.7166737,0.67113304
CFA3160,Artistic Identities and Pathways,YST Conservatory of Music,0.49722326,0.68014663,0.67112267
CN4252,H2 and Low Carbon Technologies: Industry Perspectives,College of Design and Engineering,0.47142395,0.7174514,0.67110115
CE2155,Principles of Structural Mechanics and Materials,College of Design and Engineering,0.4541216,0.67105466,0.67105466
RE2801,Research Methodology in Real Estate,NUS Business School,0.46799722,0.7265438,0.6710534
TIC4005,Parallel and Distributed Software Engineering,Cont and Lifelong Education,0.44997096,0.68871063,0.6710532
CP3110,Computing for Social Service Agencies II,Computing,0.49982598,0.67562276,0.6710361
CN1102,Chemical Engineering Principles and Practice II,College of Design and Engineering,0.48533848,0.6883386,0.6710352
LL4403,Family Law,Law,0.4811779,0.67577994,0.67100704
MD3140E,Core Clinical Practice,Yong Loo Lin Sch of Medicine,0.49191588,0.6794051,0.6709951
MD3140T,Core Clinical Practice,Yong Loo Lin Sch of Medicine,0.49191588,0.6794051,0.6709951
HS1404S,Career Compass IV,Science,0.53077084,0.6950676,0.67092377
HS1404A,Career Compass IV,Arts and Social Science,0.53077084,0.6950676,0.67092377
LL4030,International Commercial Litigation,Law,0.46891397,0.6993493,0.6709217
LL4030V,International Commercial Litigation,Law,0.46891397,0.6993493,0.6709217
FIN3716,Financial Modelling,NUS Business School,0.45884478,0.67732275,0.6709205
FIN3130,Financial Modelling,NUS Business School,0.45884478,0.67732275,0.6709205
LL4405B,Law of Intellectual Property (B),Law,0.5002246,0.67626405,0.67089564
PL2711,Psychology Exchange Course,Arts and Social Science,0.5103558,0.67774844,0.6708692
PL2721,Psychology Exchange Course,Arts and Social Science,0.5103558,0.67774844,0.6708692
MUA3175,AAS Project 3,YST Conservatory of Music,0.5037874,0.69927204,0.67084706
FIN4761,Seminars in Finance,NUS Business School,0.46716747,0.6905601,0.67080647
CS2109S,Introduction to AI and Machine Learning,Computing,0.4353652,0.7093835,0.6707866
MLE2301,Introduction to Materials Science & Engineering,College of Design and Engineering,0.43842787,0.7070218,0.67078334
ME2143E,Sensors and Actuators,Cont and Lifelong Education,0.4481864,0.6859507,0.67075026
TME2143,Sensors and Actuators,Cont and Lifelong Education,0.44818643,0.6859507,0.67075026
BSN3711,The Entrepreneurial Ecosystem in Singapore & SE Asia,NUS Business School,0.50778204,0.67574584,0.6707261
ID2106,Design Platforms 1,College of Design and Engineering,0.50025827,0.6776471,0.67070884
MUA4241,Collaborative Piano - Vocal Accompaniment,YST Conservatory of Music,0.4793784,0.6931304,0.6705783
AR1324,Architectural Tech. 1 - Basic Principles,College of Design and Engineering,0.50951415,0.692127,0.6705646
YSC4233,Software Verification and Validation,Yale-NUS College,0.4737371,0.6764013,0.6705005
MUA4341,Collaborative Piano - Vocal Accompaniment 4,YST Conservatory of Music,0.4815568,0.70059466,0.6704967
LAD4009,Design 7 (Emphasis on Landscape Technology),College of Design and Engineering,0.46868443,0.6919205,0.67048573
CP3107,Computing for Social Service Agencies I,Computing,0.50239086,0.67646563,0.67039394
LC2004,Principles Of Property Law,Law,0.45036548,0.6811621,0.67036885
GESS1036T,Singapore Employment Law and Policies,Cont and Lifelong Education,0.5187126,0.67670095,0.6703113
LAD1003,Introduction to Landscape Architecture,College of Design and Engineering,0.45796937,0.72948277,0.6702889
HS1402S,Career Compass II,Science,0.5211183,0.6785064,0.67024666
AR4101,Design 7,College of Design and Engineering,0.45615524,0.67661,0.67023414
NUR2203C,Clinical Experience II,Yong Loo Lin Sch of Medicine,0.4666059,0.6765009,0.6702217
ME2143,Sensors and Actuators,College of Design and Engineering,0.44704655,0.6834837,0.6702112
CN4238R,Chemical & Biochemical Process Modeling,College of Design and Engineering,0.48816696,0.67371917,0.67019427
SW3227,Poverty and Its Discontents,Arts and Social Science,0.49760497,0.68370867,0.6701614
PL4880RHM,Issues in Adolescent Developmt,Arts and Social Science,0.49136162,0.6725573,0.67013186
PL4880R,Issues in Adolescent Developmt,Arts and Social Science,0.49136162,0.6725573,0.67013186
EL3256,Language and the Workplace,Arts and Social Science,0.53621507,0.687431,0.67012656
TIE4246,New Product Management and Innovation,Cont and Lifelong Education,0.47201848,0.6912209,0.67008
BSP3701X,Strategic Management,NUS Business School,0.5044634,0.6742326,0.67007715
BSP3701B,Strategic Management,NUS Business School,0.5044634,0.6742326,0.67007715
BSP3701,Strategic Management,NUS Business School,0.5044634,0.6742326,0.67007715
BSP3701A,Strategic Management,NUS Business School,0.5044634,0.6742326,0.67007715
BSP3701C,Strategic Management,NUS Business School,0.5044634,0.6742326,0.67007715
BSP3701D,Strategic Management,NUS Business School,0.5044634,0.6742326,0.67007715
BSP3001,Strategic Management,NUS Business School,0.5044634,0.6742326,0.67007715
ACC4612,Seminars in Accounting (SIA),NUS Business School,0.49414203,0.6849928,0.67005074
NUR4104C,Final Year Project (Research),Yong Loo Lin Sch of Medicine,0.48922,0.68760395,0.669874
CL1101E,Chinese Language: Its Past and Present,Arts and Social Science,0.43324152,0.6862745,0.6698607
SP3277,Nano: from Research Bench to Industrial Applications,Science,0.4955678,0.6937553,0.66982764
PR4193,Indirect and Specialty Patient Care Internship,Science,0.49357364,0.6786579,0.6697985
MNO3322,Negotiations and Bargaining,NUS Business School,0.5189542,0.66978097,0.66978097
NST2022,Chemicals And Us,NUS College,0.46022603,0.6765234,0.6697807
CE4258,Structural Stability & Dynamics,College of Design and Engineering,0.44864792,0.6706922,0.66976845
QF4199,Honours Project in Quantitative Finance,Science,0.49060848,0.70199436,0.6697574
LSM2301,Life Sciences Industry Seminar,Science,0.5045627,0.6774386,0.6697524
NM4207HM,Managing Communication Campaigns,Arts and Social Science,0.47387508,0.6712205,0.66973925
NM4207,Managing Communication Campaigns,Arts and Social Science,0.47387508,0.6712205,0.66973925
SA4102C,Enterprise Solutions Design and Development,NUS-ISS,0.5042587,0.677577,0.66962975
SA4102,Enterprise Solutions Design and Development,NUS-ISS,0.5042587,0.677577,0.66962975
LL4486,Investment Banking and Investment Firms,Law,0.4653798,0.68562996,0.66962004
LL4486V,Investment Banking and Investment Firms,Law,0.4653798,0.68562996,0.66962004
ASP1201GE,H3 Humanities & Soc Sci Research Prog,Arts and Social Science,0.45372152,0.6930757,0.6695881
CLC3306,Community Development Practicum II,Non-Faculty-based Departments,0.5013711,0.6841877,0.6695876
NUR1113A,Healthy Ageing and Well-being,Yong Loo Lin Sch of Medicine,0.4938038,0.68201023,0.6695715
CN4205E,Pinch Analysis and Process Integration,Cont and Lifelong Education,0.45897156,0.6753726,0.6694709
TCN4205,Pinch Analysis and Process Integration,Cont and Lifelong Education,0.45897156,0.6753726,0.6694709
EE2031,Circuit and Systems Design Lab,College of Design and Engineering,0.45938286,0.6879542,0.66946435
YSC2244,Programming for Data Science,Yale-NUS College,0.43072042,0.69313765,0.66946256
ACC3713,Accounting Theory,NUS Business School,0.5140735,0.68967855,0.669462
FST2288R,Basic UROPS in Food Science & Technology I (REx),Science,0.48866233,0.67936814,0.66945523
UTC2727,"Mind, Ego and Happiness",Residential College,0.48097762,0.67112213,0.66938984
UTS2714,"Mind, Ego and Happiness",Residential College,0.48097762,0.67112213,0.66938984
CE2407,Engineering & Uncertainty Analyses,College of Design and Engineering,0.45079,0.6693703,0.6693703
TCE2407,Engineering & Uncertainty Analyses,Cont and Lifelong Education,0.45079,0.6693703,0.6693703
CL3211,The Standardization of the Chinese Language,Arts and Social Science,0.43885174,0.6878254,0.66934055
CE4104,B. Eng. Dissertation,College of Design and Engineering,0.46976516,0.6834614,0.6693356
FIN4112X,Seminars in Finance,NUS Business School,0.49968886,0.68202806,0.66927356
ME3241,Microprocessor Applications,College of Design and Engineering,0.44475508,0.6734843,0.6692349
CN4242E,Optimization of Chemical Processes,Cont and Lifelong Education,0.4560965,0.6808674,0.6692179
AR1102,Design 2,College of Design and Engineering,0.4836005,0.68318653,0.669165
EE4437,Photonics - Principles and Applications,College of Design and Engineering,0.44635552,0.6826904,0.66904074
ENV3105,Urban-Environmental Field Studies,Science,0.4887005,0.71396166,0.66899574
ES2007D,Professional Communication,Non-Faculty-based Departments,0.520534,0.6911343,0.6689924
AR2511,Digital Design Media,College of Design and Engineering,0.45079857,0.68760777,0.6689523
CL3215,Chinese Language and Culture,Arts and Social Science,0.42088953,0.6923003,0.6689422
CL2207,Chinese Language and Culture,Arts and Social Science,0.42088944,0.6923004,0.6689422
ID4122,Design Entrepreneurship and Creative Leadership,College of Design and Engineering,0.4993011,0.6812302,0.66893685
TME3241,Microprocessor Applications,Cont and Lifelong Education,0.44494563,0.6750921,0.6688611
ME3281,Microsystems Design And Applications,College of Design and Engineering,0.4775986,0.6714567,0.66885936
EC4373HM,Policy Issues of Singapore Economy,Arts and Social Science,0.4971999,0.7000607,0.6688402
EC4373,Policy Issues of Singapore Economy,Arts and Social Science,0.4971999,0.7000607,0.6688402
MLE4222,Electron transport in novel quantum materials,College of Design and Engineering,0.44076705,0.7100387,0.66883546
BT4016,Risk Analytics for Financial Services,Computing,0.45672378,0.6950643,0.668772
PF1103,Digital Construction,College of Design and Engineering,0.4561309,0.68042564,0.6687241
IPM1103,Digital Construction,College of Design and Engineering,0.45613083,0.6804257,0.66872406
CL3209,Chinese Language Acquisition,Arts and Social Science,0.42549005,0.6872345,0.6686641
DOS4711,Supply Chain Applied Project,NUS Business School,0.50655895,0.68167984,0.6686017
DSS4711,Supply Chain Applied Project,NUS Business School,0.50655895,0.68167984,0.6686017
AR2521,Digital Modelling and Simulation,College of Design and Engineering,0.46469656,0.6765712,0.6685263
MUA2240,Collaborative Piano - Piano Ensemble,YST Conservatory of Music,0.47174594,0.7095392,0.6685112
NUR2441A,Cross-cultural Experience for Nursing Students I,Yong Loo Lin Sch of Medicine,0.5048344,0.67651576,0.6684452
DTK2234,Advanced Design Thinking,College of Design and Engineering,0.43124273,0.7084465,0.6684414
YSS3257,Seminar on Corporate Finance,Yale-NUS College,0.48463723,0.7059237,0.66841125
ID3105,Design Platforms 2,College of Design and Engineering,0.50109226,0.67151743,0.6684011
MNO3701,Human Capital Management,NUS Business School,0.49674842,0.6948801,0.66837645
PC2193,Experimental Physics and Data Analysis,Science,0.4719758,0.7082769,0.6683661
LAM4201,Malay 5,Arts and Social Science,0.4767624,0.7074418,0.6683354
LAM4201HM,Malay 5,Arts and Social Science,0.4767624,0.7074418,0.6683354
LL4242V,Financial Regulation and Central Banking,Law,0.49176413,0.67571694,0.668334
MNO4313J,SILHCM: Talent Development and Performing with Impact,NUS Business School,0.5296316,0.6786255,0.6683199
MNO4761C,SILHCM: Talent Development and Performing with Impact,NUS Business School,0.5296316,0.6786255,0.6683199
RE3808,Design and Construction,NUS Business School,0.49834308,0.6751641,0.6683095
ASP1201EN,H3 Humanities & Soc Sci Research Prog,Arts and Social Science,0.45572847,0.6777479,0.66828716
BSP4701D,Strategic Management,NUS Business School,0.50180125,0.6715952,0.6682092
BSP4701A,Strategic Management,NUS Business School,0.50180125,0.6715952,0.6682092
BSP4701,Strategic Management,NUS Business School,0.50180125,0.6715952,0.6682092
BSP4701B,Strategic Management,NUS Business School,0.50180125,0.6715952,0.6682092
BSP4701C,Strategic Management,NUS Business School,0.50180125,0.6715952,0.6682092
BSP4701F,Strategic Management,NUS Business School,0.50180125,0.6715952,0.6682092
LAC2202,Chinese Characters Writing & Composition,Arts and Social Science,0.48285922,0.6743953,0.66820854
CN3421E,Process Modeling & Numerical Simulation,Cont and Lifelong Education,0.45749605,0.67029065,0.66817
LAM1201,Malay 1,Arts and Social Science,0.44088757,0.722999,0.66814834
GEH1041,Engaging the natural environment in ASEAN,Arts and Social Science,0.5062947,0.6804244,0.66809833
GEK1066,Engaging the natural environment in ASEAN,Non-Faculty-based Departments,0.5062947,0.6804244,0.66809833
LL4436V,Family Law and Practice,Law,0.46290585,0.67534006,0.66808283
LL4436,Family Law and Practice,Law,0.46290585,0.67534006,0.66808283
MUA4342,Collaborative Piano - Instrumental Accompaniment 4,YST Conservatory of Music,0.46193814,0.7115361,0.6679722
NM2219,Principles of Communication Management,Arts and Social Science,0.47171345,0.6736294,0.667971
DSE4212,Data Science in FinTech,Science,0.4632603,0.7075393,0.66792583
QF4212,Data Science in FinTech,Science,0.4632603,0.7075393,0.66792583
PF4102,Contract and Procurement Management,College of Design and Engineering,0.49345148,0.6872886,0.6678823
IPM4103,Contract and Procurement Management,College of Design and Engineering,0.4934514,0.6872885,0.66788226
TIC4902B,Business Analytics Capstone Project,Cont and Lifelong Education,0.46996033,0.67038846,0.6678717
LL4306,Chinese Banking Law,Law,0.49563998,0.67962825,0.6677947
LL4306V,Chinese Banking Law,Law,0.49563998,0.67962825,0.6677947
CH2277,Chinese Media and Society,Arts and Social Science,0.4750282,0.6872588,0.66776216
MKT4761H,SIM: Marketing Strategy & Execution,NUS Business School,0.5083218,0.6774272,0.667761
BT3017,Feature Engineering for Machine Learning,Computing,0.4394435,0.70474404,0.6677338
LL4461,Compliance and Risk Management,Law,0.45937857,0.6762306,0.6676875
MNO3761B,TILHCM: Managing China Venture,NUS Business School,0.5178206,0.67734367,0.667674
LAD4010,Design 8,College of Design and Engineering,0.46065336,0.7088957,0.6676434
LAD4002,Design 8,College of Design and Engineering,0.44641152,0.7192097,0.66760623
CE1102,Principles & Practice in Infrastructure and Environment,College of Design and Engineering,0.44780776,0.6778302,0.6675886
ESE1102,Principles & Practice in Infrastructure and Environment,College of Design and Engineering,0.44780776,0.67783016,0.6675886
CE2102,Principles & Practice in Infrastructure and Environment,College of Design and Engineering,0.44780776,0.6778302,0.6675886
ID1111,Modelling For Industrial Design,College of Design and Engineering,0.44581175,0.68377835,0.66758835
LL4461V,Compliance and Risk Management,Law,0.45895788,0.67711043,0.6675691
YLC3204,Advanced Chinese 2,Yale-NUS College,0.45715034,0.6738704,0.66754544
MUA3242,Collaborative Piano - Instrumental Accompaniment,YST Conservatory of Music,0.4612894,0.71867466,0.6675354
IS4241,Social Media Network Analysis,Computing,0.47487208,0.6892332,0.6674811
IS4228,Information Technologies in Financial Services,Computing,0.47732553,0.6951839,0.6674422
ID2122,Ecodesign And Sustainability,College of Design and Engineering,0.46769226,0.68218225,0.66742295
NUR2441B,Cross-cultural Experience for Nursing Students II,Yong Loo Lin Sch of Medicine,0.5080771,0.6738962,0.6674204
LAD1001,Design 1,College of Design and Engineering,0.4337522,0.7106861,0.66740453
RE3701,Real Estate Investment Analysis,NUS Business School,0.47859627,0.69381034,0.66737306
CM4253,Materials Chemistry 2,Science,0.45226207,0.6866492,0.6673624
SC3214,Sociology of Life Course and Ageing,Arts and Social Science,0.4988331,0.67795753,0.667349
NUR2124,Health Promotion in the Community,Yong Loo Lin Sch of Medicine,0.44997332,0.66721654,0.6672165
LL4006,Banking Law,Law,0.4652984,0.6708849,0.6672151
LL4006V,Banking Law,Law,0.4652984,0.6708849,0.6672151
AR4103,Architectural & Technology Design 1,College of Design and Engineering,0.4524745,0.67991334,0.6671531
MNO3313K,TILHCM: Managing China Venture,NUS Business School,0.51545084,0.67770976,0.6671172
PF3307,Strategic Facilities Management,College of Design and Engineering,0.45247865,0.6872129,0.6671079
NM3242,Organisational Communication and Leadership,Arts and Social Science,0.51466364,0.67605096,0.66709024
EE2028A,C Programming,College of Design and Engineering,0.45393202,0.73068655,0.6670675
FIN4126,"AI, Blockchain and Quantum Computing",NUS Business School,0.4785495,0.6899048,0.66697615
FIN4721,"AI, Blockchain and Quantum Computing",NUS Business School,0.4785495,0.68990463,0.66697615
CN4123R,Final Year Design Project,College of Design and Engineering,0.4788715,0.6762544,0.6669508
CN4124E,Final Year Design Project,Cont and Lifelong Education,0.4788715,0.6762544,0.6669508
MUA1116,Foundations of Instrumental Accompaniment,YST Conservatory of Music,0.44451097,0.6850222,0.66694236
SW4221,Social Work and Rehabilitation of Offenders,Arts and Social Science,0.4572504,0.67641866,0.66693985
SW4221HM,Social Work and Rehabilitation of Offenders,Arts and Social Science,0.4572504,0.6764186,0.66693974
LL4329,Cross-Border Litigation,Law,0.4856765,0.70388603,0.6668531
CM3192,Physical and Analytical Chemistry Experiments,Science,0.46637645,0.6858474,0.6668228
NST2044,Solving Energy and Environmental Problems,NUS College,0.48521772,0.6832329,0.6668153
IPM1102,Infrastructure and Project Management Law,College of Design and Engineering,0.4759669,0.6818155,0.6668062
PF1107,Infrastructure and Project Management Law,College of Design and Engineering,0.4759669,0.68181545,0.66680616
EE4002R,Research Capstone,College of Design and Engineering,0.48289114,0.67729366,0.66679204
BSP3513,Family Business,NUS Business School,0.502344,0.679177,0.66677916
FST3106,Sensory and Flavour Science,Science,0.44573405,0.67654115,0.66675824
SW3225,Agency Planning and Development,Arts and Social Science,0.52662283,0.71006894,0.6667101
DSA4288,Honours Project in Data Science and Analytics,Science,0.46855205,0.6916932,0.666551
BSS4003A,SSIB: Innovation and Productivity,NUS Business School,0.5192714,0.67940146,0.6664987
UTC2851,Problem Solving for Computing and AI,Residential College,0.46677223,0.67474306,0.6664654
HS1402A,Career Compass II,Arts and Social Science,0.5192665,0.67408234,0.66644514
TIE4220,Supply Chain Modelling,Cont and Lifelong Education,0.46260086,0.68028384,0.6664444
LL4005V,Bank Documentation,Law,0.4732477,0.6669603,0.6664301
NUR1113,Health and Wellness for Older Adults,Yong Loo Lin Sch of Medicine,0.47218716,0.673588,0.6664208
IE4220,Supply Chain Modelling,College of Design and Engineering,0.463494,0.6806791,0.66642064
EL3255,English in Southeast Asia,Arts and Social Science,0.4584887,0.6872752,0.66640353
CM3289S,Advanced UROPS in Sustainable Chemistry II,Science,0.46598774,0.6897987,0.6662882
IS3103,Digital Transformation and Leadership Communication,Computing,0.49595577,0.69183046,0.6661633
EE3501E,Power Electronics,Cont and Lifelong Education,0.44980326,0.7283093,0.6661488
AR3323,Architectural Construction 3,College of Design and Engineering,0.4511798,0.6798096,0.6660979
ASP1201EC,H3 Humanities & Soc Sci Research Prog,Arts and Social Science,0.45797044,0.68291634,0.66608804
CN4246R,Chemical and Bio Catalysis,College of Design and Engineering,0.44636083,0.70223105,0.66608775
AR2722,Design And The Environment,College of Design and Engineering,0.4748393,0.6730694,0.66600096
YSC3269,Perspectives in Environmental Biotechnology,Yale-NUS College,0.47531062,0.72630787,0.6660007
EE4431,Nano-Device Engineering,College of Design and Engineering,0.44062585,0.6869749,0.66597474
NUR3204C,Clinical Experience III,Yong Loo Lin Sch of Medicine,0.4552771,0.6796483,0.6659392
EG1311BE,Design and Make,College of Design and Engineering,0.49144444,0.67278475,0.6659371
LAJ3202,Japanese 6,Arts and Social Science,0.47073412,0.71751726,0.6657611
MUA4242,Collaborative Piano - Instrumental Accompaniment,YST Conservatory of Music,0.46010152,0.71300775,0.6656965
DSA2101,Essential Data Analytics Tools: Data Visualisation,Science,0.43335345,0.6943836,0.665599
DBA4761A,Seminars in Analytics - Building Scalable Data Science Solutions for Operational Excellence,NUS Business School,0.4822826,0.6849841,0.66557294
ASP1201HY,H3 Humanities & Soc Sci Research Prog,Arts and Social Science,0.45210153,0.6803651,0.6654687
FST3109,Flavour Science,Science,0.43513748,0.6685505,0.66541713
MKT4415H,SIM: Media Strategy for a Digital Economy,NUS Business School,0.4870443,0.67181337,0.66538656
MKT4761C,SIM: Media Strategy for a Digital Economy,NUS Business School,0.4870443,0.67181337,0.66538656
ENV3206,Evaluating Environmental Sustainability,Science,0.47214973,0.6949615,0.665346
LL4282V,Resolution of Transnational Commercial Disputes,Law,0.48016444,0.69128793,0.66533124
SW4229,Working With Older Adults,Arts and Social Science,0.48653713,0.6802261,0.6652868
IS3261,Mobile Apps Development for Enterprise,Computing,0.48459014,0.69167644,0.6652859
RE1706,Design and Construction,NUS Business School,0.47895756,0.6700273,0.66527265
SW3222,Healthcare in Singapore: Policies and Innovations,Arts and Social Science,0.4760987,0.6778776,0.6652477
TIC4001,Software Engineering Practicum I,Cont and Lifelong Education,0.4414052,0.6791069,0.66521126
PF3201,Measurement (Specialist Works),College of Design and Engineering,0.48417515,0.6660785,0.6651583
EG4301,Innovation & Design Capstone,College of Design and Engineering,0.49619207,0.6926562,0.6651421
YLN2201,Intermediate Singapore Sign Language,Yale-NUS College,0.49464566,0.67556536,0.6650025
MNO3326,Personal Leadership Development,NUS Business School,0.46518454,0.6650015,0.6650015
NST2048,Elixir of Life: Manufacturing Cells as Medicine,NUS College,0.4750709,0.68534875,0.6649698
LL4189V,Corporate Social Responsibility,Law,0.52656585,0.67991817,0.6649329
LL4189,Corporate Social Responsibility,Law,0.52656585,0.67991817,0.6649329
ME2162,Manufacturing Processes,College of Design and Engineering,0.44680753,0.66491467,0.66491467
TME2162,Manufacturing Processes,Cont and Lifelong Education,0.44680753,0.66491467,0.66491467
TEE3208,Embedded Computer Systems Design,Cont and Lifelong Education,0.44256228,0.6746271,0.6648449
EE3208E,Embedded Computer Systems Design,Cont and Lifelong Education,0.44256228,0.6746271,0.6648449
EE3208,Embedded Computer Systems Design,College of Design and Engineering,0.44256228,0.6746271,0.6648449
AR3421,Introduction to Architectural Practice,College of Design and Engineering,0.45253947,0.67227757,0.66478604
NUR4104B,Honours Project in Nursing,Yong Loo Lin Sch of Medicine,0.47642982,0.6745295,0.6647848
ASP1201,H3 Humanities & Soc Sci Research Prog,Arts and Social Science,0.46413174,0.679294,0.6646792
LL4443V,Capital Markets Law in Mainland China and HKSAR,Law,0.48066646,0.68604904,0.66466296
LL4443,Capital Markets Law in Mainland China and HKSAR,Law,0.48066646,0.68604904,0.66466296
IS4243,Digital Transformation Consulting,Computing,0.5019145,0.68944585,0.66464674
PR4201,Pharmaceutical Marketing,Science,0.49524894,0.67974615,0.66463995
SW3104,Social Work Field Practice (II),Arts and Social Science,0.5017179,0.67761475,0.664637
CL3207,Chinese Sociolinguistics,Arts and Social Science,0.4526584,0.6820682,0.66462886
MNO3313F,TIMHC:Managing High Performance Teams,NUS Business School,0.52482504,0.6712987,0.6646115
CG2027,Transistor-level Digital Circuits,Multi Disciplinary Programme,0.4666144,0.67900616,0.66459316
TIC3001,Software Requirements Analysis and Design,Cont and Lifelong Education,0.4857374,0.6760177,0.664528
MNO3715,Leading Groups and Teams,NUS Business School,0.52410835,0.6663035,0.6644945
QF4102,Financial Modelling and Computation,Science,0.4714591,0.67660844,0.6644675
FAS2882L,"Singapore, Asia and the Global Economy",Arts and Social Science,0.48907173,0.6775667,0.6644391
LAM3202,Malay 4,Arts and Social Science,0.4501654,0.7148638,0.66440666
ID2102,Design For Context & Connectivity,College of Design and Engineering,0.48294616,0.6766174,0.66439813
SW1201,From AI to Authentic HI,Arts and Social Science,0.49184132,0.67056763,0.66439754
FST3201A,Independent Study (Nutrition),Science,0.48921916,0.67499137,0.6643926
RE4805,International Real Estate Development and Investment,NUS Business School,0.4955933,0.67199415,0.66436595
LL4208V,Advanced Criminal Legal Process,Law,0.47448814,0.6751878,0.6642984
LL4208,Advanced Criminal Legal Process,Law,0.47448814,0.6751878,0.6642984
UTC2420,Sustainability in Southeast Asia: A Study Trip,Residential College,0.48359156,0.71234953,0.66429394
ASP1201CH,H3 Humanities & Soc Sci Research Prog,Arts and Social Science,0.4593434,0.67033875,0.6642599
CLC3307,Learning for Social Change,Non-Faculty-based Departments,0.47836524,0.6803348,0.6642172
CN4118E,B.Tech. Dissertation,Cont and Lifelong Education,0.4925425,0.66919607,0.66420823
FST2102B,Chemistry of Food Components,Science,0.44977665,0.6790809,0.6641738
PC4259,Surface Physics,Science,0.45775306,0.67701745,0.66416854
NHS2099,Intercultural Engagements for a Global Intensive,NUS College,0.4962079,0.67492,0.6641375
MLE4221,Emerging materials for renewable fuels and clean water,College of Design and Engineering,0.44601074,0.70223355,0.6641298
SW3103C,Social Work Field Practice (I),Arts and Social Science,0.5039025,0.6743017,0.6640892
LL4388,Comparative Civil Law: Thai Contract Law,Law,0.47512364,0.6649119,0.66408163
LL4388V,Comparative Civil Law: Thai Contract Law,Law,0.47512364,0.6649119,0.66408163
FST3289,Advanced UROPS in Food Science & Technology II,Science,0.46835923,0.6779617,0.66392124
ME4241,"Aircraft Performance, Stability and Control",College of Design and Engineering,0.4664997,0.6643932,0.66388375
MIH3201,Integrative Health Capstone,Yong Loo Lin Sch of Medicine,0.4949317,0.6781908,0.6638719
CN2103,Material and Energy Balances,College of Design and Engineering,0.4684882,0.66935194,0.6638463
UTC2736,Food System Resilience in Asia,Residential College,0.4847569,0.671616,0.663846
FST2203,Food Commodities in Indonesia,Science,0.49976027,0.6894308,0.6638257
YSS4213,Community Development: In Search of the Kampung Spirit,Yale-NUS College,0.50594187,0.68041015,0.66382486
LAM3201,Malay 3,Arts and Social Science,0.45279977,0.717825,0.6638107
CN4245R,Data Based Process Characterisation,College of Design and Engineering,0.50478673,0.67276454,0.66380656
DSA1361,Introductory Data Science with Python and Tableau,Science,0.45627668,0.66607714,0.66380113
FST3102,Food Safety Assurance,Science,0.44072878,0.67061675,0.66376936
SSA1206,Representing Singapore,Arts and Social Science,0.48065358,0.72009313,0.6637125
GESS1017,Representing Singapore,Arts and Social Science,0.48065358,0.72009313,0.6637125
GES1023,Representing Singapore,Arts and Social Science,0.48065358,0.72009313,0.6637125
BPM1702,Microsoft Excel and PowerPoint for Business,NUS Business School,0.49829134,0.6801977,0.66370326
TBA4250,Healthcare Analytics,Cont and Lifelong Education,0.45300913,0.67353475,0.66369057
TBA2102,Introduction to Business Analytics,Cont and Lifelong Education,0.4763929,0.6854448,0.66368294
MNO3702,Negotiation and Conflict Management,NUS Business School,0.51235443,0.66366565,0.66366565
FIN4112,Seminars in Finance (SIF),NUS Business School,0.48921853,0.68882966,0.6636447
ACC2711,Sustainability Metrics and Performance Analysis,NUS Business School,0.4821329,0.6924994,0.6636337
CL3104,Reading/Writing Chinese,Arts and Social Science,0.44610494,0.685259,0.66357505
CL3104S,Reading/Writing Chinese,Arts and Social Science,0.44610494,0.685259,0.66357505
CM3288S,Advanced UROPS in Sustainable Chemistry I,Science,0.46619442,0.6886624,0.66356754
QF3201,Basic Derivatives and Bonds,Science,0.46388215,0.68980116,0.6635641
NM4231,Digital Media Storytelling Strategies,Arts and Social Science,0.43902206,0.68871725,0.6634644
NM4231HM,Digital Media Storytelling Strategies,Arts and Social Science,0.43902206,0.68871725,0.6634644
IFS4103,Penetration Testing Practice,Computing,0.45592093,0.7224176,0.66346127
SW4233,Digital Technologies in Children and Youth Services,Arts and Social Science,0.46591797,0.6832981,0.6634334
PHS4288,Research Project in Pharmaceutical Science,Science,0.48474258,0.70239806,0.66341907
FST4203,Food Forensics,Science,0.47081146,0.666891,0.66338074
MUA3115,Orchestral Studies for Pianists,YST Conservatory of Music,0.4616157,0.7150401,0.66337365
LL4297,Practice of Corporate Finance and the Law,Law,0.47521698,0.7134452,0.6633032
GES1000,Singapore Employment Law and Policies,NUS Business School,0.5074972,0.6655547,0.6632973
CLC3305,Community Development Practicum II,Non-Faculty-based Departments,0.49649587,0.6753639,0.6632892
FIN3761B,TIF: China’s Capital Markets,NUS Business School,0.4735551,0.6689429,0.6632891
MUA3176,AAS Project 4,YST Conservatory of Music,0.48607367,0.71518123,0.66328585
SC4204,Social Policy & Social Planning,Arts and Social Science,0.4823634,0.6926626,0.6632819
SC4204HM,Social Policy & Social Planning,Arts and Social Science,0.4823634,0.6926626,0.6632819
CN4210E,Membrane Science And Engineering,Cont and Lifelong Education,0.43804657,0.7268375,0.6632215
TCN4210,Membrane Science And Engineering,Cont and Lifelong Education,0.43804654,0.72683764,0.6632215
TEE3501,Power Electronics,Cont and Lifelong Education,0.44755185,0.7240665,0.66321933
CS3882,Breakthrough Ideas for Digital Markets,Computing,0.46853092,0.68971276,0.66319484
SPH2003,Systems and Policies to improve Health,SSH School of Public Health,0.45350862,0.66781473,0.6631786
TCN4238,Chemical & Biochemical Process Modeling,Cont and Lifelong Education,0.48129997,0.6649681,0.6630956
CN4238E,Chemical & Biochemical Process Modeling,Cont and Lifelong Education,0.48129997,0.6649681,0.6630956
PHS4220,Synthetic Strategies for Drug Substances,Science,0.43763053,0.6769172,0.66302776
DBA3702,Descriptive Analytics with R,NUS Business School,0.48263896,0.6860088,0.66302043
MNO3332,Leading Groups and Teams,NUS Business School,0.5225871,0.66478384,0.66300833
ID3101,Design 5,College of Design and Engineering,0.4558723,0.6712169,0.66299194
MUT3224,Teaching Music Online,YST Conservatory of Music,0.44353342,0.6778172,0.6629437
CN3421,Process Modeling And Numerical Simulation,College of Design and Engineering,0.4609809,0.665039,0.66288203
ME3241E,Microprocessor Applications,Cont and Lifelong Education,0.45746246,0.66574687,0.66282403
UTC3401,CAPT Undergraduate Research Opportunity (UROP),Residential College,0.50024194,0.6707454,0.662773
ASP1201MS,H3 Humanities & Soc Sci Research Prog,Arts and Social Science,0.45543164,0.6686603,0.6627301
DBA4715,People Analytics with Data Storytelling,NUS Business School,0.48578805,0.6689732,0.6625753
MUA2251,Live Interactivity,YST Conservatory of Music,0.46093702,0.6781135,0.6625512
DOS4715,The Lean Six Sigma Playbook,NUS Business School,0.4872149,0.66698,0.66252774
RE1707,"Real Estate, Society and Enterprise",NUS Business School,0.50423396,0.66933215,0.6624197
IT2900,Technical Management and Leadership,Computing,0.50458914,0.6792016,0.6623761
LL4267V,Architecting Deals: A Framework of Private Orderings,Law,0.49640295,0.67320794,0.66222924
SW3103B,Social Work Field Practice (I),Arts and Social Science,0.50608873,0.6694641,0.6622184
CDE2212,AI for Design,College of Design and Engineering,0.44028682,0.681533,0.6622022
MLE4220,Two-Dimensional Materials,College of Design and Engineering,0.4519188,0.70820796,0.6621839
ST3235,Statistical Quality Control,Science,0.46208882,0.6721358,0.6621679
SSD2210,Managing Singapore's Built Environment,College of Design and Engineering,0.50960195,0.66463387,0.6621558
MKT2711B,Marketing Venture Challenge,NUS Business School,0.48520112,0.6666252,0.6621519
MKT2711A,Marketing Venture Challenge,NUS Business School,0.48520112,0.6666252,0.6621519
MKT2711,Marketing Venture Challenge,NUS Business School,0.48520112,0.6666252,0.6621519
EE2022,Electrical Energy Systems,College of Design and Engineering,0.458126,0.6631866,0.66213053
NST2062,Mind and Machine,NUS College,0.4423108,0.6941594,0.66212845
AR1723,Arch. Env. Ii - Building and Landscape,College of Design and Engineering,0.5032712,0.70569986,0.6620898
NM3221,Mobile Interaction Design,Arts and Social Science,0.44139645,0.6951597,0.6620412
NM4259,Mobile Interaction Design,Arts and Social Science,0.44139645,0.6951597,0.6620412
NM4259HM,Mobile Interaction Design,Arts and Social Science,0.44139645,0.6951597,0.6620412
FST4104,Food Product Innovation,Science,0.4478222,0.677775,0.6619946
PF2203,Quality and Productivity Management,College of Design and Engineering,0.49029183,0.6706245,0.66199267
PHS3102,Principles of Drug Design and Development,Science,0.45766607,0.6973848,0.6619819
CM4254,Semiconductor Devices for Sustainability,Science,0.4310504,0.67166495,0.6619198
CM2111,Inorganic Chemistry 2,Science,0.48804864,0.6815974,0.66190743
GE3245,Conservation & Urban Tropical Ecology in SE Asia,Arts and Social Science,0.48909947,0.6722963,0.6618865
LL4180,Choice of Law & Jurisdiction in Int’l Commercial Contracts in Asia,Law,0.478872,0.6849021,0.6618694
MD4150,Community Health Posting,Yong Loo Lin Sch of Medicine,0.4906091,0.6783295,0.66181934
EC4392,Comparative Business Cultures,Arts and Social Science,0.53584194,0.6629262,0.66179216
EU4217,Comparative Business Cultures,Arts and Social Science,0.53584194,0.6629262,0.66179216
EC4392HM,Comparative Business Cultures,Arts and Social Science,0.53584194,0.6629262,0.66179216
EL4880,Topics in English Language,Arts and Social Science,0.48644748,0.680932,0.6617851
EL4880HM,Topics in English Language,Arts and Social Science,0.48644748,0.6809319,0.6617851
EE3033,Systems Integration and Design Lab,College of Design and Engineering,0.46345785,0.6764363,0.66173905
MLE3203,Engineering Materials,College of Design and Engineering,0.43077466,0.6989952,0.661729
FST2108,Food Safety Assurance,Science,0.44244364,0.669044,0.66168374
LL4217,Comparative & International Anti-Corruption Law,Law,0.5018997,0.6711001,0.6616508
DSA3288,Advanced UROPS in Data Science and Analytics I,Science,0.47836882,0.67525375,0.6616181
IPM1104,Built Environment Engineering Principles and Practice,College of Design and Engineering,0.46726862,0.67202526,0.6616005
SA4111,Agile Software Delivery,NUS-ISS,0.47982848,0.67749196,0.66159445
UTC2704,Projects on Problem-Solving for the 21st Century,Residential College,0.50497025,0.6882379,0.66157156
BT2201,Business Concepts and Metrics for Analytics,Computing,0.46879396,0.69071746,0.6614884
GL3201,Doing Global Visual Culture,Arts and Social Science,0.46306652,0.68578213,0.6614838
ACC1701XB,Accounting for Decision Makers,NUS Business School,0.46898836,0.6785189,0.66147023
ACC1701A,Accounting for Decision Makers,NUS Business School,0.4689883,0.6785188,0.6614701
ACC1701B,Accounting for Decision Makers,NUS Business School,0.4689883,0.6785188,0.6614701
ACC1701XD,Accounting for Decision Makers,NUS Business School,0.4689883,0.6785188,0.6614701
ACC1701XE,Accounting for Decision Makers,NUS Business School,0.4689883,0.6785188,0.6614701
ACC1701C,Accounting for Decision Makers,NUS Business School,0.4689883,0.6785188,0.6614701
ACC1701XC,Accounting for Decision Makers,NUS Business School,0.4689883,0.6785188,0.6614701
ACC1701,Accounting for Decision Makers,NUS Business School,0.4689883,0.6785188,0.6614701
ACC1701XA,Accounting for Decision Makers,NUS Business School,0.4689883,0.6785188,0.6614701
ACC1701X,Accounting for Decision Makers,NUS Business School,0.4689883,0.6785188,0.6614701
ACC1701D,Accounting for Decision Makers,NUS Business School,0.4689883,0.6785188,0.6614701
LAJ3205,Media Japanese,Arts and Social Science,0.44328487,0.6856784,0.6614319
NHT2201,Food Production and Society in Southeast Asia,NUS,0.4970275,0.6666863,0.6614195
NHS2060,Food Production and Society in Southeast Asia,NUS College,0.4970275,0.6666863,0.6614195
RE3802,Real Estate Finance Law,NUS Business School,0.44779855,0.670941,0.6613901
IE3120,Manufacturing Logistics,College of Design and Engineering,0.46362868,0.66466975,0.66136795
DSC3218,Physical Distribution Management,NUS Business School,0.52291214,0.6636214,0.66135484
DOS3712,Physical Distribution Management,NUS Business School,0.52291214,0.6636214,0.66135484
CDE1301B,Conquering the Seas: Fundamentals of Autonomous Maritime Systems,College of Design and Engineering,0.44688907,0.7379075,0.6613353
JS4207HM,Readings in Modern Japanese,Arts and Social Science,0.46635997,0.6816703,0.6613227
JS4207,Readings in Modern Japanese,Arts and Social Science,0.46635997,0.6816703,0.6613227
ENV3288,Advanced UROP in Environmental Studies I,Science,0.460634,0.68831426,0.6613222
MUA1115,Foundations of Vocal Accompaniment / Sight-Reading,YST Conservatory of Music,0.4647224,0.6944634,0.6612722
NUR1108B,Clinical Practice: Medical/Surgical I,Yong Loo Lin Sch of Medicine,0.4656453,0.66596925,0.6612325
CN2101,Material and Energy Balances,College of Design and Engineering,0.4646552,0.6635902,0.66122806
SP3203,Aquatic Ecology Research,Science,0.44520336,0.6866536,0.66119874
LL4450V,Singapore Legal History,Law,0.44910625,0.705937,0.6611333
LL4450,Singapore Legal History,Law,0.44910625,0.705937,0.6611333
MA4268,Mathematics for Visual Data Processing,Science,0.4408081,0.69845456,0.6611258
LL4299,Advanced Issues in the Law & Practice of Int’l Arbitration,Law,0.47162998,0.71672434,0.6610631
ACC4612D,SIA: Advanced Accounting Theory,NUS Business School,0.48175508,0.66451985,0.6610628
ESE4502R,B. Eng. Dissertation,College of Design and Engineering,0.4764797,0.6859469,0.6610166
TCN3421,Process Modeling & Numerical Simulation,Cont and Lifelong Education,0.45687822,0.6648037,0.6610122
UTS2709,"Energy and Singapore: Dynamics, Dilemmas and Decisions",Residential College,0.49282655,0.6874428,0.66097844
UTC2718,"Energy and Singapore: Dynamics, Dilemmas and Decisions",Residential College,0.49282655,0.6874428,0.66097844
BSP3511,Corporate Finance Law,NUS Business School,0.4841939,0.7016026,0.66096544
LL4188V,Corporate Finance Law,Law,0.4841939,0.7016026,0.66096544
LL4188,Corporate Finance Law,Law,0.4841939,0.7016026,0.66096544
UTC3104,Tembusu Senior Learning Experience Mentoring Programme,Residential College,0.4890507,0.6795586,0.6609568
CL2103,Chinese Grammar,Arts and Social Science,0.43404073,0.6873027,0.660947
YLC3203,Advanced Chinese 1,Yale-NUS College,0.45658466,0.6749603,0.6609105
LAD3004,Landscape Representation Techniques,College of Design and Engineering,0.47104892,0.6747619,0.6608952
BN3402,Bio-Analytics for Engineers,College of Design and Engineering,0.4682319,0.66450804,0.6608515
EC4332,Money and Banking II,Arts and Social Science,0.49031606,0.67574936,0.6607755
EC4332HM,Money and Banking II,Arts and Social Science,0.49031606,0.67574936,0.6607755
TCN4124,Final Year Design Project,Cont and Lifelong Education,0.48652762,0.6644889,0.66076946
FST3103,Advanced Food Engineering,Science,0.43857113,0.7028742,0.6607381
AR2724,Designing with Environmental Systems,College of Design and Engineering,0.45361835,0.6955669,0.660704
ESP3902,Major Design Project I,College of Design and Engineering,0.48649162,0.6633928,0.6606447
NUR3205D,Clinical Experience IV,Yong Loo Lin Sch of Medicine,0.4571507,0.66312295,0.6606333
DSA4199,Honours Project in Data Science and Analytics,Science,0.46976107,0.6862183,0.6605805
UTC2738,Pitches to Prototypes: Innovations for Community Health,Residential College,0.5126022,0.66853654,0.66055584
NM4230HM,Communications for Social Change,Arts and Social Science,0.47510812,0.675374,0.6605524
NM4230,Communications for Social Change,Arts and Social Science,0.47510812,0.675374,0.6605524
TCX3225,Software Design and Requirements Analysis,Cont and Lifelong Education,0.47643444,0.669009,0.66051966
YHU4251,Experimental Animation and the Mechanics of Movement,Yale-NUS College,0.4638045,0.67193687,0.6604856
EN3269,Southeast Asian Literatures in English,Arts and Social Science,0.45732436,0.7276366,0.66046137
PR2288R,Basic UROPS in Pharmacy I (REx),Science,0.49050575,0.6850133,0.66042006
ME3243,Robotic System Design,College of Design and Engineering,0.43597576,0.7355599,0.6603805
DSA4288M,Honours Project in DSA (Operations Research),Science,0.49412048,0.68601054,0.66036516
SW4233HM,Digital Technologies in Children and Youth Services,Arts and Social Science,0.46232483,0.6791351,0.66031414
CN4207R,Business Skills for Oil & Petrochemical Industry,College of Design and Engineering,0.47001767,0.66592944,0.66025144
FAS3550,FASS Industry Seminar,Arts and Social Science,0.5074345,0.6709312,0.66018045
NUR3116C,Transition to Professional Practice Experience,Yong Loo Lin Sch of Medicine,0.48523664,0.6696898,0.6601707
SPH3404,Physical Activity For Better Population Health,SSH School of Public Health,0.48781887,0.67737806,0.66016275
FIN3118,Financial Risk Management,NUS Business School,0.44207904,0.6888307,0.6601018
FIN3714,Financial Risk Management,NUS Business School,0.44207904,0.6888307,0.6601018
MKT4415K,SIM: Distribution Management: Channels and Platforms,NUS Business School,0.50942314,0.66535985,0.66008157
SW3226,Social Work Practice in the Field of Disability,Arts and Social Science,0.4463686,0.7142616,0.6600602
GESS1002,The Biophysical Environment of Singapore,Arts and Social Science,0.47802323,0.6610655,0.66003096
GES1004,The Biophysical Environment of Singapore,Arts and Social Science,0.47802323,0.6610655,0.66003096
SW3104A,Social Work Field Practice (II),Arts and Social Science,0.5029931,0.66946936,0.6600064
EE2025,Power Electronics,College of Design and Engineering,0.4455443,0.7192094,0.6599902
UTC2734,"Ideas to Pitches: Tech, Innovation & Entrepreneurship",Residential College,0.4913218,0.6781287,0.65998507
TIE4213,Data Analytics for Operations Management,Cont and Lifelong Education,0.4678537,0.67319155,0.6599547
MNO3716,Principles of Global Management,NUS Business School,0.48959997,0.68247443,0.65993965
MNO3334,Principles of Global Management,NUS Business School,0.48959997,0.68247443,0.65993965
CH2393,Chinese Business Enterprises and Management (in English),Arts and Social Science,0.5151592,0.6668726,0.65991515
BSP3001C,Strategic Management,NUS Business School,0.4647654,0.661038,0.6598844
CN3121,Process Dynamics & Control,College of Design and Engineering,0.45139655,0.6664746,0.6598823
MLE2111,Materials Properties Laboratory,College of Design and Engineering,0.42134336,0.6728084,0.659881
LL4302V,Int'l Regulation of Finance & Investment Markets,Law,0.4528797,0.66815853,0.6598602
LL4302,Int'l Regulation of Finance & Investment Markets,Law,0.4528797,0.66815853,0.6598602
MA4260,Stochastic Operations Research,Science,0.4888218,0.67670786,0.65985614
SW3104B,Social Work Field Practice (II),Arts and Social Science,0.50030154,0.6719239,0.65985334
PR2289R,Basic UROPS in Pharmacy II (REx),Science,0.4890629,0.6844775,0.65984786
GET1004,Cyber Security,Science,0.45143357,0.66542786,0.6598213
PR4196,Pharmacy Research Project and Scientific Communication,Science,0.47709963,0.68713415,0.659818
SW3212,Occupational Social Work,Arts and Social Science,0.46827954,0.67467695,0.65980756
NM3217,Principles of Visual Communication Design,Arts and Social Science,0.42136,0.67439467,0.6597719
LAD1001A,Design 1,College of Design and Engineering,0.43874234,0.6952219,0.6597428
PL3251,Atypical Development and Language,Arts and Social Science,0.44157776,0.6643306,0.6597236
NST2027,Energy in Singapore: Is Technology the Answer?,NUS College,0.5025458,0.6640074,0.65971696
GES1009,Singapore’s Business History,Arts and Social Science,0.49568874,0.65970755,0.65970755
GESS1007,Singapore’s Business History,Arts and Social Science,0.49568874,0.65970755,0.65970755
SSA2203,Singapore’s Business History,Arts and Social Science,0.49568874,0.65970755,0.65970755
PF4212,Advanced Building Information Modelling,College of Design and Engineering,0.4428201,0.68038845,0.6597066
TBA4204,Financial Analytics,Cont and Lifelong Education,0.4793924,0.6773098,0.6596499
NM2207,Computational Media Literacy,Arts and Social Science,0.48005104,0.68584985,0.6595968
EM1201,English for Academic Purposes (Music) 1,Non-Faculty-based Departments,0.4794104,0.7153342,0.659583
SW4229HM,Working With Older Adults,Arts and Social Science,0.48441988,0.6740318,0.65957516
ACC4701,Integrated Perspectives in Accounting and Business,NUS Business School,0.49876985,0.66832906,0.6595375
ACC3707,Integrated Perspectives in Accounting and Business,NUS Business School,0.49876985,0.66832906,0.6595375
CM3304,Chemistry in Industry,Science,0.4976567,0.66420054,0.6594851
TIC3301,Information Security Management,Cont and Lifelong Education,0.46313292,0.67318755,0.6594839
EN3263,Singapore Literature in Context,Arts and Social Science,0.4560437,0.7065034,0.6594556
LL4554,Advanced Corporate Finance,Law,0.47077417,0.6902864,0.65945256
LL4554V,Advanced Corporate Finance,Law,0.47077417,0.6902864,0.65945256
DOS3761,Topics in Operations & Supply Chain Management,NUS Business School,0.46786797,0.66534156,0.65945244
DOS3761Y,Topics in Operations & Supply Chain Management,NUS Business School,0.46786797,0.66534156,0.65945244
DOS3761X,Topics in Operations & Supply Chain Management,NUS Business School,0.46786797,0.66534156,0.65945244
DOS3761Z,Topics in Operations & Supply Chain Management,NUS Business School,0.46786794,0.6653415,0.6594523
LL4342,Taxation of Cross-Border Commercial Transactions I,Law,0.48915273,0.6738275,0.6593725
LL4342V,Taxation of Cross-Border Commercial Transactions I,Law,0.48915273,0.6738275,0.6593725
SPH3106,Data Analysis for Pathogen Genomics,SSH School of Public Health,0.4563603,0.75194263,0.65936285
DE4201,Seminars in Sustainable Cities,College of Design and Engineering,0.4751025,0.66969323,0.65930796
ESE2000,Chemistry for an Environmentally Sustainable Future,College of Design and Engineering,0.45036092,0.694805,0.6593078
ACC4761F,Seminars in Accounting: Advanced Corporate Governance,NUS Business School,0.50670975,0.67396045,0.65928954
AR2325,Arch. Tech. Iv - Construction Systems,College of Design and Engineering,0.499138,0.66644263,0.65927935
MUA2159,A Pianist's Toolbox 2,YST Conservatory of Music,0.44932318,0.6964361,0.6592599
NUR3503,"Leadership, Innovation and Change in Healthcare",Yong Loo Lin Sch of Medicine,0.48276952,0.6746731,0.65925837
PL3256,Infant Development,Arts and Social Science,0.40087637,0.6677079,0.65923333
UTC2710,Energy and Environment: Singapore and ASEAN Perspectives,Residential College,0.478354,0.6676568,0.6592258
CN4229E,Computer Aided Chemical Engineering,Cont and Lifelong Education,0.4495741,0.66379046,0.65918523
TCN4229,Computer Aided Chemical Engineering,Cont and Lifelong Education,0.4495741,0.66379046,0.65918523
ME4264,Automobile Design & Engineering,College of Design and Engineering,0.4652832,0.7040119,0.6591776
CN3421A,Process Modeling And Numerical Simulation,College of Design and Engineering,0.44553143,0.66665983,0.6591539
CE3121,Urban Transportation Engineering,College of Design and Engineering,0.46368572,0.66444516,0.65913945
NUR2501,Clinical Health Assessment and Reasoning,Yong Loo Lin Sch of Medicine,0.46309865,0.6856401,0.65912414
LL4556,Financial Markets Law,Law,0.47302446,0.6880082,0.65910894
LL4556V,Financial Markets Law,Law,0.47302446,0.6880082,0.65910894
CH3291,Contemporary Chinese Culture (taught in English),Arts and Social Science,0.45871675,0.670995,0.659092
CS4276,IoT Security,Computing,0.42979804,0.6939327,0.6590801
ID1321,Materials For Industrial Design,College of Design and Engineering,0.46697715,0.6714525,0.659071
YSC4234,Hardware Design and Micro-Architectures,Yale-NUS College,0.42138597,0.6857024,0.6590645
ME4251E,Thermal Engineering Of Materials,Cont and Lifelong Education,0.43390003,0.69110256,0.65903765
TME4251,Thermal Engineering Of Materials,Cont and Lifelong Education,0.43390003,0.69110256,0.65903765
TCX3231,Information Security Management,Cont and Lifelong Education,0.4625254,0.67261034,0.6590177
EE2213,Introduction to Artificial Intelligence,College of Design and Engineering,0.44561535,0.66488695,0.6590024
TE3801,Robust Design Of Electronic Circuits,Cont and Lifelong Education,0.4586293,0.67033094,0.6589958
ENV3289,Advanced UROP in Environmental Studies II,Science,0.4587425,0.68406045,0.65897703
ID2119,Typographic Form and Communication,College of Design and Engineering,0.44712332,0.67350763,0.6589048
EE3305,Robotic System Design,College of Design and Engineering,0.43320906,0.7346574,0.65890473
RVR2000X,RVRC Undergraduate Research Opportunity (UROP) REx,Residential College,0.4880486,0.6939105,0.6588659
CH2291,Chinese Tradition (taught in English),Arts and Social Science,0.4640715,0.671,0.6588578
TBA4215,Workforce Analytics,Cont and Lifelong Education,0.4699419,0.6669872,0.65885097
CL2103S,Chinese Grammar,Arts and Social Science,0.43276322,0.6901355,0.6587789
CM3242,Instrumental Analysis II,Science,0.45407057,0.66812694,0.65874004
GESS1014,Managing Singapore's Built Environment,College of Design and Engineering,0.5065197,0.66116345,0.65873927
GES1019,Managing Singapore's Built Environment,College of Design and Engineering,0.5065197,0.66116345,0.65873927
ENV2288,Basic UROP in Environmental Studies I,Science,0.46279606,0.6886256,0.65872085
NUR1114A,Fundamentals of Care,Yong Loo Lin Sch of Medicine,0.440731,0.6810997,0.6587205
TEE4435,Modern Transistors and Memory Devices,Cont and Lifelong Education,0.4526021,0.6699264,0.65870726
EE4435E,Modern Transistors and Memory Devices,Cont and Lifelong Education,0.4526021,0.6699264,0.65870726
FIN3761Z,Topics in Finance,NUS Business School,0.460372,0.6856375,0.65868354
FIN3761Y,Topics in Finance,NUS Business School,0.460372,0.6856375,0.65868354
FIN3761,Topics in Finance,NUS Business School,0.460372,0.6856375,0.65868354
FIN3761X,Topics in Finance,NUS Business School,0.460372,0.6856375,0.65868354
CFA2101A,Performing Arts in Practice (Music) 2,YST Conservatory of Music,0.47678643,0.69153976,0.65866095
LL4503V,Civil Law in a Global Perspective,Law,0.47942016,0.66340953,0.658628
LL4503,Civil Law in a Global Perspective,Law,0.47942004,0.66340935,0.65862787
IT1244,Artificial Intelligence: Technology and Impact,Computing,0.44746605,0.665854,0.6585814
LL4193V,An Introduction to Negotiating & Drafting Commercial Contracts,Law,0.47784448,0.66320217,0.6585492
CDE2701B,Aspirational Project II,College of Design and Engineering,0.47987607,0.6713506,0.6585387
MKT3719,Branding Strategy,NUS Business School,0.49255145,0.6627956,0.65847147
MKT3424,Branding Strategy,NUS Business School,0.49255142,0.66279566,0.6584714
TS4212,Playwriting: Practice and Production,Arts and Social Science,0.4683792,0.70825475,0.65844005
TS4212HM,Playwriting: Practice and Production,Arts and Social Science,0.4683792,0.70825475,0.65844005
IPM3103,Project Finance,College of Design and Engineering,0.46991876,0.6693073,0.65843946
CM3289SR,Advanced UROPS in Sustainable Chemistry II (REx),Science,0.4733296,0.69322747,0.6584332
CS2101,Effective Communication for Computing Professionals,Non-Faculty-based Departments,0.49444976,0.6744038,0.658419
EG1311,Design and Make,College of Design and Engineering,0.43805182,0.68013895,0.65838814
SSA2222,Public Administration in Singapore,Arts and Social Science,0.49370328,0.68076897,0.65837634
PS2244,Public Administration in Singapore,Arts and Social Science,0.49370328,0.68076897,0.65837634
GEM2007K,East Asia,Arts and Social Science,0.512311,0.67807996,0.6583514
PHS2104,Macromolecules in Pharmaceutical Science,Science,0.44462934,0.6804903,0.6583204
LL4338V,Advanced Practicum in International Arbitration,Law,0.48997512,0.67561126,0.6583146
ME4283E,Micro-Fabrication Processes,Cont and Lifelong Education,0.45213985,0.66425353,0.658311
TME4283,Micro-Fabrication Processes,Cont and Lifelong Education,0.45213985,0.66425353,0.658311
MKT3761Y,Topics in Marketing,NUS Business School,0.48674574,0.65829784,0.65829766
MKT3761X,Topics in Marketing,NUS Business School,0.48674574,0.65829784,0.65829766
MKT3761Z,Topics in Marketing,NUS Business School,0.48674574,0.65829784,0.65829766
MKT3761,Topics in Marketing,NUS Business School,0.48674574,0.6582976,0.6582976
CS3237,Introduction to Internet of Things,Computing,0.40662354,0.7169837,0.65829515
LL4162V,Singapore Corporate Governance,Law,0.49025252,0.6604515,0.6582767
EM1202,English for Academic Purposes (Music) 2,Non-Faculty-based Departments,0.4848929,0.7134884,0.6582759
HY4222,Asian Business History: Case Studies,Arts and Social Science,0.47423992,0.6582726,0.6582726
HY4222HM,Asian Business History: Case Studies,Arts and Social Science,0.47423992,0.6582726,0.6582726
ETP3204S,Innovation & Enterprise Internship Practicum,Non-Faculty-based Departments,0.5027807,0.67354643,0.65811265
ETP3204T,Innovation & Enterprise Internship Practicum,NUS,0.5027807,0.67354643,0.65811265
CS4240,Interaction Design for Virtual and Augmented Reality,Computing,0.4547393,0.7156822,0.65809983
AR2723,Strategies for Sustainable Architecture,College of Design and Engineering,0.44136012,0.6635417,0.65806246
LL4260V,Chinese Commercial Law,Law,0.48264325,0.66851497,0.6580237
UTS2406,Beyond Seeing: Encountering and Engaging the Visual Arts in Singapore,Residential College,0.48633993,0.6809826,0.6579425
UTC2408,Beyond Seeing: Encountering and Engaging the Visual Arts in Singapore,Residential College,0.48633993,0.6809826,0.6579425
IS3109,AI and Machine Learning Techniques II,Computing,0.4436221,0.6791047,0.6579404
ST4299,Applied Project in Statistics,Science,0.5115329,0.6705836,0.6578706
LAJ4203,Media Japanese 2,Arts and Social Science,0.47103512,0.67981374,0.6577527
LAJ4203HM,Media Japanese 2,Arts and Social Science,0.47103512,0.67981374,0.6577527
ESE3401,Sustainable Urban Water Technologies,College of Design and Engineering,0.4533811,0.66836876,0.6577276
LAD4008,Design 7,College of Design and Engineering,0.46840477,0.691487,0.6577148
LL4017,Contract and Commercial Law in Civil-Law Asia,Law,0.4853941,0.66096336,0.6577116
LAM4202,Malay 6,Arts and Social Science,0.45703274,0.686625,0.6576888
LAM4202HM,Malay 6,Arts and Social Science,0.45703274,0.686625,0.6576888
GEN2000,Living Culture: Engaging Indian Communities in Singapore,Arts and Social Science,0.49444333,0.6694255,0.65767986
CN4213,Introduction to Advanced Porous Materials,College of Design and Engineering,0.4200912,0.6889179,0.65765035
DAO2702,Programming for Business Analytics,NUS Business School,0.42468303,0.67905176,0.6576468
DSC2702,Programming for Business Analytics,NUS Business School,0.42468303,0.67905176,0.6576468
SC3209,Data Analysis in Social Research,Arts and Social Science,0.47652426,0.6700363,0.65759754
LC2009,Pro Bono Service,Law,0.48685032,0.66102993,0.657555
ACC4612E,SIA: Risk Management Technology,NUS Business School,0.49338356,0.66041476,0.65754986
BT4221,Advanced Analytics with Big Data Technologies,Computing,0.45656702,0.6768671,0.6575489
RE3804,Real Estate Development Law,NUS Business School,0.4319117,0.67069125,0.6575196
ACC4612G,Seminars in Accounting: Advanced Corporate Governance,NUS Business School,0.49823356,0.6644982,0.65748245
EE4707,Robust and Trustworthy Artificial Intelligence,College of Design and Engineering,0.46213013,0.67138547,0.6574513
PR4152,Integrated Management of Multi-Morbid Patients,Science,0.480842,0.6721393,0.65739375
UTS2703,Energy and Environment: Singapore and ASEAN Perspectives,Residential College,0.4763681,0.665475,0.6573699
ACC3712,Advanced Assurance and Attestation,NUS Business School,0.52793944,0.67410743,0.6573113
MLE4206,Current topics on Nanomaterials,College of Design and Engineering,0.42778978,0.6910532,0.65730035
CFA3220,Intercultural Choreography Lab,YST Conservatory of Music,0.47154996,0.69458854,0.6572782
CS4278,Intelligent Robots: Algorithms and Systems,Computing,0.44428998,0.68237627,0.65721494
DSC3216,Predictive Analytics in Business,NUS Business School,0.47577938,0.6794526,0.65719837
YSC2250,Urban Wildlife Studies,Yale-NUS College,0.4588312,0.6729811,0.65718865
TCE3121,Transportation Engineering,Cont and Lifelong Education,0.45352498,0.66159415,0.65718234
YID3228,Sustainability Law and Policy,Yale-NUS College,0.48249647,0.6919987,0.657134
IT3010,Data Management for Business Analytics,Computing,0.46206945,0.67176175,0.65711266
CS3219,Software Engineering Principles and Patterns,Computing,0.44784507,0.672828,0.6571024
SW4401HM,Honours Thesis,Arts and Social Science,0.48333246,0.6712212,0.6570879
ENV2289,Basic UROP in Environmental Studies II,Science,0.46112084,0.6842289,0.6570783
DAO2702X,Programming for Business Analytics,NUS Business School,0.42856348,0.68058485,0.65700614
IE4244,"Energy: Security, Competitiveness and Sustainability",College of Design and Engineering,0.50408965,0.6797186,0.65700483
CS4238,Computer Security Practice,Computing,0.43958455,0.67081666,0.6569927
TIE4239,Selected Topics in Quality Engineering,Cont and Lifelong Education,0.46380463,0.66808933,0.65698177
IE4239,Selected Topics In Quality Engineering,College of Design and Engineering,0.46380463,0.66808933,0.65698177
IPM2104,Project Cost Management,College of Design and Engineering,0.44252783,0.6677452,0.65697753
PF2108,Project Cost Management,College of Design and Engineering,0.44252783,0.6677452,0.65697753
NM4260HM,Game Design,Arts and Social Science,0.44346386,0.70646834,0.65695745
NM4260,Game Design,Arts and Social Science,0.44346386,0.70646834,0.65695745
MUA3113,Keyboard Skills for Piano Majors,YST Conservatory of Music,0.42413625,0.7055625,0.6569316
LL4317V,International Arbitration in Asian Centres,Law,0.4960429,0.6978437,0.65686786
CS3202R,Software Engineering Project II,Computing,0.4767387,0.6652725,0.6568652
CS3240R,Interaction Design,Computing,0.48802787,0.66247225,0.6568363
ESE3001,Water Quality Engineering,College of Design and Engineering,0.45405903,0.6618809,0.6568095
UTS2700,"Housing, Healthcare and Harmony in Singapore: A Critical Perspective",Residential College,0.49711484,0.6704754,0.656729
UTC2705,"Housing, Healthcare and Harmony in Singapore: A Critical Perspective",Residential College,0.49711484,0.6704754,0.656729
THE1005,Guide to Use of Generative AI Tools,Center for Engl Lang Comms,0.47851932,0.6850256,0.65671825
TEE3801,Robust Design Of Electronic Circuits,Cont and Lifelong Education,0.45717803,0.66631776,0.6566961
LL4094FV,The Evolving Legal Landscapes Clinic,Law,0.49478748,0.66565925,0.65666395
LL4094F,The Evolving Legal Landscapes Clinic,Law,0.49478748,0.66565925,0.65666395
GESS1030,Public Health in Singapore: Challenges and Changes,SSH School of Public Health,0.46518812,0.6740104,0.6566604
GES1042,Public Health in Singapore: Challenges and Changes,SSH School of Public Health,0.4651881,0.6740104,0.6566604
TBA2103,Data Visualisation,Cont and Lifelong Education,0.46286425,0.66805714,0.6566307
PR2150,Professional Identity and Skills Development II,Science,0.49418607,0.6747177,0.6566051
HS1502,Conceptual Introduction to Machine Learning,Science,0.4160104,0.7008757,0.65659535
GEK1059,Standard English Across Cultures,Arts and Social Science,0.4829428,0.66387403,0.6565943
GEH1052,Standard English Across Cultures,Arts and Social Science,0.4829428,0.66387403,0.6565943
GEX1030,Standard English Across Cultures,Arts and Social Science,0.4829428,0.66387403,0.6565943
RE2702,Land Law,NUS Business School,0.435329,0.67037404,0.65653783
ENV3288R,Advanced UROP in Environmental Studies I (REx),Science,0.46933192,0.6705493,0.6564852
MS2216,Fieldwork in Studies of Malay Society,Arts and Social Science,0.48888767,0.66936016,0.6564814
PC4240,Solid State Physics II,Science,0.43631893,0.6820862,0.6564755
NHS3002,Asianism and Singapore,NUS,0.4837474,0.6719456,0.65645856
NM2105,Communicative Competence in Action,Arts and Social Science,0.49383432,0.674104,0.65637773
BN3101B,Clinical Immersion and HealthTech Innovation,College of Design and Engineering,0.46233934,0.69482553,0.65636265
TSC3223,Supply Chain Financial Analysis and Management,Cont and Lifelong Education,0.48206842,0.66402984,0.6563446
UTC2101,Time and Life,Residential College,0.50667757,0.67132676,0.6563252
FIN4719,FinTech and Financial Data Analytics,NUS Business School,0.47098774,0.6615538,0.65630853
FIN4124,FinTech and Financial Data Analytics,NUS Business School,0.47098774,0.6615538,0.65630853
EC3332,Money and Banking I,Arts and Social Science,0.48708928,0.6645377,0.6562655
ID3102,Design For Culture & Identity,College of Design and Engineering,0.4948911,0.6613157,0.65623444
CH3281,Topics in Chinese Media,Arts and Social Science,0.4763385,0.6785389,0.65622723
GE3201,The Service Economy,Arts and Social Science,0.52239823,0.6638601,0.6561924
ME2142E,Feedback Control Systems,Cont and Lifelong Education,0.46481895,0.66409576,0.6561636
FST3289R,Advanced UROPS in Food Science & Technology II (REx),Science,0.46344694,0.66134113,0.65615225
MUA3169,Music Project and Design,YST Conservatory of Music,0.4702742,0.6614914,0.65614825
RVR2000,RVRC Undergraduate Research Opportunity (UROP),Residential College,0.4831549,0.6766594,0.6561474
LL4314V,Private Equity and Venture Capital: Law and Practice,Law,0.4725728,0.6692063,0.65613544
IT2002,Database Technology and Management,Computing,0.4897517,0.6835592,0.6561282
PC4288Q,Honours Project in Quantum Technologies,Science,0.47321498,0.6888918,0.6561121
ZB3289R,Advanced UROPS in Computational Biology II (REx),Science,0.47994855,0.6649443,0.65607387
CE3202,Data Acquisition for Civil Engineering Applications,College of Design and Engineering,0.43467996,0.69599664,0.6560623
AR3613,Southeast Asian Cosmopolitan Urbanism,College of Design and Engineering,0.485339,0.66616786,0.6559933
BN2301,Biochemistry and Biomaterials for Bioengineers,College of Design and Engineering,0.4363452,0.67439795,0.65596664
LL4070V,Foundations of IP Law,Law,0.46272933,0.6626163,0.6559275
LL4070,Foundations of IP Law,Law,0.46272933,0.6626163,0.6559275
PR3145,Compliance & Good Practices in Pharmacy,Science,0.45514664,0.6856488,0.6558747
IS4238,Strategic Cybersecurity,Computing,0.4170435,0.67226434,0.65581596
MNO4313,Seminars in Leadership and Human Capital Management,NUS Business School,0.494508,0.65868497,0.65579486
EE4205,Quantum Computing and Communication,College of Design and Engineering,0.44675678,0.7304925,0.65577066
EE4309,Robot Perception,College of Design and Engineering,0.43665275,0.68914217,0.65573364
TTG3001,Industrial Practice,Cont and Lifelong Education,0.49098393,0.6876466,0.6556904
TG3001,Industrial Practice,Cont and Lifelong Education,0.49098393,0.6876466,0.6556904
PC3270,Machine Learning for Physicists,Science,0.42632663,0.6789626,0.6556845
LL4281V,Civil Procedure,Law,0.47588527,0.66192865,0.65563154
GEK1900,Public Health in Action,SSH School of Public Health,0.4672168,0.6865581,0.65557927
TME4262,Automation in Manufacturing,Cont and Lifelong Education,0.45897824,0.6686038,0.65556794
ME4262E,Automation in Manufacturing,Cont and Lifelong Education,0.45897824,0.6686038,0.65556794
ME4262,Automation In Manufacturing,College of Design and Engineering,0.45897824,0.6686038,0.65556794
EE4601,Sensors For Biomedical Applications,College of Design and Engineering,0.4460881,0.6806207,0.65553546
UTC1802,Machines That Learn,Residential College,0.41466588,0.6921388,0.6554593
UTC1414,Jr Sem: Discovering Singapore’s Natural History and Heritage,Residential College,0.4701036,0.66397583,0.6554388
CFA1101B,Performing Arts in Practice (Dance) 1,YST Conservatory of Music,0.47596344,0.67904663,0.6554325
CM3288SR,Advanced UROPS in Sustainable Chemistry I (REx),Science,0.4739965,0.6914368,0.655413
CH2298,Chinese Personalities in Southeast Asia,Arts and Social Science,0.46112132,0.6800667,0.65538216
LL4377V,Law in Action: Legal Policymaking Externship,Law,0.49173513,0.66184115,0.6553634
LL4377,Law in Action: Legal Policymaking Externship,Law,0.49173513,0.66184115,0.6553634
EE4032,Blockchain Engineering,College of Design and Engineering,0.4489732,0.70542514,0.65534055
PC4268,Biophysical Instrumentation & Biomolecular Electronics,Science,0.45383078,0.67296827,0.65528804
RVN1001,The Great Extinction: rewilding and conservation,Residential College,0.47649068,0.6746333,0.65522134
FIN3715,Risk and Insurance,NUS Business School,0.5016941,0.65591455,0.6552164
FIN3119,Risk and Insurance,NUS Business School,0.5016941,0.65591455,0.6552164
IS4231,Information Security Management,Computing,0.4740421,0.6766527,0.6551987
MUA3217,"Music Markets in Western, Korean, and Singaporean Contexts: A Storytelling Approach",YST Conservatory of Music,0.48301104,0.65987307,0.65517384
CL2206,Topics in Chinese Linguistics I,Arts and Social Science,0.44196004,0.6727923,0.6551045
BT4212,Search Engine Optimization and Analytics,Computing,0.470028,0.6812103,0.655074
CS4222,Wireless Networking,Computing,0.4506617,0.67633057,0.6550518
LAJ3201,Japanese 5,Arts and Social Science,0.45119312,0.69208205,0.6550194
UTC1422,Jr Sem: Relationships in the Digital Age,Residential College,0.49287716,0.6638308,0.655012
ACC4712,Forensic Accounting,NUS Business School,0.48513442,0.66888773,0.6549574
ACC4613,Forensic Accounting,NUS Business School,0.48513442,0.66888773,0.6549574
LL4164V,International Projects Law & Practice,Law,0.48900485,0.6618212,0.6549526
RE4808,Urban & Sustainability Policies,NUS Business School,0.47419697,0.67649716,0.6549438
HY3231,History of the Malay World,Arts and Social Science,0.4791967,0.699339,0.6549055
TG3002,Industrial Practice,Cont and Lifelong Education,0.49132836,0.6870062,0.65490335
TTG3002,Industrial Practice,Cont and Lifelong Education,0.49132836,0.6870062,0.65490335
PH4311,Classical Chinese Through Philosophical Texts,Arts and Social Science,0.44807044,0.66596735,0.6548622
PH4311HM,Classical Chinese Through Philosophical Texts,Arts and Social Science,0.44807044,0.66596735,0.6548622
CM4299,Applied Project in Chemistry,Science,0.48055136,0.6924119,0.65485024
ENV2288R,Basic UROP in Environmental Studies I (REx),Science,0.47175756,0.6703429,0.65484214
TEE4211,Data Science for the Internet of Things,Cont and Lifelong Education,0.4253063,0.6769772,0.6547767
HS2301,Financial Literacy and Numeracy,Non-Faculty-based Departments,0.46925727,0.66427886,0.6547171
NHS2056,"Law and the City: Divisions, Aesthetics, Transgressions",NUS College,0.4572217,0.6697368,0.6547147
PF4306,REITs Facilities Management,College of Design and Engineering,0.46050245,0.65721375,0.65468436
ACC3717,Carbon Accounting and Management,NUS Business School,0.49600947,0.69157016,0.6546723
EE2111A,Electrical Engineering Principles and Practice II,College of Design and Engineering,0.45520756,0.65924233,0.6546385
TCE2184,Infrastructure & the Environment,Cont and Lifelong Education,0.4346086,0.66268885,0.65463674
LC1007,"Legal Analysis, Writing And Research II",Law,0.48770267,0.6926923,0.6546346
CDE2701A,Aspirational Project I,College of Design and Engineering,0.47848552,0.67119646,0.6545657
CM3255,Smart Molecules with AI and Cheminformatics,Science,0.44996202,0.6610687,0.6545594
GEK1012,Contemporary Social Issues in Singapore,Arts and Social Science,0.47882783,0.68464774,0.6545535
GES1016,Contemporary Social Issues in Singapore,Arts and Social Science,0.47882783,0.68464774,0.6545535
LL4043V,Law of Marine Insurance,Law,0.46294194,0.66380644,0.65454257
LL4043,Law of Marine Insurance,Law,0.46294194,0.66380644,0.65454257
BN4304,Engineering Strategies for Gene and Cell Manufacturing,College of Design and Engineering,0.44464946,0.66228956,0.654522
DSE1101,Introductory Data Science for Economics,Science,0.4540662,0.71295244,0.65451896
NST2007,Biodiversity and Natural History in Singapore,NUS College,0.4531333,0.6661053,0.6544464
CE3201,Civil Engineering Analytics and Data Visualization,College of Design and Engineering,0.436966,0.66596866,0.65440977
EE4505,Power Semiconductor Devices & ICs,College of Design and Engineering,0.4282806,0.66387033,0.6544022
TM4264,Fundamentals of Automotive Engineering,Cont and Lifelong Education,0.42479753,0.66519105,0.65437937
TME4264,Fundamentals of Automotive Engineering,Cont and Lifelong Education,0.42479753,0.66519105,0.65437937
LL4004,Aviation Law & Policy,Law,0.50121737,0.65568906,0.6543616
LL4004V,Aviation Law & Policy,Law,0.50121737,0.65568906,0.6543616
LL4527,Business Valuation in Practice,Law,0.49480972,0.67251074,0.65426797
LL4527V,Business Valuation in Practice,Law,0.49480972,0.67251074,0.65426797
UTC2812,"Empowering AI-Ready Older Adults via Confidence, Opportunities, Design and Engagement (CODE)",Residential College,0.47812143,0.657557,0.6542611
PF3502,Smart Facilities,College of Design and Engineering,0.44238403,0.6617633,0.6542529
LAD4001,Design 7,College of Design and Engineering,0.46050438,0.67738,0.6542151
AR3101A,Design 5 (Landscape Architecture Emphasis),College of Design and Engineering,0.42834723,0.6904905,0.65421355
CS3219R,Software Engineering Principles and Patterns,Computing,0.48794696,0.66614956,0.65420634
TC1005,MATLAB Programming for Chemical Engineers,Cont and Lifelong Education,0.44858068,0.6618068,0.6541674
TCN1005,MATLAB Programming for Chemical Engineers,Cont and Lifelong Education,0.44858068,0.6618068,0.6541674
PHS2115,Basic Principles of Drug Design and Development,Science,0.46825698,0.6954165,0.6541632
PC2232,Physics for Electrical Engineers,Science,0.4403079,0.66091377,0.6541529
LSM3272,Global Change and Wildlife Conservation,Science,0.48732373,0.6808127,0.6541254
SW3103A,Social Work Field Practice (I),Arts and Social Science,0.5037341,0.65969217,0.6541176
LL4454V,Commercial Conflict of Laws,Law,0.44174024,0.6678821,0.6541028
LL4454,Commercial Conflict of Laws,Law,0.44174024,0.6678821,0.6541028
MNO4761,Seminars in Leadership and Human Capital Management,NUS Business School,0.49594182,0.65728104,0.65402526
YSS3260,Community Health Assessment and Improvement,Yale-NUS College,0.45884275,0.65398264,0.65398264
ENV3289R,Advanced UROP in Environmental Studies II (REx),Science,0.46687356,0.6646847,0.65389997
TSC3224,Distribution & Warehousing,Cont and Lifelong Education,0.46279824,0.6599141,0.65388143
LSM2191A,Laboratory Techniques in Life Sciences,Science,0.42601293,0.659419,0.6538658
AR3102,Design 6,College of Design and Engineering,0.45945847,0.6667106,0.6538249
AN2208,Biocultural Perspectives on Health and Wellbeing,Arts and Social Science,0.46018562,0.67167056,0.65380657
FIN3120C,TIF: China's Capital Markets,NUS Business School,0.46313936,0.6606722,0.6537547
TIC4302,Information Security Practicum II,Cont and Lifelong Education,0.48137316,0.661545,0.6537416
LL4517,Design and Negotiation for Lawyers,Law,0.4891383,0.6580144,0.65373963
YHU4247,Museums and Libraries as Cultural Institutions,Yale-NUS College,0.44087878,0.6705661,0.6537132
EE3506C,Intro to Elect Energy Systems,College of Design and Engineering,0.45933127,0.66421944,0.6536802
UTC2700,An Undefeated Mind: An Experiential Inner Reengineering Approach,Residential College,0.4897633,0.65367645,0.65367645
VHC1001,Sports for Life,Yong Loo Lin Sch of Medicine,0.46254128,0.7262634,0.6536647
CN3121E,Process Dynamics & Control,Cont and Lifelong Education,0.44951057,0.66155684,0.65363485
YHU3387,Philosophy of Artificial Intelligence & Machine Learning,Yale-NUS College,0.4106992,0.69608176,0.65363055
CE2184,Infrastructure & The Environment,College of Design and Engineering,0.43549988,0.6617945,0.65359795
MNO4716,Using R for HR analytics and machine learning,NUS Business School,0.46539235,0.65949965,0.65359294
YSS3274,Urban Singapore,Yale-NUS College,0.47717783,0.653581,0.653581
BSN3718,Business Sustainability,NUS Business School,0.47584274,0.6806297,0.6535699
MLE3202,Materials for Biointerfaces,College of Design and Engineering,0.43271554,0.6703805,0.65355664
EE4211,Data Science for the Internet of Things,College of Design and Engineering,0.42603254,0.67561173,0.65354913
MUA1159,A Pianist's Toolbox 1,YST Conservatory of Music,0.4455861,0.6937378,0.6535241
ME4245,Robot Mechanics and Control,College of Design and Engineering,0.4449768,0.67461157,0.6534856
MLE1001,Materials Science & Engrg Principles & Practice I,College of Design and Engineering,0.45978287,0.66399956,0.6533839
FIN4122,Entrepreneurial Finance,NUS Business School,0.47988263,0.6650088,0.6533695
FIN4717,Entrepreneurial Finance,NUS Business School,0.4798826,0.6650088,0.6533695
GESS1026,A History of Singapore in Ten Objects,Arts and Social Science,0.48791316,0.66506165,0.6533438
GESS1026T,A History of Singapore in Ten Objects,Cont and Lifelong Education,0.48791316,0.66506165,0.6533438
GES1037T,A History of Singapore in Ten Objects,Cont and Lifelong Education,0.48791316,0.66506165,0.6533438
GES1037,A History of Singapore in Ten Objects,Arts and Social Science,0.48791316,0.66506165,0.6533438
EC4334,Financial Market Microstructure,Arts and Social Science,0.44095632,0.6777579,0.65331465
EC4334HM,Financial Market Microstructure,Arts and Social Science,0.44095632,0.6777579,0.65331465
ZB3288R,Advanced UROPS in Computational Biology I (REx),Science,0.47590864,0.66305816,0.65323466
RE1901,Real Estate Wealth Management,NUS Business School,0.45909145,0.6690652,0.6531777
BMI3102,Value Based Healthcare,Yong Loo Lin Sch of Medicine,0.4494473,0.66863936,0.653175
NUR2125,"Pathophysiology, Pharmacology and Nursing Practice II",Yong Loo Lin Sch of Medicine,0.46978155,0.656682,0.6531709
GE3230A,Field Studies in Geography: SE Asia,Arts and Social Science,0.49774554,0.6727017,0.6531639
CFA3105,Leading and Directing in Student Music Groups,YST Conservatory of Music,0.49757177,0.65439606,0.6531587
LL4334,Law and Society in Southeast Asia,Law,0.4738008,0.68659306,0.6531507
UTS2410,Stakeholders: Community Engagement as a Sum of Diverse Parts,Residential College,0.487031,0.6603955,0.65311706
UTC2414,Stakeholders: Community Engagement as a Sum of Diverse Parts,Residential College,0.487031,0.6603955,0.65311706
CH4262,Transregional Chinese Literary Connections,Arts and Social Science,0.46667743,0.71485126,0.6530741
CH4262HM,Transregional Chinese Literary Connections,Arts and Social Science,0.46667743,0.71485126,0.6530741
LAD2004,Planting Design and Horticulture,College of Design and Engineering,0.44797122,0.66395956,0.6530685
IS3106,Enterprise Systems Interface Design and Development,Computing,0.48312268,0.67749566,0.6529837
ME4245E,Robot Mechanics and Control,Cont and Lifelong Education,0.44454238,0.6734828,0.65297043
TME4245,Robot Mechanics and Control,Cont and Lifelong Education,0.44454238,0.6734828,0.65297043
ID1105,Design Fundamentals 1,College of Design and Engineering,0.44075486,0.66455,0.6529399
LL4464V,Principles of Port Finance and Regulation,Law,0.4884092,0.6707579,0.65290815
LL4464,Principles of Port Finance and Regulation,Law,0.4884092,0.6707579,0.65290815
BN4102,Gerontechnology in Ageing,College of Design and Engineering,0.48006046,0.66970307,0.65287817
LL4244V,Criminal Practice,Law,0.48500004,0.65778154,0.6527905
GES1002T,Global Economic Dimensions Of Singapore,Cont and Lifelong Education,0.4950919,0.6527885,0.6527885
EE4104,Microwave Circuits & Devices,College of Design and Engineering,0.41116872,0.6765442,0.6527816
UTC2502,CAPT Senior Programme Learning Experience,Residential College,0.49995512,0.65972483,0.6527273
CN2105,Reaction Engineering,College of Design and Engineering,0.4459302,0.65654767,0.65260494
MUA3265,Career Development Independent Project,YST Conservatory of Music,0.5071697,0.65685004,0.6525956
MUA3264,Career Development Independent Project,YST Conservatory of Music,0.5071697,0.65685004,0.6525956
SSA3201,Singapore English-Language Theatre,Arts and Social Science,0.45358253,0.67550206,0.65257174
TS3235,Singapore English-Language Theatre,Arts and Social Science,0.45358253,0.67550206,0.65257174
TCN4119,B.Tech. Dissertation,Cont and Lifelong Education,0.49614215,0.6563135,0.65253484
CN4119E,B.Tech. Dissertation,Cont and Lifelong Education,0.49614215,0.6563135,0.65253484
ETP3121,Startup Ecosystem Exposure,NUS,0.4870321,0.6524712,0.6524712
LSM2191B,Laboratory Techniques in Life Sciences,Yong Loo Lin Sch of Medicine,0.4300527,0.65639067,0.65244836
ENV2289R,Basic UROP in Environmental Studies II (REx),Science,0.46974328,0.66526175,0.65243924
CE1101A,Civil Engineering Principles and Practice,College of Design and Engineering,0.43935814,0.6601813,0.65237486
CE1101,Civil Engineering Principles and Practice,College of Design and Engineering,0.43935814,0.6601813,0.65237486
AR3101,Design 5,College of Design and Engineering,0.4485899,0.65704477,0.6523172
TIC2901,Communications for Computing Professionals,Cont and Lifelong Education,0.50528836,0.6632105,0.6523131
EE4435,Modern Transistors and Memory Devices,College of Design and Engineering,0.44730058,0.6697657,0.65227395
RE3810,Strategic Asset Management & PropTech,NUS Business School,0.4849135,0.6664964,0.6522643
CS3201R,Software Engineering Project I,Computing,0.47380218,0.66214305,0.6522464
LL4524,Business Law in China,Law,0.45622408,0.6861613,0.65224624
CS3241R,Computer Graphics,Computing,0.4495171,0.6589386,0.65218014
CS3241,Computer Graphics,Computing,0.4495171,0.6589386,0.65218014
BSP4515,Managing Social Networks in Markets and Organizations,NUS Business School,0.49007085,0.6589458,0.6521231
ETP3241,Entrepreneurial Finance,Non-Faculty-based Departments,0.4752819,0.66639125,0.6520945
TR3007,Entrepreneurial Finance,Non-Faculty-based Departments,0.4752819,0.66639125,0.6520945
LC1016,"Legal Analysis, Research & Communication",Law,0.49430972,0.68665135,0.6520664
YSS4202,Goals and Motivation,Yale-NUS College,0.4954941,0.65204865,0.65204865
MLE4228,Robotic Materials,College of Design and Engineering,0.43031716,0.66577125,0.6520334
HS1301,Workplace Communication,Non-Faculty-based Departments,0.5117161,0.66103894,0.6520092
MNO2705D,Leadership and Decision Making under Uncertainty,NUS Business School,0.48696828,0.6519919,0.6519919
PR2153,Cardiovascular System: Science & Therapeutics,Science,0.46658787,0.67991465,0.65199125
LL4177,Entertainment Law,Law,0.49225855,0.6581694,0.6519677
LL4177V,Entertainment Law,Law,0.49225855,0.6581694,0.6519677
LL4298,International Finance,Law,0.4713697,0.6700909,0.6519667
FST2289R,Basic UROPS in Food Science & Technology II (REx),Science,0.46864086,0.6617558,0.65195036
LSM3246,Synthetic Biology,Yong Loo Lin Sch of Medicine,0.4579437,0.6729734,0.65190345
NM2224,"Creativity, Culture and Media",Arts and Social Science,0.45171338,0.6854631,0.6518604
IFS4205,Information Security Capstone Project.,Computing,0.44743568,0.66024864,0.6518556
THE1004,Learning to Learn,NUS,0.46942323,0.6518118,0.6518118
ESP2110,Design Project,College of Design and Engineering,0.4683681,0.658085,0.6517862
CH2275,Chinese Pop Music in East Asia,Arts and Social Science,0.4621685,0.6556133,0.6516161
ES1000,Foundation Academic English,Non-Faculty-based Departments,0.48690596,0.66067076,0.6516118
NM1101X,"Communications, New Media and Society",Arts and Social Science,0.47626486,0.65717727,0.6516069
NM1101E,"Communications, New Media and Society",Arts and Social Science,0.47626486,0.65717715,0.6516069
TCN4246,Chemical And Bio-Catalysis,Cont and Lifelong Education,0.44947657,0.6853801,0.6515995
CN4246E,Chemical And Bio-Catalysis,Cont and Lifelong Education,0.44947657,0.6853801,0.6515995
AR4001,Advanced Architectural Study 1,College of Design and Engineering,0.4321628,0.66143906,0.6515684
TIC4306,Information Security Governance and Audit,Cont and Lifelong Education,0.47007966,0.65897554,0.6514982
MNO2705E,Leadership and Decision Making under Uncertainty,NUS Business School,0.48712528,0.65147865,0.65147865
ETP4212,Venture Creation: Process and Mindset,NUS,0.48077238,0.66096157,0.6514664
GES1003,Changing Landscapes of Singapore,Arts and Social Science,0.48325384,0.65918326,0.651432
GESS1001,Changing Landscapes of Singapore,Arts and Social Science,0.48325384,0.65918326,0.651432
GEK2001,Changing Landscapes of Singapore,Arts and Social Science,0.48325384,0.65918314,0.65143186
SSA2202,Changing Landscapes of Singapore,Arts and Social Science,0.48325384,0.65918314,0.65143186
NUR2106B,Clinical Practice: Medical/Surgical II,Yong Loo Lin Sch of Medicine,0.46261308,0.65859634,0.6514163
MUA2266,Navigating Community Arts Projects,YST Conservatory of Music,0.47434345,0.6783841,0.6514073
MUA2267,Navigating Community Arts Projects,YST Conservatory of Music,0.47434345,0.6783841,0.6514073
MUA3266,Navigating Community Arts Projects,YST Conservatory of Music,0.47434345,0.6783841,0.6514073
MUA3267,Navigating Community Arts Projects,YST Conservatory of Music,0.47434345,0.6783841,0.6514073
TR2201A,Entrepreneurial Marketing,Non-Faculty-based Departments,0.47608936,0.6622703,0.65137684
TR2201B,Entrepreneurial Marketing,Non-Faculty-based Departments,0.47608936,0.6622703,0.65137684
PHS4199,Honours Project in Pharmaceutical Science,Science,0.4841467,0.68831694,0.65137225
SSA2215,The Biophysical Environment of Singapore,Arts and Social Science,0.48786956,0.66790587,0.6513684
CG4001,B. Eng. Dissertation,Multi Disciplinary Programme,0.47786993,0.659202,0.6513678
PF1101,Fundamentals of Project Management,College of Design and Engineering,0.45663223,0.66445976,0.6513625
GET1032,Building Relationship : Theories and Practice,Arts and Social Science,0.4892227,0.66166115,0.65134543
GEX1016,Building Relationship : Theories and Practice,Arts and Social Science,0.4892227,0.66166115,0.65134543
DOS4813,Managerial Problem Solving,NUS Business School,0.48192006,0.6616302,0.6513357
CS4244,Knowledge Representation and Reasoning,Computing,0.46720174,0.6598191,0.65132475
AR3152,Technology Integration II,College of Design and Engineering,0.4966743,0.66312456,0.6512408
GEH1070,Chinese Medicine: Theory and Practice,Arts and Social Science,0.436057,0.66457915,0.65123874
GEC1044,Chinese Medicine: Theory and Practice,Arts and Social Science,0.436057,0.66457915,0.65123874
LL4330,Advanced Trusts Law,Law,0.45323926,0.67522275,0.651203
NM4660,Independent Study,Arts and Social Science,0.50767875,0.65209216,0.6512002
GEK1018,Economic Issues in the Developing World,Arts and Social Science,0.509582,0.65835476,0.6511782
CS4218,Software Testing,Computing,0.42879337,0.6582494,0.6511342
GEH1025,Global Environmental Issues,College of Design and Engineering,0.48399082,0.67460084,0.651127
EE4002D,Design Capstone,College of Design and Engineering,0.448756,0.6578897,0.6511013
HY4227HM,Sources of Singaporean History,Arts and Social Science,0.47561425,0.6888722,0.6510886
HY4227,Sources of Singaporean History,Arts and Social Science,0.47561425,0.6888722,0.6510886
EE4001,B.Eng. Dissertation,College of Design and Engineering,0.46326545,0.6558324,0.6510725
DSE4211,Digital Currencies,Science,0.45434958,0.668679,0.65106934
QF4211,Digital Currencies,Science,0.45434958,0.668679,0.65106934
TCE3001,Water Quality Engineering,Cont and Lifelong Education,0.44734833,0.65908015,0.65105045
BMI2109,Healthcare Research Software,Yong Loo Lin Sch of Medicine,0.4483895,0.6637214,0.6510313
PR3150,Professional Identity and Skills Development III,Science,0.4734275,0.6662891,0.6510174
AR1724,Introduction To Landscape Architecture,College of Design and Engineering,0.4363837,0.6979538,0.6510142
FST2289,Basic UROPS in Food Science & Technology II,Science,0.4708155,0.66696894,0.65101224
QF4102A,Financial Modelling and Computation,Science,0.46698028,0.6672106,0.65092534
ESE3011,Integrated Project for Environmental Sustainability,College of Design and Engineering,0.46813312,0.6632353,0.650915
AR4323,Assessment of Sustainable Design,College of Design and Engineering,0.4515737,0.66652113,0.6509126
ID1115,Design Fundamentals B,College of Design and Engineering,0.4380208,0.66159284,0.6508932
CS4242,Social Media Computing,Computing,0.47340262,0.6588678,0.6508569
IE4214,Revenue Management and Pricing Analytics,College of Design and Engineering,0.49134976,0.678199,0.6508561
DOS4712,Co-ordination and Flexibility in SCM,NUS Business School,0.47081715,0.66544396,0.6508404
CL2291,Chinese Anthropolinguistics (taught in English),Arts and Social Science,0.44220805,0.67226493,0.6508384
PC4288N,Honours Project in Nanophysics,Science,0.4693872,0.66565144,0.6508276
UTC2811,Applications and Analysis of Creative AI,Residential College,0.4393464,0.67080945,0.6508229
EE3703,Machine Learning with Applications,College of Design and Engineering,0.43764865,0.6763147,0.6508214
FST3110,Sustainable Food Packaging,Science,0.44003108,0.6716879,0.65079004
EE1111A,Electrical Engineering Principles and Practice I,College of Design and Engineering,0.4445438,0.6605357,0.6507847
BMI1102,Introduction to Health Sciences,Yong Loo Lin Sch of Medicine,0.44328398,0.65517133,0.6507754
UTC2737,Making Generosity Viral: Creating a culture of generosity,Residential College,0.48854965,0.6585125,0.65077084
LL4535,Supervised Judicial Research,Law,0.4870504,0.68334377,0.65076846
DSA2361,Data Analytics for Customer Insights,Science,0.4832529,0.66342,0.6507162
EC4361HM,Big data and Labour Market Analysis,Arts and Social Science,0.5002256,0.66335773,0.6506998
EC4361,Big data and Labour Market Analysis,Arts and Social Science,0.5002256,0.66335773,0.6506998
IS3221,ERP Systems with Analytics Solutions,Computing,0.4819411,0.6536773,0.6506768
CM4236,Spectroscopy & Imaging in Biophysical Chemistry,Science,0.42917567,0.6623424,0.65065587
NST2056,"Computing Machines, Models, and Mind",NUS College,0.41518587,0.67549807,0.6506475
YSC4240,Urban Wildlife,Yale-NUS College,0.47069898,0.65585023,0.6505951
LL4481V,Trusts Law in the Asia-Pacific Region,Law,0.45977676,0.6786907,0.6505802
LL4481,Trusts Law in the Asia-Pacific Region,Law,0.45977676,0.6786907,0.6505802
CE4257,Linear Finite Element Analysis,College of Design and Engineering,0.4459974,0.6590897,0.6505679
YLC1202,Beginning Chinese 2,Yale-NUS College,0.4511776,0.66351324,0.650564
BSP4513,Econometrics: Theory and Practical Business Applications,NUS Business School,0.48931584,0.6727433,0.65054166
MNO3333,Human Capital Management,NUS Business School,0.50290686,0.66596675,0.6505295
BSN4811,Strategic Innovation for High Performance,NUS Business School,0.5065405,0.66969186,0.650455
ESP1104B,Sensor System Electronics,College of Design and Engineering,0.44112477,0.68114734,0.65044665
ESP2111,Sensor System Electronics,College of Design and Engineering,0.44112477,0.68114734,0.65044665
TIE4212,Advanced Modeling in Operations Management,Cont and Lifelong Education,0.47725627,0.6685957,0.6504277
SA4109A,Advanced Web Development,NUS-ISS,0.47510433,0.65299416,0.65035903
SA4109,Advanced Web Development,NUS-ISS,0.47510433,0.65299416,0.65035903
GEN2005,"""Chineseness"" : Engaging Singapore Chinese Communities",Arts and Social Science,0.4720871,0.66279733,0.650355
LC3003B,Ethics Refresher Seminar II,Law,0.4829641,0.6560159,0.6503431
YLN1201,Beginning Singapore Sign Language,Yale-NUS College,0.4862267,0.65020525,0.65020525
MLE2106,Metallic Materials and Processing,College of Design and Engineering,0.4555011,0.6656364,0.6501788
EG2701B,Aspirational Project II,College of Design and Engineering,0.48230448,0.6679608,0.65013283
CDE1301F,Fundamentals of Automotive Engineering,College of Design and Engineering,0.47797114,0.66689074,0.6501312
GET1002,Bridging East and West: Exploring Chinese Communication,Arts and Social Science,0.49849313,0.6564122,0.65009993
GEK1062,Bridging East and West: Exploring Chinese Communication,Arts and Social Science,0.4984931,0.65641224,0.65009993
GEX1004,Bridging East and West: Exploring Chinese Communication,Arts and Social Science,0.4984931,0.65641224,0.65009993
RB2202,Kinematics and Dynamics for Robotics,College of Design and Engineering,0.4612697,0.68091464,0.65009606
EC4352HM,Singapore Economy: Practice and Policy,Arts and Social Science,0.47509995,0.6557552,0.6500696
EC4352,Singapore Economy: Practice and Policy,Arts and Social Science,0.47509995,0.6557552,0.6500696
CP3100,Information Systems and Analytics Research Methodology,Computing,0.46631256,0.6755115,0.65000296
CP3880,Advanced Technology Attachment Programme,Computing,0.5128313,0.65772617,0.64999247
TR2201,Entrepreneurial Marketing,Non-Faculty-based Departments,0.47326338,0.6599512,0.649985
TR2201Y,Entrepreneurial Marketing,Non-Faculty-based Departments,0.47326338,0.6599512,0.649985
BLD3004,Topics in Leadership Development,NUS Business School,0.47559983,0.64998055,0.64998055
CM3141,Instrumental Techniques in Analytical Chemistry,Science,0.42257687,0.6636994,0.6499674
ID1119,Design Fundamentals F,College of Design and Engineering,0.4450267,0.65778077,0.6499473
UTS2402,Environment and Civil Society in Singapore,Residential College,0.4847398,0.6781089,0.6499067
UTC2402,Environment and Civil Society in Singapore,Residential College,0.4847398,0.6781089,0.6499067
MLE2107,Ceramic Materials and Processing,College of Design and Engineering,0.44345757,0.6637933,0.64989746
SC2880A,Singapore: The Social Experiment,Arts and Social Science,0.48379692,0.6601591,0.649874
YSC4231,"Parallel, Concurrent and Distributed Programming",Yale-NUS College,0.462202,0.662626,0.6498709
PR2202,Cosmetics & Perfumes,Science,0.48238593,0.6776126,0.649856
CL3217,The Analysis of Chinese Morphosyntax,Arts and Social Science,0.45733672,0.6762575,0.6498526
MUA3218,Introduction to Piano Technology,YST Conservatory of Music,0.44874144,0.67723846,0.64984953
AR2102,Design 4,College of Design and Engineering,0.4439542,0.65688914,0.6498174
FST4101,Flavour Science,Science,0.41569155,0.66677195,0.64977723
GEK2012,Public Administration in Asia,Arts and Social Science,0.49065414,0.67025566,0.649735
PS2241,Public Administration in Asia,Arts and Social Science,0.49065414,0.6702558,0.649735
EE2011,Engineering Electromagnetics,College of Design and Engineering,0.4496491,0.6650733,0.64967906
EE2011E,Engineering Electromagnetics,Cont and Lifelong Education,0.4496491,0.6650733,0.64967906
ID3041,Special Studies,College of Design and Engineering,0.49059358,0.65623564,0.6496333
MUA3177,Music Programming & Production,YST Conservatory of Music,0.47595105,0.66747665,0.64962304
EE4509,Silicon Micro Systems,College of Design and Engineering,0.44456044,0.6694942,0.6496099
MUA3219,World Music Ensemble,YST Conservatory of Music,0.45440298,0.6789075,0.64960414
MUA3220,World Music Ensemble,YST Conservatory of Music,0.45440298,0.6789075,0.64960414
IE4243,Decision Modeling & Risk Analysis,College of Design and Engineering,0.46446192,0.67490125,0.6495973
AH2201,Chinese Painting: Styles and Masters,Arts and Social Science,0.47323105,0.66368175,0.64957845
FAS3551,FASS Capstone Career Preparation,Arts and Social Science,0.49346855,0.69020134,0.6495711
EE4303E,Industrial Control Systems,Cont and Lifelong Education,0.43955943,0.66175956,0.6495645
EE4303,Industrial Control Systems,College of Design and Engineering,0.43955943,0.66175956,0.6495645
TEE4303,Industrial Control Systems,Cont and Lifelong Education,0.4395594,0.66175956,0.6495645
LL4402,Corporate Insolvency Law,Law,0.4720946,0.67368853,0.6495639
NM3249,Digital News Writing and Data Analysis,Arts and Social Science,0.4910745,0.6526004,0.6494819
YSC4228,Data Science in Quantitative Finance,Yale-NUS College,0.41979253,0.68310094,0.64943177
MUA4174,Sound for Film and Television 2,YST Conservatory of Music,0.45468655,0.6653887,0.6494029
NUR3502,Teaching and Learning in Clinical Practice,Yong Loo Lin Sch of Medicine,0.45749372,0.66919816,0.6493944
BN2203,Introduction to Bioengineering Design,College of Design and Engineering,0.44354355,0.659959,0.64936745
NST2016,Decision Analytics,NUS,0.47999686,0.67910904,0.6493618
NUR2113,Mental Health Nursing,Yong Loo Lin Sch of Medicine,0.43017453,0.6511638,0.64930916
CE4257B,Finite Element Analysis for Civil Engineering,College of Design and Engineering,0.45425892,0.65419924,0.649282
FST2102A,Chemistry of Food Components,Science,0.44879705,0.66950923,0.64926857
NUR3106B,Clinical Practice: Medical/Surgical II,Yong Loo Lin Sch of Medicine,0.456214,0.6580739,0.649231
CL3206,History of Chinese Language,Arts and Social Science,0.42871836,0.6612599,0.64922655
CH4207,History of Chinese Language,Arts and Social Science,0.42871836,0.6612599,0.64922655
CH4207HM,History of Chinese Language,Arts and Social Science,0.42871836,0.6612599,0.64922655
GEN2006,Communications for Inter-generational Engagement,NUS,0.47667414,0.65815425,0.6492189
ID4121,Project Research,College of Design and Engineering,0.47257334,0.6615126,0.64920825
CM3191,Chemical Synthesis Experiments,Science,0.44736698,0.6655222,0.64915687
EL3880,Topics in English Language,Arts and Social Science,0.48021355,0.6583779,0.6491145
PF1101A,Project Management and Finance,College of Design and Engineering,0.4630589,0.6595548,0.64911395
RB2101,Fundamentals of Robotics II,College of Design and Engineering,0.4233268,0.68725294,0.6490606
AR3102A,Design 6 (Landscape Architecture Emphasis),College of Design and Engineering,0.4267458,0.683373,0.64903295
NUR1108C,Clinical Practice: Medical/Surgical I,Yong Loo Lin Sch of Medicine,0.46133792,0.6565425,0.64898777
ID1114,Design Fundamentals A,College of Design and Engineering,0.43714583,0.65626353,0.6489804
ME4265,Automotive Body & Chassis Engineering,College of Design and Engineering,0.48104328,0.6936823,0.6489731
PL4223,Introduction to Clinical Neuropsychology,Arts and Social Science,0.4556613,0.6600074,0.6489719
PL4223HM,Introduction to Clinical Neuropsychology,Arts and Social Science,0.4556613,0.6600074,0.6489719
TIC2601,Database and Web Applications,Cont and Lifelong Education,0.4774238,0.66421014,0.64896816
ZB4299,Applied Project in Computational Biology,Science,0.4779992,0.70620745,0.6489609
LSM4234,Mechanobiology,Science,0.41543576,0.73504037,0.6489169
EE1111,Engineering Principles and Practice I,College of Design and Engineering,0.44663206,0.6687122,0.64890254
MNO3331,Business with a Social Conscience,NUS Business School,0.5152695,0.6894305,0.6488795
MNO3714,Business with a Social Conscience,NUS Business School,0.5152695,0.6894305,0.6488795
LL4348V,Monetary Law,Law,0.4610371,0.6606783,0.64886236
LL4348,Monetary Law,Law,0.4610371,0.6606783,0.64886236
NUR2502,Healthcare Policy,Yong Loo Lin Sch of Medicine,0.47478795,0.6611584,0.6488419
MKT4761L,SIM: Consumer Insights for Business Growth,NUS Business School,0.48031023,0.6492592,0.64882404
FIN4718,FinTech Management,NUS Business School,0.46037737,0.6714564,0.648816
FIN4123,FinTech Management,NUS Business School,0.46037737,0.6714564,0.648816
GESS1031,State of the Art: A Current View of Music in Singapore,YST Conservatory of Music,0.48549515,0.65757996,0.6488159
GES1043,State of the Art: A Current View of Music in Singapore,YST Conservatory of Music,0.48549515,0.65757996,0.6488158
DBA4713,Network Analytics with Business Applications,NUS Business School,0.47535452,0.66363174,0.64870363
CL3204,Classical Chinese,Arts and Social Science,0.42105404,0.6729243,0.64869136
PR3288,Advanced UROPS in Pharmacy I,Science,0.48666713,0.65750396,0.64867926
ESE4301,Wastewater Biotechnology,College of Design and Engineering,0.43579376,0.68882513,0.6486562
CP2106,Independent Software Development Project (Orbital),Computing,0.46956828,0.6568177,0.648598
LL4444V,Law of the Marine Environment,Law,0.42378277,0.6582053,0.64857584
LL4444,Law of the Marine Environment,Law,0.42378277,0.6582053,0.64857584
PF4203,Project Dispute Management,College of Design and Engineering,0.44267717,0.6664182,0.64856976
CN3105,Machine Learning in Chemical Engineering,College of Design and Engineering,0.4371311,0.67481136,0.6485418
SC2213,Childhood and Youth,Arts and Social Science,0.4754677,0.6728249,0.6484672
ID1118,Design Fundamentals E,College of Design and Engineering,0.44458538,0.652815,0.6484467
SC2214,Media and Culture,Arts and Social Science,0.4852918,0.6578045,0.6484248
NM4256,Communication and Digital Collaborations,Arts and Social Science,0.47272843,0.65373564,0.6484195
NM4256HM,Communication and Digital Collaborations,Arts and Social Science,0.47272843,0.65373564,0.6484195
YHU3382,Singapore Arts In and Through 1997,Yale-NUS College,0.48643667,0.6742755,0.64838284
LL4553,Law of Global Finance & Crypto Markets,Law,0.45565507,0.67081594,0.6483802
FIN3719,Household Finance,NUS Business School,0.44967404,0.65692693,0.6483799
FIN3134A,Household Finance,NUS Business School,0.44967404,0.65692693,0.6483799
FIN3719B,Household Finance,NUS Business School,0.44967404,0.656927,0.6483799
FIN3134B,Household Finance,NUS Business School,0.44967404,0.65692693,0.6483799
FIN3134,Household Finance,NUS Business School,0.44967404,0.65692693,0.6483799
FIN3719A,Household Finance,NUS Business School,0.44967404,0.656927,0.6483799
LL4277V,Medical Law and Ethics,Law,0.47722426,0.66269165,0.64831865
MUA3117,Contemporary Music Performance,YST Conservatory of Music,0.45685285,0.66741073,0.6483102
NHS2041,Participatory Social Development in Southeast Asia,NUS College,0.47961953,0.6536201,0.6483061
FST3181,Professional Placement,Science,0.5079701,0.6665351,0.6482831
CM3253,Materials Chemistry 1,Science,0.43787143,0.6846299,0.6482469
ESE2101,Environmental Engineering Principles and Practice,College of Design and Engineering,0.44083205,0.7216851,0.6482162
ID4108,Design Platforms J,College of Design and Engineering,0.48085028,0.6576368,0.64819115
PHS2143,Analytical Techniques and Pharmaceutical Applications,Science,0.46955237,0.657404,0.6481372
LL4458V,China and International Arbitration,Law,0.4505538,0.6924968,0.64808106
LL4458,China and International Arbitration,Law,0.4505538,0.6924968,0.64808106
CH2248,An Understanding of Singapore's Teochew Community,Arts and Social Science,0.4804232,0.65327585,0.648054
PR3289,Advanced UROPS in Pharmacy II,Science,0.48914066,0.6605827,0.64800775
NM2223,Media Law and Policy,Arts and Social Science,0.471203,0.6591499,0.64796567
LL4360Z,Current Challenges to Investment Arbitration,Law,0.4786994,0.6550555,0.6479536
MUA3261,Career Development Group Project,YST Conservatory of Music,0.49623534,0.6647949,0.64794713
GE3257,Financial Geographies,Arts and Social Science,0.45972028,0.6617906,0.64794505
TEE2011,Engineering Electromagnetics,Cont and Lifelong Education,0.44691366,0.66308284,0.6479294
LL4479V,Challenges of Emerging Technologies to Financial Regulation,Law,0.47042638,0.6715804,0.64790356
YSS3300,Research Tutorial: Lab in Developmental Psychology,Yale-NUS College,0.46953115,0.6558913,0.6479009
LAD2010,Landscape Ecology,College of Design and Engineering,0.44069377,0.67516685,0.6478345
SW4227HM,Advanced Family-Centred Social Work Practice,Arts and Social Science,0.4657919,0.6608776,0.6478302
SW4227,Advanced Family-Centred Social Work Practice,Arts and Social Science,0.4657919,0.6608776,0.6478302
EG2701A,Aspirational Project I,College of Design and Engineering,0.48088345,0.6662211,0.6478217
LAJ2201,Japanese 2,Arts and Social Science,0.44276285,0.6701116,0.64777935
SE2221,Old and New Music in Southeast Asia,Arts and Social Science,0.46472207,0.661942,0.6477548
LL4100,Arbitration and Dispute Resolution in China,Law,0.4640915,0.73718774,0.6477415
LL4100V,Arbitration and Dispute Resolution in China,Law,0.4640915,0.73718774,0.6477415
TME2142,Feedback Control Systems,Cont and Lifelong Education,0.45472813,0.6542998,0.64768535
DOS3752,Independent Study in Ops & Supply Chain Management (2 Unit),NUS Business School,0.48774794,0.6678768,0.6476758
BN4406,Biophotonics And Bioimaging,College of Design and Engineering,0.43490145,0.6540139,0.64764524
CS4225,Big Data Systems for Data Science,Computing,0.3972348,0.6727464,0.647644
LL4134V,"Crossing Borders: Law, Migration & Citizenship",Law,0.49247396,0.6551361,0.6475979
LL4134,"Crossing Borders: Law, Migration & Citizenship",Law,0.49247396,0.6551361,0.6475979
IS2101,Business and Technical Communication,Non-Faculty-based Departments,0.5273851,0.6545514,0.647596
DBA3713,Analytics for Risk Management,NUS Business School,0.43412206,0.6562822,0.64758384
LL4530,Law and Natural Language Processing,Law,0.43386748,0.67353004,0.64757276
LL4530V,Law and Natural Language Processing,Law,0.43386748,0.67353004,0.64757276
JS4229HM,Japanese Translation - Theory & Practice,Arts and Social Science,0.44914228,0.6720665,0.64753044
JS4229,Japanese Translation - Theory & Practice,Arts and Social Science,0.4491422,0.67206657,0.6475304
CH2274,Discovering the Chinese Business Environment,Arts and Social Science,0.4892162,0.6475229,0.6475229
EE2032,Signals & Communications Design Lab,College of Design and Engineering,0.4479056,0.68095046,0.64751446
MUA2271,Virtual Instrument Sound Design,YST Conservatory of Music,0.4364827,0.6614576,0.6474902
RVSS1002,Feeding the belly of a nation,Residential College,0.45844066,0.65437496,0.6474663
IE2290,A cross cultural industrial field trip program,College of Design and Engineering,0.5215647,0.661081,0.64744437
CM4261,Surface Science,Science,0.46204236,0.6739253,0.6474037
JS2880A,Field Exposure Japan: Fashion Business,Arts and Social Science,0.5120587,0.65062094,0.64735997
HSS1000,Understanding Social Complexity,Arts and Social Science,0.47489753,0.6506706,0.6473447
TR3010,Ideation - Creating A Business Idea,Non-Faculty-based Departments,0.5035739,0.65330184,0.6473427
MLE3103,Materials Design: Aerospace to Biomedical Applications,College of Design and Engineering,0.44177806,0.68011975,0.6473342
NHS2022,Immigration and the City,NUS,0.47628352,0.656644,0.6473333
EG2201A,User-Centred Collaborative Design,College of Design and Engineering,0.4484354,0.6618708,0.64732516
IE1111R,Industrial & Systems Engrg Principles & Practice I,College of Design and Engineering,0.48256478,0.67790246,0.64731133
ID1116,Design Fundamentals C,College of Design and Engineering,0.44413155,0.6522217,0.64728963
NM3211,"News Writing, Editing and Publishing",Arts and Social Science,0.47066495,0.6582602,0.64726686
MKT4721,Customer Analytics & Visualization,NUS Business School,0.47790974,0.66128373,0.6472362
BSP4012,Managing Social Networks in Markets & Organisations,NUS Business School,0.4892132,0.66207933,0.64721054
IE4242,Cost Analysis And Management,College of Design and Engineering,0.47435257,0.71147096,0.64718306
TIE4242,Cost Analysis And Management,Cont and Lifelong Education,0.47435257,0.71147096,0.64718306
QF4103,Mathematical Models of Financial Derivatives,Science,0.4427447,0.70109576,0.6471353
IS4234,"Governance, Regulation, and Compliance Technology",Computing,0.46065122,0.6742658,0.6470805
PL4880K,Parenting and Child Development,Arts and Social Science,0.46638882,0.66110176,0.6470435
PL4880KHM,Parenting and Child Development,Arts and Social Science,0.46638882,0.66110176,0.6470435
TCX2003,Database Systems and Management,Cont and Lifelong Education,0.48034817,0.6719073,0.64701474
BSP3012,Singapore and ASEAN: Geoeconomics and Geopolitics for Business,NUS Business School,0.47183558,0.671269,0.64698637
PC3247,Modern Optics,Science,0.44900143,0.6522662,0.6468314
CM3289,Advanced UROPS in Chemistry II,Science,0.4511686,0.65922105,0.6467892
LL4528,International Mediation,Law,0.48580608,0.6868222,0.64677227
LL4528V,International Mediation,Law,0.48580608,0.6868221,0.64677227
IS4248,Digital Business and the Metaverse,Computing,0.45357037,0.66166353,0.64673316
CN3124E,Particle Technology,Cont and Lifelong Education,0.46177015,0.6514774,0.64665484
GEK1065,Exploration in Musical Production,Non-Faculty-based Departments,0.5104494,0.65961754,0.64664567
GEH1040,Exploration in Musical Production,YST Conservatory of Music,0.5104494,0.65961754,0.64664567
MUA1240,Exploration in Musical Production,YST Conservatory of Music,0.5104494,0.65961754,0.64664567
LAJ1201,Japanese 1,Arts and Social Science,0.44945368,0.66150236,0.6466366
GE3254,Energy Futures: Environment and Sustainability,Arts and Social Science,0.4602176,0.66258967,0.6466161
SP3275,Science for a Sustainable Earth,Science,0.46422195,0.6684465,0.64660627
MIH2202,The Landscape of Health: Evolving Spaces and Technology,Yong Loo Lin Sch of Medicine,0.46249902,0.6501911,0.6465839
PR4197,Pharmacy Internship I,Science,0.48006135,0.66122663,0.64653796
XFA4412,Integrated Honours Thesis,Arts and Social Science,0.48589042,0.66644716,0.6464876
XFA4403,Integrated Honours Thesis,Arts and Social Science,0.48589042,0.66644716,0.6464876
DOS3811,Technology and Business Innovation,NUS Business School,0.47852582,0.66107965,0.64646685
DSC3227,Technology and Business Innovation,NUS Business School,0.47852582,0.66107965,0.64646685
GEH1019,Food & Health,Science,0.47648358,0.6495108,0.6464247
GEK1529,Food & Health,Science,0.47648358,0.6495107,0.64642465
NHS2054,Reimagining Work / Life,NUS College,0.5140465,0.6512156,0.6463853
BSP3001A,Strategic Management,NUS Business School,0.48567283,0.64695156,0.64638156
FIN4720,Sustainability and Finance,NUS Business School,0.45923308,0.65865684,0.64635485
FIN4125,Sustainability and Finance,NUS Business School,0.45923308,0.65865684,0.64635485
GESS1028,Cultural Performances and Practices in Singapore,Arts and Social Science,0.48939398,0.65675014,0.6463524
GES1039,Cultural Performances and Practices in Singapore,Arts and Social Science,0.48939398,0.65675014,0.6463524
ID4107,Design Platforms I,College of Design and Engineering,0.47473702,0.65227246,0.6463307
SW4103,What Works? Program Evaluation and Research,Arts and Social Science,0.45294917,0.6695704,0.6463097
SW4103HM,What Works? Program Evaluation and Research,Arts and Social Science,0.45294917,0.6695704,0.64630955
ID4109,Design Platforms K,College of Design and Engineering,0.47865543,0.65136516,0.64630413
TSC4225,Port Logistics,Cont and Lifelong Education,0.44847116,0.6691965,0.64629304
ETP3211,New Venture Creation,Non-Faculty-based Departments,0.49814183,0.67665994,0.646293
TR3002I,New Venture Creation,NUS,0.49814183,0.67665994,0.646293
TR3002,New Venture Creation,Non-Faculty-based Departments,0.49814183,0.67665994,0.646293
TR3002N,New Venture Creation,Non-Faculty-based Departments,0.49814183,0.67665994,0.646293
UTC2105,Singapore as ‘Model’ City?,Residential College,0.48747593,0.6690015,0.6462621
UTS2105,Singapore as ‘Model’ City?,Residential College,0.48747593,0.6690015,0.6462621
DOS3751,Independent Study in Ops & Supply Chain Management,NUS Business School,0.48309696,0.6673564,0.6462351
BPM1705,Understanding How Business Works,NUS Business School,0.5050625,0.6543493,0.64623064
SSA1208,Everyday Life of Chinese Singaporeans: Past & Present (taught in English),Arts and Social Science,0.4538626,0.66100764,0.64621675
GESS1003,Everyday Life of Chinese Singaporeans: Past & Present (taught in English),Arts and Social Science,0.4538626,0.66100764,0.64621675
GES1005,Everyday Life of Chinese Singaporeans: Past & Present (taught in English),Arts and Social Science,0.4538626,0.66100764,0.64621675
CS3243R,Introduction to Artificial Intelligence,Computing,0.4694945,0.65492433,0.6461807
LL4507V,Anglo-American Corporate Governance,Law,0.51128906,0.64904594,0.6460427
LL4507,Anglo-American Corporate Governance,Law,0.51128906,0.64904594,0.6460427
CDE2606B,Independent Work,College of Design and Engineering,0.49558076,0.65802526,0.64603347
NUR3206C,Transition to Practice,Yong Loo Lin Sch of Medicine,0.47985482,0.6519161,0.6460234
NUR3120,"Pathophysiology, Pharmacology and Nursing Practice III",Yong Loo Lin Sch of Medicine,0.46722114,0.6595967,0.64600074
LAJ2202,Japanese 3,Arts and Social Science,0.442999,0.6900425,0.6459749
PE3551P,FASS Undergraduate Research Opportunity (UROP),Arts and Social Science,0.4860428,0.66348743,0.6459536
IE4100R,B.Eng.Dissertation,College of Design and Engineering,0.46303856,0.66155046,0.6459512
SA4108C,Mobile Application Development,NUS-ISS,0.46271577,0.67232686,0.64593923
SA4108,Mobile Application Development,NUS-ISS,0.46271577,0.67232686,0.64593923
SA4103,Internet Application Development,NUS-ISS,0.4867688,0.6480148,0.6459035
RE3806,Advanced Real Estate Valuation,NUS Business School,0.47515154,0.6633908,0.6458923
TBA4230,Audit Analytics,Cont and Lifelong Education,0.44853967,0.66829187,0.64587283
CH2294,Religion in Chinese Societies,Arts and Social Science,0.45583096,0.6521664,0.64586765
CM4199A,Honours Project in Chemistry,Science,0.4500358,0.6764189,0.6458398
PF4209,Construction Enterprise Management,College of Design and Engineering,0.45774284,0.6560202,0.64583653
PF3401,Practical Training Scheme,College of Design and Engineering,0.52457464,0.6470959,0.6458247
ID3109,Design Platforms G,College of Design and Engineering,0.47572207,0.66384786,0.64579564
BLD3001,Business Leadership Case Analysis,NUS Business School,0.48348212,0.65519845,0.6457903
HY4236HM,Topics in Singaporean History,Arts and Social Science,0.46962196,0.67761,0.64576596
HY4236,Topics in Singaporean History,Arts and Social Science,0.46962196,0.67761,0.64576596
UTS2711,"Religion, Governance and Policymaking in Singapore",Residential College,0.4703451,0.6741258,0.6457327
UTC2724,"Religion, Governance and Policymaking in Singapore",Residential College,0.4703451,0.6741258,0.6457327
AR2151,Technology Integration I,College of Design and Engineering,0.49015212,0.65381014,0.6457313
MKT4761K,Seminars in Marketing: Marketing Technology,NUS Business School,0.4765496,0.6565995,0.6456841
ACC4761G,Seminars in Accounting: Advanced Risk Management,NUS Business School,0.48590854,0.65272427,0.6456093
SW1101E,Catalysts for Social Good: Social Work in Action,Arts and Social Science,0.4724247,0.6522851,0.64556444
EE4503,Power Electronics for Sustainable Energy Technologies,College of Design and Engineering,0.43573937,0.6994761,0.6455572
YSC2214,Introduction to Optics and Imaging,Yale-NUS College,0.43840435,0.65510345,0.64555377
NHS2057,Social Design and Worldmaking in Singapore,NUS College,0.46360055,0.65480286,0.64552915
CS3244R,Machine Learning,Computing,0.4691062,0.66550076,0.6455119
NUR3117A,Public and Community Health,Yong Loo Lin Sch of Medicine,0.43636304,0.6605495,0.6455056
PL4216,Personnel Selection,Arts and Social Science,0.4980232,0.6552706,0.6454719
PL4216HM,Personnel Selection,Arts and Social Science,0.4980232,0.6552706,0.6454719
LL4549,Banking and Finance Law in China,Law,0.45964876,0.6598207,0.6454636
UTC2852,Computational Thinking with AI,Residential College,0.4240913,0.6586594,0.64541423
LSM3242,Translational Microbiology,Yong Loo Lin Sch of Medicine,0.44240746,0.6556274,0.645272
GES1010,Nation-Building in Singapore,Arts and Social Science,0.4599816,0.67792505,0.64527166
SSA2204,Nation-Building in Singapore,Arts and Social Science,0.4599816,0.67792505,0.64527166
GESS1008,Nation-Building in Singapore,Arts and Social Science,0.4599816,0.67792505,0.64527166
TRA3201,Advanced Translation,Arts and Social Science,0.47625297,0.65404475,0.64526254
TEE3506,Electrical Energy Systems,Cont and Lifelong Education,0.43313923,0.66179353,0.6452568
EE1111B,Electrical & Computer Engineering Principles & Practice,College of Design and Engineering,0.4556355,0.6506374,0.64524007
SP2402,Science & Technology Industry Insights II,Science,0.49371853,0.65104645,0.6451985
PR4198A,Pharmacy Internship II,Science,0.48202133,0.65721697,0.64517844
CM4267,Current Topics in Analytical Techniques,Science,0.46993825,0.6647203,0.64517343
NHS2052,Politics of Heritage : Singapore and the Region,NUS College,0.46647534,0.65217716,0.6451576
GEM1919,Thinking in Systems: Diseases and Healthcare,Residential College,0.44405997,0.65839887,0.64513886
UTC1701,Thinking in Systems: Diseases and Healthcare,Residential College,0.44405997,0.6583988,0.64513874
UTC1702B,Thinking in Systems: Diseases and Healthcare,Residential College,0.44405997,0.6583988,0.64513874
PE3551E,FASS Undergraduate Research Opportunity (UROP),Arts and Social Science,0.48854607,0.6646365,0.6451375
CN4291,Selected Topics in Chemical Engineering,College of Design and Engineering,0.46572945,0.6527846,0.64512634
NHS2072,Caring for Ourselves: Being Well in the World,NUS College,0.457055,0.6767327,0.6451162
TBA4212,Search Engine Optimisation and Analytics,Cont and Lifelong Education,0.43326017,0.67596287,0.6451137
AR4102,Design 8,College of Design and Engineering,0.47626677,0.6496582,0.6451033
RE4803,REIT and Business Trust Management,NUS Business School,0.48598504,0.66061294,0.6450838
LL4089V,Chinese Corporate & Securities Law,Law,0.4737416,0.6709467,0.6450812
LL4089,Chinese Corporate & Securities Law,Law,0.4737416,0.6709467,0.6450812
PHS3191,Laboratory Techniques in Pharmaceutical Science II,Science,0.44479942,0.6545644,0.6450787
NHS2037,"Archives, Biography, Memory in Singapore",NUS College,0.47648403,0.6729015,0.64506674
SSA1207,Singapore Literature in English: Selected Texts,Arts and Social Science,0.43340445,0.68950987,0.64505357
GESS1034,Singapore Literature in English: Selected Texts,Arts and Social Science,0.43340445,0.68950987,0.64505357
GES1025,Singapore Literature in English: Selected Texts,Arts and Social Science,0.43340445,0.68950987,0.6450535
ID3107,Design Platforms E,College of Design and Engineering,0.47873253,0.65378946,0.645053
CH3298,Chinese in Southeast Asia (in English),Arts and Social Science,0.46258894,0.6649374,0.64504564
TME4209,The Management Of New Prod. Development,Cont and Lifelong Education,0.4840706,0.66982645,0.64501554
TEE3431,Microelectronics Materials and Devices,Cont and Lifelong Education,0.43123487,0.6593027,0.64500517
EE3431E,Microelectronics Materials and Devices,Cont and Lifelong Education,0.43123487,0.6593027,0.6450051
EE3431C,Microelectronics Materials and Devices,College of Design and Engineering,0.43123487,0.6593027,0.6450051
LL4223,Cross Border Mergers,Law,0.48499176,0.6615458,0.64500463
ACC4612H,Seminars in Accounting: Advanced Risk Management,NUS Business School,0.48056224,0.65404373,0.64499986
GE4660HM,Independent Study,Arts and Social Science,0.5012107,0.664442,0.64496267
ID2107,Design Platforms A,College of Design and Engineering,0.4744447,0.64843607,0.6449379
YHU2236,Travel Writing,Yale-NUS College,0.4672903,0.68507224,0.6449312
DOS4714,Service Design,NUS Business School,0.45901626,0.64931595,0.6448873
PL3255,Introduction to Paediatric Psychology,Arts and Social Science,0.42224774,0.6756497,0.64487207
CS4246,AI Planning and Decision Making,Computing,0.45085287,0.65685815,0.6448052
UTC2420A,Sustainability in SE Asia: Study Trip to Indochina,Residential College,0.46784845,0.67373,0.6447964
PL4221,Early Language Development,Arts and Social Science,0.4306506,0.6453946,0.64478767
PL4221HM,Early Language Development,Arts and Social Science,0.4306506,0.6453946,0.64478767
YSS3224,International Finance,Yale-NUS College,0.45394853,0.65239465,0.6447509
FIN3752,Independent Study in Finance (2 Units),NUS Business School,0.46848205,0.6563376,0.6447479
CS4234R,Optimisation Algorithms,Computing,0.5010087,0.6659588,0.6447218
JS3229,Field Studies in Japan,Arts and Social Science,0.4805162,0.66784406,0.6447173
SSA2220,Global Economic Dimensions of Singapore,Arts and Social Science,0.4808858,0.64464676,0.64464676
CH4244HM,Selected Topics on The Overseas Chinese,Arts and Social Science,0.49546024,0.65262514,0.64460194
CH4244,Selected Topics on The Overseas Chinese,Arts and Social Science,0.49546024,0.6526251,0.64460194
ID1117,Design Fundamentals D,College of Design and Engineering,0.43509522,0.6500133,0.64460146
MA4199,Honours Project in Mathematics,Science,0.47441712,0.6643076,0.6445733
LL4194,Partnership and LLP Law,Law,0.47470298,0.64762825,0.64456546
ME4291,Finite Element Analysis,College of Design and Engineering,0.48019692,0.6500218,0.64454085
RE4804,Real Estate Securitisation,NUS Business School,0.4540499,0.67641383,0.64447683
TBA2101,Building an Analytics Organisation,Cont and Lifelong Education,0.49474072,0.65357864,0.64447546
MKT3422E,TIM: Marketing in Social Networks,NUS Business School,0.48652843,0.6496584,0.64446604
PR3137,Pharmacy Professional Skills Development III,Science,0.46864843,0.6577947,0.64445716
ID3124,Creative Communication & Design Argumentation,College of Design and Engineering,0.4448226,0.66813695,0.6444397
LSM4222,Advanced Immunology,Yong Loo Lin Sch of Medicine,0.4400553,0.6627891,0.6444315
PF3211,AI Applications for the Built Environment,College of Design and Engineering,0.4251108,0.6537276,0.644426
UTC3102,Tembusu Undergraduate Research Opportunity (UROP),Residential College,0.48654434,0.6593648,0.64442587
CS3230R,Design and Analysis of Algorithms,Computing,0.4923885,0.65637577,0.6444233
UTC2404,(Re)Building Communities: Insights from India,Residential College,0.499115,0.6484752,0.6444148
EE4214E,Real-Time Embedded Systems,Cont and Lifelong Education,0.48357558,0.6521338,0.6443944
EE4214,Real-Time Embedded Systems,College of Design and Engineering,0.48357558,0.6521338,0.6443944
TEE4214,Real-Time Embedded Systems,Cont and Lifelong Education,0.48357558,0.6521338,0.6443944
MLE2108,Structure and Mechanical Properties of Materials,College of Design and Engineering,0.42924458,0.67394704,0.6443547
CLC3301,Communicating Social Issues in Singapore,Non-Faculty-based Departments,0.46386015,0.6538258,0.64434767
ID1106,Design Fundamentals 2,College of Design and Engineering,0.47286484,0.65256995,0.6443294
MT4002,Technology Management Strategy,College of Design and Engineering,0.46193594,0.6560086,0.6443122
PC3193,Experimental Physics II,Science,0.44818833,0.65946174,0.6443065
MKT3761E,TIM: Marketing in Social Networks,NUS Business School,0.4871888,0.6490119,0.6442703
PL4208,Counselling Psychology,Arts and Social Science,0.44277406,0.6625562,0.64426994
PL4208HM,Counselling Psychology,Arts and Social Science,0.44277406,0.6625562,0.64426994
TIE4252,Introduction to Systems Engineering,Cont and Lifelong Education,0.4295504,0.6760857,0.64426225
ID4110,Design Platforms L,College of Design and Engineering,0.4764823,0.65034485,0.6442326
SSA1201,Singapore Society,Arts and Social Science,0.473832,0.6547376,0.6441932
LL4258V,Personal Property Law,Law,0.45286298,0.65406966,0.644191
TIC3302,Computer Systems Security,Cont and Lifelong Education,0.43890885,0.65454847,0.64415973
LL4350V,Privacy & Data Protection Law,Law,0.48055172,0.67504,0.64415276
LL4350,Privacy & Data Protection Law,Law,0.48055172,0.67504,0.64415276
SPH3101,Biostatistics for Public Health,SSH School of Public Health,0.4286705,0.660213,0.64413863
CM4228,Catalysis for sustainable chemical synthesis,Science,0.44280258,0.6890751,0.6441371
DSC3239,Independent Study in Ops & Supply Chain Mgt,NUS Business School,0.4861095,0.65386856,0.64412105
PR2133,Pharmacotherapeutics I,Science,0.44251648,0.6755246,0.6441053
UTS2500,Capstone Experience,Residential College,0.49709618,0.6609732,0.64409524
UTC2723,How would YOU lead?,Residential College,0.48245797,0.6440607,0.6440607
IS4301,Agile IT with DevOps,Computing,0.47334677,0.65233326,0.64404887
HSI2004,Cell Based Proteins for a Sustainable Future,Science,0.42231962,0.6711079,0.6440438
MD4140T,Acute and Specialty Clinical Practice,Yong Loo Lin Sch of Medicine,0.48560393,0.65824705,0.64401644
LL4158V,Climate Change Law,Law,0.4289336,0.64821625,0.6440104
LL4158,Climate Change Law,Law,0.4289336,0.64821625,0.6440104
BN2112,Molecular Cell Biology for Biomedical Engineers,College of Design and Engineering,0.44052276,0.6527098,0.6439984
LAD1002,Design 2,College of Design and Engineering,0.42382306,0.6831105,0.6439956
TIE2030,Programming Methodology with Python,Cont and Lifelong Education,0.4559662,0.6549366,0.6439896
CP4106,Computing Project,Computing,0.490837,0.67009836,0.64396393
CDE2001,Innovation and Design for Communities,College of Design and Engineering,0.45701158,0.6616905,0.6439171
RB2201,Sensors and Actuators for Robots,College of Design and Engineering,0.4132019,0.6589539,0.6439142
LL4246,International Carriage of Passengers by Sea,Law,0.4730571,0.67741555,0.6439134
MLE4212,Advanced Structural Materials,College of Design and Engineering,0.47332975,0.6706412,0.64391047
QF2104,Fundamentals of Quantitative Finance,Science,0.44129407,0.6519537,0.6439063
SW3220,Introduction to Social Policy,Arts and Social Science,0.45553672,0.6753293,0.6438845
LC2003,Legal Case Studies,Law,0.48273352,0.6485485,0.6438538
FIN3120,Topics in Finance (TIF),NUS Business School,0.45267743,0.65523654,0.6438464
MLE4207,Microfabrication Process and Technology,College of Design and Engineering,0.40268955,0.6507015,0.64382195
UTC1409,Jr Sem: The Pursuit of Happiness,Residential College,0.5030136,0.64738137,0.64376915
TBA3241,Social Media Analytics,Cont and Lifelong Education,0.4356377,0.7084106,0.6437685
TCN3124,Particle Technology,Cont and Lifelong Education,0.45988443,0.64859986,0.64375293
PR4198,Pharmacy Internship II,Science,0.4817927,0.6611295,0.6437386
EE3030B,Living Lab in the Communities,College of Design and Engineering,0.50284237,0.64552116,0.6436672
MNO2705B,Leadership and Decision Making under Uncertainty,NUS Business School,0.48236862,0.6436633,0.6436632
MNO2705A,Leadership and Decision Making under Uncertainty,NUS Business School,0.48236862,0.6436633,0.6436632
MNO2705C,Leadership and Decision Making under Uncertainty,NUS Business School,0.48236862,0.64366317,0.64366317
LAD1005,Design 2,College of Design and Engineering,0.4227071,0.6828471,0.64365494
FIN3139,Independent Study in Finance,NUS Business School,0.44967663,0.66181993,0.6436497
IS2109,AI and Machine Learning Techniques I,Computing,0.4316477,0.6957186,0.64363396
CN4227R,Advanced Process Control,College of Design and Engineering,0.44484,0.6472944,0.6436265
CDE2606A,Independent Work,College of Design and Engineering,0.49551517,0.6556971,0.6436256
GEK1053,"Chinese Music, Language and Literature (in English)",Arts and Social Science,0.4368221,0.6449113,0.6436179
GEH1006,"Chinese Music, Language and Literature (in English)",Arts and Social Science,0.4368221,0.6449113,0.6436179
GEC1001,"Chinese Music, Language and Literature (in English)",Arts and Social Science,0.4368221,0.6449113,0.6436179
IS1128,"IT, Management and Organisation",Computing,0.49014068,0.666099,0.6436022
LSM4351,Vegetation and Plant Diversity of Southeast Asia,Science,0.46790844,0.6536307,0.64358354
HY2233,International History of Singapore,Arts and Social Science,0.4690855,0.66691566,0.6435775
CS3268,Responsible AI: from Algorithms to Impact,Computing,0.4384017,0.64758503,0.6435714
UTC2420B,Sustainability in Southeast Asia: Study Trip to Thailand,Residential College,0.4698666,0.68039125,0.6435654
RE1702,Real Estate Data Analytics,NUS Business School,0.44541708,0.71545017,0.6435173
MNO3328,Business Leadership Case Analysis,NUS Business School,0.47512344,0.65560716,0.6435114
SSA2205,Singapore and Japan: Historical and Contemporary Relationships,Arts and Social Science,0.46028388,0.68705326,0.6434846
GES1015,Singapore and Japan: Historical and Contemporary Relationships,Arts and Social Science,0.46028388,0.68705326,0.6434846
GESS1013,Singapore and Japan: Historical and Contemporary Relationships,Arts and Social Science,0.46028388,0.68705326,0.6434846
YLC3205,Advanced Readings in Chinese: Cinematic and Literary Texts,Yale-NUS College,0.45125058,0.6617565,0.6434792
UTC2107,Senior Seminar: Negotiating in a Complex World,Residential College,0.5153464,0.6574159,0.64341396
GEM2907X,Senior Seminar: Negotiating in a Complex World,Residential College,0.5153464,0.65741587,0.64341396
YSC3236,Functional Programming and Proving,Yale-NUS College,0.47826076,0.6640812,0.64334905
LL4088V,Chinese Contract Law,Law,0.48114297,0.6525055,0.64333695
CS4249,Phenomena and Theories of Human-Computer Interaction,Computing,0.46067283,0.65814793,0.6433362
YSC3266,Computing and Data Analysis for Biologists using R,Yale-NUS College,0.43768498,0.65797794,0.6433219
QF4205,Time Series Analysis for Quantitative Finance,Science,0.443872,0.6504705,0.6433203
CN4247R,Enzyme Technology,College of Design and Engineering,0.44433856,0.6690234,0.64329135
PE3551S,FASS Undergraduate Research Opportunity (UROP),Arts and Social Science,0.4812546,0.6604238,0.6432716
NUR2503,Global and Community Health,Yong Loo Lin Sch of Medicine,0.47086087,0.6432686,0.6432686
RVN2003,Understanding Disability and Fostering Inclusivity,Residential College,0.46080783,0.65919065,0.64322793
MNO4761A,SILHCM: Compensation and Performance Management,NUS Business School,0.51309574,0.6702322,0.64322424
MNO4313C,SILHCM: Compensation and Performance Management,NUS Business School,0.51309574,0.6702322,0.64322424
DBA4711,Applied Analytics,NUS Business School,0.4742661,0.65172577,0.64320767
MS2217,Singapore’s Malay Built Heritage: Legacies of Diversity,Arts and Social Science,0.4667726,0.65345836,0.6431827
CE3141,Water & Wastewater Engineering,College of Design and Engineering,0.44805327,0.6651,0.64318144
PF4502,Green Development,College of Design and Engineering,0.4649973,0.6799481,0.64316857
ACC3702,Corporate and Securities Law,NUS Business School,0.47229147,0.65383095,0.6431297
LSM3274,Eco-Biodiversity Field Techniques in Taiwan & Singapore,Science,0.46852893,0.66748774,0.64312804
IS4240,Business Intelligence Systems,Computing,0.4479798,0.6567941,0.64310944
ID3108,Design Platforms F,College of Design and Engineering,0.47581786,0.65061134,0.64303553
GES1021,Natural Heritage of Singapore,Science,0.46653906,0.67062384,0.6430274
GESS1016,Natural Heritage of Singapore,Science,0.46653903,0.67062384,0.6430274
SSS1207,Natural Heritage of Singapore,Science,0.46653906,0.67062384,0.6430274
EE1003,Introduction to Signals and Communications,College of Design and Engineering,0.4550763,0.7518123,0.6430186
RE2706,Real Estate and Infrastructure Finance,NUS Business School,0.45326796,0.66558725,0.6430119
LSM2191,Laboratory Techniques in Life Sciences,Science,0.41088012,0.672176,0.6429992
MKT3422B,TIM: Marketing in Developing & Emerging Economies,NUS Business School,0.47827098,0.6467936,0.6429716
MKT3761B,TIM: Marketing in Developing & Emerging Economies,NUS Business School,0.47827098,0.6467936,0.6429716
ID2108,Design Platforms B,College of Design and Engineering,0.4780885,0.6450391,0.6429707
IE4248,Energy and Green Economy,College of Design and Engineering,0.46638373,0.662488,0.64296794
HSI2006,Decoding Home and Personal Care Products,Science,0.4854081,0.6502384,0.64296216
LSM4299,Applied Project in Life Sciences,Science,0.4828445,0.6660974,0.6429173
EE3505C,Electrical Energy Systems,College of Design and Engineering,0.45340317,0.64908445,0.64288586
ST4245,Statistical Methods for Finance,Science,0.45353714,0.6579548,0.6428712
CP1008,Learning with Generative AI Tools,Computing,0.41827273,0.66439354,0.64285624
EE1001X,Emerging Technologies in Electrical Engineering,College of Design and Engineering,0.4584435,0.6579979,0.64278257
CS3283,Media Technology Project I,Computing,0.45549107,0.65857875,0.64277726
TEE2023,Signals and Systems,Cont and Lifelong Education,0.4475142,0.6611154,0.6427467
EE2023E,Signals and Systems,Cont and Lifelong Education,0.4475142,0.6611154,0.6427467
EE2023,Signals and Systems,College of Design and Engineering,0.4475142,0.6611154,0.6427467
PHS2191,Laboratory Techniques in Pharmaceutical Science I,Science,0.4253358,0.6519416,0.6427248
HS2919,Blood and Womb: Culture and the Body in Malay Society,Arts and Social Science,0.4759833,0.6552054,0.6426791
PF3207,Project Management Law,College of Design and Engineering,0.47095752,0.644586,0.6426657
ACC4761,Seminars in Accounting,NUS Business School,0.48138785,0.651014,0.6426624
ID2110,Design Platforms D,College of Design and Engineering,0.4717694,0.6530217,0.642645
NHS4003,Life after Graduation: The Art of a Well-designed Life,NUS College,0.47804353,0.674222,0.6426225
NM4253,"Communications, Culture, and Environment",Arts and Social Science,0.4732246,0.65056145,0.64260864
NM4253HM,"Communications, Culture, and Environment",Arts and Social Science,0.4732246,0.65056145,0.64260864
SP2401,Science & Technology Industry Insights I,Science,0.4964049,0.6497182,0.64260435
CN4218,Particle Technology Fundamentals and Applications,College of Design and Engineering,0.46279296,0.65369713,0.6425873
GES1002,Global EC Dimensions of Singapore,Arts and Social Science,0.4889657,0.6424914,0.6424914
GESS1000,Global EC Dimensions of Singapore,Arts and Social Science,0.4889657,0.6424914,0.6424914
GESS1000T,Global EC Dimensions of Singapore,Cont and Lifelong Education,0.4889657,0.6424914,0.6424914
LSM3247,Practical Synthetic Biology,Yong Loo Lin Sch of Medicine,0.43039292,0.6684663,0.64243877
CS3235,Computer Security,Computing,0.4397266,0.64744586,0.6424213
IPM4101,Dissertation,College of Design and Engineering,0.47625434,0.6530086,0.64237976
PF4101,Dissertation,College of Design and Engineering,0.47625434,0.6530086,0.64237976
IPM4101T,Dissertation,College of Design and Engineering,0.47625434,0.6530086,0.64237976
DSA4288S,Honours Project in DSA (Statistical Methodology),Science,0.47344798,0.66852546,0.64237666
BT4012,Fraud Analytics,Computing,0.45507362,0.648577,0.6423748
LL4027,International & Comparative Law Of Sale,Law,0.48983148,0.6534167,0.6422981
RE3704,Real Estate Marketing,NUS Business School,0.47309956,0.65784657,0.6422734
RE4802,Topics in Real Estate (Summer Programme),NUS Business School,0.4858874,0.65929323,0.6422434
CL3214,Aspects of Chinese Linguistics,Arts and Social Science,0.4377774,0.65626967,0.64223355
MNO4313H,SILHCM: Job Attitudes,NUS Business School,0.5164283,0.6453852,0.6422039
MNO4761B,SILHCM: Job Attitudes,NUS Business School,0.5164283,0.6453852,0.6422039
MD1903,Professional Practice 2: Basic Skills in Health Professionalism,Yong Loo Lin Sch of Medicine,0.48568422,0.6512796,0.64216465
MD1903C,Professional Practice 2: Basic Skills in Health Professionalism,Yong Loo Lin Sch of Medicine,0.48568422,0.6512796,0.64216465
RB2203,Robot Control,College of Design and Engineering,0.4235102,0.68430126,0.6421644
EL3209,"Language, Culture, and Mind",Arts and Social Science,0.45734888,0.65052354,0.6421604
AR4002,Advanced Architectural Study 2,College of Design and Engineering,0.43030208,0.6602712,0.6421444
TCE4104,BTech Dissertation,Cont and Lifelong Education,0.4647994,0.65723574,0.6421172
NHT2210,Dancing Communities,NUS College,0.45769948,0.6665357,0.6420668
MUA1162,Juried Performance Presentation,YST Conservatory of Music,0.46358928,0.6581247,0.6419754
MUA4443,Collaborative Piano - Chamber Music 5,YST Conservatory of Music,0.45782316,0.67626,0.64196587
IE4252,Human Factors Engineering: Cases and Tools,College of Design and Engineering,0.4953037,0.66748095,0.6419358
TC2411,Mathematics for Chemical Engineers 2,Cont and Lifelong Education,0.44458166,0.6447322,0.64183915
RVSS1003,Communicating the Value of Singapore’s Natural Heritage,Residential College,0.4696924,0.6581769,0.64178276
ACC4162E,Seminars in Accounting: Risk Management Technology,NUS Business School,0.46692145,0.70007455,0.6417495
ACC4761D,Seminars in Accounting: Risk Management Technology,NUS Business School,0.46692145,0.70007455,0.6417495
CM4271,Medicinal Chemistry,Science,0.45073378,0.6483335,0.64152217
BN4202A,Computational Biofluid Dynamics,College of Design and Engineering,0.45454305,0.6546078,0.6415134
IPM1103I,Digitalisation in the Built Environment,College of Design and Engineering,0.46086353,0.6514408,0.6415039
TIE4101,B.Tech. Dissertation,Cont and Lifelong Education,0.4611157,0.650764,0.6414819
LL4542V,Law of Sustainable Finance,Law,0.453151,0.6792417,0.6414733
LL4542,Law of Sustainable Finance,Law,0.453151,0.6792417,0.6414733
MNO4315,Global Management of Asian Multinationals,NUS Business School,0.50236285,0.6463262,0.64145786
CDE2605R,Undergraduate Research Experience (UREx),College of Design and Engineering,0.46737278,0.650708,0.6414557
CM4269,Sustainable & Green Chemistry,Science,0.44414705,0.647509,0.6414176
YSS3258,Early Stage Private Equity Investing,Yale-NUS College,0.48113358,0.66241467,0.6413964
NHT2208,The Power of Storytelling through Photography,NUS College,0.44454044,0.64433736,0.64139223
TR3011,Planning-Developing A Venture,Non-Faculty-based Departments,0.49137083,0.643211,0.6413706
LL4479,Challenges of Emerging Technologies to Financial Regulation.,Law,0.46188074,0.6663226,0.6413
LAJ2203,Japanese 4,Arts and Social Science,0.44263226,0.675786,0.6412991
CDE2503,Cities in Nature,College of Design and Engineering,0.4739095,0.6709697,0.6412864
NHS2004,The Politics of Language and Literacy in Singapore,NUS College,0.45777494,0.66521645,0.6412118
SPH3401,Designing Public Health Programmes,SSH School of Public Health,0.4680444,0.6746829,0.641147
RVC2000E,Culture and Sustainability in Southeast Asia (EM),Residential College,0.4852342,0.67361474,0.64112705
SW4214,Comparative Social Service Systems in SEA,Arts and Social Science,0.4944353,0.65468705,0.6410804
TCE4258,Structural Stability & Dynamics,Cont and Lifelong Education,0.42364055,0.64101684,0.64101684
LL4007,Biotechnology Law,Law,0.4803814,0.6561781,0.64100295
LL4007V,Biotechnology Law,Law,0.4803814,0.6561781,0.64100295
EE4213,Image and Video Processing,College of Design and Engineering,0.4769266,0.66785866,0.6409953
MLE4204,Synthesis And Growth Of Nanostructures,College of Design and Engineering,0.40265337,0.6732718,0.6409518
MUA3243,Collaborative Piano - Chamber Music,YST Conservatory of Music,0.450799,0.6830411,0.640936
RVN2002,Wild Asia: Conservation Matters,Residential College,0.46351302,0.6791188,0.6409183
YSS3236,Foreign Policy and Diplomacy: Issues and Practice,Yale-NUS College,0.4734646,0.6490074,0.6409149
SW4401,Honours Thesis,Arts and Social Science,0.44513294,0.65924054,0.6408998
MKT3711,Services Marketing,NUS Business School,0.49495324,0.64087665,0.64087665
MUA1111,Piano Ensemble 1A,YST Conservatory of Music,0.4313873,0.67267406,0.6408464
CL3213,Chinese Semantics,Arts and Social Science,0.43285653,0.65740216,0.6408416
DBA3752,Independent Study in Business Analytics,NUS Business School,0.44962487,0.6597185,0.6408392
DBA3751,Independent Study in Business Analytics,NUS Business School,0.44962487,0.6597185,0.6408392
MUA3226,Collaboratory,YST Conservatory of Music,0.47866923,0.66318226,0.6408226
LAC3203,Chinese for Science and Technology,Arts and Social Science,0.44169775,0.65644026,0.64079034
ID2114,The Appreciation of Wood Craft,College of Design and Engineering,0.4935125,0.6499209,0.64078176
CDE2501,Sustainable Systems for Liveable Cities,College of Design and Engineering,0.46865866,0.663895,0.6407609
SE2660,Independent Study,Arts and Social Science,0.46655568,0.65503174,0.64075994
MUA3301,Preparing for International Competition,YST Conservatory of Music,0.4882112,0.65688527,0.6407483
DBA3761,Topics in Business Analytics,NUS Business School,0.4377613,0.6531264,0.6407424
TRA2101,Basic Translation,Arts and Social Science,0.47214374,0.6644849,0.6406995
EU4217HM,Comparative Business Cultures,Arts and Social Science,0.51742727,0.6415422,0.64067477
ZB3101,Genomic Data Analysis,Science,0.44392404,0.6438616,0.6406734
IE3250,Human Factors Engineering,College of Design and Engineering,0.46641284,0.65075797,0.64066905
PS4332HM,Researching Singapore Politics,Arts and Social Science,0.45871356,0.66894233,0.6406271
PS4332,Researching Singapore Politics,Arts and Social Science,0.45871356,0.66894233,0.6406271
MUA1112,Piano Ensemble 1B,YST Conservatory of Music,0.43655273,0.6760793,0.6406253
SE3660,Independent Study,Arts and Social Science,0.46803093,0.6474942,0.6406112
YLC1201,Beginning Chinese 1,Yale-NUS College,0.4241249,0.659667,0.64060915
SP2718B,Introduction To Cellular Agriculture,Science,0.40634814,0.6583673,0.6406005
YSC2248,Analytical Chemistry with Laboratory,Yale-NUS College,0.41605738,0.7023829,0.6405813
PF4213,Building Energy Analysis and Simulation,College of Design and Engineering,0.43451044,0.6624313,0.6405719
NUR1125,"Pathophysiology, Pharmacology and Nursing Practice I",Yong Loo Lin Sch of Medicine,0.45720962,0.6487599,0.64056396
CE4221,Design of Land Transport Infrastructures,College of Design and Engineering,0.45896682,0.6583824,0.6405514
TCE4221,Design of Land Transport Infrastructures,Cont and Lifelong Education,0.45896682,0.6583824,0.6405514
SE4201HM,Southeast Asian Languages as Research Tools,Arts and Social Science,0.43437314,0.658003,0.6405139
SE4201,Southeast Asian Languages as Research Tools,Arts and Social Science,0.43437314,0.658003,0.6405139
MUA4243,Collaborative Piano - Chamber Music,YST Conservatory of Music,0.45084256,0.6797039,0.640499
SE4401,Honours Thesis,Arts and Social Science,0.49162206,0.6512839,0.6404797
LL4094D,The Prof Bono Criminal Law Litigation Clinic,Law,0.48938006,0.6445197,0.64042693
MKT3439,Independent Study in Marketing,NUS Business School,0.46733314,0.64038134,0.64038134
IE4101E,B.Tech. Dissertation,Cont and Lifelong Education,0.46159735,0.6503317,0.64035934
SW3224,CTRL+SHIFT+FUTURE: Social Work and Technology,Arts and Social Science,0.500422,0.6476453,0.6403544
FST3202,Nutrition and Disease Prevention,Science,0.446358,0.6444461,0.64031327
UTC2813,"Nurturing AI-Trained Youths through Confidence, Opportunities, Person-Centric Design & Empowerment",Residential College,0.4629977,0.64214194,0.64026487
EG2605,Undergraduate Research Opportunities Programme,College of Design and Engineering,0.46377492,0.6600659,0.6402608
UTS2710,Society and Economy in Singapore: A Systems View,Residential College,0.4910355,0.64753103,0.6402575
UTC2719,Society and Economy in Singapore: A Systems View,Residential College,0.4910355,0.64753103,0.6402575
PR4197A,Pharmacy Internship I,Science,0.4749343,0.65036076,0.64023405
TEE2028,Microcontroller Programming and Interfacing,Cont and Lifelong Education,0.43397564,0.6628929,0.64021194
TS2244,"Theatre, Big Data and Artificial Intelligence",Arts and Social Science,0.43419114,0.6563069,0.64020884
SC3206,Urban Sociology,Arts and Social Science,0.49808127,0.6486258,0.64019173
TIC4301,Information Security Practicum I,Cont and Lifelong Education,0.46012083,0.64669466,0.64018166
TCN3121,Process Dynamics & Control,Cont and Lifelong Education,0.4421982,0.6411061,0.6401778
RB1101,Fundamentals of Robotics I,College of Design and Engineering,0.42020857,0.6666891,0.6401725
LL4490V,Advanced Trusts and Wealth Management Law,Law,0.4627298,0.65078986,0.64016783
LL4490,Advanced Trusts and Wealth Management Law,Law,0.4627298,0.65078986,0.64016783
CE3101,Integrated Infrastructure Project,College of Design and Engineering,0.43788162,0.65462023,0.6401526
CDE2605,Undergraduate Research Opportunities Programme,College of Design and Engineering,0.46372026,0.6598527,0.64010394
DSA3289,Advanced UROPS in Data Science and Analytics II,Science,0.4728576,0.6468226,0.6400817
FIN3129,Independent Study in Finance,NUS Business School,0.45896602,0.6499526,0.6400761
FIN3751,Independent Study in Finance,NUS Business School,0.45896602,0.6499526,0.6400761
LL4150V,International Investment Law and Arbitration,Law,0.44683835,0.65431696,0.6400735
LL4150,International Investment Law and Arbitration,Law,0.44683835,0.65431696,0.6400735
EE4204,Computer Networks,College of Design and Engineering,0.44311395,0.6623136,0.640062
TSC4101,B. Tech Dissertation,Cont and Lifelong Education,0.47722635,0.65412736,0.64004904
MKT1705C,Principles of Marketing,NUS Business School,0.4829142,0.6400084,0.6400084
MKT1705X,Principles of Marketing,NUS Business School,0.4829142,0.6400084,0.6400084
MKT1705F,Principles of Marketing,NUS Business School,0.4829142,0.6400084,0.6400084
MKT1705A,Principles of Marketing,NUS Business School,0.4829142,0.6400084,0.6400084
MKT1705,Principles of Marketing,NUS Business School,0.4829142,0.6400084,0.6400084
MKT1705D,Principles of Marketing,NUS Business School,0.4829142,0.6400084,0.6400084
MKT1705B,Principles of Marketing,NUS Business School,0.4829142,0.6400084,0.6400084
MKT1705E,Principles of Marketing,NUS Business School,0.4829142,0.6400084,0.6400084
EC4325HM,The Economics of Digital Platforms,Arts and Social Science,0.47200048,0.6465038,0.63987505
EC4325,The Economics of Digital Platforms,Arts and Social Science,0.47200048,0.6465038,0.63987505
YHU3292,Life Drawing,Yale-NUS College,0.4589907,0.673544,0.63981014
UTC3103A,The Tembusu Senior Learning Experience Project,Residential College,0.48803473,0.66408646,0.6398021
UTC3103,The Tembusu Senior Learning Experience Project,Residential College,0.48803473,0.66408646,0.6398021
MUA3224,Intermediate Keyboard Studies,YST Conservatory of Music,0.3978903,0.68877864,0.63979524
LSM4263,Field Studies in Biodiversity,Science,0.4483658,0.6836095,0.63978374
NUR3116B,Transition to Professional Practice Experience,Yong Loo Lin Sch of Medicine,0.46528855,0.6518437,0.6397802
DSA1101,Introduction to Data Science,Science,0.46115196,0.68612796,0.6397071
LL4178,Law and Practice of Investment Treaties,Law,0.4515326,0.64362776,0.63965845
LL4178V,Law and Practice of Investment Treaties,Law,0.4515326,0.64362776,0.63965845
ME2104,Engineering Principles and Practice II,College of Design and Engineering,0.44870955,0.66025513,0.63964564
RE4806,Real Estate Finance Seminar,NUS Business School,0.44931832,0.6495074,0.6395937
YSS3268,Anthropology of China,Yale-NUS College,0.46052802,0.6439003,0.6395799
MKT4761,Seminars in Marketing,NUS Business School,0.47041002,0.6472266,0.6395165
QF1100,Introduction to Quantitative Finance,Science,0.42671937,0.65318805,0.6394919
CE2112T,Basis of Structural Analysis and Saturated Geomechanics,College of Design and Engineering,0.4360439,0.6650977,0.6394743
CP3208,Undergraduate Research in Computing I,Computing,0.45687535,0.6490576,0.63945
IPM2105,Structural Systems,College of Design and Engineering,0.42743164,0.6547694,0.63942546
NHS3802,Insights through Industry Analysis,NUS College,0.5000682,0.64496666,0.63940907
NHS3007,Insights through Industry Analysis,NUS College,0.5000682,0.64496666,0.63940907
UTC1102E,Junior Seminar: Social Innovation,Residential College,0.47216207,0.65939295,0.6393262
NST2023,Nanoscale Science And Technology,NUS College,0.43781778,0.6647665,0.6392047
PC4228,Device Physics for Quantum Technology,Science,0.43147603,0.6688894,0.63919556
NM2220,Introduction to Media Writing,Arts and Social Science,0.48574215,0.6437383,0.6391722
PR1150,Professional Identity and Skills Development I,Science,0.47568792,0.6516712,0.63914824
CM3288,Advanced UROPS in Chemistry I,Science,0.45175475,0.64837503,0.6391298
SW4231,Risk Assessment and Protection of Vulnerable Clients,Arts and Social Science,0.46694127,0.6502877,0.63898665
UIS3953R,Independent Project,Computing,0.49258476,0.6502066,0.63897383
TME3233,Unsteady Flow in Fluid Systems,Cont and Lifelong Education,0.44916022,0.64931554,0.6389688
ME3233E,Unsteady Flow in Fluid Systems,Cont and Lifelong Education,0.44916022,0.64931554,0.6389688
LC3003A,Ethics Refresher Seminar I,Law,0.4669244,0.6431367,0.6389501
MKT4413,Pricing Strategy,NUS Business School,0.4678154,0.647603,0.6389315
MKT4811A,Pricing Strategy,NUS Business School,0.4678154,0.647603,0.6389315
MKT4811B,Pricing Strategy,NUS Business School,0.4678154,0.647603,0.6389315
MKT4811,Pricing Strategy,NUS Business School,0.4678154,0.647603,0.6389315
MUT3225,Teaching Music Online 2,YST Conservatory of Music,0.42249984,0.65211195,0.6388906
SW2105,Values & Skills for Helping Relationships,Arts and Social Science,0.46693888,0.65375966,0.6388894
FIN4714,Valuation and Mergers & Acquisition,NUS Business School,0.4709631,0.6495547,0.6388719
FIN3722,Sustainability Risk Management,NUS Business School,0.4628206,0.64541405,0.63882583
CS3242,3D Modeling and Animation,Computing,0.4486754,0.6483488,0.6387477
EE2028,Microcontroller Programming and Interfacing,College of Design and Engineering,0.41558436,0.6747312,0.6387293
CN4118N,Capstone Research Project,College of Design and Engineering,0.50049305,0.64451855,0.6387115
TCE4257,Linear Finite Element Analysis,Cont and Lifelong Education,0.4444578,0.6513388,0.63869727
IS3251,Principles of Technology Entrepreneurship,Computing,0.4794609,0.63869023,0.63869023
ID2109,Design Platforms C,College of Design and Engineering,0.47925323,0.6408773,0.6386822
YHU2286,Daily Themes,Yale-NUS College,0.45729506,0.6518276,0.6386342
PR1151,Applied Patient Care Skills I,Science,0.4652423,0.65039146,0.63863295
FIN4116,Valuation and Mergers & Acquisitions,NUS Business School,0.47145918,0.6473254,0.6385821
MD4140,Acute and Specialty Clinical Practice,Yong Loo Lin Sch of Medicine,0.48036805,0.6511798,0.63855904
LL4557V,Indonesian Business Law: Theory and Practice,Law,0.47110388,0.6456505,0.6385201
LL4557,Indonesian Business Law: Theory and Practice,Law,0.47110388,0.6456505,0.6385201
CM4288,Research Project in Chemistry,Science,0.44879448,0.67381144,0.63848245
CM3289MR,Advanced UROPS in Medicinal Chemistry II (REx),Science,0.47011182,0.6603167,0.6384783
CG2023,Signals and Systems,Multi Disciplinary Programme,0.46403015,0.65512854,0.6384719
BMI3101,Evidence Based Medicine,Yong Loo Lin Sch of Medicine,0.4595906,0.6468101,0.6384708
EE3104E,Intro to RF and Microwave Sys & Circuits,Cont and Lifelong Education,0.42058447,0.6811513,0.6384309
TEE3104,Intro to RF and Microwave Sys & Circuits,Cont and Lifelong Education,0.42058447,0.6811513,0.6384309
CH3271,Contemporary Chinese Society and Culture,Arts and Social Science,0.46380886,0.64185727,0.6383541
CFG1003,Introduction to Financial Wellbeing,Non-Faculty-based Departments,0.47750026,0.6453791,0.63833725
YSC4103,"Maths, Computational & Statistical Sci Capstone Project",Yale-NUS College,0.47220147,0.6468043,0.6383284
CE4257A,Finite Element Concepts & Applications,College of Design and Engineering,0.44133598,0.6619889,0.6382877
JS4209HM,Selected Topics in Japanese Linguistics,Arts and Social Science,0.4456467,0.6718719,0.638274
JS4209,Selected Topics in Japanese Linguistics,Arts and Social Science,0.4456467,0.6718719,0.638274
YSS4238,Micro-Finance and Sustainable Development in Asia,Yale-NUS College,0.46816093,0.6601879,0.6382656
UTW1001Q,"English, Singlish and intercultural communication",Non-Faculty-based Departments,0.47871223,0.65343416,0.638264
HS2904,Driving Towards the Future: Battery Electric Vehicles,Science,0.45779806,0.6572413,0.63825214
ENV4101,Environmental Management in Singapore,Science,0.4888865,0.6515014,0.63824046
LL4397,University Research Opportunities Program,Law,0.48857,0.64743376,0.63823456
LL4399,University Research Opportunities Program,Law,0.48857,0.64743376,0.63823456
LL4396,University Research Opportunities Program,Law,0.48857,0.64743376,0.63823456
LL4398,University Research Opportunities Program,Law,0.48857,0.64743376,0.63823456
NHS2075,Life at the Bottom,NUS College,0.48916575,0.64127547,0.63823235
CDE2000,Creating Narratives,College of Design and Engineering,0.4488787,0.65544456,0.6382164
BSP1702,Legal Environment of Business,NUS Business School,0.48923743,0.64093447,0.6382067
BSP1702X,Legal Environment of Business,NUS Business School,0.48923743,0.64093447,0.6382067
EG2604,Innovation Programme,College of Design and Engineering,0.47611007,0.6773019,0.638165
CL2102,Chinese Phonetics,Arts and Social Science,0.43935224,0.6509774,0.6381516
ES1103,English for Academic Purposes,Non-Faculty-based Departments,0.47268018,0.6571534,0.63815033
LA4212,Topics in Tropical Forest Ecology,College of Design and Engineering,0.46649033,0.6398381,0.63813525
GEK1509,The Emerging Nanoworld,Science,0.45356694,0.6650706,0.6381352
GEH1028,The Emerging Nanoworld,Science,0.45356694,0.6650706,0.6381352
PC3289NR,Advanced UROPS in Nanophysics II (REx),Science,0.48187116,0.6433166,0.6381177
TIC3901,Industrial Practice,Cont and Lifelong Education,0.48946977,0.6405152,0.63808906
NUR4108,Honours Coursework,Yong Loo Lin Sch of Medicine,0.4370147,0.65995157,0.6380879
MKT3422C,TIM: Social Impact Marketing,NUS Business School,0.4597528,0.6470797,0.6380815
MKT3761C,TIM: Social Impact Marketing,NUS Business School,0.4597528,0.6470797,0.6380815
LC1006,"Legal Analysis, Writing And Research I",Law,0.46903154,0.6877975,0.63807124
SSA2219,South Asia in Singapore,Arts and Social Science,0.4661045,0.65883595,0.6380688
GES1007,South Asia in Singapore,Arts and Social Science,0.4661045,0.65883595,0.6380688
GESS1005,South Asia in Singapore,Arts and Social Science,0.4661045,0.65883595,0.6380688
CP2201,Journey of the Innovator,Computing,0.48395076,0.65855086,0.63806266
DSA3362,Predictive Data Analytics,Science,0.4274073,0.6591811,0.638024
SW4202,Special Areas of Social Work Practice,Arts and Social Science,0.4405675,0.644702,0.6380188
SW4202HM,Special Areas of Social Work Practice,Arts and Social Science,0.4405675,0.644702,0.6380188
IPM4201,Smart Facility Management Robotics,College of Design and Engineering,0.45213136,0.6726333,0.637998
GESS1025,Singapore: Imagining the Next 50 Years,Arts and Social Science,0.4717306,0.6463026,0.637988
GES1035,Singapore: Imagining the Next 50 Years,Arts and Social Science,0.4717306,0.6463026,0.637988
RVN1000,Engaging Communities in Sustainability,Residential College,0.4579344,0.67864513,0.63795674
RVN2000,Engaging Communities in Sustainability,Residential College,0.4579344,0.67864513,0.63795674
CH4246,Chinese Local History,Arts and Social Science,0.47467655,0.66563153,0.6379356
GE4230HM,Greater China,Arts and Social Science,0.4906503,0.6886455,0.6379255
ID1300,Introduction to Prototyping,College of Design and Engineering,0.4568372,0.64916253,0.6378475
EL4206HM,Language Acquisition & Language Development,Arts and Social Science,0.4225575,0.6455043,0.63783735
EL4206,Language Acquisition & Language Development,Arts and Social Science,0.4225575,0.6455043,0.63783735
YHU2222,Digital Narratives,Yale-NUS College,0.41502106,0.6457171,0.6378349
MUA2162,Continuing Studies on Principal Instrument,YST Conservatory of Music,0.45364156,0.65695554,0.6378216
PR1301,Complementary Medicine and Health,Science,0.44114268,0.6610379,0.6377905
ACC3705,Valuation,NUS Business School,0.47802538,0.6494599,0.6377298
ACC4703,Valuation,NUS Business School,0.47802538,0.6494599,0.63772976
NUR3119,Palliative and End-of-Life Care,Yong Loo Lin Sch of Medicine,0.4413277,0.6737214,0.6377286
MUA1167,The Profession of Music 2,YST Conservatory of Music,0.47740003,0.6634065,0.63771933
MUL2110,German for Musicians 2,YST Conservatory of Music,0.45494196,0.69642,0.63771236
LL4009,Modern Chinese Law & Legal Chinese,Law,0.44902605,0.6376945,0.6376945
LL4009V,Modern Chinese Law & Legal Chinese,Law,0.44902605,0.6376945,0.6376945
MUA4543,Collaborative Piano - Chamber Music 6,YST Conservatory of Music,0.45623916,0.6755047,0.63769025
RVN2001,The Great Extinction: wildlife matters,Residential College,0.46498933,0.6693784,0.6376877
ENV3102,Field Course in Environmental Studies,Science,0.46707702,0.6743032,0.6376526
PF2107,Construction Technology,College of Design and Engineering,0.46299902,0.65044135,0.63756204
EC4501,Economics and Computation,Arts and Social Science,0.48054078,0.65082604,0.6375563
EC4501HM,Economics and Computation,Arts and Social Science,0.48054078,0.65082604,0.6375563
PHS3289,UROPS in Pharmaceutical Science II,Science,0.4655338,0.6555631,0.63755304
EE2012A,Analytical Methods in Electrical and Computer Engineering,College of Design and Engineering,0.43702918,0.6635899,0.63753957
ES2631,Critique and Communication of Thinking and Design,Non-Faculty-based Departments,0.46174994,0.64247644,0.6375224
SP2718G,What Scientists Do: Insights From A Cell Biologist,Yong Loo Lin Sch of Medicine,0.45066312,0.6473061,0.6375163
CG1112,Engineering Principles and Practice II,Multi Disciplinary Programme,0.47227615,0.6410808,0.63751036
CG2111A,Engineering Principles and Practice II,Multi Disciplinary Programme,0.47227615,0.6410808,0.63751036
LL4060,World Trade Law,Law,0.4723735,0.6952114,0.6375063
LL4060V,World Trade Law,Law,0.4723735,0.6952114,0.6375063
GES1038,La Kopi: Forging of the Chinese Singaporean Community,Arts and Social Science,0.47345337,0.6466753,0.63750374
GESS1027,La Kopi: Forging of the Chinese Singaporean Community,Arts and Social Science,0.4734534,0.6466754,0.63750374
MNO3717,Business Innovation & Cross-Cultural Communication,NUS Business School,0.49458763,0.6488359,0.6375005
TIE4229,Selected Topics in Logistics,Cont and Lifelong Education,0.47114348,0.6413101,0.6374766
IE4229,Selected Topics In Logistics,College of Design and Engineering,0.47114348,0.6413101,0.6374766
PHS3288,UROPS in Pharmaceutical Science I,Science,0.46304694,0.6558185,0.63747025
BN4403,Cellular Bioengineering,College of Design and Engineering,0.42878294,0.64567643,0.63740677
PS3273,Singapore Politics in Comparative Perspective,Arts and Social Science,0.46103257,0.6374055,0.6374055
EE4315,Intelligent Industrial Control Systems,College of Design and Engineering,0.42990643,0.6646334,0.637401
MUL2109,German for Musicians 1,YST Conservatory of Music,0.4526013,0.6973552,0.63737166
MUA3216,Performance and Interaction,YST Conservatory of Music,0.49339208,0.6654651,0.63735837
ME4101,Bachelor Of Engineering Dissertation,College of Design and Engineering,0.44997177,0.65375745,0.6373442
MKT4415G,SIM: Customer Analytics and Visualization,NUS Business School,0.48117068,0.6641926,0.63733685
YSC2202,Biology Laboratory,Yale-NUS College,0.42597884,0.6480231,0.63732815
PR3136,Pharmacotherapeutics IV,Science,0.44262058,0.6711703,0.6372955
DSA4261,Sense-making Case Analysis: Logistics and Transport,Science,0.4788936,0.64953613,0.63724685
MLE2102,Thermodynamics and Renewable Energy Technologies,College of Design and Engineering,0.43823954,0.65238893,0.6372326
LL4094DV,The Pro Bono Criminal Law Litigation Clinic,Law,0.4832985,0.6599187,0.6371931
TIC4304,Web Security,Cont and Lifelong Education,0.44317132,0.64933646,0.6371871
LL4099,Maritime Law,Law,0.44112682,0.66268885,0.63711673
LL4099V,Maritime Law,Law,0.44112682,0.66268885,0.63711673
EG2501,Liveable Cities,College of Design and Engineering,0.49207914,0.6530245,0.63709325
AR1722,Architectural Env. 1 - Nature and Place,College of Design and Engineering,0.483706,0.66983825,0.6370891
TRA3205,Translation and Interpreting technologies,Arts and Social Science,0.4741884,0.6518142,0.6370703
TCN2411,Mathematics for Chemical Engineers 2,Cont and Lifelong Education,0.44973487,0.63889563,0.6370662
NM2225,Communication and Culture,Arts and Social Science,0.46488857,0.64079034,0.6370634
EG4211,Energy Storage Systems for Electric Grids,College of Design and Engineering,0.43172848,0.64823157,0.63705665
TRA3202,Mass Media Translation,Arts and Social Science,0.48732117,0.63916403,0.6369843
CM3131,Applications of Physical Chemistry,Science,0.4581286,0.64296484,0.63698065
HY4216,Culture and Literature in S.E.A. History,Arts and Social Science,0.46081433,0.6635108,0.6369289
HY4216HM,Culture and Literature in S.E.A. History,Arts and Social Science,0.46081433,0.6635108,0.6369289
JS3222,Japanese Business Management,Arts and Social Science,0.49272814,0.64540255,0.63691485
ID2323,Technology for Design,College of Design and Engineering,0.4321133,0.6519911,0.63690567
IT1007,Introduction to Programming with Python and C,Computing,0.42655575,0.6997986,0.6368849
GESS1015,Western Music within a Singaporean Context,YST Conservatory of Music,0.47278097,0.6429385,0.6368736
GES1020,Western Music within a Singaporean Context,YST Conservatory of Music,0.47278097,0.6429385,0.6368736
AR1325,Arch. Tech. Ii - Enclosure Techniques,College of Design and Engineering,0.4955308,0.6564052,0.6368703
UTC1410,Jr Sem: Special Topics,Residential College,0.47212604,0.64759743,0.6368682
MUA3163,Musical Pathways,YST Conservatory of Music,0.4959965,0.64687794,0.6368441
NHS2062,"Agency, Service and Social Change in the Philippines",NUS College,0.4960038,0.6571196,0.6368105
LC2010A,Legal Systems of Asia (A),Law,0.46361065,0.6420564,0.63675106
MUL2108,French for Musicians 2,YST Conservatory of Music,0.43908745,0.6830976,0.6367437
IT2001,Network Technology and Applications,Computing,0.468665,0.6410814,0.6367091
MUA4173,Sound for Film and Television 1,YST Conservatory of Music,0.43354553,0.6712244,0.63670486
PS2240,Introduction to Public Administration,Arts and Social Science,0.48253247,0.67230713,0.63668853
YSC3228,Inorganic Chemistry with Laboratory,Yale-NUS College,0.4496119,0.6479795,0.63667965
CS3284,Media Technology Project II,Computing,0.44374534,0.6447428,0.63667333
CM3289R,Advanced UROPS in Chemistry II (REx),Science,0.46268535,0.6462713,0.6365834
PR3144,Principles of Research Methods,Science,0.45568,0.6423442,0.63657814
ID3111,Discourse in Contemporary Design and Culture,College of Design and Engineering,0.4663345,0.642743,0.63657206
CE1109,Structural Engineering Principles,College of Design and Engineering,0.4341748,0.67101574,0.63655186
CM3288MR,Advanced UROPS in Medicinal Chemistry I (REx),Science,0.47062424,0.6552169,0.6365291
MLE2103A,Materials Kinetics and Processing,College of Design and Engineering,0.41836366,0.6709124,0.6365261
IS1108,Digital and AI Ethics,Computing,0.45491996,0.64125633,0.6365155
EE2012,Analytical Methods in Electrical and Computer Engineering,College of Design and Engineering,0.44312286,0.6575373,0.63651156
GEX1017,Communication and Critical Thinking for Community Leadership,Non-Faculty-based Departments,0.47154146,0.65075123,0.63649833
MUA3222,SEAsian Regional Creative Project,YST Conservatory of Music,0.49132305,0.6453707,0.63649744
UTC2115,"Migrant Workers, Rhetoric, and Performance",Residential College,0.49605715,0.6582417,0.6364831
UTS2115,"Migrant Workers, Rhetoric, and Performance",Residential College,0.49605715,0.6582417,0.636483
IE1113,Introduction to Systems Analytics,College of Design and Engineering,0.45388448,0.6429808,0.6364589
MUA4343,Collaborative Piano - Chamber Music 4,YST Conservatory of Music,0.45344633,0.6721422,0.6364206
PL3287B,Lab in Clinical Translational Science,Arts and Social Science,0.4535605,0.6617454,0.63637275
BN1101,Engineering Principles and Practice I,College of Design and Engineering,0.44239405,0.670166,0.6363698
MS4202HM,Traditional and Colonial Society in the Malay World,Arts and Social Science,0.47078052,0.65443134,0.63634944
MS4202,Traditional and Colonial Society in the Malay World,Arts and Social Science,0.47078052,0.6544314,0.63634944
LAB2201,Bahasa Indonesia 2,Arts and Social Science,0.45755237,0.64678884,0.6363316
UTC2717,Water Governance in Asia From a Systems Worldview,Residential College,0.4870675,0.6603995,0.6363177
UTS2708,Water Governance in Asia From a Systems Worldview,Residential College,0.4870675,0.6603995,0.6363177
IS2103,Enterprise Systems Server-side Design and Development,Computing,0.48574126,0.6440066,0.63629323
TS2234,"Cultural Policy, the Arts and Society",Arts and Social Science,0.4871215,0.6405839,0.63627684
CH2243,Chinese in Southeast Asia,Arts and Social Science,0.46514788,0.64747816,0.63624215
FIN4119,Advanced Independent Study in Finance,NUS Business School,0.4765735,0.6446892,0.6362087
IS2218,Digital Platforms for Business,Computing,0.46977425,0.6442406,0.6361649
EE4304,Digital Control Systems,College of Design and Engineering,0.4406438,0.6538075,0.63615924
UTC2708,Singapore - A Smart Nation in Context : IoT & Big Data,Residential College,0.46655616,0.66377544,0.63615453
UTS2702,Singapore - A Smart Nation in Context : IoT & Big Data,Residential College,0.46655616,0.66377544,0.63615453
PF2102,Structural Systems,College of Design and Engineering,0.41974205,0.64716923,0.63611144
IPM2102,Construction Technology,College of Design and Engineering,0.46182543,0.64845586,0.63607746
YSS3336,Quantitative Methods in Global Affairs,Yale-NUS College,0.4617334,0.64421105,0.6360601
MUA3189,Live Sound Reinforcement Project,YST Conservatory of Music,0.49235138,0.66092765,0.63602763
QF3103,Advanced Mathematics in Quantitative Finance,Science,0.4249309,0.6564039,0.63593626
PL4255HM,Human Performance in Real and Virtual Environments,Arts and Social Science,0.47068936,0.6509492,0.63591903
PL4255,Human Performance in Real and Virtual Environments,Arts and Social Science,0.47068936,0.6509492,0.63591903
RB2302,Fundamentals of Artificial Neural Networks,College of Design and Engineering,0.41971892,0.64488256,0.6359007
CH4204,Selected Topics in Chinese Linguistics,Arts and Social Science,0.43274906,0.6407577,0.63584775
CH4204HM,Selected Topics in Chinese Linguistics,Arts and Social Science,0.43274906,0.6407577,0.63584775
NM3246,Mobile Storytelling for Social Impact,Arts and Social Science,0.45002076,0.6478464,0.6358194
CDE4301,Innovation & Design Capstone,College of Design and Engineering,0.45367685,0.6450736,0.6357901
GET1039,"What, When and Where is Art?",YST Conservatory of Music,0.47030854,0.65472806,0.63573563
GEX1021,"What, When and Where is Art?",YST Conservatory of Music,0.47030854,0.65472806,0.63573563
TR3204U,Entrepreneurship Practicum (Short),Non-Faculty-based Departments,0.49703652,0.6457519,0.6357261
SC3213,Visual Ethnography: Theory and Practice,Arts and Social Science,0.43423504,0.64745516,0.63571596
NUR3507,Clinical Practice Development Project,Yong Loo Lin Sch of Medicine,0.46908778,0.64498436,0.63570625
CFA1220,Intercultural Dance Praxis,YST Conservatory of Music,0.46600854,0.6679357,0.6356705
MA3269,Mathematical Finance I,Science,0.44011128,0.63850766,0.6356702
CM3241,Instrumental Analysis I,Science,0.43569544,0.655498,0.6356518
ESP4901,Research Project,College of Design and Engineering,0.46446726,0.6496637,0.63564515
RE3902,Housing Markets and Policies,NUS Business School,0.4995695,0.645797,0.635639
AR1328A,Architectural Materials and Construction,College of Design and Engineering,0.4458378,0.65526444,0.6356002
PR4153,Introduction to Pharmacoeconomics,Science,0.46567148,0.65323806,0.6355716
CFA3101A,Performing Arts in Practice (Music) 3,YST Conservatory of Music,0.47627753,0.6807333,0.63556796
ESE2401,Water Science & Technology,College of Design and Engineering,0.42995954,0.6531205,0.6355528
GE4212HM,Environmental Modelling,Arts and Social Science,0.46187618,0.6507481,0.635539
GE4212,Environmental Modelling,Arts and Social Science,0.46187618,0.6507481,0.635539
GESS1020,Singapore Society,Arts and Social Science,0.45679647,0.6494278,0.63548535
GES1028,Singapore Society,Arts and Social Science,0.45679647,0.6494278,0.63548535
GES1031,Culture and Communication in Singapore,Arts and Social Science,0.47674102,0.6420614,0.6354709
GESS1022,Culture and Communication in Singapore,Arts and Social Science,0.47674102,0.6420614,0.6354709
ID3129,"Visual Systems - Signs, Symbols, Icons",College of Design and Engineering,0.4402881,0.65129733,0.6354629
LC2006H,Equity & Trusts (H),Law,0.45551565,0.6496781,0.63545465
EL3206,Psycholinguistics,Arts and Social Science,0.4130687,0.64592695,0.63545346
CH4281HM,Translation Studies,Arts and Social Science,0.46063802,0.6515256,0.6354399
CH4281,Translation Studies,Arts and Social Science,0.46063802,0.6515256,0.6354399
MUA3159,A Pianist's Toolbox 3,YST Conservatory of Music,0.43895534,0.665649,0.63539636
NEX3009,GEx Beijing,NUS College,0.49491498,0.6456163,0.6353843
AR4111,Design Futures,College of Design and Engineering,0.44228518,0.66409266,0.63538206
ID2115,Digital Sketching and Painting,College of Design and Engineering,0.44354588,0.65628797,0.63537
GE3259,Applied Geographical Data Science,Arts and Social Science,0.45490867,0.6697962,0.63536173
ACC4751,Advanced Independent Study in Accounting,NUS Business School,0.46279475,0.6431622,0.6353199
ACC4619,Advanced Independent Study in Accounting,NUS Business School,0.46279475,0.6431622,0.6353199
ACC4629,Advanced Independent Study in Accounting,NUS Business School,0.46279475,0.6431622,0.6353199
PC3235,Solid State Physics I,Science,0.42302114,0.66096735,0.63531625
CM4212,Advanced Organometallic Chemistry,Science,0.46096212,0.65928286,0.63531154
TS2242,Intercultural Performance Practice,Arts and Social Science,0.48063767,0.6473098,0.63526285
MUA3162,Intermediate Studies on Principal Instrument,YST Conservatory of Music,0.44682813,0.65959656,0.6352388
ST4241,Design & Analysis of Clinical Trials,Science,0.45050874,0.66050005,0.6352297
AR2327,Architectural Tectonics,College of Design and Engineering,0.41905698,0.64328796,0.6352047
SW2101,Beyond the Surface: Appreciating Individuals & Families,Arts and Social Science,0.4585426,0.65692925,0.6351987
ESP4901A,Research Project,College of Design and Engineering,0.4635397,0.64322877,0.63516617
CH1101E,Retelling Chinese Stories: Change and Continuity,Arts and Social Science,0.4666237,0.6456141,0.6351606
CM3292,Advanced Experiments In Analytical & Physical Chemistry,Science,0.45019352,0.6501564,0.6351565
UTC1403,Jr Sem: Hidden Communities,Residential College,0.4623081,0.64827526,0.6351512
ME2142,Feedback Control Systems,College of Design and Engineering,0.4409848,0.6383732,0.6351297
ME3142,Feedback Control Systems,College of Design and Engineering,0.4409848,0.6383732,0.6351297
UTC1419,Jr Sem: Inside the Museum: Collections and the Public,Residential College,0.4434481,0.66412187,0.63506305
NHS2084,100% Housing,NUS College,0.4874537,0.642051,0.635062
PC4288,Honours Project in Physics,Science,0.45803154,0.6425103,0.63503945
GEK1549,Critical Thinking And Writing,Non-Faculty-based Departments,0.4878301,0.65325814,0.635034
GET1021,Critical Thinking And Writing,Non-Faculty-based Departments,0.4878301,0.65325814,0.635034
ES1531,Critical Thinking And Writing,Non-Faculty-based Departments,0.4878301,0.65325814,0.635034
ES2531,Critical Thinking And Writing,Non-Faculty-based Departments,0.4878301,0.65325814,0.635034
BMI2207C,Introduction to Medical Data and Data Processing,Yong Loo Lin Sch of Medicine,0.4586271,0.6465447,0.63502717
BMI2207,Introduction to Medical Data and Data Processing,Yong Loo Lin Sch of Medicine,0.4586271,0.6465447,0.63502717
YHU3386,Collaborative Practice and Artist Collectives,Yale-NUS College,0.46253705,0.64768445,0.6350201
EG2202,From Design Thinking to Engineering Design,College of Design and Engineering,0.43852323,0.6365232,0.63500434
LSM3241,Genomic Data Analysis,Science,0.43543488,0.6379938,0.6349557
CDE3505,Planning and Governing Cities,College of Design and Engineering,0.46685398,0.6509141,0.6349484
UTC1416,"Jr Sem: Games, Game Communities and Society",Residential College,0.47100765,0.68011564,0.63492924
FIN3120E,TIF: Phy. Comdty Mkt & Assets,NUS Business School,0.46562827,0.6505301,0.6349254
AR3614,Sustainable Urbanism in Asia,College of Design and Engineering,0.45938763,0.65078104,0.6349149
LSM3257,Applied Data Analysis in Ecology and Evolution,Science,0.44952655,0.65454066,0.6348979
AR4951G,Topics In History And Theory Of Architecture - Curating Architecture,College of Design and Engineering,0.44835332,0.63945836,0.6348942
ME4246,Modern Control System,College of Design and Engineering,0.43467745,0.6406495,0.6348817
FMA1201K,FS : The Civilization of Islam in the Malay World,Arts and Social Science,0.45019403,0.6455752,0.63486946
GE4230,Greater China,Arts and Social Science,0.48798105,0.6851713,0.63482934
ACC4752,Advanced Independent Study in Accounting (2 MCs),NUS Business School,0.46890324,0.6462346,0.6348267
ID2100,Visual Communication Principles and Practices,College of Design and Engineering,0.44059885,0.6498989,0.63481873
EE4433,Nanometer Scale Information Storage,College of Design and Engineering,0.46052745,0.6515305,0.6348187
TCX3232,Network and Cloud Security,Cont and Lifelong Education,0.3990207,0.64824957,0.63480586
PR3152,Immune & Endocrine Systems: Science & Therapeutics,Science,0.45237657,0.65549934,0.6348009
MLE4203,Polymeric Biomedical Materials,College of Design and Engineering,0.438178,0.6504545,0.6347691
LSM3224,Molecular Basis of Human Diseases,Yong Loo Lin Sch of Medicine,0.44587758,0.65679395,0.6347618
ME2151,Principles of Mechanical Eng. Materials,College of Design and Engineering,0.42229632,0.670229,0.63475484
ME2151E,Principles of Mechanical Eng. Materials,Cont and Lifelong Education,0.42229632,0.670229,0.63475484
YSS3314,Singapore Politics,Yale-NUS College,0.4460645,0.6347368,0.6347368
NST2017,"Passing Time: Processes, Temporality, and Econometrics",NUS,0.48928875,0.6610371,0.6347294
GE4401,Honours Thesis,Arts and Social Science,0.4657921,0.6509919,0.6347124
GESS1038,The Arts in Singapore Today,YST Conservatory of Music,0.46047628,0.6437355,0.63465834
ACC2709,Accounting Information Systems,NUS Business School,0.46704125,0.6389207,0.63459647
LSM4237,Pharmacogenomics & Personalised Medicine,Yong Loo Lin Sch of Medicine,0.4508609,0.64672804,0.63458955
PR2155,Hepatic and Renal Systems: Science & Therapeutics,Science,0.45501134,0.64593494,0.6345639
ME4255,Materials Failure,College of Design and Engineering,0.4514749,0.63965815,0.6345588
HSI2015,The Emerging Nanoworld,Science,0.43200365,0.65724677,0.6345529
SPH3203,Prevention and Control of Non-Communicable Diseases,SSH School of Public Health,0.442354,0.67030823,0.6345228
MLE3105,Dielectric and Magnetic Materials,College of Design and Engineering,0.44934595,0.64755553,0.63451684
TME2151,Principles of Mechanical Engineering Materials,Cont and Lifelong Education,0.41812107,0.67052704,0.6345047
TCE4247,Treatment Plant Hydraulics,Cont and Lifelong Education,0.4274838,0.68496066,0.63444537
ESE4402,Treatment Plant Hydraulics,College of Design and Engineering,0.4274838,0.68496066,0.63444537
PR2131,Pharmacy Professional Skills Development II,Science,0.47627857,0.6388651,0.6344334
SN2240,Disease Diplomacy: Global Health in Asia,Arts and Social Science,0.46667397,0.6391917,0.6343978
RVC2000W,Culture and Sustainability in Southeast Asia (West Malaysia),Residential College,0.47820202,0.65472466,0.6343962
NUR3500,Practice of Palliative and End-of-Life Care,Yong Loo Lin Sch of Medicine,0.42929813,0.66387385,0.6343263
FIN3116,Options and Futures,NUS Business School,0.44157133,0.6936618,0.6343247
FIN3712,Options and Futures,NUS Business School,0.44157133,0.6936618,0.6343247
NUR2500,Applied Pathophysiology and Clinical Pharmacology,Yong Loo Lin Sch of Medicine,0.44058684,0.6374838,0.6343178
PHS3288R,UROPS in Pharmaceutical Science I (REx),Science,0.47310662,0.65672964,0.634266
CS3223,Database Systems Implementation,Computing,0.46352333,0.67973185,0.6342128
EE4702,Game World Mechanics,College of Design and Engineering,0.4608571,0.6685202,0.63421166
PR4195,"Scientific Evaluation, Analysis and Communication",Science,0.4828342,0.6442709,0.63416934
GESS1024,We the Citizens - Understanding Singapore’s Politics,Arts and Social Science,0.47616842,0.63414955,0.6341495
GES1034,We the Citizens - Understanding Singapore’s Politics,Arts and Social Science,0.47616842,0.63414955,0.6341495
LC2010E,Legal Systems of Asia (E),Law,0.46573937,0.63808656,0.6341459
LC2010G,Legal Systems of Asia (G),Law,0.46017987,0.63763404,0.6341252
TCE4408,Environmental Impact Assessment,Cont and Lifelong Education,0.4468055,0.65065485,0.6341156
BN4501,Engineering Biology,College of Design and Engineering,0.4268336,0.67747974,0.6341084
ESE4408,Environmental Impact Assessment,College of Design and Engineering,0.44632995,0.65362245,0.6340926
PC3288NR,Advanced UROPS in Nanophysics I (REx),Science,0.4798211,0.640803,0.63408935
EE1112,Engineering Principles and Practice II,College of Design and Engineering,0.46099478,0.64652723,0.6340706
NHS2079,Exhibitions and Their Audiences,NUS College,0.4383684,0.6508625,0.6340408
LL4283V,"Artificial Intelligence, Information Science & Law",Law,0.4330819,0.6413095,0.63402957
CH3245,Overseas Chinese Society,Arts and Social Science,0.47152793,0.6382674,0.63400954
DSE4231,Topics in Data Science and the Digital Economy,Arts and Social Science,0.44908115,0.67974424,0.6339861
ESE1001,Environmental Engineering Fundamentals,College of Design and Engineering,0.4357855,0.69275266,0.63398015
ME4226,Energy and Thermal Systems,College of Design and Engineering,0.47273418,0.6525162,0.633958
BN4203,Robotics in Rehabilitation,College of Design and Engineering,0.43100837,0.6475419,0.633937
EE2024,Programming for Computer Interfaces,College of Design and Engineering,0.44746262,0.6393549,0.63393366
YSS3218,Urban ASEAN: The Changing Southeast Asian City,Yale-NUS College,0.49450558,0.6436316,0.6339253
ID3110,Design Platforms H,College of Design and Engineering,0.4747682,0.6552028,0.6338976
ID2116,Computing for Design,College of Design and Engineering,0.4415409,0.64395684,0.6338964
YHU2212,Classical Chinese,Yale-NUS College,0.40986964,0.6467686,0.6338762
SN2285,What’s Cooking: Food and Drink in South Asian Cultures,Arts and Social Science,0.44209886,0.6533108,0.6338658
LL4224,Cybercrime & Information Security Law,Law,0.4414343,0.63385606,0.63385606
UTC2421,"Dengue, Deforestation and Displacement",Residential College,0.4508469,0.65957177,0.63384914
AR2121,Architecture and Community: from Singapore to the World,College of Design and Engineering,0.4405121,0.6635355,0.6338447
MUA1163,The Profession of Music 1,YST Conservatory of Music,0.45927098,0.6619755,0.6338436
GEH1029,Great Ideas in Contemporary Physics,Science,0.46292046,0.6491698,0.63383895
ESP1111,Engineering Principles In-Action,College of Design and Engineering,0.47170743,0.6429419,0.6338061
YSP1201,Global Strategy and Leadership,Yale-NUS College,0.45408976,0.6674956,0.6338032
CS2102R,Database Systems,Computing,0.4694289,0.67483366,0.6337908
CS2102,Database Systems,Computing,0.4694289,0.67483366,0.6337908
DTK1234A,Design Thinking,College of Design and Engineering,0.43946174,0.6492385,0.6337761
LC2006B,Equity & Trusts (B),Law,0.45489794,0.66086245,0.6337497
YSS4283,Southeast Asia Urban Planning and Design Workshop,Yale-NUS College,0.4787039,0.6390997,0.6337479
DBA4751,Advanced Independent Study in Business Analytics,NUS Business School,0.4536975,0.6463778,0.6337343
DBA4752,Advanced Independent Study in Business Analytics,NUS Business School,0.4536975,0.6463778,0.6337343
CN4249,Engg. Design in Molecular Biotechnology,College of Design and Engineering,0.4401257,0.6549738,0.6337278
FIN4715,Measuring Success in Philanthropy and Impact Investing,NUS Business School,0.4791803,0.64259964,0.6337244
FIN4117,Measuring Success in Philanthropy and Impact Investing,NUS Business School,0.47931144,0.6434617,0.6337222
FIN3133,Measuring Success in Philanthropy and Impact Investing,NUS Business School,0.47931144,0.6434617,0.6337222
ME3221,Sustainable EnergyConversion,College of Design and Engineering,0.45371294,0.65446734,0.63367087
NPS2001H,Computational Problem Solving,NUS College,0.46007514,0.64926976,0.633665
NPS2001F,Computational Problem Solving,NUS College,0.46007514,0.64926976,0.633665
NPS2001,Computational Problem Solving,NUS College,0.46007514,0.64926976,0.633665
NPS2001B,Computational Problem Solving,NUS College,0.46007514,0.64926976,0.633665
NPS2001A,Computational Problem Solving,NUS College,0.46007514,0.64926976,0.633665
NPS2001D,Computational Problem Solving,NUS College,0.46007514,0.64926976,0.633665
NPS2001C,Computational Problem Solving,NUS College,0.46007514,0.64926976,0.633665
NPS2001G,Computational Problem Solving,NUS College,0.46007514,0.64926976,0.633665
NPS2001E,Computational Problem Solving,NUS College,0.4600751,0.6492697,0.63366497
JS2203,"Sound, Grammar and Meaning",Arts and Social Science,0.4199248,0.6641234,0.6335988
MUA2177,Audio Networks,YST Conservatory of Music,0.4615469,0.6410035,0.6335906
LL4496,The Law and Economics of Competition Policy,Law,0.4844569,0.63843316,0.63358134
LL4496V,The Law and Economics of Competition Policy,Law,0.4844569,0.63843316,0.63358134
THE1003A,Navigating Your Wellbeing at NUS,NUS,0.46410668,0.6507189,0.63357055
RW1001A,Navigating Your Wellbeing at NUS,NUS,0.46410668,0.6507189,0.6335705
MNO4712,Experiencing Work: Effects on Behaviour & Well-Being,NUS Business School,0.48541304,0.6499047,0.6335695
LC2006A,Equity & Trusts (A),Law,0.45410192,0.6577257,0.63355505
LSM3201,Research and Communication in Life Sciences,Science,0.45636052,0.6407662,0.6335541
DSA4265B,Sense-making Case Analysis: Finance,Science,0.46282965,0.66009295,0.6335515
PHS3289R,UROPS in Pharmaceutical Science II (REx),Science,0.47259584,0.65698755,0.63354176
MUA4440,Collaborative Piano - Piano Ensemble 5,YST Conservatory of Music,0.450694,0.67033875,0.6335207
BN1111,Biomedical Engineering Principles and Practice I,College of Design and Engineering,0.4478093,0.66234124,0.63350487
CS4350,Game Development Project,Computing,0.4673135,0.6504484,0.63350284
NHS2044,Managing Cultural Difference:Theorizing the S’pore Model,NUS,0.47993112,0.6614613,0.63349605
BSN3811,People Strategy,NUS Business School,0.4738719,0.6460034,0.6334903
MNO3761X,Topics in Leadership and Human Capital Management,NUS Business School,0.48994398,0.6374851,0.63348407
MUA1170,Classical Music Recording Production,YST Conservatory of Music,0.4637301,0.639847,0.63346374
PS4314,Data Analytics in Political Science,Arts and Social Science,0.4082122,0.648471,0.63344204
PS4314HM,Data Analytics in Political Science,Arts and Social Science,0.4082122,0.648471,0.63344204
JS3225,Japanese Mass Media,Arts and Social Science,0.45685622,0.65873116,0.63342965
NUR1110,Effective Communication for Health Professionals,Yong Loo Lin Sch of Medicine,0.44102287,0.64612037,0.63342565
YSS3299,Money and Banking,Yale-NUS College,0.46592614,0.6386399,0.63342345
CFA2111A,Continuing Study in a Performing Arts Area (Music),YST Conservatory of Music,0.44685745,0.6583326,0.63341653
SW4102HM,Making Macro Difference: Social Policy and Planning,Arts and Social Science,0.44415745,0.64516973,0.6334043
SW4102,Making Macro Difference: Social Policy and Planning,Arts and Social Science,0.44415745,0.64516973,0.6334043
LL4129,Indian Business Law,Law,0.4722222,0.6432236,0.63338226
ETP4211,Market Validation,Non-Faculty-based Departments,0.49989635,0.6333621,0.6333621
NM4258,Health Communication,Arts and Social Science,0.46064118,0.66150165,0.633335
NM4258HM,Health Communication,Arts and Social Science,0.46064118,0.66150165,0.633335
PF2205,Project Finance,College of Design and Engineering,0.45291921,0.6468861,0.6333135
BN4103,Assistive Technology for Persons with Disability,College of Design and Engineering,0.4646632,0.6450697,0.6332418
MUA1165,Music and Machines,YST Conservatory of Music,0.45757347,0.6445898,0.6332304
MUA3256B,Applied Secondary,YST Conservatory of Music,0.43940887,0.64190274,0.6332289
MUA2256A,Applied Secondary,YST Conservatory of Music,0.43940887,0.64190274,0.6332289
MUA3256A,Applied Secondary,YST Conservatory of Music,0.43940884,0.6419026,0.63322884
MUA3255A,Applied Secondary,YST Conservatory of Music,0.43940887,0.64190274,0.63322884
MUA2255A,Applied Secondary,YST Conservatory of Music,0.43940884,0.6419026,0.63322884
MUA3255B,Applied Secondary,YST Conservatory of Music,0.43940887,0.64190274,0.63322884
MUA2255B,Applied Secondary,YST Conservatory of Music,0.43940884,0.6419026,0.63322884
MUA2256B,Applied Secondary,YST Conservatory of Music,0.43940887,0.64190274,0.63322884
TR3204,Entrepreneurship Practicum (Short),Non-Faculty-based Departments,0.49763474,0.64729667,0.6332122
TR3204T,Entrepreneurship Practicum (Short),Non-Faculty-based Departments,0.49763474,0.64729667,0.6332122
TR3204S,Entrepreneurship Practicum (Short),Non-Faculty-based Departments,0.49763474,0.64729667,0.6332122
CN2116E,Chemical Kinetics And Reactor Design,Cont and Lifelong Education,0.44193938,0.6551062,0.63321143
LAB1201,Bahasa Indonesia 1,Arts and Social Science,0.4530873,0.63711584,0.6331932
LAT4203HM,Analysing Thai Media,Arts and Social Science,0.47497654,0.64833635,0.6331805
LAT4203,Analysing Thai Media,Arts and Social Science,0.47497654,0.64833635,0.6331805
YSS3205,International Trade,Yale-NUS College,0.47394064,0.6667844,0.633179
PL3244,Adolescent Psychology,Arts and Social Science,0.4434473,0.63316107,0.633161
MUL2107,French for Musicians 1,YST Conservatory of Music,0.434962,0.68071616,0.6331115
CM4273,Computational Drug Design,Science,0.4486316,0.6635878,0.6331111
LL4322,Trade Finance Law,Law,0.476113,0.6499351,0.6330695
LL4322V,Trade Finance Law,Law,0.476113,0.6499351,0.6330695
SW4660HM,Independent Study,Arts and Social Science,0.49169296,0.65410733,0.633011
DSA2102,Essential Data Analytics Tools: Numerical Computation,Science,0.43340197,0.65419745,0.63300395
YID2212,Data Science for the Environment,Yale-NUS College,0.45198485,0.6645938,0.63298225
LA4702,MLA Studio: City,College of Design and Engineering,0.46005467,0.65092194,0.63293266
PR4204,Special Drug Delivery,Science,0.45768154,0.6548235,0.6329261
LL4460,"Law, FinTech and the Platform Economy",Law,0.4444767,0.6439754,0.6329174
LL4460V,"Law, FinTech and the Platform Economy",Law,0.4444767,0.6439754,0.6329174
MLE3102,Degradation and Failure of Materials,College of Design and Engineering,0.45291802,0.6430138,0.6329007
MLE4224,Degradation and Failure of Materials,College of Design and Engineering,0.45291802,0.6430138,0.6329007
LSM2234,Introduction to Quantitative Biology,Science,0.4336252,0.64263415,0.6328968
LL4349V,Energy Arbitration,Law,0.46384594,0.65375733,0.6328759
LL4349,Energy Arbitration,Law,0.46384594,0.65375733,0.6328759
YHU3327,Social Practice Art,Yale-NUS College,0.44662285,0.656155,0.63286895
YSC1215,Genetic Engineering for All: An iGEM team for Yale-NUS?,Yale-NUS College,0.44674608,0.6416304,0.6328359
LL4501V,The Diplomat's Toolbox for Int'l Conflicts and Claims,Law,0.46828616,0.6955346,0.6328006
LL4501,The Diplomat's Toolbox for Int'l Conflicts and Claims,Law,0.46828616,0.6955346,0.6328006
LSM4199,Honours Project in Life Sciences,Science,0.48511475,0.6558063,0.6327517
CM2112,Chemistry of Elements,Science,0.45774642,0.6569404,0.63274896
EE4409,Modern Microelectronic Devices & Sensors,College of Design and Engineering,0.4192538,0.6476022,0.63273823
GES1041,Everyday Ethics in Singapore,Arts and Social Science,0.4848225,0.6408363,0.63272697
GESS1029,Everyday Ethics in Singapore,Arts and Social Science,0.4848225,0.6408363,0.63272697
MS4880C,Topics in Malay Art Forms,Arts and Social Science,0.4492334,0.6472665,0.63271415
MS4880CHM,Topics in Malay Art Forms,Arts and Social Science,0.4492334,0.6472665,0.63271415
SW3208,Negotiation & Conflict Resolution,Arts and Social Science,0.47678736,0.6584497,0.6326984
GEH1025T,Global Environmental Issues,Cont and Lifelong Education,0.4784911,0.6514721,0.6326955
PR4205,Bioorganic Principles of Medicinal Chemistry,Science,0.4196044,0.6502044,0.63269436
UTC2701,Business Systems: Dynamics and Policy Making,Residential College,0.49438867,0.6382464,0.63266784
NHT2206,Comics as Multimodal Composition and Communications,NUS College,0.43951455,0.64234936,0.63266593
TS4214HM,Arts and the Law,Arts and Social Science,0.45086244,0.65947115,0.6326499
TS4214,Arts and the Law,Arts and Social Science,0.45086244,0.65947115,0.6326499
NST2046,Deus Ex Machina: Generative AI and Society,NUS College,0.42198443,0.65234774,0.6326458
EN4880,Topics in English Literature,Arts and Social Science,0.4449078,0.6511918,0.63264406
EN3880,Topics in English Literature,Arts and Social Science,0.4449078,0.6511918,0.63264406
EN4880HM,Topics in English Literature,Arts and Social Science,0.4449078,0.6511918,0.632644
IS4303,IT-mediated financial solutions and platforms,Computing,0.44126415,0.653677,0.632641
MLE3104,Polymeric and Composite Materials,College of Design and Engineering,0.4350738,0.6523834,0.63260084
PC3289R,Advanced UROPS in Physics II (REx),Science,0.49456662,0.6447177,0.632579
NHT2209,Theatre-Making,NUS College,0.45302877,0.65529996,0.63256556
TIE2100,Probability Models with Applications,Cont and Lifelong Education,0.5022538,0.6654426,0.6325401
JS2225,Marketing and Consumer Culture in Japan,Arts and Social Science,0.48067838,0.6468786,0.6325202
RVSS1001,"Imagining Wakanda: Cities for work, life, and play",Residential College,0.47887215,0.6514676,0.6324817
PC4288A,Honours Project in Astrophysics,Science,0.4690352,0.63855857,0.63247323
GE4219HM,Development and Environment in Southeast Asia,Arts and Social Science,0.4674605,0.6594547,0.6324655
GE4219,Development and Environment in Southeast Asia,Arts and Social Science,0.4674605,0.6594547,0.6324655
LL4014V,Construction Law,Law,0.46925607,0.6349104,0.6324397
LL4014,Construction Law,Law,0.46925607,0.6349104,0.6324397
GL4660HM,Independent Study,Arts and Social Science,0.49536666,0.6434686,0.6324388
GL4660,Independent Study,Arts and Social Science,0.49536666,0.6434686,0.6324388
PC1432,Physics IIE,Science,0.45150852,0.6520122,0.6324334
HY3252,From Tropical Medicine to Bioscience,Arts and Social Science,0.43158582,0.6488539,0.6324104
IE4100E,BTech Dissertation,Cont and Lifelong Education,0.46185753,0.64095503,0.63240397
MA4272,Mathematical Tools for Data Science,Science,0.44577166,0.6437142,0.63239384
GE4401HM,Honours Thesis,Arts and Social Science,0.46472624,0.64948547,0.63239014
TCN3132,Separation Processes,Cont and Lifelong Education,0.44846296,0.6344159,0.6323879
CN3132E,Separation Processes,Cont and Lifelong Education,0.44846296,0.6344159,0.6323879
LL4148,Secured Transactions Law,Law,0.46386385,0.63770956,0.6323643
CN3132,Separation Processes,College of Design and Engineering,0.44739595,0.6350589,0.63236177
LSM4225,Genetic Medicine in the Post-Genomic Era,Yong Loo Lin Sch of Medicine,0.44522446,0.6437696,0.6323191
MUA4271,Advanced Live Sound Reinforcement 1,YST Conservatory of Music,0.4897165,0.6453674,0.6322955
CS4261,Algorithmic Mechanism Design,Computing,0.48755968,0.64018965,0.632295
HS2924,Building Mental Wellbeing and Resilience,Yong Loo Lin Sch of Medicine,0.4621963,0.6662234,0.63227904
LL4413,Civil Justice and Procedure,Law,0.45315295,0.6494656,0.63226205
UTS2109,Asia Now! The Archaeology of the Future City,Residential College,0.46994463,0.64809513,0.6322493
UTC2109,Asia Now! The Archaeology of the Future City,Residential College,0.46994463,0.64809513,0.6322493
CS4221,Database Applications Design and Tuning,Computing,0.4621367,0.67515075,0.6322325
CM3289M,Advanced UROPS in Medicinal Chemistry II,Science,0.4559755,0.6571152,0.6322211
CS4232R,Theory of Computation,Computing,0.45748243,0.6361321,0.6322076
BN2204S,Fundamentals of Biomechanics,College of Design and Engineering,0.44957206,0.67825735,0.63220483
EE4701,Video Processing,College of Design and Engineering,0.41792142,0.6663654,0.6321196
CG1111,Engineering Principles and Practice I,Multi Disciplinary Programme,0.45493,0.64856684,0.6320957
MNO3761,Topics in Leadership and Human Capital Management,NUS Business School,0.48979124,0.63325167,0.6320907
MNO3761Z,Topics in Leadership and Human Capital Management,NUS Business School,0.48979124,0.63325167,0.6320907
MNO3761Y,Topics in Leadership and Human Capital Management,NUS Business School,0.48979124,0.63325167,0.6320907
MNO3313,Topics in Leadership and Human Capital Management,NUS Business School,0.48979124,0.63325167,0.6320907
LL4351V,Comparative Corporate Law in East Asia,Law,0.49073985,0.6423804,0.63206416
LL4351,Comparative Corporate Law in East Asia,Law,0.49073985,0.6423804,0.63206416
CS2100,Computer Organisation,Computing,0.48449954,0.63233864,0.6320589
FST3107,Sensory and Consumer Science,Science,0.45820895,0.64416885,0.63205206
PF3205,Advanced Measurement,College of Design and Engineering,0.4299025,0.6475627,0.63203907
BSN3715,Digital Strategy,NUS Business School,0.45871988,0.64086103,0.6320382
DSA4261B,Sense-making Case Analysis: Transport,Science,0.46818686,0.64564496,0.6320163
NM4238,Software Studies,Arts and Social Science,0.44621566,0.6484102,0.63195646
NM4238HM,Software Studies,Arts and Social Science,0.44621566,0.6484102,0.63195646
CS2100R,Computer Organisation,Computing,0.49847177,0.650094,0.6319493
LL4045V,Negotiation,Law,0.4787493,0.64391696,0.6319475
LL4045,Negotiation,Law,0.4787493,0.64391696,0.6319475
YID3229,Climate Hope and Resiliency,Yale-NUS College,0.48251444,0.677172,0.63194215
MA3270,Mathematics for Artificial Intelligence,Science,0.41755176,0.65221685,0.63191754
PC4267,Biophysics III,Science,0.42797357,0.6723947,0.6318879
NUR3506,Translation of Evidence into Practice,Yong Loo Lin Sch of Medicine,0.49997976,0.6386564,0.6318712
PC3422,Physics of Medical Technology,Science,0.44281396,0.6401838,0.6318704
IS4151,AIoT Solutions and Development,Computing,0.40766492,0.63763654,0.6318636
PL4213HM,Cognitive Neuropsychology,Arts and Social Science,0.4577143,0.6418823,0.6318518
PL4213,Cognitive Neuropsychology,Arts and Social Science,0.45771426,0.6418824,0.6318518
YSC2222,Organic Chemistry Laboratory,Yale-NUS College,0.44783357,0.65682864,0.63185006
UTW1001A,Identities and Ideas in Modern Market-Driven Societies,Non-Faculty-based Departments,0.49642053,0.63710606,0.6318294
SN1101E,"Discover South Asia: People, Culture, Development",Arts and Social Science,0.47832292,0.6333749,0.63182294
CM4252,Polymer Chemistry 2,Science,0.4311549,0.6808455,0.63181984
YHU4243,"Art Studio Research, Experimentation and Critique",Yale-NUS College,0.45617476,0.642895,0.6317972
MKT3402D,Consumer Behaviour,NUS Business School,0.4794649,0.64661014,0.63178366
MKT3702,Consumer Behaviour,NUS Business School,0.4794649,0.64661014,0.63178366
MKT3702B,Consumer Behaviour,NUS Business School,0.4794649,0.64661014,0.63178366
MKT3702A,Consumer Behaviour,NUS Business School,0.4794649,0.64661014,0.63178366
MKT3402,Consumer Behaviour,NUS Business School,0.4794649,0.64661014,0.63178366
MKT3402C,Consumer Behaviour,NUS Business School,0.4794649,0.64661014,0.63178366
YHU2223,Documentary Photography,Yale-NUS College,0.43650007,0.63858336,0.63177884
CS3243,Introduction to Artificial Intelligence,Computing,0.4340983,0.63873994,0.63176
DSC4211G,SIOSCM: Service Design,NUS Business School,0.46684262,0.63462865,0.6317528
FST4299,Applied Project in FST,Science,0.48886767,0.64075273,0.6317242
TTG2901,Communications for Engineering Professionals,Cont and Lifelong Education,0.48507696,0.6461764,0.6317211
BMI3306,Human Factors Engineering,Yong Loo Lin Sch of Medicine,0.46801144,0.6528058,0.6317124
NHS2086,Women's Health: A Global Perspective,NUS College,0.46554968,0.6499045,0.63170135
PR4191,SCI-PhI Project,Science,0.4505887,0.65438485,0.6316795
MLE1001A,Materials Science & Engineering Principles & Practice I,College of Design and Engineering,0.43522722,0.6499193,0.6316775
SSA2214,Singapore and India: Emerging Relations,Arts and Social Science,0.47698453,0.6316691,0.6316691
GES1006,Singapore and India: Emerging Relations,Arts and Social Science,0.47698453,0.6316691,0.6316691
GESS1004,Singapore and India: Emerging Relations,Arts and Social Science,0.47698453,0.6316691,0.6316691
PF2109,Project Feasibility,College of Design and Engineering,0.45166668,0.65109813,0.6316639
IPM3101,Project Feasibility,College of Design and Engineering,0.45166668,0.65109813,0.6316639
CS4241,Multimedia Information Retrieval,Computing,0.44532144,0.6511561,0.63161886
PC2289R,Basic UROPS in Physics II (REx),Science,0.49819604,0.6393888,0.63161206
YSC3252,Statistical Computing,Yale-NUS College,0.44485107,0.67178625,0.6316064
CH2390,Chinese Diasporas (in English),Arts and Social Science,0.4559073,0.63772213,0.6315948
PC3267,Biophysics II,Science,0.43194267,0.66702366,0.63154364
SW4214HM,Comparative Social Service Systems in SEA,Arts and Social Science,0.48301297,0.6458477,0.6315373
MKT3402B,Consumer Behaviour,NUS Business School,0.48004884,0.64272034,0.631533
MA4288O,Undergraduate Project in Mathematics,Science,0.46215782,0.6489728,0.6315197
MA4288P,Undergraduate Project in Mathematics,Science,0.46215782,0.6489728,0.6315197
MA4288D,Undergraduate Project in Mathematics,Science,0.46215782,0.6489728,0.6315197
PL4236,Autism Spectrum and Related Conditions,Arts and Social Science,0.43377182,0.6562818,0.631488
PL4236HM,Autism Spectrum and Related Conditions,Arts and Social Science,0.43377182,0.6562818,0.631488
CS3281,Thematic Systems Project I,Computing,0.47873798,0.633528,0.63146645
YHU3289,"Beyond China: Sinophone Literature, Film, and Culture",Yale-NUS College,0.42365316,0.64651537,0.63145775
NUR2120,"Professional Nursing Practice, Ethics and Law",Yong Loo Lin Sch of Medicine,0.4396369,0.6441563,0.6314143
FIN4752,Advanced Independent Study in Finance (2 Units),NUS Business School,0.4726197,0.6355132,0.6313947
MA2289,Basic UROPS in Mathematics II,Science,0.49195272,0.6424138,0.6313654
ACC4761C,Seminars in Accounting: Advanced Accounting Theory,NUS Business School,0.46935126,0.6439251,0.63136226
LC2010D,Legal Systems of Asia (D),Law,0.45746666,0.63854706,0.63135594
AR2223,Theory Of Urban Design & Planning,College of Design and Engineering,0.45235494,0.6548473,0.6313295
MNO3320,Managing Change,NUS Business School,0.4894009,0.65242994,0.6313227
MNO3711,Managing Change,NUS Business School,0.48940086,0.65242994,0.63132256
MUA3240,Collaborative Piano - Piano Ensemble,YST Conservatory of Music,0.44775522,0.6778908,0.631313
BT4222,Mining Web Data for Business Insights,Computing,0.45937455,0.63776183,0.63129693
ME4105,Specialisation Study Module,College of Design and Engineering,0.47150898,0.64593816,0.63127065
PF3305,Facilities Planning and Design,College of Design and Engineering,0.4486596,0.6392689,0.63127047
BSN3714,Co-Creating Value (Tools for Collaborative Innovation),NUS Business School,0.47663304,0.6528167,0.6312674
SE2223,Doing Research In Southeast Asia,Arts and Social Science,0.45292115,0.6346693,0.63126725
EG2302,Engineering Design in Topical Engineering Challenges,College of Design and Engineering,0.4413499,0.6354213,0.63126624
PS3880G,Topics in PS: Research Design and Methods,Arts and Social Science,0.45283324,0.65084887,0.63126266
NM3205,Digital Media Cultures,Arts and Social Science,0.4430887,0.6628272,0.63124555
MUA3202,Advanced Contemporary Music Performance,YST Conservatory of Music,0.4611544,0.648134,0.6312315
MUA3201,Advanced Contemporary Music Performance,YST Conservatory of Music,0.4611544,0.648134,0.6312315
PC1432X,Physics IIE,Science,0.45184684,0.6498691,0.63120824
DSA4265,Sense-making Case Analysis: Economics and Finance,Science,0.45542684,0.66006947,0.6311965
LA4301,Material and Design,College of Design and Engineering,0.42957568,0.66190124,0.6311387
PL4244HM,Sleep: A Cognitive Neuroscience Perspective,Arts and Social Science,0.46123987,0.6391238,0.63112974
PL4244,Sleep: A Cognitive Neuroscience Perspective,Arts and Social Science,0.46123987,0.6391238,0.63112974
TCX3235,Computer Security,Cont and Lifelong Education,0.42272556,0.63388675,0.6311053
ID4400,Creative Computing,College of Design and Engineering,0.41594625,0.67196053,0.6310896
SE4401HM,Honours Thesis,Arts and Social Science,0.4844025,0.6413344,0.631083
GES1012,Popular Culture in Singapore,Arts and Social Science,0.44338164,0.66369754,0.63107955
GESS1010,Popular Culture in Singapore,Arts and Social Science,0.44338167,0.66369754,0.63107955
MD1902,Professional Practice 1: The Foundations of Health Professionalism,Yong Loo Lin Sch of Medicine,0.46951792,0.64665157,0.6310457
MD1902C,Professional Practice 1: The Foundations of Health Professionalism,Yong Loo Lin Sch of Medicine,0.46951792,0.64665157,0.6310457
CH3296,'China' in the Making (in English),Arts and Social Science,0.45435497,0.6380422,0.63104415
CH3225,Keywords in S'pore and M'sian Chinese Literary Studies,Arts and Social Science,0.45379937,0.65506315,0.6310369
YHU3288,Installation Art,Yale-NUS College,0.43824297,0.64710134,0.6310354
YHU2248,Visual Storytelling,Yale-NUS College,0.42159602,0.63818043,0.63102186
PC3289QR,Advanced UROPS in Quantum Technologies II (REx),Science,0.4712443,0.65805674,0.6309935
UTW2001L,Visualizing Southeast Asian Cities,Non-Faculty-based Departments,0.4714139,0.63339126,0.6309708
NM3237,Health Communication,Arts and Social Science,0.45870337,0.67224586,0.6309455
YHU3376,Situations (Contemporary Art in Today’s Society),Yale-NUS College,0.46534842,0.6531227,0.63089746
CP3209,Undergraduate Research Project in Computing,Computing,0.44058058,0.65377605,0.63088065
LC2010B,Legal Systems of Asia (B),Law,0.4633036,0.64337236,0.630868
RE3811,Corporate Real Estate Strategies,NUS Business School,0.45708114,0.6463952,0.63086534
MUA1109,Foundations for String Chamber Music,YST Conservatory of Music,0.43044078,0.64687705,0.6308609
MNO4316,Experiencing Work: Effects on Behavior and Well-Being,NUS Business School,0.48706812,0.6517023,0.6308548
GEA1000,Quantitative Reasoning with Data,Non-Faculty-based Departments,0.46078104,0.659134,0.63085175
GEA1000N,Quantitative Reasoning with Data,NUS College,0.46078104,0.659134,0.63085175
CFA2101B,Performing Arts in Practice (Dance) 2,YST Conservatory of Music,0.47755292,0.658794,0.6308439
IE4102,Independent Study Course,College of Design and Engineering,0.47954798,0.67536587,0.6308374
CP3101A,Global Open Source Project,Computing,0.46047607,0.63141364,0.63081443
YCI2931D,Exchange Course - YCS (4 units),Yale-NUS College,0.50289446,0.6397538,0.63080645
YCI2931E,Exchange Course - YCS (4 units),Yale-NUS College,0.50289446,0.6397538,0.63080645
YSC3234,Principles of Biophysics,Yale-NUS College,0.446936,0.6585827,0.6307454
UTC2411,Unequal Parenthoods in Asia,Residential College,0.47713357,0.64237416,0.63070345
UTS2408,Unequal Parenthoods in Asia,Residential College,0.47713357,0.64237416,0.63070345
DSA4262A,Sense-making Case Analysis: Health,Science,0.4552938,0.65245616,0.6306261
GEN2004,"Green Communities in Action: Climate, Species, Crisis",Arts and Social Science,0.45898136,0.6872417,0.6306246
RE4712,FYP Academic Exercise,NUS Business School,0.47442663,0.6546974,0.63060176
SC3223,Visual Culture: Seeing and Representing,Arts and Social Science,0.45758933,0.6330721,0.6305889
CL3218,External Influences on Chinese Language,Arts and Social Science,0.4100504,0.64926386,0.6305698
MNO4313B,SIMHC: Culture and Management in Asia,NUS Business School,0.49950594,0.6346612,0.63056815
TIE2150,Human Factors Engineering,Cont and Lifelong Education,0.46755973,0.63896734,0.6305622
EC3880D,"Topics in Economics: Empire, Economics, and Identity",Arts and Social Science,0.48903397,0.6434754,0.63055545
LA4202,Planting Design,College of Design and Engineering,0.4015097,0.6688068,0.63050354
BLD3002,CEOs as Leaders,NUS Business School,0.48141658,0.6796501,0.63048303
MNO4313D,SILHCM: Corp Entrepreneurship & Busi Model Evaluation,NUS Business School,0.5022577,0.6404977,0.6304827
YSS4217,Production Networks in the Global Economy,Yale-NUS College,0.48714066,0.6430044,0.6304494
DAO1704Y,Decision Analytics using Spreadsheets,NUS Business School,0.44403046,0.645114,0.6304432
YID3218,"Singapore Biodiversity: Past, Present and Future",Yale-NUS College,0.42803636,0.6554266,0.63042766
IS4400,Human-AI Interaction,Computing,0.44290075,0.64063275,0.63042384
DSA4263A,Sense-making Case Analysis: Business,Science,0.4559759,0.6340438,0.6304015
LC2010H,Legal Systems of Asia (H),Law,0.46232763,0.6330007,0.6304008
BN4302,Organs in a Dish: Organoid Bioengineering,College of Design and Engineering,0.41966707,0.65411013,0.6303967
EE4115,Remote Sensing & Analysis with Deep Learning Techniques,College of Design and Engineering,0.40707397,0.6369067,0.6303581
SW4203HM,Integrative Seminar for Profn'l Devpt,Arts and Social Science,0.4744046,0.63171357,0.63034546
SW4203,Integrative Seminar for Profn'l Devpt,Arts and Social Science,0.4744046,0.63171357,0.63034546
JS3101,Approaches to Japanese Studies II,Arts and Social Science,0.43129998,0.6839184,0.6303197
CLC2201,Community Development Practicum I,Non-Faculty-based Departments,0.47773436,0.633464,0.6303077
SSA1209,The Singlish Controversy,Arts and Social Science,0.47029823,0.63539636,0.63029444
GES1022,The Singlish Controversy,Arts and Social Science,0.47029823,0.63539636,0.63029444
GESS1033,The Singlish Controversy,Arts and Social Science,0.47029823,0.63539636,0.63029444
PLS8001,Cultivating Collaboration,Arts and Social Science,0.48882127,0.6328273,0.6302773
MNO4861C,SILHCM: Corp Entrepreneurship & Busi Model Evaluation,NUS Business School,0.5022936,0.64047223,0.6302762
PR2154,Respiratory System: Science & Therapeutics,Science,0.45252308,0.6421759,0.6302563
NHS2062R,"Agency, Service and Social Change in the Philippines",NUS College,0.49016863,0.6411518,0.6302513
GEC1015,Public Health in Action,SSH School of Public Health,0.4400934,0.65996295,0.6302493
GEH1049,Public Health in Action,SSH School of Public Health,0.4400934,0.65996295,0.6302493
FIN4761A,SIF: Private Equity,NUS Business School,0.44724715,0.6429692,0.6302258
FIN4112G,SIF: Private Equity,NUS Business School,0.44724715,0.6429692,0.6302258
GE3226,Tourism Development,Arts and Social Science,0.46601495,0.65252763,0.6301752
LAG4201,German 5,Arts and Social Science,0.44887266,0.6366683,0.6301702
LAG4201HM,German 5,Arts and Social Science,0.44887266,0.6366683,0.6301702
UTC2715,Decoding Complexity,Residential College,0.50163823,0.63956237,0.6301185
UTS2707,Decoding Complexity,Residential College,0.5016381,0.63956225,0.6301185
LL4247V,International Economic Law & Globalisation,Law,0.47606483,0.64342904,0.63011396
NUR3205C,Clinical Experience IV,Yong Loo Lin Sch of Medicine,0.44399378,0.64477587,0.630103
ID2300,Computer Aided Design and Prototyping,College of Design and Engineering,0.4621054,0.6324298,0.630098
CM3288R,Advanced UROPS in Chemistry I (REx),Science,0.46217516,0.6407571,0.6300913
PC3288QR,Advanced UROPS in Quantum Technologies I (REx),Science,0.47140303,0.65825546,0.6300799
EE4703,Digital Media Technologies,College of Design and Engineering,0.41888785,0.6562369,0.6300633
VCU3101,Visual Cultures: Capstone,Arts and Social Science,0.45728505,0.6356534,0.63005626
DTK1234,Design Thinking,College of Design and Engineering,0.42240405,0.63677704,0.63003457
BT3102,Computational Methods for Business Analytics,Computing,0.45315504,0.6378172,0.6299762
TIC4901,Independent Project,Cont and Lifelong Education,0.48376757,0.64691794,0.6298803
GEM1902,Junior Seminar,Residential College,0.47579744,0.6428269,0.629842
UTC1102,Junior Seminar,Residential College,0.47579744,0.6428269,0.629842
DSC3229,Independent Study in Ops & Supply Chain Mgt,NUS Business School,0.4826009,0.6431213,0.62983316
LAD4005,Topics in Landscape Architecture,College of Design and Engineering,0.41994634,0.66459966,0.629808
DAO1704,Decision Analytics using Spreadsheets,NUS Business School,0.44213888,0.64551145,0.62971556
DSC1704X,Decision Analytics using Spreadsheets,NUS Business School,0.44213888,0.64551145,0.62971556
DAO1704X,Decision Analytics using Spreadsheets,NUS Business School,0.44213888,0.64551145,0.62971556
DSC1704,Decision Analytics using Spreadsheets,NUS Business School,0.44213888,0.64551145,0.62971556
MLE2101,Introduction to Structure of Materials,College of Design and Engineering,0.44653738,0.6526258,0.6297014
CM4215,Bioinorganic Chemistry,Science,0.4162124,0.6398157,0.62968093
IS4402,Machine Learning with Unstructured Data,Computing,0.46307138,0.6465075,0.6296386
GL4880,Topics in Business and Transnational Cultures,Arts and Social Science,0.487351,0.6615735,0.6296261
GL4880HM,Topics in Business and Transnational Cultures,Arts and Social Science,0.487351,0.6615735,0.6296261
LL4211,International Public Monetary and Payment Systems Law,Law,0.4621427,0.6492575,0.6296223
MNO3325,CEOs as Leaders,NUS Business School,0.48396087,0.67802286,0.62961495
UTW2001K,"Public Memory, Identity and Rhetoric",Non-Faculty-based Departments,0.45892924,0.64421856,0.6296016
PR2152,Gastrointestinal System: Science & Therapeutics,Science,0.46647003,0.6435653,0.6295996
MUA3105,"Conducting, Directing and Coaching Musical Ensembles",YST Conservatory of Music,0.48405465,0.6344533,0.62958163
CH2293,Introduction to Chinese Art (taught in English),Arts and Social Science,0.43774208,0.6471108,0.6295169
NUR3202C,Research and Evidence-based Healthcare,Yong Loo Lin Sch of Medicine,0.4698753,0.6507021,0.62949705
HS2913,"Representing Live(s): Research, Performance and Stories",Arts and Social Science,0.45027012,0.695359,0.6294824
EC2205,Economic Analysis of Business,Arts and Social Science,0.43934056,0.6600327,0.62946033
IE4241,"Work, Technology And Organization",College of Design and Engineering,0.49825564,0.64420724,0.6293975
CG3201,Machine Learning and Deep Learning,Multi Disciplinary Programme,0.427436,0.63404536,0.62938565
ESE4401,Water & Wastewater Engineering 2,College of Design and Engineering,0.45129636,0.6329286,0.62938195
TCE4401,Water & Wastewater Engineering 2,Cont and Lifelong Education,0.45129636,0.6329286,0.62938195
GE3236,Transport and Communications,Arts and Social Science,0.48089254,0.641093,0.6293417
INT3203,Community Interpreting,Arts and Social Science,0.5008388,0.6328296,0.62933886
LSM4288E,Research Project in Life Sciences,Science,0.454274,0.6589841,0.6292793
LSM4288C,Research Project in Life Sciences,Science,0.454274,0.6589841,0.6292793
LSM4288M,Research Project in Life Sciences,Science,0.454274,0.6589841,0.6292793
LSM4288X,Research Project in Life Sciences,Science,0.454274,0.6589841,0.6292793
LAR2201,Arabic 2,Arts and Social Science,0.44399765,0.6428026,0.62926465
LC2010C,Legal Systems of Asia (C),Law,0.4585566,0.6366101,0.6292476
CH4206,Theoretical Issues in Chinese Grammar,Arts and Social Science,0.42562515,0.637158,0.6292459
CH4206HM,Theoretical Issues in Chinese Grammar,Arts and Social Science,0.42562515,0.637158,0.6292459
MUA4240,Collaborative Piano - Piano Ensemble,YST Conservatory of Music,0.4477551,0.6712805,0.62923956
CN3104,Computer-Aided Chemical Process Simulation,College of Design and Engineering,0.42174903,0.63655186,0.6291946
FIN4129,Advanced Independent Study in Finance,NUS Business School,0.46823117,0.633067,0.629185
FIN4751,Advanced Independent Study in Finance,NUS Business School,0.46823117,0.63306695,0.629185
SE3226,Hard at work: the changing face of labour in SEA,Arts and Social Science,0.50312996,0.63807636,0.62915695
SPH1904,Data Literacy for Healthcare,SSH School of Public Health,0.45862734,0.6401467,0.6291409
SPH1904C,Data Literacy for Healthcare,SSH School of Public Health,0.45862734,0.6401467,0.6291409
DSA4261A,Sense-making Case Analysis: Logistics,Science,0.47396454,0.64016885,0.6291362
MUA3154,Noon Recital Series 3B,YST Conservatory of Music,0.46959913,0.642599,0.62912637
MUA4175,AAS Final Project,YST Conservatory of Music,0.49041215,0.6559503,0.62911344
SP2718,Topics in Science (for GSSP),Science,0.4692282,0.6317116,0.62910223
LC2010F,Legal Systems of Asia (F),Law,0.46047655,0.63737273,0.62908864
PE4660EHM,Independent Study,Arts and Social Science,0.48827785,0.6370014,0.62906235
PE4660E,Independent Study,Arts and Social Science,0.48827785,0.6370014,0.62906235
ESE4405,Urban Water Engineering & Management,College of Design and Engineering,0.45635495,0.6353576,0.62904274
CS2251,Optimization and Regression,Computing,0.43568218,0.6538987,0.6290232
PS3262,Managing Non-Profit Organisations,Arts and Social Science,0.44979826,0.63028896,0.62900656
GL4880BHM,Globalisation and the Imagination of Work,Arts and Social Science,0.49461144,0.64439654,0.6289581
GL4880B,Globalisation and the Imagination of Work,Arts and Social Science,0.49461144,0.64439654,0.6289581
CM3288M,Advanced UROPS in Medicinal Chemistry I,Science,0.45638534,0.65066355,0.6289268
GE4226,Mobile Spaces: Making Social Worlds,Arts and Social Science,0.48325756,0.63474756,0.62889403
GE4226HM,Mobile Spaces: Making Social Worlds,Arts and Social Science,0.48325756,0.63474756,0.62889403
SC2217,Travel Matters,Arts and Social Science,0.46472776,0.6331689,0.6288844
NUR4101B,Evidence-based Health Care Practice,Yong Loo Lin Sch of Medicine,0.45040601,0.64155185,0.6288555
CN2116,Chemical Kinetics & Reactor Design,College of Design and Engineering,0.44227266,0.63354707,0.6288506
ME3211,Mechanics Of Solids,College of Design and Engineering,0.45724246,0.64934784,0.6288212
SE4220HM,Special Studies on Southeast Asia,Arts and Social Science,0.4430999,0.64938116,0.6288147
SE4220,Special Studies on Southeast Asia,Arts and Social Science,0.4430999,0.64938116,0.6288147
CH3294,Science and Medicine in China (in English),Arts and Social Science,0.44177952,0.6481348,0.6288026
DSE4101,Capstone Project in Data Science and Economics I,Science,0.45132867,0.6442463,0.6287924
EL4880DHM,Experimental Syntax,Arts and Social Science,0.4612173,0.64256257,0.62877554
EL4880D,Experimental Syntax,Arts and Social Science,0.4612173,0.64256257,0.62877554
RE3805,Corporate Investment in Real Estate,NUS Business School,0.45180514,0.64764655,0.62876016
YSC2224,Accelerated Organic Chemistry,Yale-NUS College,0.45018807,0.6447475,0.6287574
PR4151,Leading the Future of Pharmacy,Science,0.46950024,0.63741267,0.62864435
GE3238,GIS Design and Practices,Arts and Social Science,0.46692875,0.6361624,0.6285981
PC3288R,Advanced UROPS in Physics I (REx),Science,0.4752222,0.65068024,0.62859774
LL4278V,Trade and Investment Law in the Asia-Pacific,Law,0.45372453,0.6394279,0.6285954
YSC3265,Human Physiology,Yale-NUS College,0.45514002,0.6385823,0.62858427
TME2135,Fluid Mechanics II,Cont and Lifelong Education,0.46111476,0.66375095,0.62854815
EE3702,Electronic Gaming,College of Design and Engineering,0.46651995,0.63946855,0.62851334
AR1327,Structural Principles,College of Design and Engineering,0.4461696,0.64074016,0.62851065
JS3228,Japan on the Move,Arts and Social Science,0.49840817,0.6433961,0.6285051
GEM1036,Globalisation and New Media,Arts and Social Science,0.470855,0.6430258,0.6284863
GEC1000,Globalisation and New Media,Arts and Social Science,0.470855,0.6430258,0.6284863
LL4002,Admiralty Law & Practice,Law,0.4526557,0.66840845,0.6284833
LL4002V,Admiralty Law & Practice,Law,0.4526557,0.66840845,0.6284833
SC4883,Selected Topics in Law and Justice,Arts and Social Science,0.4632097,0.6401212,0.6284658
SC4883HM,Selected Topics in Law and Justice,Arts and Social Science,0.4632097,0.6401212,0.6284658
UTC3400,Independent Study,Residential College,0.48238203,0.6413171,0.6284423
IE3105,Fundamentals of Systems Engineering and Architecture,College of Design and Engineering,0.45181695,0.6344825,0.6284236
FDP2022,Special Physics Class 3,Science,0.47116345,0.64137876,0.62841976
CS3103,Computer Networks Practice,Computing,0.43362558,0.6481819,0.62838936
PLS8005,Elevating Interpersonal Communication,Arts and Social Science,0.48908326,0.633195,0.6283864
TCN2116,Chemical Kinetics And Reactor Design,Cont and Lifelong Education,0.43873817,0.64842135,0.62838584
ENV3104,Socio-Ecological Assessment of Environmental Impacts,Science,0.43663308,0.6455682,0.62836957
MUA4540,Collaborative Piano - Piano Ensemble 6,YST Conservatory of Music,0.44953704,0.6699524,0.6283662
SC4225,The Sociology of Cities and Development Planning in Asia,Arts and Social Science,0.49261585,0.6379384,0.6283514
SC4225HM,The Sociology of Cities and Development Planning in Asia,Arts and Social Science,0.49261585,0.6379384,0.6283514
GESS1009,The Evolution of a Global City-State,Arts and Social Science,0.45538482,0.6539634,0.6282836
LL4307,EU Maritime Law,Law,0.42457038,0.6540821,0.62822163
UIS4911SC,Independent Study Module,Arts and Social Science,0.48447278,0.633425,0.62819856
PHS1111,Fundamental Biochemistry for Pharmaceutical Science,Science,0.43609065,0.6502991,0.62819326
SW3101,Evidence with Empathy: Social Work Research Methods,Arts and Social Science,0.43937513,0.63996625,0.6281866
LL4272,International Financial System: Law and Practice,Law,0.4526938,0.63621366,0.6281692
BN3501,Equilibrium and Kinetic Bioprocesses,College of Design and Engineering,0.4278733,0.6528981,0.6281179
NHS2030,Singapore: The Making Of A Nation,NUS College,0.44304538,0.63973945,0.6281029
NHS2029,Globalizing Asian-Pacific Identities,NUS,0.48105645,0.6372738,0.62810105
GES1030,Singapore and the Sea,Arts and Social Science,0.4630403,0.6373821,0.6280939
GESS1035,Singapore and the Sea,Arts and Social Science,0.4630403,0.6373821,0.6280939
NUR1110A,Communication and Cultural Diversity,Yong Loo Lin Sch of Medicine,0.44803798,0.64540386,0.62808734
MNO4752,Adv Independent Study in Leadership & Human Capital Mgt (2 MC),NUS Business School,0.49178603,0.6397414,0.6280656
RVC2000,Culture and Sustainability in Southeast Asia,Residential College,0.46738917,0.65118134,0.6280516
PC1346,A Basic Introduction to Medical Physics,Science,0.4338615,0.63294727,0.62805116
LL4094,The Pro Bono Family Law Litigation Clinic,Law,0.45555055,0.6483908,0.6280462
LL4094V,The Pro Bono Family Law Litigation Clinic,Law,0.45555055,0.6483909,0.6280462
DSA4263,Sense-making Case Analysis: Business and Commerce,Science,0.46591887,0.6346444,0.62804186
EC4372HM,Technology and Innovation,Arts and Social Science,0.47788823,0.6367818,0.62798464
EC4372,Technology and Innovation,Arts and Social Science,0.47788823,0.6367818,0.62798464
CS3282,Thematic Systems Project II,Computing,0.47461373,0.6351044,0.6279821
EE4131,Random Signals,College of Design and Engineering,0.4561995,0.6786537,0.6279782
LL4352V,China and International Economic Law,Law,0.47095507,0.64278036,0.6279709
LL4352,China and International Economic Law,Law,0.47095507,0.64278036,0.6279709
LL4032V,International Investment Law,Law,0.45750535,0.63622963,0.6279599
RE4701,Real Estate Development,NUS Business School,0.4579183,0.6364323,0.6279534
MD2140,Body Systems in Health and Diseases II,Yong Loo Lin Sch of Medicine,0.45939836,0.62902987,0.62793434
CH1101S,Retelling Chinese Stories: Change and Continuity,Arts and Social Science,0.46289822,0.63281846,0.62787277
MUA4161,Advanced Studies on Principal Instrument,YST Conservatory of Music,0.43573177,0.64951086,0.6278721
GESS1006,Ethnicity and Nation-Building: Singapore and Malaysia,Arts and Social Science,0.4636594,0.64733404,0.62786585
GEM1051,Ethnicity and Nation-Building: Singapore and Malaysia,Arts and Social Science,0.4636594,0.64733404,0.62786585
GES1008,Ethnicity and Nation-Building: Singapore and Malaysia,Arts and Social Science,0.4636594,0.64733404,0.62786585
LL4094E,The Capital Offences Criminal Litigation Clinic,Law,0.48742405,0.637263,0.6278378
LL4094EV,The Capital Offences Criminal Litigation Clinic,Law,0.48742405,0.637263,0.6278378
MUA3225,Early Advanced Keyboard Studies,YST Conservatory of Music,0.42231193,0.6745138,0.6278257
DSE3101,Practical Data Science for Economics,Science,0.45047215,0.6780303,0.6278033
EC3386,Port Economics,Arts and Social Science,0.46129832,0.66177064,0.6277822
MNO3318,Creativity and Innovation Management,NUS Business School,0.48523757,0.6392641,0.62774736
PS4205,Contemporary Politics of Southeast Asia,Arts and Social Science,0.48757842,0.6479722,0.6277234
PS4205HM,Contemporary Politics of Southeast Asia,Arts and Social Science,0.48757842,0.6479722,0.6277234
LL4288V,"Business, International Commerce and the European Union",Law,0.47388864,0.6410198,0.6276968
TEE4001,BTech Dissertation,Cont and Lifelong Education,0.45229876,0.6387626,0.62769043
TE4001,BTech Dissertation,Cont and Lifelong Education,0.45229876,0.6387626,0.62769043
GEC1010,Clean Energy and Storage,Science,0.47187746,0.63850486,0.6276871
GEH1034,Clean Energy and Storage,Science,0.47187752,0.63850486,0.6276871
GEH1001,Globalisation and New Media,Arts and Social Science,0.47079054,0.6428516,0.62768126
UTC1114,Junior Seminar From the Fire to the Frying Pan: Cooking and Eating in Human Culture(s),Residential College,0.45498148,0.633559,0.62756896
MNO3313H,TIHMC: Negotiations and Bargaining,NUS Business School,0.50393355,0.6303052,0.6275508
LL4358Z,ICC Arbitration,Law,0.4587784,0.6552477,0.6275317
MUA2229,Music and Health,YST Conservatory of Music,0.45077118,0.6343698,0.627509
SPH1901,Socio-ecological Determinants of Health,SSH School of Public Health,0.4414411,0.64926124,0.6275007
SPH1901C,Socio-ecological Determinants of Health,SSH School of Public Health,0.4414411,0.64926124,0.6275007
LA4701,MLA Studio: Quarter,College of Design and Engineering,0.45513004,0.6490466,0.6274842
MA3252,Linear and Network Optimisation,Science,0.48510668,0.6436997,0.62746984
MUA1154,Noon Recital Series 1B,YST Conservatory of Music,0.4723196,0.6380102,0.6274169
YHU2310,A Reporters Toolbox: The Practice of Daily Journalism,Yale-NUS College,0.46892554,0.6530972,0.6274045
NSW2001H,Understanding the Social World: Singapore & Beyond,NUS College,0.4596344,0.6438495,0.6273797
NSW2001G,Understanding the Social World: Singapore & Beyond,NUS College,0.4596344,0.6438495,0.6273797
NSW2001F,Understanding the Social World: Singapore & Beyond,NUS College,0.4596344,0.6438495,0.6273797
NSW2001E,Understanding the Social World: Singapore & Beyond,NUS College,0.4596344,0.6438495,0.6273797
NSW2001I,Understanding the Social World: Singapore & Beyond,NUS College,0.4596344,0.6438495,0.6273797
NSW2001J,Understanding the Social World: Singapore & Beyond,NUS College,0.4596344,0.6438495,0.6273797
NSW2001L,Understanding the Social World: Singapore & Beyond,NUS College,0.4596344,0.6438495,0.6273797
NSW2001M,Understanding the Social World: Singapore & Beyond,NUS College,0.4596344,0.6438495,0.6273797
NSW2001D,Understanding the Social World: Singapore & Beyond,NUS College,0.4596344,0.6438495,0.6273797
NSW2001K,Understanding the Social World: Singapore & Beyond,NUS College,0.4596344,0.6438495,0.6273797
NSW2001A,Understanding the Social World: Singapore & Beyond,NUS College,0.4596344,0.6438495,0.6273797
NSW2001C,Understanding the Social World: Singapore & Beyond,NUS College,0.4596344,0.6438495,0.6273797
NSW2001B,Understanding the Social World: Singapore & Beyond,NUS College,0.4596344,0.6438495,0.6273797
NSW2001,Understanding the Social World: Singapore & Beyond,NUS College,0.4596344,0.6438495,0.6273797
CG1111A,Engineering Principles and Practice I,Multi Disciplinary Programme,0.44950944,0.63780177,0.6273712
CM4241,Trace Analysis,Science,0.415045,0.64137435,0.6273478
CH3881,Topics in Chinese Literature 1,Arts and Social Science,0.4430907,0.64472395,0.62732124
RE4807,Real Estate Risk Analysis and Management,NUS Business School,0.43376148,0.63468623,0.62729895
IS4242,Intelligent Systems and Techniques,Computing,0.4857644,0.6291565,0.62729204
UTC2409,Understanding Communities: Theory & Practice,Residential College,0.46604592,0.6420144,0.62726223
UTS2407,Understanding Communities: Theory & Practice,Residential College,0.46604592,0.6420144,0.62726223
IS4261,Designing AI-driven Business Innovations,Computing,0.4369156,0.6389037,0.6272472
TEE3331,Feedback Control Systems,Cont and Lifelong Education,0.4473328,0.64179933,0.6272439
EE3331E,Feedback Control Systems,Cont and Lifelong Education,0.4473328,0.64179933,0.6272439
EE3331C,Feedback Control Systems,College of Design and Engineering,0.4473328,0.64179933,0.6272439
SW2106,Unleashing the Power of Social Group Work Practice,Arts and Social Science,0.47519714,0.64698184,0.6272438
RVSS1004,Uniquely Singapore: Regardless of Race,Residential College,0.4549521,0.6271675,0.62716734
MS3211,Political Culture of the Malays,Arts and Social Science,0.4883766,0.64308685,0.6271409
ME2114,Mechanics of Materials,College of Design and Engineering,0.44521508,0.64198107,0.6271211
PL3283C,Lab in Early Childhood Development,Arts and Social Science,0.41927904,0.6309418,0.627121
CH4203HM,Chinese Dialectology,Arts and Social Science,0.4301478,0.6348336,0.6271126
CH4203,Chinese Dialectology,Arts and Social Science,0.4301478,0.6348336,0.6271125
LL4511V,Contract Interpretation,Law,0.46015793,0.6307814,0.6270542
LL4511,Contract Interpretation,Law,0.46015793,0.6307814,0.6270542
TEE2027,Electronic Circuits,Cont and Lifelong Education,0.4356954,0.6590054,0.627027
YHU3286,Living & Dying as Japanese in WWII Anime and Drama,Yale-NUS College,0.46116605,0.63503546,0.62697804
PS2248,Chinese Politics,Arts and Social Science,0.45691952,0.6544825,0.626964
UTC2407,Work and Inequality,Residential College,0.5202724,0.63300705,0.62694323
UTS2405,Work and Inequality,Residential College,0.5202724,0.63300705,0.62694323
RE3903,GIS for Real Estate,NUS Business School,0.45497698,0.650984,0.6269361
DSA4266B,Sense-making Case Analysis: Technology,Science,0.44848922,0.64512646,0.62693167
MUA2154,Noon Recital Series 2B,YST Conservatory of Music,0.4712838,0.6438501,0.6269196
GEM2905X,Singapore as ‘Model’ City?,Residential College,0.46064523,0.6442387,0.6269193
MUA4162,Senior Recital - Instrumental Performance Capstone,YST Conservatory of Music,0.45141068,0.64761806,0.6269136
BN2103,Bioengineering Design Workshop,College of Design and Engineering,0.4306075,0.6514077,0.6269128
PC3295,Radiation for Imaging and Therapy in Medicine,Science,0.42850363,0.63251287,0.62688136
LL4540,Transnational Wealth Management Law,Law,0.45286474,0.63164586,0.6267682
LL4540V,Transnational Wealth Management Law,Law,0.45286474,0.63164586,0.6267682
SC2224,Visual Anthropology Field-School,Arts and Social Science,0.45308834,0.6350619,0.62672436
CH2272,Introduction to Chinese Art (taught in Chinese),Arts and Social Science,0.43161926,0.640609,0.6267184
GEN2007,Resilience in Restoration,Arts and Social Science,0.45870784,0.64543885,0.6266834
LL4094GV,The NUS CPBCLE Start Up Clinic,Law,0.48421657,0.6295715,0.6266825
LL4094G,The NUS CPBCLE Start Up Clinic,Law,0.48421657,0.6295715,0.6266825
MUA4340,Collaborative Piano - Piano Ensemble 4,YST Conservatory of Music,0.44882184,0.66578037,0.62668175
SW3206,Gender Issues in Social Work Practice,Arts and Social Science,0.43723026,0.64193743,0.62665915
LSM3226,Medical Mycology and Drug Discovery,Yong Loo Lin Sch of Medicine,0.45118645,0.6642139,0.62665665
SN3277,South Asia:Field Studies,Arts and Social Science,0.48285154,0.6399571,0.6265694
LSM3254,Ecology of Aquatic Environments,Science,0.45016584,0.6452316,0.62656295
LSM4228,Experimental Models for Human Disease and Therapy,Science,0.42884538,0.64275163,0.6265561
GE4218HM,Interpreting Tourism Spaces and Cultures,Arts and Social Science,0.47820678,0.63487816,0.62655526
GE4218,Interpreting Tourism Spaces and Cultures,Arts and Social Science,0.47820678,0.63487816,0.62655526
CS2100DE,Computer Organisation,College of Design and Engineering,0.48581007,0.63106966,0.6265508
BN4701,Serious Games for Health,College of Design and Engineering,0.47294343,0.6334958,0.62653315
TR4049N,Seminars in Entrepreneurship - Lean Startup: Market Validation,Non-Faculty-based Departments,0.48420334,0.62649894,0.62649894
TR4049T,Seminars in Entrepreneurship - Lean Startup: Market Validation,Non-Faculty-based Departments,0.48420334,0.62649894,0.62649894
TR4049S,Seminars in Entrepreneurship - Lean Startup: Market Validation,Non-Faculty-based Departments,0.48420334,0.62649894,0.62649894
GE4225,Young People and Children: Global Perspectives,Arts and Social Science,0.45225593,0.6348437,0.62649536
GE4225HM,Young People and Children: Global Perspectives,Arts and Social Science,0.45225593,0.6348437,0.62649536
SC4880BHM,Advanced Sociological Analysis of Singapore Society,Arts and Social Science,0.46121845,0.6391717,0.6264494
TME3211,Mechanics of Solids,Cont and Lifelong Education,0.44958183,0.64162,0.6264328
LL4229,Corporate Governance in the US and UK,Law,0.45901796,0.63168025,0.62643087
MNO2707C,Business Ethics,NUS Business School,0.441157,0.63115793,0.6263978
MNO2707A,Business Ethics,NUS Business School,0.441157,0.63115793,0.6263978
MNO2707,Business Ethics,NUS Business School,0.441157,0.63115793,0.6263978
MNO2707B,Business Ethics,NUS Business School,0.441157,0.63115793,0.6263978
LAT1201,Thai 1,Arts and Social Science,0.45079848,0.6459352,0.626382
YHU2300,Exhibitions and the Sites of Display,Yale-NUS College,0.4394594,0.6555086,0.626377
YCT1203,Resilience and Success In Your College Experience,Yale-NUS College,0.45319065,0.62635255,0.62635255
PS4344HM,Artificial Intelligence and Public Policy,Arts and Social Science,0.43932125,0.6349151,0.6263371
PS4344,Artificial Intelligence and Public Policy,Arts and Social Science,0.43932125,0.6349151,0.6263371
SC3230,Civil Society and Civic Engagement,Arts and Social Science,0.4429533,0.63435656,0.62632936
MUA3204,Conducting Contemporary Instrumental Music,YST Conservatory of Music,0.46328822,0.6382508,0.6262658
ESE3101,Resource Management and Circular Economy,College of Design and Engineering,0.46967793,0.6454407,0.6262363
JS2230,Itadakimasu - Food In Japan,Arts and Social Science,0.45188567,0.6416373,0.6262196
CN3103,Mass Transfer and Separation Processes,College of Design and Engineering,0.444429,0.6319288,0.6261962
MUA2161,Advanced Juried Performance Presentation,YST Conservatory of Music,0.44942927,0.65306085,0.626181
PL3286,Lab in Health Psychology,Arts and Social Science,0.44198167,0.6524367,0.62613314
YSC2236,Microbiomes,Yale-NUS College,0.4365584,0.69882375,0.6261207
RE3705,Urban Planning,NUS Business School,0.47293544,0.63438576,0.6261072
ENV3101,Environmental Challenges in Asia,Science,0.46210313,0.66875476,0.6261023
EE2020,Digital Fundamentals,College of Design and Engineering,0.42212445,0.63574874,0.62609994
NST2043,In Search of Soulmate,NUS College,0.4641651,0.6594045,0.62609065
DSA4262,Sense-making Case Analysis: Health and Medicine,Science,0.44906512,0.64993507,0.6260743
MLE4101N,B.Eng Dissertation,College of Design and Engineering,0.43409923,0.64368755,0.6260361
HSI2013,The Science of Music,Science,0.41972542,0.63018715,0.6260313
CG3002,Embedded Systems Design Project,Multi Disciplinary Programme,0.42973882,0.65017486,0.6260277
BMI2106,Introduction to Clinical Decision Support Systems,Yong Loo Lin Sch of Medicine,0.44058618,0.63335234,0.62602156
MS2213,Families and Households - Lived Experiences,Arts and Social Science,0.4832964,0.6406274,0.62601167
CS2105,Introduction to Computer Networks,Computing,0.44348443,0.6389173,0.62598926
THE1003B,Appreciating Your Resilience at NUS,NUS,0.44340712,0.6275834,0.6259881
RW1001B,Appreciating Your Resilience at NUS,NUS,0.44340712,0.6275834,0.6259881
BN4207,Microrobotics,College of Design and Engineering,0.41651115,0.63807046,0.62598723
CE2003,"Energy, Environment and Economics",College of Design and Engineering,0.46967715,0.6300441,0.6259629
CS3234R,Logic and Formal Systems,Computing,0.4870545,0.6336128,0.62593937
GEM1912,Jr Sem : Special Topics,Residential College,0.46625096,0.6310502,0.6259292
CN3124A,Fluid-Particle Systems,College of Design and Engineering,0.43847194,0.6350938,0.6259282
MUA4154,Noon Recital Series 4B,YST Conservatory of Music,0.4691565,0.6417184,0.6258844
JS2880,Field Exposure Japan,Arts and Social Science,0.47696847,0.64214313,0.62588245
EE4204E,Computer Networks,Cont and Lifelong Education,0.44619974,0.64864707,0.62586594
TEE4204,Computer Networks,Cont and Lifelong Education,0.44619974,0.64864707,0.62586594
DSA3101,Data Science in Practice,Science,0.46431065,0.6576657,0.6257988
SC2101,Methods of Social Research,Arts and Social Science,0.45219782,0.6579516,0.62575096
EE2027,Electronic Circuits,College of Design and Engineering,0.44108307,0.6625704,0.6257452
YID4202,Environmental Research Paper,Yale-NUS College,0.44682828,0.6503299,0.6257336
MA4267,Discrete Time Finance,Science,0.44098976,0.64150876,0.6257244
SSA3203,Being Malays in Singapore,Arts and Social Science,0.45919243,0.6332332,0.62569845
PC3288,Advanced UROPS in Physics I,Science,0.46918413,0.63699895,0.6256982
ID2120,Social Design,College of Design and Engineering,0.4469067,0.6363485,0.6256888
GEC1008,Exploring Chinese Cinema: Shanghai‐Hong Kong‐Singapore,Arts and Social Science,0.44554508,0.6336291,0.6256863
MUA4301,Advanced Preparation in International Competition,YST Conservatory of Music,0.4818616,0.6334941,0.62567294
LAF1201,French 1,Arts and Social Science,0.4417581,0.64550084,0.6256611
MS3209,Being Malays in Singapore,Arts and Social Science,0.4570817,0.6395794,0.6256584
BT2101,Econometrics Modeling for Business Analytics,Computing,0.43269512,0.6366765,0.62560284
EC3333,Financial Economics I,Arts and Social Science,0.4147866,0.6374701,0.62556946
LL4064,Competition Law and Policy,Law,0.46395797,0.628966,0.62556666
LL4064V,Competition Law and Policy,Law,0.46395797,0.628966,0.62556666
MT4001,Innovation and Entrepreneurial Strategy,College of Design and Engineering,0.46407643,0.6579704,0.62552065
CM4237,Interfaces and the Liquid State,Science,0.45134184,0.6482377,0.62551075
YSS4227,Topics in Applied Econometrics,Yale-NUS College,0.44371942,0.6543244,0.62549365
UTS2106,Science Fiction and Hope,Residential College,0.44903898,0.6406927,0.6254846
UTC2106,Science Fiction and Hope,Residential College,0.44903898,0.6406927,0.6254846
AR4955,Topics in Architectural Design,College of Design and Engineering,0.41235533,0.6459342,0.6254606
MKT3751,Independent Study in Marketing,NUS Business School,0.47391874,0.6309504,0.62543124
MKT3429,Independent Study in Marketing,NUS Business School,0.47391874,0.6309504,0.62543124
SC4219,Social Origins and Consequences of Financial Crises,Arts and Social Science,0.48080605,0.6364102,0.62540805
SC4219HM,Social Origins and Consequences of Financial Crises,Arts and Social Science,0.48080605,0.6364102,0.62540805
SSD2213,Singapore Urban History & Architecture,College of Design and Engineering,0.43901056,0.6426867,0.6254064
GESS1011,Singapore Urban History & Architecture,College of Design and Engineering,0.43901056,0.6426867,0.6254064
MUA3227,Collaboratory B,YST Conservatory of Music,0.45853823,0.63606757,0.6253114
EG2620,Engineering Co-Op Immersion Programme II,College of Design and Engineering,0.4922698,0.62819725,0.6252988
MUA4179,Final Project,YST Conservatory of Music,0.47905686,0.63509417,0.62525487
LL4536V,IP Commercialisation,Law,0.48406726,0.6328344,0.62524587
LL4536,IP Commercialisation,Law,0.48406726,0.6328344,0.62524587
LAR4201,Arabic 5,Arts and Social Science,0.46752042,0.64080894,0.62522346
LAR4201HM,Arabic 5,Arts and Social Science,0.46752042,0.64080894,0.62522346
XFS4199C,Integrated Honours Project,Science,0.44656187,0.6713997,0.6252225
HS1501,Artificial Intelligence and Society,Science,0.4499155,0.6299266,0.6252206
EE4312,Artificial Neural Networks,College of Design and Engineering,0.43040624,0.63738096,0.6252204
EC4333,Financial Economics II,Arts and Social Science,0.4309768,0.639334,0.62519747
EC4333HM,Financial Economics II,Arts and Social Science,0.4309768,0.639334,0.62519747
NST2069,Soft Sides of Software,NUS College,0.47062987,0.6346803,0.6251877
MT2001,Experiencing Engineering Leadership,College of Design and Engineering,0.46125513,0.64189637,0.62515706
EE2029,Introduction to Electrical Energy Systems,College of Design and Engineering,0.42635986,0.6388083,0.6251017
CS3247,Game Development,Computing,0.44850376,0.65215343,0.62508774
YHU3377,The Document in Image-Making,Yale-NUS College,0.4422142,0.63012624,0.62505794
BN3401,Biomedical Electronics & Systems,College of Design and Engineering,0.41746238,0.67305595,0.6250279
BN1102,Engineering Principles and Practice II,College of Design and Engineering,0.43962732,0.66811395,0.62502307
CS4220R,Knowledge Discovery Methods in Bioinformatics,Computing,0.45803583,0.65257704,0.6250121
NEX3002S,GEx Stockholm,NUS College,0.45446426,0.6396003,0.6250037
DSA4262B,Sense-making Case Analysis: Medicine,Science,0.44501823,0.6496052,0.62500274
DSC4229,Advanced Independent Study in Ops & Supply Chain Mgt,NUS Business School,0.49297667,0.634051,0.6249641
UTW1001W,The Online Politician: The Use of Social Media in Political Communication,Non-Faculty-based Departments,0.4218244,0.65442336,0.62495774
ESE4407,Environmental Forensics,College of Design and Engineering,0.44013983,0.64668435,0.62492836
MA3289,Advanced UROPS in Mathematics II,Science,0.48527834,0.6475944,0.624917
SP2251,Science at the Nanoscale,Science,0.42071265,0.6367857,0.6248853
LAT4204HM,Thai for Academic Purposes,Arts and Social Science,0.46461937,0.6310366,0.62486804
LAT4204,Thai for Academic Purposes,Arts and Social Science,0.46461937,0.6310366,0.62486804
ACC3711,Managerial Planning and Control,NUS Business School,0.49703556,0.63405466,0.62484443
TIC1002,Introduction to Computing and Programming II,Cont and Lifelong Education,0.44861892,0.6294637,0.62482345
LL4235,International Contract Law: Principles and Practice,Law,0.458275,0.6360527,0.62480086
LL4235V,International Contract Law: Principles and Practice,Law,0.458275,0.6360527,0.62480086
MUA4178,MS / MCP Capstone Project,YST Conservatory of Music,0.45907286,0.62946963,0.6248008
RB3301,Introduction to Machine Intelligence,College of Design and Engineering,0.41199127,0.664644,0.6247789
LL4096V,International Trademark Law and Policy,Law,0.48828024,0.6499257,0.62475955
IE4251,Process Analysis and Redesign,College of Design and Engineering,0.4685943,0.6471704,0.62475264
RB4101A,B.Eng. Dissertation,College of Design and Engineering,0.44158018,0.63926625,0.6247524
NUR4102B,Consolidated Clinical Practice,Yong Loo Lin Sch of Medicine,0.4529418,0.6359043,0.62469566
BT2102,Data Management and Visualisation,Computing,0.47836933,0.630353,0.6246637
EE3104C,Introduction to RF and Microwave Systems & Circuits,College of Design and Engineering,0.40485102,0.67567545,0.6246604
NM2101,Theories of Communications and New Media,Arts and Social Science,0.4359544,0.64118993,0.62465036
MUA3121,Junior Recital in Collaborative Piano,YST Conservatory of Music,0.4394321,0.64643276,0.6246174
CM3267,Computational Thinking and Programming in Chemistry,Science,0.44792557,0.63431627,0.6246171
CS3231,Theory of Computation,Computing,0.44017324,0.63321984,0.62461215
YSS3244,"Labour Economics: Work, Human Capital, and Income Inequality",Yale-NUS College,0.482746,0.6587689,0.6246039
CL3205,Topics on Chinese Linguistics II,Arts and Social Science,0.41857958,0.6342813,0.6245947
CS4220,Knowledge Discovery Methods in Bioinformatics,Computing,0.43327233,0.631396,0.62453425
ME3211E,Mechanics of Solids,Cont and Lifelong Education,0.45366356,0.6426993,0.624525
MNO4313E,SIMHC: Managerial and Organisational Cognition,NUS Business School,0.5118548,0.631859,0.62450576
LL4035V,Taxation Issues in Cross-Border Transactions,Law,0.4826591,0.63298976,0.62450427
LL4035,Taxation Issues in Cross-Border Transactions,Law,0.4826591,0.63298976,0.62450427
CDE1301C,Dominating the Battlefield: Fundamentals of Combat Robotics,College of Design and Engineering,0.4393925,0.6424711,0.62447256
BN4404,Bioelectromechanical Systems - Biomems,College of Design and Engineering,0.4188414,0.6422744,0.62436134
NUR2204C,Women and Children Health,Yong Loo Lin Sch of Medicine,0.45657066,0.65269756,0.6243605
CM2142,Analytical Chemistry 1,Science,0.43571648,0.65105444,0.6243539
ST3288,Advanced UROPS in Statistics & Applied Probability I,Science,0.46640533,0.6281265,0.6243473
UTC2410,Building Communities: Exploring Global Connections,Residential College,0.47668937,0.6377673,0.62433386
YHU3344,Theatre-Making Laboratory,Yale-NUS College,0.44480553,0.63580406,0.62433136
YSS3297,“Green” Cities and Urban Natures,Yale-NUS College,0.461695,0.6647903,0.6242989
FST3205,Current Topics in Health and Nutrition,Science,0.43846923,0.63154954,0.62429035
EE4603,Biomedical Imaging Systems,College of Design and Engineering,0.4266091,0.63421553,0.6242754
UTC2711,Heavenly Mathematics and Cultural Astronomy,Residential College,0.4618477,0.67966837,0.6242685
RE3703,Advanced Real Estate Economics,NUS Business School,0.45096588,0.6586114,0.62423533
DSA4263B,Sense-making Case Analysis: Commerce,Science,0.4690869,0.6374186,0.6242329
MUA1161,Foundational Studies on Principal Instrument,YST Conservatory of Music,0.44083083,0.6644176,0.624232
HY3250,Approaches to Singapore History,Arts and Social Science,0.43175298,0.67400026,0.62422246
YSC3233,Cell Biology,Yale-NUS College,0.44994235,0.6498665,0.6242076
UTC2119,Maps: Portraying Space as Place,Residential College,0.46949053,0.6307505,0.62418723
CG2028,Computer Organization,Multi Disciplinary Programme,0.4675682,0.63740885,0.6241833
BN2111,Biomedical Engineering Principles and Practice II,College of Design and Engineering,0.43857494,0.674603,0.6241616
CL3202,Chinese Lexicology,Arts and Social Science,0.45029438,0.6330233,0.6241507
NUR3504,Chronic Disease Management,Yong Loo Lin Sch of Medicine,0.43358168,0.6289773,0.6241139
LL4526,Japanese Law,Law,0.46215644,0.6315876,0.62409574
IS4204,IT Governance,Computing,0.42242315,0.6651158,0.6240908
MKT4415L,SIM: Disruption and Marketing,NUS Business School,0.46178877,0.63078755,0.6240867
MKT4761F,SIM: Disruption and Marketing,NUS Business School,0.46178877,0.63078755,0.6240866
HS2920,Transition to Clean and Just Energy,Arts and Social Science,0.44232377,0.66693765,0.6240839
MUA4181,Professional Concepts in Orchestral Repertoire,YST Conservatory of Music,0.47790974,0.6481253,0.62407625
JS3213,Alternative Lives in Contemporary Japan,Arts and Social Science,0.4728877,0.6360692,0.62404287
EE4305,Fuzzy/Neural Systems for Intelligent Robotics,College of Design and Engineering,0.43075034,0.6516018,0.62403506
UTC1402,Jr Sem: Pathways to Adulthood,Residential College,0.48703772,0.624146,0.62402165
LSM4255,Methods in Mathematical Biology,Science,0.40434748,0.6350462,0.6239985
LL4218V,Asian Legal Studies Colloquium,Law,0.4612268,0.6319108,0.6239742
BN4301,Principles Of Tissue Engineering,College of Design and Engineering,0.4622349,0.63518345,0.62394494
LC2008H,Company Law (H),Law,0.47987625,0.6679503,0.6238818
ST2288,Basic UROPS in Statistics and Applied Probability I,Science,0.4622842,0.629181,0.6238591
CDE4301A,Ideas to Start-up,College of Design and Engineering,0.46990475,0.63995314,0.62385553
TCE2134,Hydraulics,Cont and Lifelong Education,0.44463563,0.686608,0.6238471
TS2241,Writing the Short Film,Arts and Social Science,0.41138372,0.6833184,0.6238469
SPH2005,"Health, Society and the Social Determinants",SSH School of Public Health,0.4356996,0.6397891,0.62384665
YSS3269,Water and Waste in Urban Environments,Yale-NUS College,0.4833177,0.6282886,0.6238319
CP2107,Independent Introduction to CS Research (Odyssey),Computing,0.4489088,0.63281393,0.62382877
DSA4266,Sense-making Case Analysis: Science and Technology,Science,0.4443542,0.63923335,0.6238212
CFA3101B,Performing Arts in Practice (Dance) 3,YST Conservatory of Music,0.4791469,0.6327412,0.62377924
SW4213,Power of Connection: Social Networks and Social Support,Arts and Social Science,0.46529663,0.6374601,0.6237713
SW4213HM,Power of Connection: Social Networks and Social Support,Arts and Social Science,0.46529663,0.6374601,0.6237713
SE4101,Southeast Asia Studies: Theory and Practice,Arts and Social Science,0.4664126,0.63284713,0.6237546
SE4101HM,Southeast Asia Studies: Theory and Practice,Arts and Social Science,0.4664126,0.63284713,0.6237546
CM4282,Energy Resources,Science,0.45298174,0.63822407,0.623753
HS2901,"Music, Mathematics, and Code",Arts and Social Science,0.4400399,0.65217423,0.62374604
SC4881,Selected Topics in Health & Society,Arts and Social Science,0.4262642,0.6476893,0.6237072
SC4881HM,Selected Topics in Health & Society,Arts and Social Science,0.4262642,0.6476893,0.6237072
EE4602,Bioelectronics,College of Design and Engineering,0.4294698,0.62605697,0.62369806
CH3243S,Chinese Cultural History,Arts and Social Science,0.4257149,0.63613725,0.6236177
CH3243,Chinese Cultural History,Arts and Social Science,0.4257149,0.63613725,0.6236177
LL4044,Mediation,Law,0.474562,0.66005766,0.6235855
LL4044V,Mediation,Law,0.474562,0.66005766,0.6235855
YSS4231,Parenting and Child Development,Yale-NUS College,0.46809086,0.6270678,0.62356555
LL4204,Islamic Finance Law,Law,0.45358545,0.63404,0.6235577
PC1421,Physics for Life Sciences,Science,0.43843874,0.6435118,0.6235552
CS2220R,Introduction to Computational Biology,Computing,0.46663773,0.63391846,0.62354404
BSS4761,Special Seminars in Business,NUS Business School,0.4797472,0.63505656,0.62353647
HY2242,Singapore's Military History,Arts and Social Science,0.44450676,0.6755798,0.6235274
SSA2208,Singapore's Military History,Arts and Social Science,0.44450676,0.6755798,0.6235274
YSC2235,Field Research,Yale-NUS College,0.43084574,0.64429945,0.62349784
MUA3133,Compositional Discourse,YST Conservatory of Music,0.4594571,0.6301179,0.62346935
PL3257,Introduction to Clinical Psychology,Arts and Social Science,0.44606397,0.643853,0.6234541
LL4400,Biomedical Law & Ethics,Law,0.4423644,0.6487144,0.62340754
MA3227,Numerical Analysis II,Science,0.44137004,0.63579035,0.62338054
LL4029,International Commercial Arbitration,Law,0.47573832,0.64900184,0.62335825
LL4029AV,International Commercial Arbitration,Law,0.47573832,0.64900184,0.62335825
LL4029V,International Commercial Arbitration,Law,0.47573832,0.64900184,0.62335825
LSM3267,Behavioural Biology,Science,0.44602764,0.6433937,0.62334394
CS3245R,Information Retrieval,Computing,0.48533812,0.6423591,0.6233377
MIH2201,Barriers to Health,Yong Loo Lin Sch of Medicine,0.448009,0.6432514,0.6233304
FST2201,Introduction to Human Nutrition,Science,0.4548086,0.62358123,0.6233188
PR2156,Integumentary & Ocular Systems: Science and Therapeutics,Science,0.43614355,0.645388,0.62329406
EG1611,Engineering Co-Op Immersion Programme I,College of Design and Engineering,0.48933622,0.63694674,0.6232044
UTC1801,Artificial Truth,Residential College,0.4379607,0.63946193,0.6231993
SPH2203,"Food Environments, Nutrition & Health: Understanding Key Drivers, Actors and Solutions",SSH School of Public Health,0.4845039,0.6235506,0.6231913
YSS3266,Social and Behavioural Foundations of Health,Yale-NUS College,0.4401811,0.63757753,0.6231507
EE4308,Autonomous Robot Systems,College of Design and Engineering,0.3976366,0.6586491,0.62315017
MUA2175,AAS Project 1,YST Conservatory of Music,0.4794927,0.640367,0.6231471
IS4302,Blockchain and Distributed Ledger Technologies,Computing,0.43391216,0.6468265,0.62314504
RE3803,Strategic Asset Management,NUS Business School,0.45554468,0.64021385,0.62314284
NM4102,Advanced Communications & New Media Research,Arts and Social Science,0.4586449,0.63253313,0.6231204
NM4102HM,Advanced Communications & New Media Research,Arts and Social Science,0.4586449,0.63253313,0.6231204
CH4248,China Transnational: 1850 to the Present,Arts and Social Science,0.44127434,0.6314743,0.6231094
NHS2098,Regeneration: Paradigm & Practice for Planetary Health,NUS College,0.44496349,0.63447446,0.623094
CH2242,A Global Perspective on Chinese Identities,Arts and Social Science,0.46370432,0.6319554,0.62300766
ST4262,Special Topics II,Science,0.48101953,0.63130146,0.62295246
TRA2111,Introduction to Translation and Interpreting,Arts and Social Science,0.4610353,0.64126277,0.6229439
CS2107,Introduction to Information Security,Computing,0.4341779,0.63531506,0.62288207
TIC2301,Introduction to Information Security,Cont and Lifelong Education,0.4341779,0.63531506,0.62288207
NTW2026,Religion in Public Life,NUS College,0.4738203,0.6286585,0.62285936
TSC3226,Transportation Management,Cont and Lifelong Education,0.44157785,0.6423202,0.62281287
LL4029BV,International Commercial Arbitration,Law,0.47852457,0.6475172,0.6227774
MA3259,Mathematical Methods in Genomics,Science,0.4196236,0.6520484,0.62276447
YSS4258,"Asset Pricing, Financial Markets & Behavioural Finance",Yale-NUS College,0.43787637,0.62974447,0.6227393
EN4660,Independent Study,Arts and Social Science,0.48943588,0.64485586,0.62272847
HY4660HM,Independent Study,Arts and Social Science,0.48943588,0.64485586,0.62272847
SC4660,Independent Study,Arts and Social Science,0.48943588,0.64485586,0.62272847
EN4660HM,Independent Study,Arts and Social Science,0.48943588,0.64485586,0.62272847
CH4660HM,Independent Study,Arts and Social Science,0.48943588,0.64485586,0.62272847
EU4660HM,Independent Study,Arts and Social Science,0.48943588,0.64485586,0.62272847
HY4660,Independent Study,Arts and Social Science,0.48943588,0.64485586,0.62272847
SC4660HM,Independent Study,Arts and Social Science,0.48943588,0.64485586,0.62272847
PH4660,Independent Study,Arts and Social Science,0.48943588,0.64485586,0.62272847
EC4660HM,Independent Study,Arts and Social Science,0.48943588,0.64485586,0.62272847
PH4660HM,Independent Study,Arts and Social Science,0.48943588,0.64485586,0.62272847
TS4660,Independent Study,Arts and Social Science,0.48943588,0.64485586,0.62272847
EU4660,Independent Study,Arts and Social Science,0.48943588,0.64485586,0.62272847
EL4660,Independent Study,Arts and Social Science,0.48943588,0.64485586,0.62272847
EL4660HM,Independent Study,Arts and Social Science,0.48943588,0.64485586,0.62272847
EC4660,Independent Study,Arts and Social Science,0.48943588,0.64485586,0.62272847
JS4660HM,Independent Study,Arts and Social Science,0.48943588,0.64485586,0.62272847
CH4660,Independent Study,Arts and Social Science,0.48943588,0.64485586,0.62272847
TS4660HM,Independent Study,Arts and Social Science,0.48943588,0.64485586,0.62272847
SW4660,Independent Study,Arts and Social Science,0.48943588,0.64485586,0.62272847
JS4660,Independent Study,Arts and Social Science,0.48943588,0.64485586,0.62272847
GE4214HM,Remote Sensing of Environment,Arts and Social Science,0.45276693,0.62960845,0.622702
GE4214,Remote Sensing of Environment,Arts and Social Science,0.45276693,0.62960845,0.622702
CM4211,Advanced Coordination Chemistry,Science,0.46030596,0.63686216,0.6226959
FSC2101,Forensic Science,Science,0.46351913,0.6392562,0.62269515
LL4411,Personal Property Law,Law,0.43055046,0.6321465,0.6226883
NEX3012S,GEx Upper Mekong,NUS College,0.47574162,0.6295583,0.6226337
LAD3006,Basics of Ecology,College of Design and Engineering,0.44008628,0.6433531,0.62263024
NST2039,Quantitative Reasoning Foundation: Calculating Risks,NUS,0.43877196,0.6579366,0.62262934
BN2201,Quantitative Physiology for Bioengineers,College of Design and Engineering,0.43145975,0.64711756,0.6226173
GESS1019,Urban Planning in Singapore,NUS Business School,0.46335524,0.62857074,0.6226005
GES1026,Urban Planning in Singapore,NUS Business School,0.46335524,0.62857074,0.6226005
ME2115,Mechanics Of Machines,College of Design and Engineering,0.43805793,0.63416535,0.6225968
TME2115,Mechanics of Machines,Cont and Lifelong Education,0.43805793,0.63416535,0.6225968
TME3112,Mechanics of Machines,Cont and Lifelong Education,0.43805793,0.63416535,0.6225968
ME2115E,Mechanics of Machines,Cont and Lifelong Education,0.43805793,0.63416535,0.6225968
ME3115,Mechanics of Machines,College of Design and Engineering,0.43805793,0.63416535,0.6225968
ME3112E,Mechanics of Machines,Cont and Lifelong Education,0.43805793,0.63416535,0.6225968
NST2063,Conserving marine spaces - it takes a village,NUS College,0.45282066,0.6357609,0.622587
FST3203,Vitamins & Minerals in Health & Diseases,Science,0.46037048,0.6257856,0.6225766
SC3232,Labour Market and Employment Relations,Arts and Social Science,0.5164241,0.63155943,0.62255365
YSC3262,Physical Chemistry,Yale-NUS College,0.44207397,0.63771534,0.6225488
BN2102,Bioengineering Data Analysis,College of Design and Engineering,0.43067735,0.6427771,0.6225131
TME4225,Applied Heat Transfer,Cont and Lifelong Education,0.46691817,0.62956846,0.6224798
ME4225E,Applied Heat Transfer,Cont and Lifelong Education,0.46691817,0.62956846,0.6224798
XFC4101,Integrated Honours Thesis,Computing,0.4790652,0.6448786,0.62244743
PHS2102,Physicochemical and Biochemical Principles of Drug Action,Science,0.4427045,0.63983953,0.6224307
RE2704,Introduction to Real Estate Valuation,NUS Business School,0.44749472,0.6329994,0.62242633
UTC1112G,Special Topics: Sustainability,Residential College,0.45915863,0.6474064,0.6223942
EG2603,InnoVenture - Leadership & Innovation Challenge,College of Design and Engineering,0.46512392,0.64230174,0.62239313
XFC4102,Integrated Honours Dissertation,Computing,0.4737762,0.64673924,0.62239015
MUA1153,Noon Recital Series 1A,YST Conservatory of Music,0.46496096,0.6385885,0.62236786
MD1140,Foundation of Body Systems in Health and Diseases I,Yong Loo Lin Sch of Medicine,0.45839226,0.63268054,0.6223521
MA4270,Data Modelling and Computation,Science,0.44513944,0.6430153,0.622301
SC4220,Aging and Health,Arts and Social Science,0.4542292,0.6418171,0.62230074
SC4220HM,Aging and Health,Arts and Social Science,0.4542292,0.6418171,0.62230074
UTC1102S,Coding Mortality,Residential College,0.46002397,0.6278182,0.6222744
EN4266HM,South Asian Literatures in English,Arts and Social Science,0.442819,0.67228544,0.6222459
EN4266,South Asian Literatures in English,Arts and Social Science,0.442819,0.67228544,0.6222459
CS3263,Foundations of Artificial Intelligence,Computing,0.42417306,0.6418998,0.6222188
NUR2442,Cross-cultural Experience for Nursing Students (OCIP),Yong Loo Lin Sch of Medicine,0.4912145,0.62721395,0.6222175
CS2220,Introduction to Computational Biology,Computing,0.44255286,0.6383083,0.6222025
YHU2320,Foundations of Environmental Humanities,Yale-NUS College,0.4401879,0.65860987,0.62218696
AN4660,Independent Study,Arts and Social Science,0.48658136,0.6429542,0.62217784
EE4501,Power System Management And Protection,College of Design and Engineering,0.47065768,0.6320553,0.62216914
LSM4221,Drug Discovery and Clinical Trials,Yong Loo Lin Sch of Medicine,0.44029066,0.6411485,0.6221271
AR1328,Architectural Materials and Construction,College of Design and Engineering,0.4387132,0.631868,0.62211025
ME2112,Strength of Materials,College of Design and Engineering,0.43253776,0.6301244,0.6220682
ME4232,Small Aircraft and Unmanned Aerial Vehicles,College of Design and Engineering,0.4320962,0.62262547,0.62205714
LL4407,Law Of Insurance,Law,0.45301965,0.63867396,0.6220211
YHU3342,Integrative Music Theory 2,Yale-NUS College,0.44152024,0.63556653,0.62199914
IE4259,Selected Topics in Systems Engineering,College of Design and Engineering,0.44839793,0.63426024,0.621963
TIE4259,Selected Topics in Systems Engineering,Cont and Lifelong Education,0.44839793,0.63426024,0.621963
PC3235B,Applied Solid State Physics,Science,0.41980037,0.6395025,0.62196225
JS2229,The Japanese Experience,Arts and Social Science,0.43583125,0.6383834,0.62193
YSC1223,Science of Everyday Cooking,Yale-NUS College,0.43234384,0.6276556,0.6219117
MUA2230,The Psychology of Music Performance,YST Conservatory of Music,0.43904114,0.634254,0.62189734
PC2134,Mathematical Mtds in Physics I,Science,0.43928933,0.63424134,0.62188387
NEX3008S,GEx Bali/Lombok,NUS College,0.48304272,0.6331556,0.6218823
GEN2002Y,Projects Against Threat to Community,NUS,0.43992132,0.62367004,0.6218119
UTC2406,Cities and nature,Residential College,0.43523836,0.64560354,0.6217987
UTS2404,Cities and nature,Residential College,0.43523836,0.64560354,0.6217987
EL2151,Social Variation in English,Arts and Social Science,0.45387772,0.62523896,0.6217874
MUA3275,Sonic Circuits,YST Conservatory of Music,0.42951098,0.63533485,0.6217841
ME2135E,Fluid Mechanics II,Cont and Lifelong Education,0.461173,0.6640107,0.6217816
HSI2002,Inquiry into Current Sporting Beliefs and Practices,Yong Loo Lin Sch of Medicine,0.47410834,0.63677317,0.6217717
LSM1301,General Biology,Science,0.44522208,0.632585,0.6217383
FDP2023,French Immersion Programme,Science,0.4375463,0.6809805,0.6216612
UTW2001M,Sport and Socialization,Non-Faculty-based Departments,0.46163845,0.63882726,0.62160677
IE1112,ISE Principles and Practice II,College of Design and Engineering,0.46561325,0.62838584,0.6215643
DOS4812,Business-Driven Technology,NUS Business School,0.47868267,0.6403179,0.62151825
DSC4216,Business-driven Technology,NUS Business School,0.47868267,0.64031774,0.6215182
CS3218,Multimodal Processing in Mobile Platforms,Computing,0.4555624,0.65127826,0.6215111
DSA3361,Inferential Data Analytics,Science,0.43063456,0.6423027,0.62150484
LL4274,Comparative GST Law & Policy,Law,0.48364052,0.6262225,0.62148607
PL4234,Patient and Health Care,Arts and Social Science,0.43973017,0.62611794,0.6214756
PL4234HM,Patient and Health Care,Arts and Social Science,0.43973017,0.62611794,0.6214756
LSM4265,Urban Ecology,Science,0.4376426,0.62441784,0.6214708
SPH2801,"Health Equity: Global Insights, Asian Applications",SSH School of Public Health,0.45411748,0.63352686,0.6214409
NM4660HM,Independent Study,Arts and Social Science,0.4882599,0.6440104,0.6214383
LAL2201,Tamil 2,Arts and Social Science,0.4363983,0.6337123,0.62137926
MS4101HM,Theory and Practice in Malay Studies,Arts and Social Science,0.4632749,0.65158975,0.62137824
MS4101,Theory and Practice in Malay Studies,Arts and Social Science,0.4632749,0.65158975,0.62137824
CH2299,Art of Modern and Contemporary China (in English),Arts and Social Science,0.4634739,0.6429503,0.62137806
LC2008G,Company Law (G),Law,0.4784546,0.66351926,0.6213506
AN2205,Food and Foodways,Arts and Social Science,0.45082176,0.6376524,0.6213276
EE4314,"Eyes from above: Guidance, Navigation and Control",College of Design and Engineering,0.46148264,0.6329379,0.6212796
LL4220,International Business Transactions,Law,0.4589007,0.6382036,0.62123674
EC3305,Programming Tools for Economics,Arts and Social Science,0.45476204,0.6456665,0.6212104
YID3207,China’s Energy and Environmental Sustainability,Yale-NUS College,0.45326796,0.6330358,0.621174
YSS3201,International Migration,Yale-NUS College,0.4687638,0.62114704,0.621147
ID2123,Design Process & Research,College of Design and Engineering,0.42811057,0.62615526,0.6211149
LL4227,"Philanthropy, Non-profit Organizations, and the Law",Law,0.47096285,0.63312846,0.6210301
GES1013,Singapore Urban History & Architecture,College of Design and Engineering,0.4355801,0.64728457,0.6210071
MUA2153,Noon Recital Series 2A,YST Conservatory of Music,0.46514222,0.6354995,0.6209692
MA1301,Introductory Mathematics,Science,0.439131,0.6692335,0.620958
MA1301X,Introductory Mathematics,Science,0.439131,0.6692335,0.620958
AR3328,Architectural Structures and Forces,College of Design and Engineering,0.4220089,0.62674224,0.6209491
JS2222,Japanese Society and Social Institutions,Arts and Social Science,0.462644,0.62645364,0.6209451
SC4210,Sociology of Migration,Arts and Social Science,0.4797883,0.6404159,0.6209192
SC4210HM,Sociology of Migration,Arts and Social Science,0.4797883,0.6404159,0.6209192
EC4342HM,Economics in a Globalized World,Arts and Social Science,0.4612305,0.63923895,0.6209141
EC4342,Economics in a Globalized World,Arts and Social Science,0.4612305,0.63923895,0.6209141
BN4202,Biofluid Dynamics,College of Design and Engineering,0.4378156,0.63071364,0.62086606
PR3153,Central Nervous System: Science & Therapeutics,Science,0.43183562,0.6245822,0.6208555
LL4463,National Arts Council Externship,Law,0.47587758,0.62443113,0.6208224
LL4463V,National Arts Council Externship,Law,0.47587758,0.62443113,0.62082237
CFG1500,Women's Professional Development,NUS,0.48822013,0.6339687,0.6207839
GEM3003,Literature and the other Arts,Arts and Social Science,0.44846144,0.6378446,0.62072754
EN3246,Literature and the other Arts,Arts and Social Science,0.44846144,0.6378446,0.62072754
LL4313V,Mediation/Conciliation of Inter- & Investor-State Disputes,Law,0.4641537,0.68625635,0.62070495
UTW1001X,"Ecospirituality: Religion, Nature, Culture",Non-Faculty-based Departments,0.46365976,0.6294656,0.6206866
LAV1201,Vietnamese 1,Arts and Social Science,0.44220063,0.65338457,0.62066257
MUA3209,Business for Musicians,YST Conservatory of Music,0.48089153,0.633826,0.6206203
CM3252,Introduction to Polymer Science,Science,0.42784488,0.6461571,0.62061197
LSM4241,Functional Genomics,Yong Loo Lin Sch of Medicine,0.43358365,0.6386767,0.6206109
TME4263,Manufact'G Simulat'N & Data Communicat'N,Cont and Lifelong Education,0.4672977,0.62577474,0.6206067
TM4263,Manufact'G Simulat'N & Data Communicat'N,Cont and Lifelong Education,0.4672977,0.62577474,0.6206066
UIS4912SE,Independent Study Module,Arts and Social Science,0.4866562,0.62770444,0.6206001
UTW1001G,Human Behaviours: How do 'I' fit in this Social World?,Non-Faculty-based Departments,0.45819142,0.6309791,0.6205863
LL4367V,Public International Law Externship,Law,0.45422944,0.6369637,0.62054193
LL4367,Public International Law Externship,Law,0.45422944,0.6369637,0.62054193
YSS3285,Organisational Psychology,Yale-NUS College,0.47976887,0.6219038,0.6205304
GESS1037,Gender and Sexuality: A Singaporean History,Arts and Social Science,0.4608725,0.65872324,0.6205125
GEC1043,Feasting and Fasting: Global Histories of Food,Arts and Social Science,0.46085376,0.63153684,0.6205095
AR4142,Research Report,College of Design and Engineering,0.43362,0.6462148,0.62048584
NM4880HHM,(Special Topics): Entertainment for social good,Arts and Social Science,0.46182132,0.6371979,0.6204703
NM4880H,(Special Topics): Entertainment for social good,Arts and Social Science,0.46182132,0.6371979,0.6204703
TIC4305,Network Security,Cont and Lifelong Education,0.40177083,0.6583235,0.6204566
UTOA2201JS,Undergraduate Teaching Opportunities Programme (UTOP),Arts and Social Science,0.47115442,0.6393319,0.62043065
UTOA2002PL,Undergraduate Teaching Opportunities Programme (UTOP),Arts and Social Science,0.47115442,0.6393319,0.62043065
UTOB2001,Undergraduate Teaching Opportunities Programme (UTOP),NUS Business School,0.4711544,0.6393318,0.62043065
UTOA2201SW,Undergraduate Teaching Opportunities Programme (UTOP),Arts and Social Science,0.4711544,0.6393318,0.62043065
UTOA2201PH,Undergraduate Teaching Opportunities Programme (UTOP),Arts and Social Science,0.47115442,0.6393319,0.62043065
UTOA2201PL,Undergraduate Teaching Opportunities Programme (UTOP),Arts and Social Science,0.47115442,0.6393319,0.62043065
UTOA2002SW,Undergraduate Teaching Opportunities Programme (UTOP),Arts and Social Science,0.4711544,0.6393318,0.62043065
UTOA2002PH,Undergraduate Teaching Opportunities Programme (UTOP),Arts and Social Science,0.4711544,0.6393318,0.62043065
UTOA2201,Undergraduate Teaching Opportunities Programme (UTOP),Arts and Social Science,0.4711544,0.6393318,0.62043065
UTOA2201HY,Undergraduate Teaching Opportunities Programme (UTOP),Arts and Social Science,0.4711544,0.6393318,0.62043065
UTOS2201M,Undergraduate Teaching Opportunities Programme (UTOP),Science,0.4711544,0.6393318,0.62043065
UTOS2002M,Undergraduate Teaching Opportunities Programme (UTOP),Science,0.4711544,0.6393318,0.62043065
UTON2001,Undergraduate Teaching Opportunities Programme (UTOP),Yong Loo Lin Sch of Medicine,0.4711544,0.6393318,0.62043065
UTON2002,Undergraduate Teaching Opportunities Programme (UTOP),Yong Loo Lin Sch of Medicine,0.4711544,0.6393318,0.62043065
UTOS2001,Undergraduate Teaching Opportunities Programme (UTOP),Science,0.4711544,0.6393318,0.62043065
UTOS2001B,Undergraduate Teaching Opportunities Programme (UTOP),Science,0.4711544,0.6393318,0.62043065
UTOS2002P,Undergraduate Teaching Opportunities Programme (UTOP),Science,0.4711544,0.6393318,0.62043065
UTOS2002R,Undergraduate Teaching Opportunities Programme (UTOP),Science,0.4711544,0.6393318,0.62043065
UTOS2201,Undergraduate Teaching Opportunities Programme (UTOP),Science,0.4711544,0.6393318,0.62043065
UTOS2201F,Undergraduate Teaching Opportunities Programme (UTOP),Science,0.4711544,0.6393318,0.62043065
UTOS2201C,Undergraduate Teaching Opportunities Programme (UTOP),Science,0.4711544,0.6393318,0.62043065
UTOS2201B,Undergraduate Teaching Opportunities Programme (UTOP),Science,0.4711544,0.6393318,0.62043065
UTOS2201P,Undergraduate Teaching Opportunities Programme (UTOP),Science,0.4711544,0.6393318,0.62043065
UTOS2001C,Undergraduate Teaching Opportunities Programme (UTOP),Science,0.4711544,0.6393318,0.62043065
UTOA2002NM,Undergraduate Teaching Opportunities Programme (UTOP),Arts and Social Science,0.4711544,0.6393318,0.62043065
UTOA2201EL,Undergraduate Teaching Opportunities Programme (UTOP),Arts and Social Science,0.4711544,0.6393318,0.62043065
UTOS2002C,Undergraduate Teaching Opportunities Programme (UTOP),Science,0.4711544,0.6393318,0.62043065
UTOB2201,Undergraduate Teaching Opportunities Programme (UTOP),NUS Business School,0.47115442,0.6393319,0.62043065
UTOD2201,Undergraduate Teaching Opportunities Programme (UTOP),College of Design and Engineering,0.47115442,0.6393319,0.62043065
UTOA2002EL,Undergraduate Teaching Opportunities Programme (UTOP),Arts and Social Science,0.4711544,0.6393318,0.62043065
UTOD2002,Undergraduate Teaching Opportunities Programme (UTOP),College of Design and Engineering,0.47115442,0.6393319,0.62043065
UTOA2002CLS,Undergraduate Teaching Opportunities Programme (UTOP),Arts and Social Science,0.4711544,0.6393318,0.62043065
UTOA2001SW,Undergraduate Teaching Opportunities Programme (UTOP),Arts and Social Science,0.47115442,0.6393319,0.62043065
UTOE2001,Undergraduate Teaching Opportunities Programme (UTOP),College of Design and Engineering,0.4711544,0.6393318,0.62043065
UTOA2001NM,Undergraduate Teaching Opportunities Programme (UTOP),Arts and Social Science,0.4711544,0.6393318,0.62043065
UTOA2001JS,Undergraduate Teaching Opportunities Programme (UTOP),Arts and Social Science,0.4711544,0.6393318,0.62043065
UTOA2001PL,Undergraduate Teaching Opportunities Programme (UTOP),Arts and Social Science,0.47115442,0.6393319,0.62043065
UTOA2001PH,Undergraduate Teaching Opportunities Programme (UTOP),Arts and Social Science,0.47115442,0.6393319,0.62043065
UTOA2001HY,Undergraduate Teaching Opportunities Programme (UTOP),Arts and Social Science,0.4711544,0.6393318,0.62043065
UTOA2001EL,Undergraduate Teaching Opportunities Programme (UTOP),Arts and Social Science,0.4711544,0.6393318,0.62043065
UTOA2001CLS,Undergraduate Teaching Opportunities Programme (UTOP),Arts and Social Science,0.4711544,0.6393318,0.62043065
UTOA2002,Undergraduate Teaching Opportunities Programme (UTOP),Arts and Social Science,0.4711544,0.6393318,0.62043065
UTOS2001R,Undergraduate Teaching Opportunities Programme (UTOP),Science,0.47115442,0.6393319,0.62043065
UTOS2002B,Undergraduate Teaching Opportunities Programme (UTOP),Science,0.4711544,0.6393318,0.62043065
UTOC2002,Undergraduate Teaching Opportunities Programme (UTOP),Computing,0.47115442,0.6393319,0.62043065
UTOC2001,Undergraduate Teaching Opportunities Programme (UTOP),Computing,0.47115442,0.6393319,0.62043065
UTOB2001AIS,Undergraduate Teaching Opportunities Programme (UTOP),NUS Business School,0.47115442,0.6393319,0.62043065
UTOA2002HY,Undergraduate Teaching Opportunities Programme (UTOP),Arts and Social Science,0.4711544,0.6393318,0.62043065
UTOB2002,Undergraduate Teaching Opportunities Programme (UTOP),NUS Business School,0.47115442,0.6393319,0.62043065
UTOS2001M,Undergraduate Teaching Opportunities Programme (UTOP),Science,0.4711544,0.6393318,0.62043065
UTOS2002F,Undergraduate Teaching Opportunities Programme (UTOP),Science,0.4711544,0.6393318,0.62043065
UTOS2001P,Undergraduate Teaching Opportunities Programme (UTOP),Science,0.4711544,0.6393318,0.62043065
UTOS2002,Undergraduate Teaching Opportunities Programme (UTOP),Science,0.4711544,0.6393318,0.62043065
UTOS2001S,Undergraduate Teaching Opportunities Programme (UTOP),Science,0.4711544,0.6393318,0.62043065
UTOS2201R,Undergraduate Teaching Opportunities Programme (UTOP),Science,0.4711544,0.6393318,0.62043065
UTOS2002S,Undergraduate Teaching Opportunities Programme (UTOP),Science,0.4711544,0.6393318,0.62043065
UTOS2001F,Undergraduate Teaching Opportunities Programme (UTOP),Science,0.4711544,0.6393318,0.62043065
UTOS2201S,Undergraduate Teaching Opportunities Programme (UTOP),Science,0.4711544,0.6393318,0.62043065
UTOM2001,Undergraduate Teaching Opportunities Programme (UTOP),YST Conservatory of Music,0.4711544,0.6393318,0.62043065
UTOE2201,Undergraduate Teaching Opportunities Programme (UTOP),College of Design and Engineering,0.4711544,0.6393318,0.62043065
UTOD2001,Undergraduate Teaching Opportunities Programme (UTOP),College of Design and Engineering,0.47115442,0.6393319,0.62043065
UTOA2001,Undergraduate Teaching Opportunities Programme (UTOP),Arts and Social Science,0.4711544,0.6393318,0.62043065
UTOA2201NM,Undergraduate Teaching Opportunities Programme (UTOP),Arts and Social Science,0.47115442,0.6393319,0.62043065
UTOM2201,Undergraduate Teaching Opportunities Programme (UTOP),YST Conservatory of Music,0.4711544,0.6393318,0.62043065
UTOM2002,Undergraduate Teaching Opportunities Programme (UTOP),YST Conservatory of Music,0.4711544,0.6393318,0.62043065
UTOC2201,Undergraduate Teaching Opportunities Programme (UTOP),Computing,0.47115442,0.6393319,0.62043065
UTOE2002,Undergraduate Teaching Opportunities Programme (UTOP),College of Design and Engineering,0.4711544,0.6393318,0.62043065
UTON2201,Undergraduate Teaching Opportunities Programme (UTOP),Yong Loo Lin Sch of Medicine,0.4711544,0.6393319,0.6204306
TCX3901,Industrial Practice,Cont and Lifelong Education,0.4955581,0.632311,0.62040484
YSS3312,Food and Sustainability,Yale-NUS College,0.43391496,0.6365726,0.6203998
CG4002,Computer Engineering Capstone Project,Multi Disciplinary Programme,0.43207532,0.62628865,0.6203822
LAF3203,French for Academic Purposes,Arts and Social Science,0.44135407,0.6435228,0.6203329
LAB3202,Bahasa Indonesia 4,Arts and Social Science,0.46267313,0.63359255,0.62028575
GE4660,Independent Study,Arts and Social Science,0.48667198,0.6418414,0.6202841
SC4880B,Advanced Sociological Analysis of Singapore Society,Arts and Social Science,0.45140067,0.6327673,0.62026894
MUH3203,The Evolution of Music for the Stage,YST Conservatory of Music,0.4570008,0.6400358,0.6202679
RVSS1000,Exploring Sense of Place,Residential College,0.44300067,0.6366248,0.6202546
SN4880,Topics in South Asian Studies,Arts and Social Science,0.45454606,0.6264198,0.6202343
SN4880HM,Topics in South Asian Studies,Arts and Social Science,0.45454606,0.6264198,0.6202343
MUA4153,Noon Recital Series 4A,YST Conservatory of Music,0.46122226,0.63416165,0.6202026
LC2008A,Company Law (A),Law,0.48045567,0.66860175,0.62018955
CFA2111B,Continuing Study in a Performing Arts Area (Dance),YST Conservatory of Music,0.4389408,0.6252254,0.6201891
LSM4258,Urban Ecology,Science,0.42474297,0.63006663,0.6201623
CH2162,Reading Classical Chinese Texts,Arts and Social Science,0.40897498,0.64249784,0.62015843
MNO3303,Organisational Effectiveness,NUS Business School,0.47407988,0.6208165,0.6201054
UTC2713,"Modelling Singlehood, Marriage & Fertility in Singapore",Residential College,0.4606473,0.6281156,0.6200981
UTS2705,"Modelling Singlehood, Marriage & Fertility in Singapore",Residential College,0.4606473,0.6281156,0.6200981
PLS8004,Optimizing Performance,Arts and Social Science,0.495735,0.627373,0.6200922
AN4209,Business Anthropology,Arts and Social Science,0.4971175,0.62448287,0.6200922
YID3210,"Energy Humanities: Culture, Energy, and the Environment",Yale-NUS College,0.42129666,0.6521884,0.62007654
MS4201,Social Change in the Malay World,Arts and Social Science,0.45820168,0.63988924,0.6200715
MS4201HM,Social Change in the Malay World,Arts and Social Science,0.45820165,0.63988924,0.6200715
HSI2014,"Science, Medical Technology and Society",Science,0.41167817,0.6351234,0.6199899
LSM2106,Fundamental Biochemistry,Yong Loo Lin Sch of Medicine,0.42198387,0.65980935,0.6199086
CFA3101,Leadership in Performing Arts,YST Conservatory of Music,0.46634102,0.6394706,0.6198962
ME1103,Principles of Mechanics and Materials,College of Design and Engineering,0.46241376,0.64525664,0.6198796
LSM2252A,Biodiversity,Science,0.46045834,0.6302352,0.6198705
LSM2252,Biodiversity,Science,0.46045834,0.6302352,0.6198705
EC2204,Financial Accounting for Economists,Arts and Social Science,0.4432979,0.62768734,0.6198594
CS3223R,Database Systems Implementation,Computing,0.47894755,0.65181184,0.6198579
FST2202,Food Commodities in Costa Rica,Science,0.4709741,0.63678527,0.6198567
YSS3251,Urban Political Ecology,Yale-NUS College,0.44412342,0.6677005,0.6198495
IE1111,ISE Principles and Practice I,College of Design and Engineering,0.46186447,0.6337967,0.6198459
MUA3161,Junior Recital,YST Conservatory of Music,0.44833267,0.6370451,0.61981285
SSA2206,Islam and Contemporary Malay Society,Arts and Social Science,0.4568634,0.62626046,0.61979455
GES1014,Islam and Contemporary Malay Society,Arts and Social Science,0.4568634,0.62626046,0.61979455
GESS1012,Islam and Contemporary Malay Society,Arts and Social Science,0.4568634,0.62626046,0.61979455
CP3111,Independent Project II,Computing,0.47298333,0.6326306,0.61978495
SSA2221,Popular Culture in Singapore,Arts and Social Science,0.4398072,0.6543603,0.61974865
NEX3002,GEx Stockholm,NUS College,0.45221648,0.6343373,0.61970484
CM4242,Advanced Analytical Techniques,Science,0.42065278,0.62332654,0.6196801
HS2929,Facts or Feelings: What Drives Environmental Decisions,Arts and Social Science,0.45693466,0.64789975,0.61967194
CP3201,Industry Seminar,Computing,0.49022448,0.62838477,0.61961937
EE4432,Devices for Electric Energy Generation,College of Design and Engineering,0.41031027,0.6327672,0.61960655
HS2933,The Social Lives of Plants in Southeast Asia,Arts and Social Science,0.46618083,0.6373727,0.6195929
AN3206,Visual Culture,Arts and Social Science,0.4364142,0.6226852,0.61955655
IE4299,Selected Topics In Industrial Engineering,College of Design and Engineering,0.47149894,0.65763867,0.61954385
YHU3244,Writing Pedagogy and Practice,Yale-NUS College,0.43763337,0.6371338,0.619535
YSS4248,Conducting Qualitative Socio-Legal Research,Yale-NUS College,0.46492493,0.64664793,0.6195246
MNO3301,Organisational Behaviour,NUS Business School,0.47459814,0.6250875,0.61950994
YCT1201,Transitions - Understanding College and College Life,Yale-NUS College,0.47681355,0.62521684,0.61950856
MUH4203,Music Criticism,YST Conservatory of Music,0.45553836,0.63299584,0.6194972
EE4306,Distributed Autonomous Robotic Systems,College of Design and Engineering,0.41444647,0.6435374,0.61949265
BSE3703,Econometrics for Business I,NUS Business School,0.4596157,0.6310451,0.6194654
DSA4265A,Sense-making Case Analysis: Economics,Science,0.44406763,0.644667,0.6194587
SE2880,Topics in Southeast Asian Studies,Arts and Social Science,0.47032163,0.623719,0.61944693
SE3880,Topics in Southeast Asian Studies,Arts and Social Science,0.47032163,0.623719,0.61944693
MUA4177,Pop Music Practice and Analysis 2,YST Conservatory of Music,0.47362703,0.62712485,0.61942947
YSC3241,Computational and Systems Biology,Yale-NUS College,0.4396068,0.6296047,0.61940736
TS4222,Practice as Research in Applied Theatre,Arts and Social Science,0.43367437,0.6685611,0.61938876
TS4222HM,Practice as Research in Applied Theatre,Arts and Social Science,0.43367437,0.6685611,0.61938876
TS4222A,Practice as Research in Applied Theatre,Arts and Social Science,0.43367437,0.6685611,0.61938876
TS4222AHM,Practice as Research in Applied Theatre,Arts and Social Science,0.43367437,0.6685611,0.61938876
TCN4227,Advanced Process Control,Cont and Lifelong Education,0.44029862,0.6296461,0.61938024
CN4227E,Advanced Process Control,Cont and Lifelong Education,0.44029862,0.6296461,0.61938024
ME4233,Computational Methods In Fluid Mechanics,College of Design and Engineering,0.4323762,0.6718528,0.61932826
CM3291,Advanced Experiments In Organic & Inorganic Chemistry,Science,0.44148114,0.6316816,0.6192729
LL4370V,"The Law of Cybersecurity, Privacy and Data Compliance",Law,0.42525846,0.6546199,0.61927027
LL4370,"The Law of Cybersecurity, Privacy and Data Compliance",Law,0.42525846,0.6546199,0.61927027
TC1411,Mathematics for Chemical Engineers 1,Cont and Lifelong Education,0.42170036,0.6214801,0.61925954
PR2114,Formulation & Technology I,Science,0.43240863,0.6353855,0.61925375
RE3751,Independent Study in Real Estate,NUS Business School,0.47290048,0.63755995,0.61923283
GE2215,Introduction to GIS,Arts and Social Science,0.4637054,0.6373373,0.6192129
SSA3205,Singapore's Foreign Policy,Arts and Social Science,0.4548003,0.622999,0.6191755
PS3249,Singapore's Foreign Policy,Arts and Social Science,0.4548003,0.622999,0.6191755
MS3218,The Religious Life of the Malays,Arts and Social Science,0.45787647,0.64655787,0.6191629
LSM3243,Molecular Biophysics,Science,0.41546926,0.65018415,0.6191431
SE2214,Beyond the Frame: Arts and Lives in Southeast Asia,Arts and Social Science,0.4583766,0.64681125,0.61910856
DSA4266A,Sense-making Case Analysis: Science,Science,0.4405833,0.6317571,0.6190707
CLC3303,Community Leadership,Non-Faculty-based Departments,0.46752036,0.63530946,0.6190429
YHU4271,"Creative Projects: Life-writing, Environment, & Objects",Yale-NUS College,0.44823307,0.6653812,0.6190032
CS2108,Introduction to Media Computing,Computing,0.44700167,0.6276786,0.6189865
SE3234,"Sea, Islands, Vessels: A Voyage of Exploration",Arts and Social Science,0.45887682,0.6298983,0.61893547
CE3115,Stability of Slopes and Earth Retention Systems,College of Design and Engineering,0.43836033,0.64148885,0.618895
YSS3362,Lab in Adolescent Mental Health,Yale-NUS College,0.44758126,0.63773376,0.6188918
GEC1040,A Culture of Sustainability,College of Design and Engineering,0.4452068,0.66435695,0.61886203
MUA2172,Acoustics for Sound Engineer,YST Conservatory of Music,0.42982924,0.6396262,0.61884993
PL4880C,Issues in Testing and Research,Arts and Social Science,0.4546306,0.6278398,0.61875796
PL4880CHM,Issues in Testing and Research,Arts and Social Science,0.4546306,0.6278398,0.61875796
GEC1040T,A Culture of Sustainability,Cont and Lifelong Education,0.44395444,0.667119,0.6187464
LL4205,Maritime Conflict of Laws,Law,0.42116946,0.6515924,0.6187464
LL4205V,Maritime Conflict of Laws,Law,0.42116946,0.6515924,0.6187464
CS4344,Networked and Mobile Gaming,Computing,0.45815197,0.6372007,0.6187307
CM3295,Selected Experiments in Analytical Chemistry,Science,0.43256158,0.65411365,0.618697
SPH3501,Introduction to Public Health Communication,SSH School of Public Health,0.47112855,0.6243373,0.61868256
MUA4202,Intermediate Leadership Skills in an Orchestral Context,YST Conservatory of Music,0.47262514,0.63794225,0.6186775
UTC3700,Residential College 4 Senior Projects,Residential College,0.47104055,0.63504505,0.61848366
PL3104,Developmental Psychology,Arts and Social Science,0.45400363,0.6250292,0.61847574
YSS2220,Adelaide to Zhuhai: Cities in Comparative Perspective,Yale-NUS College,0.48072612,0.6274582,0.6184616
PL3283A,Lab in Adolescent Psychology,Arts and Social Science,0.45444277,0.6250073,0.6184379
CN2121E,Chemical Engineering Thermodynamics,Cont and Lifelong Education,0.4359782,0.626502,0.6184087
NTW2009,Interpreting Consumerism,NUS College,0.48184368,0.6385196,0.6183883
MUA4196,Opera Workshop 3,YST Conservatory of Music,0.44752127,0.632803,0.6183876
CH4882,Topics in Chinese History II,Arts and Social Science,0.43647495,0.63838875,0.6183537
CH4882HM,Topics in Chinese History II,Arts and Social Science,0.43647495,0.63838875,0.6183537
CH2391,Strangers in Chinese Fiction and Film (in English),Arts and Social Science,0.45478335,0.65180147,0.6183273
FST2110,Food Microbiology and Fermentation,Science,0.41751993,0.62471354,0.6183233
IE1114,Introduction to Systems Thinking and Dynamics,College of Design and Engineering,0.44016525,0.6333368,0.61831945
MA2108S,Mathematical Analysis I (S),Science,0.4550221,0.63442016,0.61830324
DSC3224,Dynamic Pricing & Revenue Management,NUS Business School,0.4659259,0.6354288,0.6182726
DBA3712,Dynamic Pricing & Revenue Management,NUS Business School,0.4659259,0.6354288,0.6182726
LC2001D,Comparative Legal Traditions (D),Law,0.45949325,0.6284127,0.61827123
YSS3290,Culture and Reproductive Science and Technology,Yale-NUS College,0.44994438,0.62702644,0.6182703
SC2209,"Money, Business and Social Networks",Arts and Social Science,0.48903817,0.62906814,0.6182703
ESE4404,Bioenergy,College of Design and Engineering,0.4365912,0.6394634,0.6182464
YID3220,The Ethics and Politics of Reproduction in the Age of Climate Change,Yale-NUS College,0.45371234,0.6524226,0.61823326
CH4202HM,Chinese Semasiology,Arts and Social Science,0.4613159,0.62233365,0.6182262
CH4202,Chinese Semasiology,Arts and Social Science,0.4613159,0.62233365,0.6182262
SPH2202,Public Health Nutrition,SSH School of Public Health,0.41758978,0.61975163,0.6181895
MUA3153,Noon Recital Series 3A,YST Conservatory of Music,0.4605545,0.6336259,0.61817974
LL4521,"Comparative Antitrust Law: Taiwan, China and Beyond",Law,0.4644869,0.6370654,0.61817706
EL3261,Foundations in Applied Linguistics,Arts and Social Science,0.44195846,0.6263046,0.6181649
YSC4219,Advanced Organic Chemistry,Yale-NUS College,0.43292674,0.6419944,0.61812174
MUA1102,Composition Major Study 1B,YST Conservatory of Music,0.4598105,0.6416838,0.6181108
ST2289,Basic UROPS in Statistics and Applied Probability II,Science,0.46470112,0.6267333,0.6180862
LAD2009,History and Theory of Landscape Architecture,College of Design and Engineering,0.40963206,0.65055776,0.61808527
ESP4403,Transport Phenomena in Energy Systems,College of Design and Engineering,0.46580252,0.6253139,0.6180813
LL4371,Charity Law Today,Law,0.46806678,0.6192869,0.6180601
LL4371V,Charity Law Today,Law,0.46806678,0.6192869,0.6180601
CS4330,Combinatorial Methods in Bioinformatics,Computing,0.43848628,0.62799615,0.6180558
NM3880,Topics in CNM,Arts and Social Science,0.45517775,0.6306566,0.61805314
NM4880,Topics in CNM,Arts and Social Science,0.45517775,0.6306566,0.61805314
ST2137,Statistical Computing and Programming,Science,0.4409381,0.6318003,0.61799353
ST4261,Special Topics,Science,0.4756502,0.63012755,0.61794364
PE4103SHM,Meritocracy,Arts and Social Science,0.47715247,0.61792827,0.61792827
PE4103S,Meritocracy,Arts and Social Science,0.47715247,0.61792827,0.61792827
AR1101A,"Design 1: Seeing, Thinking, Making",College of Design and Engineering,0.42181537,0.6375042,0.6179137
BSE3713,"Industry, Digitization, and AI",NUS Business School,0.4786934,0.6230232,0.6178857
ME4248,Simulation and Control of Manufacturing Systems,College of Design and Engineering,0.4433344,0.62637216,0.6178797
PE4660P,Independent Study,Arts and Social Science,0.4826606,0.62755054,0.61787665
PE4660PHM,Independent Study,Arts and Social Science,0.4826606,0.62755054,0.61787665
LL4500,Recalibrating Multilateral Trading Regime,Law,0.4788266,0.65686846,0.61786944
LL4500V,Recalibrating Multilateral Trading Regime,Law,0.4788266,0.65686846,0.61786944
SW4880,Special Topics in Social Work,Arts and Social Science,0.44575194,0.6286027,0.61786854
DOS4752,Advanced Independent Study in Ops & Supply Chain Mgt (2 Unit),NUS Business School,0.4883584,0.62619865,0.6178678
CH3295,Understanding China: Past and Present (in English),Arts and Social Science,0.43969232,0.63475823,0.6178415
LAB4201,Bahasa Indonesia 5,Arts and Social Science,0.4553584,0.62628794,0.6178257
LAB4201HM,Bahasa Indonesia 5,Arts and Social Science,0.4553584,0.62628794,0.6178257
PL4660,Independent Study,Arts and Social Science,0.4867609,0.6268917,0.61781925
YSC3215,Research Seminar,Yale-NUS College,0.46005657,0.627931,0.617812
ESE4406,Energy Systems and Climate Change Mitigation,College of Design and Engineering,0.41060868,0.62851906,0.6177047
SP2718C,Engineering Cells: Parts to Behaviour,Science,0.44695243,0.62418795,0.6176382
EC3551R,FASS Undergraduate Research Opportunity (UROP),Arts and Social Science,0.45869145,0.63714683,0.6176283
NM3551R,FASS Undergraduate Research Opportunity (UROP),Arts and Social Science,0.45869145,0.63714683,0.6176283
SW3551R,FASS Undergraduate Research Opportunity (UROP),Arts and Social Science,0.45869145,0.63714683,0.6176283
CH3551R,FASS Undergraduate Research Opportunity (UROP),Arts and Social Science,0.45869145,0.63714683,0.6176283
SC3551R,FASS Undergraduate Research Opportunity (UROP),Arts and Social Science,0.45869145,0.63714683,0.6176283
EN3551R,FASS Undergraduate Research Opportunity (UROP),Arts and Social Science,0.45869145,0.63714683,0.6176283
MS3551R,FASS Undergraduate Research Opportunity (UROP),Arts and Social Science,0.45869145,0.63714683,0.6176283
PL3551R,FASS Undergraduate Research Opportunity (UROP),Arts and Social Science,0.45869145,0.63714683,0.6176283
PS3551R,FASS Undergraduate Research Opportunity (UROP ),Arts and Social Science,0.45869145,0.63714683,0.6176283
PH3551R,FASS Undergraduate Research Opportunity (UROP),Arts and Social Science,0.45869145,0.63714683,0.6176283
AN3551R,FASS Undergraduate Research Opportunity (UROP),Arts and Social Science,0.45869145,0.63714683,0.6176283
SE3551R,FASS Undergraduate Research Opportunity (UROP),Arts and Social Science,0.45869145,0.63714683,0.6176283
EL3551R,FASS Undergraduate Research Opportunity (UROP),Arts and Social Science,0.45869145,0.63714683,0.6176283
GE3551R,FASS Undergraduate Research Opportunity (UROP),Arts and Social Science,0.45869145,0.63714683,0.6176283
LL4214,International & Comparative Oil & Gas Law,Law,0.45069414,0.64857644,0.61761296
CN4241R,Engineering Principles for Drug Delivery,College of Design and Engineering,0.4515482,0.62476,0.6175774
SC2215,The Sociology of Food,Arts and Social Science,0.44333464,0.6355236,0.61757433
TS3244,Voice and Text,Arts and Social Science,0.4652219,0.6334424,0.61757195
MNO3703,Leading in the 21st Century,NUS Business School,0.4493003,0.61755365,0.61755365
DSC3215,Stochastic Models In Management,NUS Business School,0.47362885,0.6448417,0.6175372
DBA3711,Stochastic Models in Management,NUS Business School,0.47362885,0.6448417,0.6175372
NUR4101C,Evidence Implementation in Healthcare,Yong Loo Lin Sch of Medicine,0.44712356,0.61934376,0.61749834
NHS2009,Reinventing Intercultural Exchanges,NUS College,0.4661317,0.63449466,0.6173717
CS2030,Programming Methodology II,Computing,0.4453167,0.63376915,0.6173707
LL4276V,Advanced Contract Law,Law,0.4745724,0.6282982,0.6172992
LL4276,Advanced Contract Law,Law,0.4745724,0.6282982,0.6172992
UTW1001F,The Internationalisation of Higher Education: Impact and Challenges,Non-Faculty-based Departments,0.45390743,0.6217083,0.61729324
LSM4223,Advances in Antimicrobial Strategies,Yong Loo Lin Sch of Medicine,0.41897103,0.6553277,0.6172894
UTC2102,Climate Change,Residential College,0.45747304,0.66254234,0.6172331
DBA4813,AI Strategies in Business,NUS Business School,0.43622988,0.62161285,0.617226
MUA1164,Recording as Creative Practice,YST Conservatory of Music,0.45859626,0.6406201,0.61722434
CH4201HM,Chinese Classical Phonology,Arts and Social Science,0.4147126,0.62816876,0.6172072
CH4201,Chinese Classical Phonology,Arts and Social Science,0.4147126,0.62816876,0.6172072
CS2030S,Programming Methodology II,Computing,0.44515723,0.63348895,0.6171289
CM3232,Phy Chem of the Solid State & Interfaces,Science,0.43482772,0.64960325,0.6171152
MUA4226,Collaboratory C,YST Conservatory of Music,0.45570567,0.63219815,0.6171092
BSP2011,Asian Business Environments,NUS Business School,0.48899594,0.63400424,0.6171049
EC4306HM,Applied Microeconomic Analysis,Arts and Social Science,0.4866904,0.6278243,0.6170968
EC4306,Applied Microeconomic Analysis,Arts and Social Science,0.4866904,0.6278243,0.6170968
LAB3201,Bahasa Indonesia 3,Arts and Social Science,0.44382215,0.62509423,0.61708987
PL3281E,Lab in Speech and Language Processes,Arts and Social Science,0.42484564,0.62406826,0.6170762
GL4102,Task Force,Arts and Social Science,0.47875598,0.6404986,0.6170748
GL4102HM,Task Force,Arts and Social Science,0.47875598,0.6404986,0.6170748
JS3208,Approaches to Japanese Linguistics,Arts and Social Science,0.41111225,0.65983826,0.6170645
YSS3235,Urban Spatial Representation,Yale-NUS College,0.4509318,0.6233131,0.617023
LSM3236,Pattern Formation and Self-organisation in Biology,Science,0.42830038,0.64183265,0.6170018
IE2111,Industrial & Systems Engrg Principles & Practice II,College of Design and Engineering,0.47632653,0.62141836,0.6169674
CL3208,Chinese Phonology,Arts and Social Science,0.4118121,0.6315185,0.6169499
GEM1917,Understanding and Critiquing Sustainability,Residential College,0.4343212,0.63366705,0.6169437
GEQ1917,Understanding and Critiquing Sustainability,Residential College,0.4343212,0.6336671,0.6169437
LAV3202,Vietnamese 4,Arts and Social Science,0.46099055,0.6502117,0.61691666
PF2504,Materials Technology,College of Design and Engineering,0.44615465,0.63741606,0.6169127
CFA1111A,Foundational Study in a Performing Arts Area (Music),YST Conservatory of Music,0.44093078,0.6421061,0.61689913
FMA1201B,FS: Chinatowns: History and Myth,Arts and Social Science,0.45662242,0.62260365,0.61689466
MA1100,Basic Discrete Mathematics,Science,0.4357149,0.6302796,0.616854
TCN1411,Mathematics for Chemical Engineers 1,Cont and Lifelong Education,0.4207768,0.6192279,0.61683977
PC3289,Advanced UROPS in Physics II,Science,0.4880386,0.63478804,0.6168363
CDE2301,Value Creation in Innovation,College of Design and Engineering,0.4570219,0.6326967,0.61679924
EG2301,Value Creation in Innovation,College of Design and Engineering,0.4570219,0.6326967,0.61679924
PL3283B,Lab in Development of Communication,Arts and Social Science,0.43470827,0.62482166,0.61679417
UTOR2001B,Undergraduate Teaching Opportunities Programme,Residential College,0.4643563,0.64003104,0.616778
UTOR2001,Undergraduate Teaching Opportunities Programme,Residential College,0.4643563,0.64003104,0.616778
UTOR2001C,Undergraduate Teaching Opportunities Programme,Residential College,0.4643563,0.64003104,0.616778
UTOR2001D,Undergraduate Teaching Opportunities Programme,Residential College,0.4643563,0.6400309,0.61677796
UTOR2001E,Undergraduate Teaching Opportunities Programme,Residential College,0.4643563,0.6400309,0.61677796
CH3882,Topics in Chinese History 1,Arts and Social Science,0.44129914,0.63185465,0.6167778
LL4359Z,SIAC and Institutional Arbitration,Law,0.463653,0.67383724,0.6167699
GEK1050,Space And Health,College of Design and Engineering,0.47656915,0.6295409,0.6167605
CLC3304A,"City, Culture and Community",Non-Faculty-based Departments,0.4771473,0.62596333,0.6167596
CH4881HM,Topics in Chinese Literature II,Arts and Social Science,0.43826964,0.62529755,0.616757
CH4881,Topics in Chinese Literature II,Arts and Social Science,0.43826964,0.62529755,0.616757
GEH1032,Modern Technology in Medicine and Health,Science,0.44362754,0.630421,0.61675155
AR2328,Architectural Construction and Tectonics,College of Design and Engineering,0.40890723,0.62394476,0.6167392
YSS2232,"Medicine, Culture and Modernity",Yale-NUS College,0.43643215,0.6379232,0.61671853
TCN2121,Chemical Engineering Thermodynamics,Cont and Lifelong Education,0.4336738,0.62432235,0.61667174
TCX3222,Systems Programming,Cont and Lifelong Education,0.42894587,0.62239724,0.61666393
LL4033,International Legal Process,Law,0.45698294,0.6468378,0.61663073
LL4033V,International Legal Process,Law,0.45698294,0.6468378,0.61663073
LL4442V,Digital Trade and Digital Economy,Law,0.46571988,0.64844173,0.61662483
LL4442,Digital Trade and Digital Economy,Law,0.46571988,0.64844173,0.61662483
SFI2024,Introducing Malaysia (with Introductory Malay),NUS,0.4584186,0.631521,0.6166214
LL4448,Legal History: Themes and Perspectives,Law,0.42213836,0.6305444,0.61658156
LL4448V,Legal History: Themes and Perspectives,Law,0.42213836,0.6305444,0.61658156
PL4660HM,Independent Study,Arts and Social Science,0.48882976,0.6273684,0.61657035
LSM4210,"Topics in Biomedical Science: Brain, Metabolism, Ageing",Science,0.41245028,0.63895303,0.6165627
GEH1023,Exploring Chinese Cinema: Shanghai-Hong Kong-Singapore,Arts and Social Science,0.43983144,0.62433755,0.61655664
GEK2047,Exploring Chinese Cinema: Shanghai-Hong Kong-Singapore,Arts and Social Science,0.4398314,0.62433755,0.6165565
PL4880THM,Applying Psychology In Education,Arts and Social Science,0.41231647,0.6248916,0.6165373
PL4880T,Applying Psychology In Education,Arts and Social Science,0.41231647,0.6248916,0.6165373
PR2115,Medicinal Chemistry for Drug Design,Science,0.42540908,0.6637386,0.6165306
PR3151,Infection: Optimising Prevention & Treatment,Science,0.45510635,0.63020045,0.61651284
MKT3513,Game Theory And Strategic Analysis,NUS Business School,0.4681917,0.626245,0.61651194
MKT3812,Game Theory and Strategic Analysis,NUS Business School,0.4681917,0.626245,0.61651194
NM4206,Media Policy and Regulation,Arts and Social Science,0.45791775,0.63466096,0.6165051
NM4206HM,Media Policy and Regulation,Arts and Social Science,0.45791775,0.63466096,0.6165051
PE4660S,Independent Study,Arts and Social Science,0.47893032,0.6364334,0.61648107
PE4660SHM,Independent Study,Arts and Social Science,0.47893032,0.6364334,0.61648107
LL4019V,Credit & Security,Law,0.46555594,0.6344467,0.6164402
LL4019,Credit & Security,Law,0.46555594,0.6344467,0.6164402
ACC3706,"Governance, Risk Management and Sustainability",NUS Business School,0.46764135,0.6200104,0.6164018
GET1040,Communicating about the Arts,YST Conservatory of Music,0.4362755,0.6591304,0.6163981
GEX1022,Communicating about the Arts,YST Conservatory of Music,0.4362755,0.6591304,0.6163981
EC2104,Quantitative Methods for Economic Analysis,Arts and Social Science,0.4294419,0.6271275,0.6163909
INT3201,Sight Interpreting,Arts and Social Science,0.4914566,0.62406504,0.6163686
IS4233,Legal Aspects of Information Technology,Computing,0.46213073,0.6441809,0.6163634
EC3343,International Finance I,Arts and Social Science,0.43931004,0.6251845,0.6163216
SC3215,Law and Society,Arts and Social Science,0.45510036,0.6307035,0.6163198
CS4224,Distributed Databases,Computing,0.43552843,0.67235017,0.6163118
AR1121,Spatial - Visual Communication,College of Design and Engineering,0.47837317,0.65466726,0.6163074
TIC2501,Computer Networks and Applications,Cont and Lifelong Education,0.43218997,0.6277034,0.616249
CE4240,Advanced Waste Water Treatment,College of Design and Engineering,0.44697657,0.6369187,0.6162418
AR4953,Topics in Design Technology,College of Design and Engineering,0.4158747,0.62668294,0.61621964
TRA3203,Film and Television Subtitling Translation,Arts and Social Science,0.47036552,0.62762904,0.6162146
RE2701,Urban Planning,NUS Business School,0.46972355,0.62175983,0.61621296
PS4299,Theory and Politics of AI,Arts and Social Science,0.41798407,0.6307895,0.6161822
NHS2008,Creating 'Reality',NUS College,0.44765148,0.649752,0.6161793
PR3154,Haematological & Musculoskeletal Systems: Science & Therapeutics,Science,0.44956705,0.6183114,0.61615247
YSS4299,Labour in Capitalist Societies,Yale-NUS College,0.49780536,0.6270915,0.61613834
YHU4237,Chinese Prose,Yale-NUS College,0.41687426,0.6347887,0.61613077
IE4246,"Decarbonisation: Principles, Metrics and Cases",College of Design and Engineering,0.46489945,0.6545003,0.6161119
MUA3197,Opera Workshop 2,YST Conservatory of Music,0.44995838,0.63609004,0.61610276
CS1010XCP,Programming Methodology,Computing,0.43625718,0.62356895,0.6161024
UTC2419,"Think Global, Act Local: Understanding Global Singapore",Residential College,0.45800257,0.61794746,0.61610234
UTS2413,"Think Global, Act Local: Understanding Global Singapore",Residential College,0.45800257,0.61794746,0.61610234
HY3256,Brides of the Sea: Asia's Port Cities,Arts and Social Science,0.46450195,0.6243491,0.61606574
AR2224,Ideas and Approaches in Design,College of Design and Engineering,0.43962,0.6341604,0.6160625
MS1102E,Understanding the Contemporary Malay World,Arts and Social Science,0.45345458,0.62846625,0.6160598
BN3202,Musculoskeletal Biomechanics,College of Design and Engineering,0.4292184,0.63943726,0.61603177
YSC4236,Optimization for Large Scale Machine Learning,Yale-NUS College,0.4280881,0.64755887,0.6160216
LSM4218,Biotechnology and Biotherapeutics,Science,0.38766855,0.63339865,0.616021
EL4253HM,"Language, Gender and Sexual Identities",Arts and Social Science,0.47162983,0.6257443,0.61602074
EL4253,"Language, Gender and Sexual Identities",Arts and Social Science,0.47162983,0.6257443,0.61602074
NHS2043,Multiculturalism in Singapore and Its Contested Meanings,NUS College,0.46031392,0.62386703,0.6159983
MUA4208,Professional Leadership Skills in an Orchestral Context,YST Conservatory of Music,0.4881574,0.625263,0.6159782
SN4401HM,Honours Thesis,Arts and Social Science,0.47071064,0.6388501,0.61595345
RE4751,Advanced Independent Study in Real Estate,NUS Business School,0.4736075,0.6276116,0.61593914
GEK2045,History & Theory Of Modern Architecture,College of Design and Engineering,0.43088743,0.6211359,0.6159126
AR2226,History & Theory Of Modern Architecture,College of Design and Engineering,0.43088743,0.6211359,0.6159126
LAB4202HM,Bahasa Indonesia 6,Arts and Social Science,0.45865437,0.6211176,0.6158915
LAB4202,Bahasa Indonesia 6,Arts and Social Science,0.45865437,0.6211174,0.6158915
LSM3225,Molecular Microbiology in Human Diseases,Yong Loo Lin Sch of Medicine,0.42355594,0.6331113,0.61588407
PC3294,Radiation Laboratory,Science,0.4224117,0.62863433,0.6158837
SN4401,Honours Thesis,Arts and Social Science,0.47040793,0.6388013,0.6158318
TCX2005,"Information Systems, Management and Organisations",Cont and Lifelong Education,0.44269577,0.6281079,0.61581576
TCX1101,Introductory Mathematics,Cont and Lifelong Education,0.42842886,0.63434803,0.61580867
MUL1106,Italian for Musicians 2,YST Conservatory of Music,0.45106667,0.63323665,0.61579716
CS4351,Real-Time Graphics,Computing,0.43621293,0.62739784,0.6157965
PF3210,Total Building Performance,College of Design and Engineering,0.46373984,0.6303184,0.6157734
MUA4227,Collaboratory D,YST Conservatory of Music,0.4503388,0.63011813,0.61576104
LL4478,Cross-Border Insolvency Law,Law,0.43424827,0.66209745,0.6157508
LL4478V,Cross-Border Insolvency Law,Law,0.43424827,0.66209745,0.6157508
UTC1702C,Thinking in Systems: Sustainability and Us,Residential College,0.43249846,0.64866525,0.61574405
DBA3803,Predictive Analytics in Business,NUS Business School,0.4540384,0.6407054,0.61573833
HY3551R,FASS Undergraduate Research Opportunity,Arts and Social Science,0.45715004,0.62360847,0.6157101
GL3551R,FASS Undergraduate Research Opportunity,Arts and Social Science,0.45715004,0.62360847,0.6157101
GL4401HM,Honours Thesis,Arts and Social Science,0.4681523,0.65432644,0.6156937
PHS1110,Foundation for Medicinal and Synthetic Chemistry,Science,0.42217076,0.6512842,0.6156897
BT4240,Machine Learning for Predictive Data Analytics,Computing,0.4131692,0.6623632,0.6156869
YSC2254,Modelling and Optimization,Yale-NUS College,0.45630372,0.626963,0.6156766
YSS3304,"Port Cities: Logistics, Transnationality, Urbanization",Yale-NUS College,0.46127257,0.65117836,0.6156765
EE4510,Solar Photovoltaic Energy Systems,College of Design and Engineering,0.38701066,0.6433077,0.61562693
PC2289,Basic UROPS in Physics II,Science,0.48906386,0.633376,0.6155752
PC2423,Energy for a Better World,Science,0.45475852,0.6235025,0.6155704
PL3106,Mental Health and Distress,Arts and Social Science,0.43461415,0.6491424,0.61552775
CE4001,Industrial Symbiosis and Decarbonisation,College of Design and Engineering,0.45327225,0.6319435,0.6155187
MNO3329,Independent Study in Leadership & Human Capital Mgmt,NUS Business School,0.46316847,0.62629837,0.6155175
EE4031,Intellectual Property: Harnessing Innovation,College of Design and Engineering,0.46233723,0.62484133,0.6155001
NST2042,Quantitative Reasoning Foundation: Pursuit of Happiness,NUS,0.46925583,0.6419594,0.6154808
GEK1007,Chinese Heritage: History and Literature,Arts and Social Science,0.42222184,0.62368834,0.61545724
CS1010X,Programming Methodology,Computing,0.43536156,0.6236172,0.6154455
LL4049,Principles Of Conflict Of Laws,Law,0.4377235,0.63235545,0.61539453
SC3211,"Science, Technology & Society",Arts and Social Science,0.42518944,0.6226814,0.61537033
LSM3245,RNA Biology and Technology,Yong Loo Lin Sch of Medicine,0.42753035,0.6473269,0.615362
MNO4319,Adv Independent Study in Leadership & Human Capital Mgt,NUS Business School,0.47431684,0.6201601,0.61535376
MNO4329,Adv Independent Study in Leadership & Human Capital Mgt,NUS Business School,0.47431684,0.6201601,0.61535376
SW3880,Special Topics in Social Work,Arts and Social Science,0.42992422,0.6297678,0.6153487
TIE4203,Decision Analysis in Industrial & Operations Management,Cont and Lifelong Education,0.4539403,0.6180347,0.61533225
DBA3701,Introduction to Optimization,NUS Business School,0.48910058,0.64674896,0.61532325
FDP2021,"Special Physics Class 1, 2",Science,0.45354277,0.62715274,0.6153225
BSS4003B,Innovation and Productivity (with Econometrics),NUS Business School,0.45511943,0.63643134,0.6153065
BSN4811A,Innovation and Productivity (with Econometrics),NUS Business School,0.45511943,0.63643134,0.6153065
YSS4295,Mind and Machine: Brain-Computer Interfaces,Yale-NUS College,0.44667655,0.6232194,0.6152786
CS3233,Competitive Programming,Computing,0.45781118,0.64128935,0.61524284
CS3233R,Competitive Programming,Computing,0.45781118,0.64128935,0.61524284
CS2105R,Introduction to Computer Networks,Computing,0.47389457,0.6287862,0.6152145
MNO3313L,TILHCM: Crisis Management,NUS Business School,0.45406458,0.6341386,0.6152078
MNO3761C,TILHCM: Crisis Management,NUS Business School,0.45406458,0.6341386,0.6152078
JS2231,Japan in Southeast Asia,Arts and Social Science,0.4451193,0.6475175,0.61520565
CLC1101,Engaging and Building Communities,Non-Faculty-based Departments,0.45176968,0.6470156,0.6151945
YSS3225,Global Governance,Yale-NUS College,0.44998062,0.6390342,0.6151843
UTC2714,A social critique of markets in Singapore,Residential College,0.45481917,0.6151713,0.6151713
UTS2706,A social critique of markets in Singapore,Residential College,0.45481917,0.6151713,0.6151713
DSC3214,Introduction To Optimisation,NUS Business School,0.48516962,0.6466046,0.6151401
IE4249,Selected Topics In Engineering Management,College of Design and Engineering,0.46758032,0.6244769,0.61513674
TIE4249,Selected Topics in Engineering Management,Cont and Lifelong Education,0.46758032,0.6244769,0.61513674
HY2206,China's Imperial Past: History & Culture,Arts and Social Science,0.44649184,0.629068,0.6151248
MUA3178,MS / MCP 3rd Year Project,YST Conservatory of Music,0.46538323,0.62063396,0.6150997
EC2880B,Topics in Economics: Miracle and Crisis in East Asia,Arts and Social Science,0.47378013,0.630036,0.61500293
LAT3202,Thai 4,Arts and Social Science,0.4578615,0.62991124,0.6149957
PL3250,Human Performance,Arts and Social Science,0.48635125,0.6275079,0.6149611
CS2104R,Programming Language Concepts,Computing,0.4730893,0.6244194,0.61494833
NHS2105,Amplify! The Craft of Podcasting Your Passion,NUS College,0.4530921,0.64323306,0.6149412
ME1102,Engineering Principles and Practice I,College of Design and Engineering,0.44022247,0.63245773,0.61493695
HY4223,Chinese Overseas: Sojourners & Settlers,Arts and Social Science,0.45267114,0.6264032,0.61493254
HY4223HM,Chinese Overseas: Sojourners & Settlers,Arts and Social Science,0.45267114,0.6264032,0.61493254
MUA1189,Music Initiatives and Projects 2,YST Conservatory of Music,0.4700725,0.6333934,0.6149081
YID3213,Environmental Conflict and Collaboration,Yale-NUS College,0.45080826,0.6412635,0.6148765
GL4401,Honours Thesis,Arts and Social Science,0.4676861,0.6539066,0.6148733
EG4301A,Ideas to Start-up,College of Design and Engineering,0.46592999,0.62815976,0.6148628
YSC4102,Life Sciences Capstone Project,Yale-NUS College,0.4470349,0.6672218,0.61484635
EC4401,Honours Thesis,Arts and Social Science,0.48348063,0.6168785,0.61482346
MA1100T,Basic Discrete Mathematics (T),Science,0.44260317,0.6279739,0.6148138
PC4243,Atomic & Molecular Physics II,Science,0.45437667,0.63363075,0.6148087
CH3883,Topics in Chinese Philosophy I,Arts and Social Science,0.452589,0.6304972,0.6148007
YSC4206,Mathematical Signal Processing,Yale-NUS College,0.4280405,0.63558626,0.6147969
CE1109X,Statics and Mechanics of Materials,College of Design and Engineering,0.46081293,0.6290116,0.6147803
EG1109,Statics And Mechanics Of Materials,College of Design and Engineering,0.46081293,0.6290116,0.6147803
EE3731C,Signal Analytics,College of Design and Engineering,0.42691576,0.65275794,0.6147705
GEN2001,Theatre and Community Engagement,Arts and Social Science,0.43702206,0.6179022,0.61473745
DSA4264B,Sense-making Case Analysis: Society,Science,0.44361204,0.6303462,0.6147152
PL4224HM,Mental Health and Distress in Children,Arts and Social Science,0.42337647,0.6285279,0.6147139
PL4224,Mental Health and Distress in Children,Arts and Social Science,0.42337647,0.6285279,0.6147139
CM3211,Organometallic Chemistry,Science,0.4339692,0.6425889,0.6146992
GL4885B,Transnational Environmental Campaigns,Arts and Social Science,0.45886374,0.62466365,0.61463815
GL4885BHM,Transnational Environmental Campaigns,Arts and Social Science,0.45886374,0.62466365,0.61463815
BT4241,Causal Impact Analytics for Business Applications,Computing,0.45016602,0.6216857,0.61462617
PC3240,"Atmosphere, Ocean and Climate Dynamics",Science,0.44471857,0.6529909,0.61454815
LAT3201,Thai 3,Arts and Social Science,0.45746043,0.62732077,0.614505
BSE4751,Advanced Independent Study in Business Economics,NUS Business School,0.47281823,0.62641555,0.6144976
CM1191,Experiments in Chemistry 1,Science,0.43372676,0.62174225,0.61447424
BN2402,Fundamentals of Bioinstrumentation,College of Design and Engineering,0.43294784,0.6278141,0.61443675
BN2204,Fundamentals of Biomechanics,College of Design and Engineering,0.44492996,0.64111745,0.6144184
CH3229,Modern Literature in Taiwan and Hong Kong,Arts and Social Science,0.44690853,0.64626896,0.6144012
EE4513,Electric Vehicles and their Grid Integration,College of Design and Engineering,0.43831125,0.65321714,0.6143947
ST3234,Actuarial Statistics,Science,0.4604293,0.6628888,0.6143228
PL3260,Moral Development,Arts and Social Science,0.42923507,0.62123543,0.61427
UTS2116,The University Today,Residential College,0.45683903,0.6189907,0.6142662
UTC2116,The University Today,Residential College,0.45683903,0.6189907,0.6142662
LAV3201,Vietnamese 3,Arts and Social Science,0.44722697,0.6180582,0.6142608
NM2104,Qualitative Communication Research Methods,Arts and Social Science,0.46206892,0.62988985,0.614248
LSM4235,Nuclear Mechanics and Genome Regulation,Science,0.4279345,0.6523924,0.6142391
CS3264,Foundations of Machine Learning,Computing,0.4199554,0.6473987,0.61421645
CG3207,Computer Architecture,Multi Disciplinary Programme,0.419529,0.6355099,0.61421406
EE4102,Digital Communications,College of Design and Engineering,0.45640644,0.6511074,0.61419857
MUA1101,Composition Major Study 1A,YST Conservatory of Music,0.45167038,0.63094175,0.6141636
EG1109M,Statics and Mechanics of Materials,College of Design and Engineering,0.45860285,0.62764186,0.6140919
SW4880A,Social Work and Infectious Diseases,Arts and Social Science,0.41790247,0.6327465,0.61405694
SW4880AHM,Social Work and Infectious Diseases,Arts and Social Science,0.41790247,0.6327465,0.61405694
LSM2251,Ecology and Environment,Science,0.4301405,0.6422609,0.61403656
BSP1703X,Managerial Economics,NUS Business School,0.45978102,0.6275751,0.6140268
NST2038,Quantitative Reasoning Foundation: Quantifying Our Eco-Footprint,NUS,0.45743877,0.63042545,0.61401474
TME2121,Engineering Thermodynamics,Cont and Lifelong Education,0.41976866,0.6492066,0.6139457
ME2121E,Engineering Thermodynamics,Cont and Lifelong Education,0.41976866,0.6492066,0.6139457
UTC1400,Debating Singapore's Social and Economic History,Residential College,0.46581426,0.6390555,0.6139444
MUA2178,Computer Systems for Audio,YST Conservatory of Music,0.45761037,0.6325654,0.61392415
UIS4912CH,Independent Study Module,Arts and Social Science,0.48148945,0.6217739,0.61386025
SW3223,Social Gerontology,Arts and Social Science,0.43053454,0.6345033,0.61386
FST3101,Food Microbiology & Fermentation,Science,0.41621488,0.6212722,0.613856
LL4509,International Commercial Litigation in Civil Law World,Law,0.4211182,0.6693336,0.6138501
LL4509V,International Commercial Litigation in Civil Law World,Law,0.4211182,0.6693336,0.6138501
LAT4202HM,Thai 6,Arts and Social Science,0.44834587,0.6254087,0.6138467
LAT4202,Thai 6,Arts and Social Science,0.44834587,0.6254087,0.6138467
DOS4751,Advanced Independent Study in Ops & Supply Chain Mgt,NUS Business School,0.48709664,0.6216109,0.6138309
DSC4219,Advanced Independent Study in Ops & Supply Chain Mgt,NUS Business School,0.48709664,0.6216109,0.6138309
YSS3311,Sustainable Consumption,Yale-NUS College,0.46222097,0.6304131,0.6137516
MS4208,Syariah Law in Southeast Asia,Arts and Social Science,0.46486413,0.641243,0.6137501
MS4208HM,Syariah Law in Southeast Asia,Arts and Social Science,0.46486413,0.641243,0.6137501
CDE4501,Topics in Challenges of Cities,College of Design and Engineering,0.46899417,0.62777215,0.6137409
CDE4501A,Topics in Challenges of Cities,College of Design and Engineering,0.46899417,0.62777215,0.6137409
CDE4501B,Topics in Challenges of Cities,College of Design and Engineering,0.46899417,0.62777215,0.6137409
NST3001,Topics in Sciences and Technologies,NUS College,0.4700167,0.62326086,0.61368877
NST3801,Topics in Sciences and Technologies,NUS College,0.4700167,0.62326086,0.61368877
NTW2025,"Vice, the State & Society",NUS College,0.4713989,0.6357169,0.6136817
LSM4216,Molecular Nutrition and Metabolic Biology,Yong Loo Lin Sch of Medicine,0.43261966,0.632745,0.613659
YSC2247,Ecology and Ecosystems,Yale-NUS College,0.4282875,0.62767744,0.6136069
MUA3196,Opera Workshop 1,YST Conservatory of Music,0.44742748,0.6324396,0.61359644
SC2202,Sociology of Work,Arts and Social Science,0.49496228,0.6274975,0.6135762
CN2125E,Heat And Mass Transfer,Cont and Lifelong Education,0.4409933,0.6153713,0.6135539
TCN2125,Heat And Mass Transfer,Cont and Lifelong Education,0.4409933,0.6153713,0.6135539
UTC3700A,Residential College 4 Senior Projects - Part I,Residential College,0.47635397,0.6229143,0.6135522
UTC3101,Independent Study,Residential College,0.47500852,0.6410737,0.6135419
RE3901,Advanced Urban Planning,NUS Business School,0.4788578,0.6193669,0.6135162
CS4236,Cryptography Theory and Practice,Computing,0.43061095,0.64596885,0.61351365
NST2025,Molecular Courtship,NUS,0.42266616,0.62524873,0.6135112
DSA4264A,Sense-making Case Analysis: Public Policy,Science,0.4409474,0.6287817,0.61348593
JS2226,Global City Tokyo,Arts and Social Science,0.47211796,0.632574,0.6134626
YSS2240,Women and Work around the World,Yale-NUS College,0.50398266,0.6246173,0.6133797
SE2222,Southeast Asia in Context,Arts and Social Science,0.465849,0.6226464,0.613378
YSS4263,Psychological Therapies,Yale-NUS College,0.42422944,0.6217494,0.6133774
LL4516,Ethics in Finance,Law,0.45912832,0.61654294,0.61336964
LL4516V,Ethics in Finance,Law,0.45912832,0.61654294,0.61336964
LSM3231,Protein Structure and Function,Yong Loo Lin Sch of Medicine,0.43105102,0.6254374,0.61333483
GE3234,Historical Landscapes and Heritage,Arts and Social Science,0.44929817,0.64055425,0.6133179
YID3223,Powering the Planet,Yale-NUS College,0.4584006,0.62675524,0.61327344
ENV2302,Communications for Environmental Studies,Non-Faculty-based Departments,0.45457542,0.62216645,0.61325693
EC3322,Industrial Organisation I,Arts and Social Science,0.49048495,0.6290171,0.6132502
YHU3385,Early Colonial Singapore: 1819-1867,Yale-NUS College,0.44201759,0.65914315,0.61324775
CE2134,Fluid Mechanics,College of Design and Engineering,0.4361525,0.63179284,0.6132219
MUA4272,Advanced Live Sound Reinforcement 2,YST Conservatory of Music,0.48755425,0.6443951,0.61319166
SP1541X,Communication Practices in Popular Science,Center for Engl Lang Comms,0.4765281,0.62047064,0.6131892
NM2222,Ethics in Communication and New Media,Arts and Social Science,0.44828093,0.62789416,0.61318576
DSA4264,Sense-making Case Analysis: Public Policy and Society,Science,0.4410611,0.6227102,0.6131713
UTC1421,Jr Sem: Social Capital and Life Outcomes,Residential College,0.46692917,0.63021594,0.6131433
EE2211,Introduction to Machine Learning,College of Design and Engineering,0.4388223,0.63816166,0.6131197
MUT3221,Writing for Chinese Ensembles,YST Conservatory of Music,0.43185204,0.63740975,0.61310685
NST2032,Computational Thinking and Modelling,NUS College,0.4458618,0.6206337,0.6130859
UTC2120,The Art and Science of Negotiation,Residential College,0.46646932,0.6222332,0.61308473
GET1050,Computational Reasoning,Arts and Social Science,0.4527388,0.63204575,0.6130846
GEI1001,Computational Reasoning,Arts and Social Science,0.4527388,0.63204575,0.6130846
TBA4220,Geospatial Analytics,Cont and Lifelong Education,0.4263758,0.6261341,0.6130814
BN4206,Computational Methods in Biomedical Engineering,College of Design and Engineering,0.41227928,0.6544771,0.61307096
YSS4271,Confronting Social Injustice with Social Psychology,Yale-NUS College,0.4482906,0.6522647,0.6130584
UTC3700B,Residential College 4 Senior Projects - Part II,Residential College,0.47589058,0.6221767,0.61302364
PF4211,Construction 3D Printing,College of Design and Engineering,0.42106682,0.62535214,0.61301064
MNO4761D,"SILHCM: Industry 4.0, Technology, & Mgt Implications",NUS Business School,0.4693154,0.6267656,0.6130025
MNO4313K,"SILHCM: Industry 4.0, Technology, & Mgt Implications",NUS Business School,0.4693154,0.6267656,0.6130025
YSS3358,Environmental Science Communication,Yale-NUS College,0.44487113,0.63758266,0.6129794
UTC2722,Sleep Health: A Holistic Approach to Well-being,Residential College,0.44245258,0.62621003,0.61297095
EC4399,Behavioural Public Policy,Arts and Social Science,0.47784412,0.6265049,0.61296713
EC4399HM,Behavioural Public Policy,Arts and Social Science,0.47784412,0.6265049,0.61296713
EE4311,Fuzzy Logic and Neuro Fuzzy Systems,College of Design and Engineering,0.41208628,0.63385594,0.6129615
YCT3201,Resilience and Success In College,Yale-NUS College,0.44231302,0.61295784,0.61295784
MUA4215,Vocal Pedagogy,YST Conservatory of Music,0.442109,0.6343925,0.61294067
FAS2882I,Chinese Economic History in a Global Context,Arts and Social Science,0.45717064,0.61484754,0.61293745
TS4217HM,Cultural Performance in Asia,Arts and Social Science,0.46910945,0.6250148,0.61293375
TS4217,Cultural Performance in Asia,Arts and Social Science,0.46910945,0.6250148,0.61293375
CH2161,Traditional Chinese Taxonomy of Learning,Arts and Social Science,0.4458843,0.62680304,0.6129278
NHS2027,Engaging and Building Communities,NUS College,0.4500065,0.6452804,0.6129235
TIE3010,Systems Thinking and Design,Cont and Lifelong Education,0.4607488,0.61687446,0.6128899
LAK4202HM,Korean 6,Arts and Social Science,0.45418826,0.6176288,0.61287826
LAK4202,Korean 6,Arts and Social Science,0.45418826,0.6176288,0.61287826
CS1010R,Programming Methodology,Computing,0.47780353,0.62652,0.61287344
IS3240,Digital Platform Strategy and Architecture,Computing,0.45036402,0.632029,0.6128483
CP3209R,Undergraduate Research Project in Computing (REx),Computing,0.4675923,0.62117213,0.6128398
UIS3952R,Independent Study Module (Ride-On),Computing,0.4847821,0.6232486,0.61282897
COS1000,Computational Thinking for Scientists,Science,0.427523,0.63201904,0.6128212
YSC4224,Applied Data Science,Yale-NUS College,0.4243885,0.6324578,0.6128189
MUA2176,AAS Project 2,YST Conservatory of Music,0.4669338,0.62893844,0.612744
MNO1706X,Organisational Behaviour,NUS Business School,0.46415412,0.61659503,0.6127195
DSA3289R,Advanced UROPS in Data Science and Analytics II (REx),Science,0.46299437,0.6339917,0.6127156
MUA1172,Critical Listening,YST Conservatory of Music,0.4663551,0.6220529,0.61269593
NHS2053,The Heterogeneous Indians of Contemporary Singapore,NUS College,0.46491644,0.6186051,0.61269534
EL4212HM,Field Methods in Linguistics,Arts and Social Science,0.45100307,0.65259314,0.6126776
EL4212,Field Methods in Linguistics,Arts and Social Science,0.45100307,0.65259314,0.6126776
PL4245HM,Data Science for Psychology: Methods and Applications,Arts and Social Science,0.42060053,0.64170134,0.6126765
PL4245,Data Science for Psychology: Methods and Applications,Arts and Social Science,0.42060053,0.64170134,0.6126765
YHU2218,Chinese Migrations to Southeast Asia,Yale-NUS College,0.46162066,0.6405261,0.61261404
YSS3365,Research Tutorial: Exploring the Psychology of Reading,Yale-NUS College,0.44186425,0.6206637,0.6125987
ID1121,Human-Centred Design,College of Design and Engineering,0.44584548,0.61760896,0.6125948
TMA1001,Introductory Mathematics,Cont and Lifelong Education,0.42953554,0.6324091,0.6125642
SE4660HM,Independent Study,Arts and Social Science,0.47842696,0.6381907,0.6125611
SE4660,Independent Study,Arts and Social Science,0.4784268,0.6381906,0.61256087
CM2121,Organic Chemistry 2,Science,0.46096843,0.63358366,0.6125582
YSS3231,Methods in the Social Sciences,Yale-NUS College,0.44809857,0.6330509,0.612555
EC4401HM,Honours Thesis,Arts and Social Science,0.4895151,0.61882055,0.612555
LAV4202,Vietnamese 6,Arts and Social Science,0.4537575,0.6455945,0.6125366
LAV4202HM,Vietnamese 6,Arts and Social Science,0.4537575,0.6455945,0.6125366
BN4601,Intelligent Medical Robotics,College of Design and Engineering,0.43109477,0.62256765,0.6125111
FST4202,Nutritional Biochemistry,Science,0.4273912,0.6203306,0.61248696
YSC4209,Physical Sciences Research Seminar,Yale-NUS College,0.43899682,0.6261828,0.6124752
GET1010,Modes Of Invention,College of Design and Engineering,0.4596175,0.62063915,0.6124705
LSM2291,Fundamental Techniques in Microbiology,Yong Loo Lin Sch of Medicine,0.43002152,0.6250973,0.61240906
JS2221,Organisation of Japanese Business,Arts and Social Science,0.4775438,0.617382,0.61240417
YHU2278,Music Performance Elective: Introduction to Voice,Yale-NUS College,0.4470038,0.6553695,0.6123998
MS3216,Gender and Islam,Arts and Social Science,0.45185632,0.658148,0.6123998
TCX3213,Data Mining and Machine Learning in Business Analytics,Cont and Lifelong Education,0.42842805,0.6419777,0.61236703
NST2066,Polysemic Migration,NUS College,0.477588,0.6151419,0.61231256
NHS2102,Polysemic Migration,NUS College,0.477588,0.6151419,0.61231256
EE4705,Human-Robot Interaction,College of Design and Engineering,0.43982,0.63003474,0.61231
CM3296,Molecular Modelling: Theory & Practice,Science,0.43711376,0.6259924,0.61230624
PL3285,Lab in Biological Psychology,Arts and Social Science,0.4260334,0.6241976,0.6122912
SN3281,The Story of Indian Business,Arts and Social Science,0.48435888,0.61253786,0.61225253
XFA4401,Integrated Honours Project,Arts and Social Science,0.47498327,0.6228182,0.61224073
GEC1035,Patrons of the Arts,YST Conservatory of Music,0.46967936,0.6312516,0.6122204
GET1019,Patrons of the Arts,YST Conservatory of Music,0.46967936,0.6312516,0.6122204
PC2421,Physics of Everyday Phenomena,Science,0.45656052,0.6201523,0.61221385
DSE4201,Capstone Project in Data Science and Economics II,Science,0.46184245,0.6342748,0.61218524
YHU2215,Drawing Methods,Yale-NUS College,0.42448953,0.6393764,0.6121507
YSS3345,Economic Forecasting,Yale-NUS College,0.46652785,0.62667006,0.61214536
GL4882A,Development and the Globalisation of Food,Arts and Social Science,0.45476872,0.64029574,0.6121403
GL4882AHM,Development and the Globalisation of Food,Arts and Social Science,0.45476872,0.64029574,0.6121403
MUA4197,Opera Workshop 4,YST Conservatory of Music,0.44627926,0.63090414,0.61213887
DSA3288R,Advanced UROPS in Data Science and Analytics I (REx),Science,0.46182093,0.631914,0.6121381
NTW2030,Art as Action: Caring about the Climate Crisis in SEA,NUS College,0.46572182,0.62098014,0.61209756
MKT4752,Advanced Independent Study in Marketing (2 Units),NUS Business School,0.48464206,0.6195551,0.612093
EG2401A,Engineering Professionalism,College of Design and Engineering,0.44895664,0.63230705,0.6120906
PR1154,Pharmacy Foundations: Science and Therapeutics III,Science,0.44188276,0.6261636,0.6120858
EL4256HM,Multilingualism,Arts and Social Science,0.44582713,0.6282496,0.612064
EL4256,Multilingualism,Arts and Social Science,0.44582713,0.6282496,0.612064
NHT2207,"Documentary filmmaking: reality, perception and truth",NUS College,0.43866283,0.62752116,0.6120304
FMA1201D,FS: Contemporary Issues in Trade Policy,Arts and Social Science,0.48250514,0.6121701,0.6120251
EG1310,Exploratory Satellite Design,College of Design and Engineering,0.43390366,0.6264893,0.61202323
FIN4724,Economics of Blockchain Applications and Decentralized Finance,NUS Business School,0.43233582,0.62451625,0.61202157
ST3239,Survey Methodology,Science,0.4541549,0.62253404,0.6119934
ENV2301,Methods and Techniques for Environmental Studies,Science,0.42174742,0.63134086,0.611976
SP2274,Engineering a Life-like Cell,Science,0.42568347,0.63190377,0.6119547
NHS2050,Gender and Ecology in Asia,NUS College,0.44543257,0.6294733,0.6119434
YSC4230,Programming Language Design and Implementation,Yale-NUS College,0.4392288,0.6139089,0.6119359
PS4881HHM,Topics in CP: Chinese Politics,Arts and Social Science,0.46552727,0.61972016,0.6119281
LL4492V,Principles of Financial Regulation,Law,0.4502879,0.6200284,0.61190236
LL4492,Principles of Financial Regulation,Law,0.4502879,0.6200284,0.61190236
CL3203,Chinese Pragmatics,Arts and Social Science,0.43467453,0.6225613,0.611899
PR3117,Formulation & Technology II,Science,0.44144484,0.6325812,0.611892
PL4253HM,Moral Development,Arts and Social Science,0.42694664,0.6187127,0.61188173
PL4253,Moral Development,Arts and Social Science,0.42694664,0.6187128,0.61188173
SN4660,Independent Study,Arts and Social Science,0.47730547,0.6362638,0.6118776
SN4660HM,Independent Study,Arts and Social Science,0.47730547,0.6362638,0.6118776
YHU4261,Theatre Directing,Yale-NUS College,0.44105652,0.63462275,0.611868
TTG2415,Ethics In Engineering,Cont and Lifelong Education,0.46537372,0.61760837,0.61186683
TG2415,Ethics In Engineering,Cont and Lifelong Education,0.46537372,0.61760837,0.61186683
PR2134,Self Care,Science,0.40353918,0.6230308,0.61186105
HS2914,How to Get Humans and Machines to Talk to Each Other,Arts and Social Science,0.43582556,0.6531771,0.6118441
BN2202,Introduction to Biotransport,College of Design and Engineering,0.4508889,0.6469791,0.6118237
ME4225,Applied Heat Transfer,College of Design and Engineering,0.4628991,0.6129047,0.61181474
FIN4723,The Financial System,NUS Business School,0.43599096,0.61752224,0.6117984
MUT2201,Harmonic Practices,YST Conservatory of Music,0.42103806,0.6304682,0.6117941
LSM3255,Ecology of Terrestrial Environments,Science,0.4196767,0.64663744,0.6117619
GES1040,Prominent Chinese in Colonial Singapore,Arts and Social Science,0.44249347,0.6117607,0.6117607
GESS1032,Prominent Chinese in Colonial Singapore,Arts and Social Science,0.44249347,0.6117607,0.6117606
AR4954,Topics in Landscape Architecture,College of Design and Engineering,0.397033,0.64934766,0.61175597
IE4210,Operations Research II,College of Design and Engineering,0.46308905,0.6331872,0.6117419
EC4383HM,Environmental Economics and Policy,Arts and Social Science,0.45113093,0.62813663,0.6117258
EC4383,Environmental Economics and Policy,Arts and Social Science,0.45113093,0.62813663,0.6117258
PC3241,Solid State Devices,Science,0.41091636,0.6248491,0.61168945
LL4379V,Future of Int'l Commercial Arbitration in APAC Region,Law,0.4627341,0.6419054,0.61162597
LL4379,Future of Int'l Commercial Arbitration in APAC Region,Law,0.4627341,0.6419054,0.61162597
TIE3101,Statistics for Engineering Applications,Cont and Lifelong Education,0.47412053,0.62830293,0.6116127
ESP2107,Numerical Methods and Statistics,College of Design and Engineering,0.43495485,0.61871845,0.6115994
LL4387V,Regulation of Digital Platforms,Law,0.44788334,0.63305837,0.61156505
LL4387,Regulation of Digital Platforms,Law,0.44788334,0.63305837,0.61156505
CDE2502,Cities for All,College of Design and Engineering,0.49202603,0.62280303,0.61155015
LSM4245,Advanced Epigenetics and Chromatin Biology,Yong Loo Lin Sch of Medicine,0.40992582,0.6153435,0.6115251
CN2121,Chemical Engineering Thermodynamics,College of Design and Engineering,0.43893093,0.6204647,0.6115192
NHS2019,Virtue And Leadership,NUS College,0.45767102,0.6115092,0.6115092
YSC3246,Modern Astrophysics,Yale-NUS College,0.4543941,0.62301654,0.61150205
PC1431,Physics IE,Science,0.45532522,0.617931,0.61146086
YSS2230,Ethnic Diversity in Japan,Yale-NUS College,0.4563621,0.6255667,0.6114352
BSE3711,Strategic Thinking: Economic Applications,NUS Business School,0.46499392,0.6204548,0.6114227
SP3172,Integrated Science Project,Science,0.42613804,0.65307176,0.6113866
YHU4104,Arts and Humanities Capstone Project,Yale-NUS College,0.42792264,0.65075874,0.6113512
BT4015,Geospatial Analytics,Computing,0.408486,0.6306814,0.6113491
EL4880E,World Englishes,Arts and Social Science,0.42434618,0.62789404,0.61133546
EL4880EHM,World Englishes,Arts and Social Science,0.42434618,0.62789404,0.61133546
LL4255V,Trade Remedy Law & Practice,Law,0.4501285,0.6255761,0.611299
YSS3256,"Youth Urbanism: Global Trends, Local Perspectives",Yale-NUS College,0.45358795,0.62065804,0.61128646
CS1010A,Programming Methodology,Computing,0.44531193,0.6249671,0.6112648
GES1011,The Evolution of a Global City-State,Arts and Social Science,0.4430493,0.6335475,0.61121964
SSA2211,The Evolution of a Global City-State,Arts and Social Science,0.4430493,0.6335475,0.61121964
SW3214,Depth and Dialogue: Expanding Therapeutic Insight,Arts and Social Science,0.44245985,0.61987746,0.61120605
NHS2010,From Lab to Stage: Writing the Science Play,NUS College,0.41337755,0.64098907,0.6111961
JS2234,Japan: The Green Nation?,Arts and Social Science,0.44719163,0.627003,0.6111548
BSE4713,Causal Econometrics for Business,NUS Business School,0.4661234,0.61335075,0.6111514
SN2234,Gender and Society in South Asia,Arts and Social Science,0.4835163,0.62405246,0.61114407
MUA1171,Classical Music Recording Production Project,YST Conservatory of Music,0.45211762,0.6409624,0.6111359
AR2522,Computational Thinking: Performance Based Design,College of Design and Engineering,0.42833117,0.62765,0.6111279
CM4214,Structural Methods in Inorganic Chem,Science,0.40179783,0.6330542,0.6111185
CH2245,"Modern China: Literature, Culture, History",Arts and Social Science,0.43937072,0.6336706,0.6111045
MKT4751,Advanced Independent Study in Marketing,NUS Business School,0.48240003,0.6209115,0.6110894
MKT4429,Advanced Independent Study in Marketing,NUS Business School,0.4824,0.6209115,0.6110894
MKT4419,Advanced Independent Study in Marketing,NUS Business School,0.4824,0.6209115,0.6110894
YSC4101,Physical Sciences Capstone Project,Yale-NUS College,0.44576406,0.64225435,0.6110668
JS2216,Postwar Japanese Film and Anime,Arts and Social Science,0.442908,0.61954993,0.6110207
JS4227,"Class, Culture & Capitalism in Transnational Japan",Arts and Social Science,0.46787807,0.6395133,0.6110203
JS4227HM,"Class, Culture & Capitalism in Transnational Japan",Arts and Social Science,0.46787807,0.6395133,0.6110203
CS4215R,Programming Language Implementation,Computing,0.47660702,0.61891085,0.6110083
FIN3761D,TIF: Physical Commodity Markets and Assets,NUS Business School,0.4475739,0.61666256,0.6109985
ESP9340,Exchange Unrestricted Elective,College of Design and Engineering,0.5003629,0.61666113,0.6109878
ESP9360,Exchange Unrestricted Elective,College of Design and Engineering,0.5003629,0.61666113,0.6109878
ESP9330,Exchange Unrestricted Elective,College of Design and Engineering,0.5003629,0.61666113,0.6109878
ESP9350,Exchange Unrestricted Elective,College of Design and Engineering,0.5003629,0.61666113,0.6109878
ESP9310,Exchange Unrestricted Elective,College of Design and Engineering,0.5003629,0.61666113,0.6109878
ESP9320,Exchange Unrestricted Elective,College of Design and Engineering,0.5003629,0.61666113,0.6109878
ME3273E,Understanding Experimental Data,Cont and Lifelong Education,0.42843962,0.62885183,0.6109676
TME3273,Understanding Experimental Data,Cont and Lifelong Education,0.42843962,0.62885183,0.6109676
BHD4002,BBA Dissertation,NUS Business School,0.4493139,0.6152817,0.61094505
AR2101,Design 3,College of Design and Engineering,0.45560443,0.6151991,0.61093843
SE2229,Southeast Asia as a Field of Study,Arts and Social Science,0.46139386,0.61917967,0.61093414
PC3289AR,Advanced UROPS in Astrophysics II (REx),Science,0.4725365,0.61774397,0.6109017
YSC4218,Polymer Chemistry,Yale-NUS College,0.41814265,0.6386067,0.6108932
LL4300,Copyright in the Internet Age,Law,0.4376769,0.63245344,0.61088806
MUA4101,Composition Major Study 4A,YST Conservatory of Music,0.4615256,0.6265912,0.61087173
LC1003,Law Of Contract,Law,0.46241704,0.61402434,0.61086
CM3261,Environmental Chemistry,Science,0.4325126,0.641817,0.6108384
CLC3304,Special Topics in Community Development & Leadership,Non-Faculty-based Departments,0.45865637,0.6306399,0.6108357
NEX3015,GEx Chiang Mai,NUS College,0.46520528,0.6191597,0.61083204
LL4213V,Transnational Law,Law,0.43476394,0.62451935,0.6108233
LL4213,Transnational Law,Law,0.43476394,0.62451935,0.6108233
PA1113,Basic Pharmacology,Yong Loo Lin Sch of Medicine,0.44018355,0.6457299,0.61082065
TE2101,Programming Methodology,Cont and Lifelong Education,0.44451004,0.6145077,0.6108184
TEE2101,Programming Methodology,Cont and Lifelong Education,0.44451004,0.6145077,0.6108184
NM4245,Political Communication,Arts and Social Science,0.42949617,0.63165206,0.61080205
NM4245HM,Political Communication,Arts and Social Science,0.42949617,0.63165206,0.61080205
LSM3235,Biomedical Applications of Human Epigenetics,Yong Loo Lin Sch of Medicine,0.40041056,0.61859703,0.6107576
LAK3203,Korean for Academic Purposes,Arts and Social Science,0.43903178,0.6397866,0.6107376
CH2121S,History of Chinese Literature,Arts and Social Science,0.3943348,0.62846553,0.610719
NTW2035,Art and the Attention Economy,NUS College,0.44678554,0.6119172,0.61071205
GEK2023,Technology For Better Social Habitats,College of Design and Engineering,0.46528947,0.614957,0.61070144
EL3207,Introduction to the Neurocognition of Language,Arts and Social Science,0.41233075,0.62198204,0.6106955
TIE4299,Selected Topics in Industrial Engineering,Cont and Lifelong Education,0.47588396,0.64604473,0.610695
EN3249,"Introduction to Visual Culture: Art, Film and Media",Arts and Social Science,0.43299067,0.6419928,0.61068004
GL4884HM,Topics in International Communications,Arts and Social Science,0.4725988,0.62665725,0.61064297
GL4884,Topics in International Communications,Arts and Social Science,0.4725988,0.62665725,0.61064297
FST3108,Food Safety and Regulation,Science,0.42190808,0.6200682,0.6106287
CL3216,Chinese Stylistics,Arts and Social Science,0.4203217,0.62046194,0.61061144
LSM4214,Cancer Pharmacology,Yong Loo Lin Sch of Medicine,0.44897375,0.6390194,0.61061084
PL3281C,Lab in Reading Processes,Arts and Social Science,0.4504712,0.6164261,0.61060935
PC3441,Numerical Methods for Meteorology,Science,0.42353043,0.6616664,0.6105842
MNO3811,Social Entrepreneurship,NUS Business School,0.4636184,0.6303092,0.6105644
MNO3330,Social Entrepreneurship,NUS Business School,0.4636184,0.6303092,0.6105644
MUA2188,Music Initiatives and Projects 3,YST Conservatory of Music,0.46595672,0.6263992,0.610554
YSS3202,Ethnography,Yale-NUS College,0.4591721,0.6301141,0.61055034
LL4548,Legal Aspects of Paperless Trade,Law,0.46637774,0.626278,0.61050206
LSM4262,Tropical Conservation Biology,Science,0.4464195,0.65457314,0.610491
NHT2204,Dance Narratives,NUS College,0.4611389,0.62821484,0.61043316
HS2927,Agree to Disagree Well: Disagreement in Singapore,Arts and Social Science,0.47342974,0.66626954,0.61042804
PX2108,Basic Human Pathology,Yong Loo Lin Sch of Medicine,0.41600698,0.65969145,0.61039144
EC4391,Economics of Entrepreneurship,Arts and Social Science,0.46776032,0.61209697,0.6103759
EC4391HM,Economics of Entrepreneurship,Arts and Social Science,0.46776032,0.61209697,0.6103759
LSM4226,Infection and Immunity,Yong Loo Lin Sch of Medicine,0.45267892,0.6469797,0.6103749
MA2289R,Basic UROPS in Mathematics II (REx),Science,0.47549167,0.614743,0.61032987
NHS2067,Writing Food,NUS College,0.43805102,0.6439638,0.6103231
MUA3102,Composition Major Study 3B,YST Conservatory of Music,0.44903213,0.62045693,0.61031926
YHU2308,Introduction to Vocal Technique and Performance,Yale-NUS College,0.4669939,0.64665586,0.61031735
BSP1703,Managerial Economics,NUS Business School,0.45589074,0.6109371,0.61029446
JS4232,FDI and Local Development: Japanese Firms in Asia,Arts and Social Science,0.45324793,0.6192218,0.61028063
JS4232HM,FDI and Local Development: Japanese Firms in Asia,Arts and Social Science,0.45324793,0.6192218,0.61028063
UIS3952CS,Independent Study Module (Ride-On),Computing,0.49004486,0.618705,0.6102769
SFI2032,Introducing Thailand,NUS,0.45568818,0.6216223,0.61024505
MUA2102,Composition Major Study 2B,YST Conservatory of Music,0.44963238,0.6239712,0.6102006
MUA2101,Composition Major Study 2A,YST Conservatory of Music,0.45221013,0.62698174,0.6101481
PS4226,Emerging Markets and Economic Governance,Arts and Social Science,0.44856033,0.6219588,0.61013687
PS4226HM,Emerging Markets and Economic Governance,Arts and Social Science,0.44856033,0.6219588,0.61013687
YSC2225,Physical Chemistry,Yale-NUS College,0.43537188,0.63399935,0.61012244
PS4401HM,Honours Thesis,Arts and Social Science,0.46815753,0.62087405,0.6101098
ST3289,Advanced UROPS in Statistics & Applied Probability II,Science,0.46022218,0.61622757,0.610081
MUA4121,Capstone Recital in Piano Performance,YST Conservatory of Music,0.4210566,0.63083845,0.61006916
UTC2108,Knowledge and Expertise,Residential College,0.47244215,0.61346644,0.6100608
GEH1057,Materials: The Enabling Substance of Civilization,College of Design and Engineering,0.44140726,0.6329205,0.61005837
NST2050,Light and Lenses: Reimagine imaging with technology,NUS College,0.43020067,0.6138841,0.61005163
YHU3364,World Drama,Yale-NUS College,0.45399886,0.6531987,0.61004627
CG2271,Real-Time Operating Systems,Multi Disciplinary Programme,0.4744981,0.63173234,0.61002934
YHU3347,Media Arts for Just Futures,Yale-NUS College,0.43639722,0.6318477,0.6100263
CH2222,Selected Readings in Chinese Prose,Arts and Social Science,0.4245939,0.6322791,0.6100229
CH3232,Selected Readings in Chinese Prose,Arts and Social Science,0.4245939,0.6322791,0.6100229
MA4292,Undergraduate Topics in Mathematics II,Science,0.4332346,0.6164241,0.6100079
PC3289Q,Advanced UROPS in Quantum Technologies II,Science,0.46537167,0.6481385,0.6099848
LL4514V,Multidisciplinary Approach to Crime & Criminal Justice,Law,0.46715006,0.61741996,0.60997486
LL4514,Multidisciplinary Approach to Crime & Criminal Justice,Law,0.46715003,0.6174198,0.6099748
MUA3172,Audio Postproduction Project,YST Conservatory of Music,0.43731982,0.648066,0.609966
MS2210,Malay Culture & Society,Arts and Social Science,0.4491795,0.61313367,0.6099574
SW4880HM,Special Topics in Social Work,Arts and Social Science,0.42986748,0.6248429,0.60993785
MUA1193,Chamber Singers,YST Conservatory of Music,0.44785708,0.6451613,0.6099243
MUA2193,Chamber Singers,YST Conservatory of Music,0.44785708,0.6451613,0.6099243
MUA1192,Chamber Singers,YST Conservatory of Music,0.44785708,0.6451613,0.6099243
MUA2192,Chamber Singers,YST Conservatory of Music,0.44785708,0.6451613,0.6099243
TS3232,Performance & Social Space,Arts and Social Science,0.4603258,0.6499912,0.6099147
MUA3271,Acoustics and Sound Production for Performers,YST Conservatory of Music,0.43796965,0.626073,0.60989654
BMI1101C,Digital Literacy for Healthcare,Yong Loo Lin Sch of Medicine,0.4117575,0.61699283,0.6098747
BMI1101A,Digital Literacy for Healthcare,Yong Loo Lin Sch of Medicine,0.4117575,0.61699283,0.6098747
MA4291,Undergraduate Topics in Mathematics I,Science,0.4324549,0.6174085,0.6098491
PC4264,Solid State Devices,Science,0.41204068,0.6178071,0.60984284
CS4347,Sound and Music Computing,Computing,0.4265503,0.65690744,0.6098237
YSC4243,Biology of Sex,Yale-NUS College,0.43189263,0.63261944,0.60978997
MUT2205,Text and Music,YST Conservatory of Music,0.424968,0.6187088,0.6097591
SE3214,Heritage and Heritagescapes in Southeast Asia,Arts and Social Science,0.4574485,0.6185946,0.6097128
LSM1111,Biological Challenges and Opportunities for Humankind,Science,0.42341077,0.6251383,0.6096348
EL3252,Language Planning and Policy,Arts and Social Science,0.45282924,0.62236017,0.60961324
ZB4171,Advanced Topics in Bioinformatics,Science,0.42446303,0.6181383,0.6095883
GES1036,The Arts in Singapore Today,YST Conservatory of Music,0.4377537,0.6124096,0.60958564
PC3231,Electricity & Magnetism II,Science,0.45294595,0.6220259,0.6095803
FIN3131,Fixed Income Securities,NUS Business School,0.42391062,0.62663263,0.60957444
FIN3717,Fixed Income Securities,NUS Business School,0.42391062,0.62663263,0.60957444
EL3214,Language Documentation,Arts and Social Science,0.43556595,0.64911884,0.6095593
ME2134,Fluid Mechanics I,College of Design and Engineering,0.44132552,0.6217424,0.60955656
PS4209,Public Organisation Theory and Practice,Arts and Social Science,0.4662032,0.6277242,0.60954
PS4209HM,Public Organisation Theory and Practice,Arts and Social Science,0.4662032,0.6277242,0.60954
MLE4227,Sustainable Water Harvesting Technologies,College of Design and Engineering,0.4366358,0.62568796,0.60949135
MUA4201,Foundational Leadership Skills in an Orchestral Context,YST Conservatory of Music,0.46938285,0.6197542,0.6094853
MUA1107,Conservatory Orchestra,YST Conservatory of Music,0.40612295,0.63877505,0.6094849
MUA1108,Conservatory Orchestra,YST Conservatory of Music,0.40612295,0.63877505,0.6094849
MUA2107,Conservatory Orchestra,YST Conservatory of Music,0.40612295,0.63877505,0.6094849
MUA4107,Conservatory Orchestra,YST Conservatory of Music,0.40612295,0.638775,0.60948485
MUA3108,Conservatory Orchestra,YST Conservatory of Music,0.40612295,0.638775,0.60948485
MUA3107,Conservatory Orchestra,YST Conservatory of Music,0.40612295,0.638775,0.60948485
MUA2108,Conservatory Orchestra,YST Conservatory of Music,0.40612295,0.638775,0.60948485
MUA4108,Conservatory Orchestra,YST Conservatory of Music,0.40612295,0.638775,0.60948485
GE2234,Geospatial Data Collection and Digital Mapping,Arts and Social Science,0.44665012,0.6139108,0.6094464
YSS4275,"Law, Governance and Development in Asia",Yale-NUS College,0.45067623,0.6274376,0.6094455
YSC2256,Science of Life,Yale-NUS College,0.44022977,0.61414886,0.60942835
NUR4103B,Applied Research Methods,Yong Loo Lin Sch of Medicine,0.43500865,0.6126905,0.60940874
IS2238,Economics of IT and AI,Computing,0.44631964,0.6217249,0.60937226
UTS2409,Mental Wellness: Perspectives & (World)views,Residential College,0.43939784,0.6233171,0.6093527
UTC2412,Mental Wellness: Perspectives & (World)views,Residential College,0.43939784,0.623317,0.6093527
BMI3308,Introduction to Molecular Bioinformatics,Yong Loo Lin Sch of Medicine,0.4038237,0.62598795,0.6092925
CS1010S,Programming Methodology,Computing,0.44985938,0.6211144,0.6092847
EC4313,Search Theory and Applications,Arts and Social Science,0.49522355,0.6165205,0.60927695
EC4313HM,Search Theory and Applications,Arts and Social Science,0.49522355,0.6165205,0.60927695
UTC3700D,Residential College 4 Senior Projects - Part IV,Residential College,0.47303388,0.61836845,0.60925716
BN3201,Introduction To Biomechanics,College of Design and Engineering,0.43901613,0.6305727,0.60924006
HY3260,Chinese Migrations in World History,Arts and Social Science,0.45229235,0.6216528,0.60920644
SP2273,"Working on Interdisciplinary Science, Pythonically",Science,0.425064,0.62786525,0.60917354
PHS1120,Essential Topics in Pharmaceutical Chemistry,Science,0.41312665,0.621224,0.6091628
PS4401,Honours Thesis,Arts and Social Science,0.46774107,0.62084615,0.6091593
BST3761,Special Topics in Business,NUS Business School,0.4794706,0.61919,0.60911727
ST2132,Mathematical Statistics,Science,0.45389786,0.61189467,0.60909724
SW3209,Exploring Counselling Approaches: Theories and Practice,Arts and Social Science,0.39992982,0.6298319,0.6090968
LL4280V,Crime and Companies,Law,0.4810807,0.63391924,0.6090465
TS3247,Digital Archiving and Performance,Arts and Social Science,0.4430846,0.6476464,0.6090242
MUA4102,Composition Major Study 4B,YST Conservatory of Music,0.4663438,0.61980975,0.60901916
UTC1700,Thinking in Systems: Ecosystems and Natural Resources,Residential College,0.44387656,0.6143458,0.6089929
UTC1702A,Thinking in Systems: Ecosystems and Natural Resources,Residential College,0.44387656,0.6143458,0.6089929
GEM1918,Thinking in Systems: Ecosystems and Natural Resources,Residential College,0.44387656,0.6143458,0.6089928
CM3212,Transition Metal Chemistry,Science,0.4316783,0.62800896,0.608959
PL4243HM,Intellectual Developmental Disorder,Arts and Social Science,0.42070818,0.618115,0.60895365
PL4243,Intellectual Developmental Disorder,Arts and Social Science,0.42070818,0.618115,0.60895365
LSM3217,Human Ageing,Yong Loo Lin Sch of Medicine,0.43218493,0.6247533,0.60890055
EC3351,Public Finance,Arts and Social Science,0.4507127,0.6247431,0.60889447
PS3880E,Topics in PS: Human Trafficking in Southeast Asia,Arts and Social Science,0.4788452,0.6127456,0.60885304
TCX3212,Predictive Analytics,Cont and Lifelong Education,0.42352676,0.6114664,0.60883063
MUA3101,Composition Major Study 3A,YST Conservatory of Music,0.44835305,0.62069905,0.6088122
SC4205,Sociology of Language & Communication,Arts and Social Science,0.4581677,0.6186685,0.6087955
SC4205HM,Sociology of Language & Communication,Arts and Social Science,0.4581677,0.6186685,0.6087955
PC3288Q,Advanced UROPS in Quantum Technologies I,Science,0.46366644,0.6512983,0.608782
PC3288AR,Advanced UROPS in Astrophysics I (REx),Science,0.47008327,0.61456335,0.6087613
NHS2058,Dance Narratives,NUS College,0.4552045,0.6275673,0.6087173
LSM1307,Waste and Our Environment,Science,0.45660725,0.62722605,0.6087103
DSN3702,Descriptive Analytics with R,NUS Business School,0.43480596,0.6247923,0.60871
CFA1111B,Foundational Study in a Performing Arts Area (Dance),YST Conservatory of Music,0.43407148,0.61813945,0.6086978
LL4071,"International Patent Law, Policy and Practice",Law,0.47856158,0.609399,0.6086874
LL4071V,"International Patent Law, Policy and Practice",Law,0.47856158,0.609399,0.6086874
YSC4229,"Molecular Neuroscience - Genes, Brains, and Behaviour",Yale-NUS College,0.44164556,0.61789036,0.60866207
CS4226,Internet Architecture,Computing,0.41214496,0.62792295,0.60862625
LSM3244,Molecular Biotechnology,Science,0.42040506,0.6283883,0.60855436
GET1018,The Mathematics of Games,Science,0.46725482,0.6155899,0.6085503
ZB2101,Introductory Bioinformatics,Science,0.42971894,0.6411602,0.60854733
LL4357,Regulation & Political Economy,Law,0.4536602,0.6279093,0.60854495
LL4357V,Regulation & Political Economy,Law,0.4536602,0.6279093,0.60854495
TS4880C,Contemporary Performance Practices,Arts and Social Science,0.45984736,0.6726962,0.60849756
TS4880CHM,Contemporary Performance Practices,Arts and Social Science,0.45984736,0.6726962,0.60849756
SPH3403,Public Health Economics,SSH School of Public Health,0.44258553,0.6234819,0.60849345
YSS3223,"Asian Medicine, the Body and Globalization",Yale-NUS College,0.40669787,0.6197321,0.6084629
BN4201,Tissue Biomechanics,College of Design and Engineering,0.43453735,0.6438423,0.6084544
YHU3383,Art and Climate: Artistic Practice in the Anthropocene,Yale-NUS College,0.43395826,0.6281774,0.608431
MUA3116,Pedagogy for Orchestral Instrumentalists,YST Conservatory of Music,0.41650116,0.6345594,0.60842794
YSS3252,Lab in Applying Psychology to Public Policy,Yale-NUS College,0.42871165,0.6437503,0.60838777
TR4049,Seminars in Entrepreneurship,Non-Faculty-based Departments,0.45934436,0.615326,0.60838616
ETP4221,Seminars in Entrepreneurship,Non-Faculty-based Departments,0.45934436,0.615326,0.60838616
YID3202H,Special Topics: Asia's Edible Ocean,Yale-NUS College,0.46020815,0.6170148,0.60838604
MUA2158,Contemporary Musicianship B,YST Conservatory of Music,0.4279343,0.636202,0.6083811
FAS2882B,Influence of Migration on Landscapes of Singapore,Arts and Social Science,0.44088104,0.61042774,0.60836536
IE4221,Transportation Demand Modeling and Economics,College of Design and Engineering,0.44257244,0.6173823,0.6083546
PL4229HM,Psychological Therapies,Arts and Social Science,0.4237964,0.61679053,0.6083119
PL4229,Psychological Therapies,Arts and Social Science,0.4237964,0.61679053,0.6083119
BPM1701,Calculus and Statistics,NUS Business School,0.4663059,0.6392126,0.60830814
CDE2506,Healthy Cities,College of Design and Engineering,0.44426152,0.6121296,0.6082951
ST3246,Statistical Models for Actuarial Science,Science,0.43564558,0.6330018,0.6082679
NTW2023,The Idea of the University,NUS College,0.44951436,0.6173623,0.6082544
NHS4002,Reflection and Reflexivity in Disciplinary Practices,NUS College,0.4536293,0.6163259,0.60824734
NHS4002A,Reflection and Reflexivity in Disciplinary Practices,NUS College,0.4536293,0.6163259,0.60824734
NHS4002B,Reflection and Reflexivity in Disciplinary Practices,NUS College,0.4536293,0.6163259,0.60824734
GEH1004,Chinese Heritage: History and Literature,Arts and Social Science,0.4133967,0.6151347,0.60823137
YSC3214,Biochemistry,Yale-NUS College,0.41759858,0.62746304,0.6082313
JS4225HM,Social Dynamics in Modern Japan,Arts and Social Science,0.46604103,0.618829,0.60823
JS4225,Social Dynamics in Modern Japan,Arts and Social Science,0.46604103,0.618829,0.60823
PL3284,Lab in Applied Psychology (Scale Construction),Arts and Social Science,0.47823974,0.61175054,0.60822827
NST2030,Quantum Computation,NUS College,0.4244242,0.6489007,0.60819757
MUA3191,Junior Recital in Voice,YST Conservatory of Music,0.44321564,0.617257,0.60819376
YSS3331,Empirical Qualitative Analysis in Global Affairs,Yale-NUS College,0.45080346,0.65203875,0.6081714
RE1704,Principles of Real Estate Economics,NUS Business School,0.44751185,0.6343049,0.6081295
RB4301,Robot Learning,College of Design and Engineering,0.4158815,0.64149916,0.60812724
IE2010E,Introduction to Industrial System,Cont and Lifelong Education,0.45158106,0.62993515,0.6081203
UTC3700C,Residential College 4 Senior Projects - Part III,Residential College,0.472374,0.6157545,0.60806334
GE3252,Cartography and Geovisualisation,Arts and Social Science,0.4378367,0.6141188,0.60802245
EE4511,Renewable Generation and Smart Grid,College of Design and Engineering,0.42235577,0.6162108,0.6080116
CS4214,Formal Semantics,Computing,0.45990402,0.6137877,0.60797834
ENV2101,Global Environmental Change,Science,0.45094195,0.61496526,0.60796964
PR3116,Concepts in Pharmacokinetics and Biopharmaceutics,Science,0.44023922,0.6338597,0.60784763
GEH1047,Social and Cultural Studies through Music,YST Conservatory of Music,0.42474228,0.62178797,0.6078318
EL3211,Language in Contact,Arts and Social Science,0.42700776,0.6201623,0.607813
MUA4207,Advanced Leadership Skills in an Orchestral Context,YST Conservatory of Music,0.47371516,0.6193826,0.6078069
YCC1133,Week 7: Experiential Learning Field Trip,Yale-NUS College,0.45648548,0.61094826,0.6077353
GL4991,Global Technology and Labour,Arts and Social Science,0.4803586,0.61481875,0.6077349
NST2058,The Digital Lives of Species,NUS College,0.41782215,0.6444598,0.60771
MA4230,Matrix Computation,Science,0.447977,0.6126634,0.60770875
LAD4006,Digital Techniques In Landscape Architecture,College of Design and Engineering,0.39225012,0.64327514,0.607708
CE2407B,Introduction to Numerical Methods for Engineers,College of Design and Engineering,0.4410343,0.62971056,0.6076848
PR2114A,Formulation & Technology I,Science,0.437956,0.62340933,0.60768133
YHU3354,The Birth of the Japanese Department Store,Yale-NUS College,0.47765198,0.6209553,0.6076778
ME3291,Numerical Methods In Engineering,College of Design and Engineering,0.43836886,0.61686116,0.6076778
PC4262,Remote Sensing,Science,0.45443392,0.61709136,0.6076551
LAV2201,Vietnamese 2,Arts and Social Science,0.44394648,0.6340519,0.6076525
GE4207,Coastal Management,Arts and Social Science,0.4491795,0.6238444,0.60762113
GE4207HM,Coastal Management,Arts and Social Science,0.4491795,0.6238444,0.60762113
NHS2106,Wisdom: Concepts and Contemporary Contexts,NUS College,0.46197367,0.60756767,0.60756767
ME2114E,Mechanics of Materials II,Cont and Lifelong Education,0.43499973,0.62745744,0.6075644
TME2114,Mechanics of Materials II,Cont and Lifelong Education,0.43499973,0.62745744,0.6075644
ST4253,Applied Time Series Analysis,Science,0.44044983,0.6354786,0.6075584
PLS8002,Cultivating the Self,Arts and Social Science,0.4506662,0.6140871,0.6075572
PLS8002B,Cultivating the Self,Arts and Social Science,0.4506662,0.6140871,0.6075572
PLS8002A,Cultivating the Self,Arts and Social Science,0.4506662,0.6140871,0.6075572
GEC1014,Social and Cultural Studies through Music,YST Conservatory of Music,0.42746532,0.6160588,0.6075495
MA4198,Mathematics Capstone Project,Science,0.44766557,0.63902164,0.60754865
GE3240,Geographical Research: Developing Ideas,Arts and Social Science,0.455084,0.6185814,0.6075404
XFS4199M,Integrated Honours Project,Science,0.4573446,0.64406765,0.60749656
XFS4199S,Integrated Honours Project,Science,0.4573446,0.64406765,0.60749656
ST4243,Statistical Methods for DNA Microarray Analysis,Science,0.44152635,0.62887037,0.607484
NST2036,Creating Wolverine in Real Life,NUS College,0.42235732,0.61946326,0.60747504
CLC2101,Engaging and Building Communities,Non-Faculty-based Departments,0.45461777,0.6346145,0.60747325
SW3217,Mental Health and Illness,Arts and Social Science,0.42553696,0.624289,0.6074563
PL3239,Industrial and Organisational Psychology,Arts and Social Science,0.47821093,0.61276805,0.6074427
LL4456V,Legal Technology & Innovation,Law,0.42639458,0.6167056,0.6074401
LL4456,Legal Technology & Innovation,Law,0.42639458,0.61670554,0.6074401
EC4308HM,Machine Learning and Economic Forecasting,Arts and Social Science,0.4258114,0.6224083,0.60743535
EC4308,Machine Learning and Economic Forecasting,Arts and Social Science,0.4258114,0.6224083,0.60743535
PC3421,Quantum Technologies,Science,0.4313029,0.6514927,0.6074219
INT3202,Consecutive Interpreting,Arts and Social Science,0.4766031,0.62198186,0.6074124
PL3289,Lab in Decision Science,Arts and Social Science,0.4440382,0.61608386,0.60740715
EC3101,Microeconomic Analysis II,Arts and Social Science,0.47844616,0.6214898,0.6074026
YID3216,"Environment, Development and Mobilisation in Asia",Yale-NUS College,0.45501357,0.6166165,0.60737526
ID1223,Principles and Approaches to Design,College of Design and Engineering,0.4309939,0.62558734,0.60734284
BMI1101,Digital Literacy for Healthcare,Yong Loo Lin Sch of Medicine,0.4099181,0.6143347,0.60733336
MA3229,Intro. to Geometric Modelling,Science,0.43890083,0.6166521,0.6073292
LL4094B,NUS-State Courts Judicial Clerkship Programme,Law,0.44783828,0.6101904,0.6073181
LL4094BV,NUS-State Courts Judicial Clerkship Programme,Law,0.44783828,0.6101904,0.6073181
CP3101,Topics in Computing,Computing,0.44984484,0.6331098,0.6073127
IE2100,Probability Models With Applications,College of Design and Engineering,0.48423406,0.6114716,0.6072908
TCE3132,Water Resources Engineering,Cont and Lifelong Education,0.431326,0.61734384,0.6072816
CFG1600,CommsLab Public Speaking,NUS,0.4575601,0.60970783,0.6072616
UTC1112A,Jr Sem Special Topics: Humanising Technology,Residential College,0.48375687,0.6142335,0.60722923
CFG1600S,CommsLab Public Speaking (FoS),NUS,0.4699693,0.61518943,0.6072179
CH3293,Selected Topics in Chinese Art (taught in English),Arts and Social Science,0.42390248,0.6351765,0.60720974
NHS2088,"The Baby, the Philosopher, and the Cognitive Scientist",NUS College,0.4352007,0.6120311,0.60719395
FAS2882G,Cross-Cultural Dialogue: A Global Perspective,Arts and Social Science,0.45396125,0.61599994,0.6071443
YSS3334,Labour in Capitalist Societies,Yale-NUS College,0.48704508,0.6107245,0.60713553
GE4202HM,Remaking the Global Economy,Arts and Social Science,0.46908844,0.62571824,0.607125
GE4202,Remaking the Global Economy,Arts and Social Science,0.46908844,0.62571836,0.607125
JS4231HM,Technologies and Traditional Japanese Theatre,Arts and Social Science,0.4477018,0.6238532,0.6070938
JS4231,Technologies and Traditional Japanese Theatre,Arts and Social Science,0.4477018,0.6238532,0.6070938
CLC3302,Diversity and Inclusion,Non-Faculty-based Departments,0.46440387,0.60793924,0.6070702
CH3221,Selected Readings in Chinese Verse,Arts and Social Science,0.41962045,0.61529493,0.6070348
YSC3250,Immunology,Yale-NUS College,0.42763957,0.6114606,0.6070126
JS2101,Approaches to Japanese Studies I,Arts and Social Science,0.43701226,0.64799565,0.60697526
YID4101,Environmental Studies Capstone Project,Yale-NUS College,0.43580183,0.62716806,0.60697097
NHS4001,Critical Reflection,NUS,0.44805092,0.6251031,0.6069435
LSM2241,Introductory Bioinformatics,Science,0.43002725,0.64016545,0.60692215
BN2202S,Introduction to Biotransport,College of Design and Engineering,0.44994828,0.63432455,0.6068966
MUA1201,Rudiments of Musicianship,YST Conservatory of Music,0.42493492,0.6195414,0.6068155
ACC2706,Managerial Accounting,NUS Business School,0.45843807,0.61457175,0.60681385
UTC2113,Gaming Life,Residential College,0.4552869,0.62131953,0.6068064
LL4195V,International Economic Law & Relations,Law,0.4591705,0.6223791,0.6067897
TS3236,Theatre Ecologies,Arts and Social Science,0.428187,0.6218044,0.60678524
NEX3001,GEx Paris,NUS College,0.45141938,0.612778,0.6067691
CDE3504,Smart Cities,College of Design and Engineering,0.45125663,0.62791204,0.6067542
LL4241,Financial Stability and the Regulation of Banks,Law,0.45019546,0.6114183,0.6067418
EE3131C,Communication Systems,College of Design and Engineering,0.4445532,0.6341396,0.60673904
JS2223,Government and Politics of Japan,Arts and Social Science,0.46276477,0.6187271,0.60671824
NM2201,Intercultural Communication,Arts and Social Science,0.4694879,0.612833,0.60670334
HS2931,Smart City / Intelligent Humans,Arts and Social Science,0.42673266,0.6298318,0.6066806
YSS3364,Urban ASEAN: The Changing City in Southeast Asia,Yale-NUS College,0.4681887,0.60991156,0.60667545
MS2220,Arts and Artists in the Nusantara,Arts and Social Science,0.46075854,0.617928,0.60664386
PR3288R,Advanced UROPS in Pharmacy I (REx),Science,0.45672673,0.62605083,0.60662186
EE4605,Bio-Instrumentation & Signal Analysis,College of Design and Engineering,0.41060427,0.6138693,0.6065685
FMA1202N,FS: Neuroeconomics: Brain on Money,Arts and Social Science,0.4636036,0.623597,0.6065505
YSS3303,Cities and Economic Development,Yale-NUS College,0.47311997,0.6144481,0.60649246
EC3305R,Economic Data Analysis with R Programming,Arts and Social Science,0.4218747,0.6262594,0.60647213
LL4173V,Comparative Corporate Law,Law,0.4648062,0.60968745,0.6064538
LL4173X,Comparative Corporate Law,Law,0.4648062,0.60968745,0.6064538
YSC3213,Experimental Physics Laboratory,Yale-NUS College,0.4246635,0.6169727,0.6064205
CS3210,Parallel Computing,Computing,0.4549534,0.63359267,0.60641915
CN2104,Chemical Engineering Thermodynamics,College of Design and Engineering,0.43012032,0.6111946,0.60639846
UTS2112,Animals and the City,Residential College,0.45718253,0.61879385,0.6063694
UTC2112,Animals and the City,Residential College,0.45718253,0.61879385,0.6063694
LSM4267,Light & Vision in Animal Communication,Science,0.4383437,0.6270839,0.6063153
RE3706,Principles of Real Estate Valuation,NUS Business School,0.42875963,0.62004334,0.6062607
JS2228,Gender and Sexuality in Japan,Arts and Social Science,0.4591898,0.615512,0.6062396
BSN4713,Sustainable Ethical Businesses With AI,NUS Business School,0.46398404,0.6172029,0.60623014
XFA4411,Integrated Honours Thesis,Arts and Social Science,0.4722315,0.6144259,0.6062294
XFA4416,Integrated Honours Thesis,Arts and Social Science,0.4722315,0.6144259,0.6062294
HS2903,Sporting Bodies,Arts and Social Science,0.4528641,0.6091418,0.60618985
LAT2201,Thai 2,Arts and Social Science,0.44351885,0.6084156,0.6061746
UTS2716,Systems Thinking for Wicked Problems,Residential College,0.46531528,0.6233272,0.6061493
UTC2731,Systems Thinking for Wicked Problems,Residential College,0.46531528,0.6233272,0.6061493
MUL1105,Italian for Musicians 1,YST Conservatory of Music,0.44482097,0.633185,0.60614383
GEC1023,Social History of the Piano,YST Conservatory of Music,0.4159162,0.6156167,0.606129
GEH1060,Social History of the Piano,YST Conservatory of Music,0.4159162,0.6156167,0.606129
PR3289R,Advanced UROPS in Pharmacy II (REx),Science,0.45506698,0.62594265,0.6060728
JS4216,Tales and Performance in Premodern Japan,Arts and Social Science,0.4427186,0.62443256,0.6060292
YSC4212,Statistical Case Studies (with R),Yale-NUS College,0.4466193,0.6111031,0.60600805
HY3223,Technology and Culture in the Asia-Pacific,Arts and Social Science,0.46198866,0.64792085,0.6059657
PL3281B,Lab in Memory and Cognition,Arts and Social Science,0.461718,0.6186821,0.60595125
PS3216,Global Health Governance and Politics,Arts and Social Science,0.45272645,0.6215459,0.60590774
NST2037,Epidemics,NUS,0.44583434,0.6461162,0.60590184
GEK1001,Geographical Journeys: Exploring World Environments,Arts and Social Science,0.45676455,0.62214243,0.60587454
UTC1423,"Jr Sem: Documentary Photography: Awareness, Spectatorship, and Storytelling",Residential College,0.4305237,0.61696756,0.6058688
EL4880FHM,Grammar and Language Processing,Arts and Social Science,0.43015,0.646969,0.60585326
EL4880F,Grammar and Language Processing,Arts and Social Science,0.43015,0.6469691,0.6058532
LSM4266,Aquatic Invertebrate Diversity,Science,0.45036656,0.60966027,0.60583764
CM2101,Physical Chemistry 2,Science,0.42151177,0.6293822,0.60579985
LL4447,Law and Data Science,Law,0.42760587,0.64389026,0.6057612
LL4447V,Law and Data Science,Law,0.42760587,0.64389026,0.6057612
YID3214,Urban Ecological Systems,Yale-NUS College,0.44891012,0.6138996,0.6057273
MUA1188,Music Initiatives and Projects 1,YST Conservatory of Music,0.46111074,0.6157547,0.605621
PC2267,Biophysics I,Science,0.41561505,0.64114964,0.60560906
LAG3201,German 3,Arts and Social Science,0.4467007,0.6353042,0.6055614
MUA4109,Chamber Music,YST Conservatory of Music,0.4478917,0.6346856,0.60555273
LL4024,Indonesian Law,Law,0.45961228,0.61227304,0.6055367
LL4024V,Indonesian Law,Law,0.45961228,0.61227304,0.6055367
MUA2189,Music Initiatives and Projects 4,YST Conservatory of Music,0.4642458,0.6229953,0.60553265
UTC2730,Alien Invasions in Singapore,Residential College,0.444982,0.6207867,0.6055281
UTS2715,Alien Invasions in Singapore,Residential College,0.444982,0.6207867,0.6055281
ME3163,Introduction to Cyber Physical Systems,College of Design and Engineering,0.44889504,0.60825604,0.60551524
NTW2006,Human Trafficking and Labour Migration,NUS College,0.4823338,0.61868715,0.60549635
CS3236R,Introduction to Information Theory,Computing,0.47125068,0.6114278,0.60545033
TS2217,Introduction to Performance Studies,Arts and Social Science,0.4629723,0.6119728,0.60544854
PC4441,Climate Science and Climate Change Fundamentals,Science,0.4194324,0.65512335,0.6054367
MUA3181,Advanced Concepts in Orchestral Repertoire,YST Conservatory of Music,0.44498014,0.6246815,0.60541594
TIC1101,"Professional, Ethical, and Social Issues in Computing",Cont and Lifelong Education,0.45683137,0.62902564,0.6053885
PC1431X,Physics IE,Science,0.4534941,0.6134925,0.6053562
LL4324,Comparative Trade Mark Law,Law,0.46255663,0.61164325,0.6053359
SP2718D,Mathematical Foundations for Data Literacy with R,Science,0.42079344,0.6190908,0.6053041
BN4101R,B.Eng. Dissertation,College of Design and Engineering,0.4300555,0.6173016,0.6052908
BN4101,B.Eng. Dissertation,College of Design and Engineering,0.4300555,0.6173016,0.6052908
MA3264,Mathematical Modelling,Science,0.46378812,0.6173358,0.6052779
BHD4001,Honours Dissertation,NUS Business School,0.4602644,0.62784374,0.60527533
MUA3213,Music Notation and Engraving,YST Conservatory of Music,0.45209017,0.63855743,0.6052699
EC4322HM,Industrial Organisation II,Arts and Social Science,0.4721319,0.6171557,0.6052519
EC4322,Industrial Organisation II,Arts and Social Science,0.4721319,0.6171557,0.6052519
YHU2249,"Poetry, Painting and Photography",Yale-NUS College,0.42111593,0.6231651,0.60524905
LL4523,Corporate Governance - Law and Theory,Law,0.44973844,0.61268365,0.6052351
EE3030A,Exploring Frugal Engineering,College of Design and Engineering,0.42656705,0.6071212,0.60523164
LSM4231,Structural Biology,Science,0.42346072,0.6206701,0.60522467
LL4544,International Economic Law for the Digital Economy,Law,0.46171236,0.6273339,0.6052246
PL4232,Psychology of Organizational Processes,Arts and Social Science,0.45447588,0.6084422,0.60520077
PL4232HM,Psychology of Organizational Processes,Arts and Social Science,0.45447588,0.6084422,0.60520077
GEK1002,Introduction to Japan,Arts and Social Science,0.41930553,0.65756744,0.6051997
EC4880AHM,Topics in Economics: Economics of Careers,Arts and Social Science,0.46973434,0.6130584,0.6051867
EC4880A,Topics in Economics: Economics of Careers,Arts and Social Science,0.46973434,0.6130584,0.6051867
TIE2010,Introduction to Industrial System,Cont and Lifelong Education,0.45126763,0.6239963,0.6051464
JS4233HM,Japan's Immigration Politics in Global Perspective,Arts and Social Science,0.47168016,0.62745625,0.6050733
XFA4402,Integrated Honours Thesis,Arts and Social Science,0.4642634,0.60812265,0.60507065
XFA4413,Integrated Honours Thesis,Arts and Social Science,0.4642634,0.60812265,0.60507065
GE4241HM,Spatial Health,Arts and Social Science,0.43314034,0.60996294,0.6050601
GE4241,Spatial Health,Arts and Social Science,0.43314034,0.60996294,0.6050601
NEX3006,GEx Mekong,NUS College,0.47331738,0.6126674,0.6050587
EC3880G,Topics in Economics: Introduction to Health Economics,Arts and Social Science,0.43992886,0.6121016,0.60501206
UTC1102P,Junior Seminar: Murals: Expressions from/on the Walls,Residential College,0.45000133,0.64527196,0.6050033
MA3288R,Advanced UROPS in Mathematics I (REx),Science,0.46509376,0.61911315,0.6049683
EL4255HM,English as a World Language,Arts and Social Science,0.42398563,0.6247421,0.604917
EL4255,English as a World Language,Arts and Social Science,0.42398563,0.6247421,0.604917
LL4494V,Law of Money and Central Banking,Law,0.43716845,0.6297662,0.6049023
LL4494,Law of Money and Central Banking,Law,0.43716845,0.6297662,0.6049023
PHS3116,Pharmacokinetics and Biopharmaceutics,Science,0.43587193,0.62766594,0.60490036
PHS4101,Pharmacokinetics and Biopharmaceutics,Science,0.43587202,0.6276659,0.60490024
YSC3209,Quantum Chemistry,Yale-NUS College,0.41081822,0.64368534,0.60487527
HY1101E,Engaging Asia: A Global History,Arts and Social Science,0.45773214,0.6397585,0.60478723
BSE4712,Economics of Organization,NUS Business School,0.47076216,0.62510693,0.6047781
LAG3202,German 4,Arts and Social Science,0.43892005,0.6201331,0.604735
RB3302,Planning and Navigation,College of Design and Engineering,0.43851373,0.63379705,0.6047228
YHU2322,Comics and Graphic Novels,Yale-NUS College,0.4289883,0.6158985,0.60471106
LL4356,International Economic Law Clinic,Law,0.46061286,0.6189395,0.6047074
LL4356V,International Economic Law Clinic,Law,0.46061286,0.6189395,0.6047074
EL4257HM,English in the Public Sphere: the Politics of Language,Arts and Social Science,0.4438321,0.61522037,0.6046464
EL4257,English in the Public Sphere: the Politics of Language,Arts and Social Science,0.4438321,0.61522037,0.6046464
SW4231HM,Risk Assessment and Protection of Vulnerable Clients,Arts and Social Science,0.45901915,0.6179492,0.6046208
LAV4201HM,Vietnamese 5,Arts and Social Science,0.44758534,0.6440631,0.60461587
LAV4201,Vietnamese 5,Arts and Social Science,0.44758534,0.6440631,0.60461587
GEM2908X,Senior Seminar: Technology and the Fate of Knowledge,Residential College,0.45597678,0.6089489,0.6045939
YSS4281,Gendered Migration and Carework,Yale-NUS College,0.4742921,0.6139599,0.6045866
CH4883,Topics in Chinese Philosophy II,Arts and Social Science,0.43945315,0.6185604,0.60449475
CH4883HM,Topics in Chinese Philosophy II,Arts and Social Science,0.43945315,0.6185604,0.6044947
MLE4202,Selected Advanced Topics on Polymers,College of Design and Engineering,0.4170541,0.6210096,0.6044672
YSS4240,Advanced Clinical Psychology,Yale-NUS College,0.44045296,0.62343234,0.6044293
CH3272,Selected Topics in Chinese Art (taught in Chinese),Arts and Social Science,0.41875526,0.62978846,0.6043869
MUA3109,Chamber Music,YST Conservatory of Music,0.44534025,0.63368887,0.6043685
LL4237V,"Law, Institutions, and Business in Greater China",Law,0.4316215,0.6135951,0.604349
LSM4243,Tumour Biology,Yong Loo Lin Sch of Medicine,0.43831167,0.62951744,0.6043377
LAD4012,Urban Greening: Technologies and Techniques,College of Design and Engineering,0.44199085,0.6136413,0.60425454
PS3880F,Topics in PS: Quantitative Approaches to Intl Relations,Arts and Social Science,0.45413524,0.62312543,0.6042463
YHU3201,Drawing Process,Yale-NUS College,0.42157626,0.62241316,0.604243
TTG2401,Engineering Mathematics II,Cont and Lifelong Education,0.4577527,0.61798704,0.6042412
EC4355,Economics of Ageing,Arts and Social Science,0.45158008,0.6141645,0.6042182
EC4355HM,Economics of Ageing,Arts and Social Science,0.45158008,0.6141645,0.6042182
UTC1115,Junior Seminar Engineering Marvels,Residential College,0.45552677,0.61077267,0.60420364
AH2203,"Empire and Art: India, Singapore, Malaya",Arts and Social Science,0.4501437,0.6083944,0.6041885
SPH2001,Fundamental Public Health Methods,SSH School of Public Health,0.4343742,0.619216,0.6041584
BSE4711,Econometrics for Business II,NUS Business School,0.44413474,0.616603,0.60413855
LAS3201,Spanish 3,Arts and Social Science,0.41608042,0.6250061,0.6041349
MUT1201,Introduction to Classical Music Composition,YST Conservatory of Music,0.43633425,0.6213459,0.60412073
PS4660,Independent Study,Arts and Social Science,0.45998976,0.6321977,0.6041156
PS4660HM,Independent Study,Arts and Social Science,0.45998976,0.6321977,0.6041156
PHS2101,Physiology for Pharmaceutical Science,Science,0.44019705,0.63504064,0.6041126
TIC2101,Information Systems and Organisations,Cont and Lifelong Education,0.43844268,0.614436,0.604104
CS4212,Compiler Design,Computing,0.45569775,0.61165893,0.6040734
TS4219,Media and Popular Performance,Arts and Social Science,0.42522186,0.6177626,0.6040374
TS4219HM,Media and Popular Performance,Arts and Social Science,0.42522186,0.6177626,0.6040374
XD2102,Health and Social Sciences,Arts and Social Science,0.42645904,0.62593174,0.6040322
JS4233,Japan’s Immigration Politics in Global Perspective,Arts and Social Science,0.4711,0.6267099,0.60402584
MLE2105,Electronic Properties of Materials,College of Design and Engineering,0.39848468,0.6271858,0.6040186
MUA4191,Senior Recital in Voice,YST Conservatory of Music,0.43711206,0.62207884,0.60400486
YSS3309,Technology and Culture,Yale-NUS College,0.43806082,0.63301927,0.60396963
EC4363,Applied Population Economics,Arts and Social Science,0.46714747,0.6223289,0.60391027
EC4363HM,Applied Population Economics,Arts and Social Science,0.46714747,0.6223289,0.60391027
CM2143,Basic Toolkit of Analytical Chemistry,Science,0.44361305,0.61249423,0.60389477
YSS3335,Lab in Social and Educational Interventions,Yale-NUS College,0.43177956,0.60641176,0.60383284
GEH1078,Heroes of China,Arts and Social Science,0.44199064,0.6093458,0.6038213
NST2041,Quantitative Reasoning Foundation: Quantifying Environmental Quality,NUS,0.43852127,0.6151133,0.6037877
UTC1702,Thinking in Systems,Residential College,0.4644016,0.61218804,0.603781
CM4238,Selected Topics in Physical Chemistry,Science,0.41010487,0.6102744,0.60376024
YSC3263,Database Management Systems,Yale-NUS College,0.4228306,0.6337591,0.6036901
TCX3214,Text Mining and NLP in Business Analytics,Cont and Lifelong Education,0.42040214,0.61187387,0.603687
DSA4211,High-Dimensional Statistical Analysis,Science,0.42922613,0.61044246,0.60368574
BN4109,Special Topic In Bioengineering,College of Design and Engineering,0.4362808,0.61923873,0.60368365
TS3234,Performance and Popular Culture,Arts and Social Science,0.45274952,0.6230377,0.60368174
CE3001,Water-Food-Energy Nexus,College of Design and Engineering,0.41865528,0.6180775,0.6036495
YCT1202,Dialogue: Social Issues in Intergroup Relations,Yale-NUS College,0.46160248,0.6325617,0.60363764
CH3261,Prescribed Text: The Four Books,Arts and Social Science,0.43490782,0.61958003,0.60360366
TR3049A,Topics in Entrepreneurship,NUS,0.463911,0.62014693,0.60359216
TR3049,Topics in Entrepreneurship,Non-Faculty-based Departments,0.463911,0.6201469,0.60359204
ETP3222,Topics in Entrepreneurship,Non-Faculty-based Departments,0.463911,0.6201469,0.60359204
ETP3225,Topics in Entrepreneurship,NUS,0.463911,0.6201469,0.60359204
ETP3225A,Topics in Entrepreneurship,NUS,0.463911,0.6201469,0.60359204
ETP3222B,Topics in Entrepreneurship,NUS,0.463911,0.6201469,0.60359204
ETP3222A,Topics in Entrepreneurship,NUS,0.463911,0.6201469,0.60359204
TR3049B,Topics in Entrepreneurship,NUS,0.463911,0.6201469,0.60359204
MA2202,Algebra I,Science,0.4374681,0.6209931,0.6035865
PC3289N,Advanced UROPS in Nanophysics II,Science,0.47148803,0.6188066,0.60358244
TRA3204,Literary Translation,Arts and Social Science,0.43033943,0.61657846,0.6035701
PC2288R,Basic UROPS in Physics I (REx),Science,0.4691583,0.60714114,0.6035635
TBA2104,Predictive Analytics,Cont and Lifelong Education,0.41751942,0.6092319,0.6035604
LL4321,Deals: The Economic Structure of Business Transactions,Law,0.4772004,0.6088805,0.6035551
GEK1537,The Search for Life on Other Worlds,Yong Loo Lin Sch of Medicine,0.4618283,0.62411207,0.60355365
GEH1042,The Search for Life on Other Worlds,Yong Loo Lin Sch of Medicine,0.4618283,0.62411207,0.60355365
YID3221,Wildlife Forensics and the Shark Fin Trade,Yale-NUS College,0.47041553,0.60859925,0.60351527
HY3224,China and the Maritime World,Arts and Social Science,0.44907323,0.6129733,0.6034703
YID2216,Foundations of Environmental History,Yale-NUS College,0.42901444,0.6237904,0.60341406
YHU2337,The Materiality of Photographs: Craft and Perception,Yale-NUS College,0.42994413,0.6265339,0.6033738
ST4288,Honours Project in Statistics,Science,0.4560993,0.6210189,0.60327655
YSC2251,Science Skills Workshop,Yale-NUS College,0.4323363,0.6221616,0.60327184
GE3249,Geographies of Life and Death,Arts and Social Science,0.44562766,0.63024557,0.6032715
EE3306,Introduction to Cyber Physical Systems,College of Design and Engineering,0.4487164,0.60658336,0.60318047
GEC1052,From Traveller to Tourist,Arts and Social Science,0.44696224,0.6126127,0.60317975
PR2135,Pharmacotherapeutics II,Science,0.43024772,0.6302279,0.6031276
EE4113,Digital Communications & Coding,College of Design and Engineering,0.44842282,0.6266479,0.6030701
NEX3004S,GEx Toronto,NUS College,0.47115391,0.6104058,0.6030547
NEX3004,GEx Toronto,NUS College,0.47115391,0.6104058,0.6030547
BHD4001C,Honours Dissertation,NUS Business School,0.45868325,0.626605,0.60301673
AR4951,Topics in History & Theory of Architecture,College of Design and Engineering,0.4249184,0.627931,0.6030154
CH2121,History of Chinese Literature,Arts and Social Science,0.39613107,0.62643707,0.6029822
LL4452V,Specialised Topics in Family Law,Law,0.44495893,0.61262727,0.6029438
LL4452,Specialised Topics in Family Law,Law,0.44495893,0.61262727,0.6029438
LL4339,Comparative Evidence in International Arbitration,Law,0.44564724,0.6567522,0.6029211
PS4221HM,Contemporary Politics of Northeast Asia,Arts and Social Science,0.45489475,0.61346334,0.60291475
PS4221,Contemporary Politics of Northeast Asia,Arts and Social Science,0.45489475,0.61346334,0.60291475
BT3104,Optimization Methods for Business Analytics,Computing,0.41102752,0.62352896,0.60290694
MUT3201,Modern Music,YST Conservatory of Music,0.446288,0.6169597,0.6028719
JS4401HM,Honours Thesis,Arts and Social Science,0.46275124,0.6172062,0.6028611
JS4401,Honours Thesis,Arts and Social Science,0.46275124,0.6172062,0.6028611
YSC3224,Statistical Thermodynamics,Yale-NUS College,0.41874996,0.6214466,0.60284317
YHU3341,Postcolonial Art,Yale-NUS College,0.44199675,0.6210963,0.60284054
PL3281A,Lab in Perception and Attention,Arts and Social Science,0.42165756,0.6330079,0.6028389
MUA3170,Audio Postproduction Techniques,YST Conservatory of Music,0.44502687,0.61525387,0.6028304
UTW1001H,Eating Right(s): The Politics of Food,Non-Faculty-based Departments,0.4411696,0.6030911,0.60282975
ACC4616,Accounting Theory,NUS Business School,0.41287774,0.60996026,0.6027947
ACC4715,Accounting Theory,NUS Business School,0.41287774,0.60996026,0.6027947
YHU3371,Chinese Temples in Southeast Asia,Yale-NUS College,0.45332628,0.64213634,0.6027915
MUH1100,Understanding and Describing Music,YST Conservatory of Music,0.4357487,0.6196834,0.60278857
SE3233,Martial Arts in Southeast Asia,Arts and Social Science,0.43596405,0.6098291,0.60271907
NHS2034,New Media and Politics,NUS College,0.42828637,0.6173217,0.6027094
NST2019,Generative Syntax,NUS,0.4149345,0.61959004,0.6027088
CS3282R,Thematic Systems Project II,Computing,0.46834266,0.60722446,0.6027032
LAD1004,History and Theory of Landscape Architecture,College of Design and Engineering,0.39418218,0.63231516,0.60263556
YSC1207,General Chemistry,Yale-NUS College,0.42095798,0.6348237,0.60261554
YSS4234,"Urban Heritage: Place, Memory, Identity",Yale-NUS College,0.44485986,0.6261076,0.6026143
NHS2048,Situating Singapore in the Wider World,NUS College,0.44988897,0.6332473,0.60261357
SE3231,Colonial Southeast Asia Through European Literature,Arts and Social Science,0.43713245,0.6304985,0.602605
NEX3001S,GEx Paris,NUS College,0.4556365,0.60440934,0.6025707
YSC4226,Advanced Methods in Cell Biology,Yale-NUS College,0.41510162,0.61223847,0.602554
NHS2090,"Reality: Social, Virtual, Alternate and Otherwise",NUS College,0.4388522,0.6130842,0.60249436
PC3288N,Advanced UROPS in Nanophysics I,Science,0.46894726,0.6204097,0.602491
ESE4409,Environmental Applications of Adsorption,College of Design and Engineering,0.4294478,0.62637097,0.60247505
NHS2077,Interdisciplinary Policy-Making: A Case Study Approach,NUS College,0.44847742,0.6218682,0.60246235
UTC2405,Emerging Asia: Successes and Challenges,Residential College,0.45330307,0.6065471,0.6024362
PL4230HM,Mindful Psychology,Arts and Social Science,0.418146,0.63019025,0.6023919
PL4230,Mindful Psychology,Arts and Social Science,0.418146,0.63019025,0.6023919
NM4239,Digital Propaganda and Public Opinion,Arts and Social Science,0.41977978,0.6215445,0.602383
SPH3108,Geospatial Mapping for Public Health,SSH School of Public Health,0.40357637,0.6160775,0.60236466
ESE3201,Air Quality in Changing Environments,College of Design and Engineering,0.46228403,0.6102499,0.60231763
EC3102,Macroeconomic Analysis II,Arts and Social Science,0.4613517,0.60455066,0.60228056
TME4256,Functional Materials and Devices,Cont and Lifelong Education,0.40735,0.6235807,0.6022659
ME4256,Functional Materials and Devices,College of Design and Engineering,0.40735,0.6235807,0.6022659
ME4256E,Functional Materials and Devices,Cont and Lifelong Education,0.40735,0.6235807,0.6022659
MNO3752,Independent Study in Leadership & Human Capital Mgmt (2 Units),NUS Business School,0.47588143,0.60663795,0.60225105
YID3206,Agrarian Change and Environmental Transformations,Yale-NUS College,0.43461704,0.60817456,0.6022292
YHU4270,Creative Projects: Translating the Past,Yale-NUS College,0.44240153,0.61712885,0.6022011
CS1231R,Discrete Structures,Computing,0.46794483,0.60834146,0.6021568
CP4285,Emerging Topics in Computing V,Computing,0.4575298,0.60284305,0.6021392
EC4303HM,Econometrics III,Arts and Social Science,0.43915093,0.6144936,0.6020931
EC4303,Econometrics III,Arts and Social Science,0.43915093,0.6144936,0.6020931
NM4213,Digital Economies,Arts and Social Science,0.45132512,0.61485016,0.60208595
NM4213HM,Digital Economies,Arts and Social Science,0.45132512,0.61485016,0.60208595
LL4508V,Int'l Perspectives on Corporate Social Responsibility,Law,0.47140524,0.6146594,0.6020781
LL4508,Int'l Perspectives on Corporate Social Responsibility,Law,0.47140524,0.6146594,0.6020781
LL4250,Principles of Equity Financing,Law,0.44622952,0.61605483,0.60204464
HY4210,Issues and Events in Malaysian History,Arts and Social Science,0.4576522,0.65280545,0.602044
HY4210HM,Issues and Events in Malaysian History,Arts and Social Science,0.4576522,0.65280545,0.602044
GEH1050,Plants and Society,Science,0.45229056,0.6273304,0.6020052
GEC1016,Plants and Society,Science,0.45229056,0.6273304,0.6020052
NST2040,Quantitative Reasoning Foundation: Quantifying Nuclear Risks,NUS College,0.43004215,0.6269277,0.6019752
LAK4204HM,Korean 8,Arts and Social Science,0.4405738,0.6102673,0.6019723
LAK4204,Korean 8,Arts and Social Science,0.4405738,0.6102673,0.6019723
GEK2003,Government and Politics of Singapore,Arts and Social Science,0.47246563,0.6065984,0.6019591
SSA2209,Government and Politics of Singapore,Arts and Social Science,0.47246563,0.6065984,0.6019591
PS2249,Government and Politics of Singapore,Arts and Social Science,0.47246563,0.6065984,0.6019591
YSC2253,Principles of Environmental Science,Yale-NUS College,0.43816614,0.6282176,0.60191596
PL3242,Health Psychology,Arts and Social Science,0.39977464,0.6484919,0.6019142
MUH3202,Musicology,YST Conservatory of Music,0.413934,0.62085474,0.6018902
CM4227,Chemical Biology,Science,0.4058849,0.65376496,0.6018757
YSS3359,Climate Policy and Politics,Yale-NUS College,0.43430784,0.6454949,0.6018714
MA1508E,Linear Algebra for Engineering,Science,0.4441381,0.6237628,0.60185707
GEX1018,Critical Perspectives in Advertising,Arts and Social Science,0.46964815,0.61266935,0.60182965
GET1035,Critical Perspectives in Advertising,Arts and Social Science,0.46964815,0.61266935,0.60182965
SW4211HM,Welfare Economics,Arts and Social Science,0.43996,0.6148788,0.60177076
SW4211,Welfare Economics,Arts and Social Science,0.43996,0.6148788,0.60177076
CM1501,Organic Chemistry for Engineers,Science,0.45016915,0.6092829,0.6017703
PS3215,Equality and Justice,Arts and Social Science,0.4736358,0.6174357,0.6017651
SN3232,"South Asia : Development, Issues, Debates",Arts and Social Science,0.46171182,0.60690576,0.60175335
LL4325,The Int'l Litigation & Procedure of State Disputes,Law,0.4408925,0.6711104,0.60171545
LSM3232,Microbiology,Yong Loo Lin Sch of Medicine,0.41438934,0.62066144,0.6016982
LSM4259,Evolutionary Genetics of Reproduction,Science,0.43244115,0.6372651,0.60167706
YIR3403G,Independent Language Study and Research,Yale-NUS College,0.44066805,0.60871994,0.60166204
YIR3401,Independent Language Study and Research,Yale-NUS College,0.44066805,0.60871994,0.60166204
YIR3401G,Independent Language Study and Research,Yale-NUS College,0.44066805,0.60871994,0.60166204
YIR3403,Independent Language Study and Research,Yale-NUS College,0.44066805,0.60871994,0.60166204
YIR3405G,Independent Language Study and Research,Yale-NUS College,0.44066805,0.60871994,0.60166204
YIR3404G,Independent Language Study and Research,Yale-NUS College,0.44066805,0.60871994,0.60166204
YIR3405,Independent Language Study and Research,Yale-NUS College,0.44066805,0.60871994,0.60166204
YIR3402G,Independent Language Study and Research,Yale-NUS College,0.44066805,0.60871994,0.60166204
YIR3402,Independent Language Study and Research,Yale-NUS College,0.44066805,0.60871994,0.60166204
YIR3404,Independent Language Study and Research,Yale-NUS College,0.44066805,0.60871994,0.60166204
CH3292,Selected Topics in Chinese Civilisation (in English),Arts and Social Science,0.43187195,0.6111051,0.6016304
GEC1025,The Life Aquatic: Machines and the Making of the Ocean,Arts and Social Science,0.42044222,0.61472774,0.6015857
GEH1068,The Life Aquatic: Machines and the Making of the Ocean,Arts and Social Science,0.42044222,0.61472774,0.6015857
LC2012,Trial Advocacy,Law,0.46214524,0.61731607,0.60158545
SC2208,Baby or No Baby: Population Dynamics at a Crossroads,Arts and Social Science,0.4498787,0.61034435,0.6015512
YSS4105,Urban Studies Capstone Project,Yale-NUS College,0.44613802,0.6102659,0.60150087
GE3219,Globalisation and the Asian Cities,Arts and Social Science,0.46416616,0.60477954,0.6015
AR2328A,Architectural Tectonics and Structural Systems,College of Design and Engineering,0.40476662,0.60571086,0.60149354
CM3111,Inorganic and Organometallic Chemistry,Science,0.44039273,0.6176795,0.6014864
YLS2201,Intermediate Spanish 1,Yale-NUS College,0.44514334,0.62139547,0.60146487
YSC3255,The Biology of Ageing,Yale-NUS College,0.42343292,0.62264955,0.6014391
UTC1112D,"Leadership, Creativity and Innovation",Residential College,0.4548232,0.62345487,0.601418
SC4880AHM,Communication and Social Structure,Arts and Social Science,0.466796,0.6054846,0.6014147
SC4880A,Communication and Social Structure,Arts and Social Science,0.466796,0.6054846,0.6014147
NHS2066,"Techno-Futures: Technology, Progress, and Inequality",NUS College,0.4441811,0.61213005,0.6013875
NST2024,The Technology of Life - Machines That Go Squish,NUS College,0.41660136,0.616487,0.6013662
GE4233,Geography in the Contemporary World,Arts and Social Science,0.43813,0.61307037,0.601359
GE4233HM,Geography in the Contemporary World,Arts and Social Science,0.43813,0.61307037,0.601359
BSN3712,Innovation and Intellectual Property,NUS Business School,0.46531153,0.6092849,0.60135496
SE3227,Maritime History and Culture of Southeast Asia,Arts and Social Science,0.4316826,0.6196159,0.6013072
LSM4270,Intertidal Ecology,Science,0.41323367,0.6220364,0.6012551
ME3001,Independent Study 2,College of Design and Engineering,0.4581244,0.60595024,0.6012395
PF1108,Introduction to Building Performance,College of Design and Engineering,0.45130607,0.6062508,0.60123664
INT2101,Interpretation and Translation,Arts and Social Science,0.47681287,0.6085185,0.601212
LL4123,International Insolvency Law,Law,0.44414496,0.64608383,0.601184
YSS3207,Advanced Econometrics,Yale-NUS College,0.41800863,0.6252241,0.6011473
CFA2211,Collaborative Music Ensembles,YST Conservatory of Music,0.4208518,0.6424019,0.6011158
CFA3210,Collaborative Music Ensembles,YST Conservatory of Music,0.4208518,0.6424019,0.6011158
CFA2210,Collaborative Music Ensembles,YST Conservatory of Music,0.4208518,0.6424019,0.6011158
CFA3211,Collaborative Music Ensembles,YST Conservatory of Music,0.4208518,0.6424019,0.6011158
HY3225,Minorities in Southeast Asia,Arts and Social Science,0.4430487,0.61528575,0.60109204
TCE1109,Statics And Mechanics of Materials,Cont and Lifelong Education,0.434654,0.6299475,0.60107833
YSC2210,Data Analysis and Visualization (DAVis) with R,Yale-NUS College,0.41569093,0.62295735,0.60106105
RVX1000,Citizen Speak: Persuasion and Polarization in Society,Non-Faculty-based Departments,0.43587103,0.6115248,0.60103726
JS2212,Introduction to Japanese Literature,Arts and Social Science,0.42150348,0.6212295,0.60099685
MA2202S,Algebra I (S),Science,0.43155238,0.6103138,0.6009876
LL4376,Regulation & Private Law in Banking & Financial Service,Law,0.42656776,0.63177526,0.6009591
LL4376V,Regulation & Private Law in Banking & Financial Service,Law,0.42656776,0.63177526,0.6009591
PLB1201,Psychology in Everyday Life,Arts and Social Science,0.43971872,0.6180769,0.60094005
GEK1064,Psychology in Everyday Life,Arts and Social Science,0.43971872,0.6180769,0.60094005
TEE3207,Computer Architecture,Cont and Lifelong Education,0.4164842,0.6235218,0.60093594
EE3207E,Computer Architecture,Cont and Lifelong Education,0.4164842,0.6235218,0.60093594
LSM2289R,Basic UROPS in Life Sciences II (REx),Science,0.46047872,0.60545266,0.60093564
HY3246,History of Muslim Southeast Asia,Arts and Social Science,0.42057523,0.6377013,0.60091406
LAG4202HM,German 6,Arts and Social Science,0.43948653,0.6127211,0.6008749
LAG4202,German 6,Arts and Social Science,0.43948653,0.6127211,0.6008749
RVC1000,How in the world do we get along?,Residential College,0.46714315,0.61974746,0.60087097
LL4328,Sports Law & Arbitration,Law,0.43535215,0.6064554,0.6008297
HY2266,Heroes of China,Arts and Social Science,0.4376475,0.6135946,0.60081357
UIS3951CS,Independent Study Module (Ride-On),Computing,0.48259914,0.60680974,0.6007887
LL4472V,The Belt & Road Initiative & Int’l Trade Governance,Law,0.43923992,0.62039435,0.6007472
LL4472,The Belt & Road Initiative & Int’l Trade Governance,Law,0.43923992,0.62039435,0.6007472
LAK2201,Korean 2,Arts and Social Science,0.43174675,0.6089901,0.6007202
EC4883HM,Topics in Economic Policy,Arts and Social Science,0.4616702,0.61535525,0.6007135
EC4883,Topics in Economic Policy,Arts and Social Science,0.4616702,0.61535525,0.6007135
LL4323,Law of Agency,Law,0.47666395,0.6039541,0.6007038
LL4323V,Law of Agency,Law,0.47666395,0.6039541,0.6007038
DSA4212,Optimisation for Large-Scale Data-Driven Inference,Science,0.41562638,0.6131102,0.60067177
PC1101,Frontiers of Physics,Science,0.4257333,0.6328884,0.6006597
ST3244,Demographic Methods,Science,0.4545532,0.61411107,0.6006404
NTW2010,Sites of Tourism,NUS College,0.43850762,0.6077205,0.6006395
YSC4217,Mechanised Reasoning,Yale-NUS College,0.43492448,0.60799265,0.60062516
UTW1001Y,Algorithmic Culture and its Discontents,Non-Faculty-based Departments,0.44741333,0.61197335,0.6006178
LSM4212,Pharmacogenetics and Drug Responses,Yong Loo Lin Sch of Medicine,0.4440844,0.6058005,0.60059273
LSM3289R,Advanced UROPS in Life Sciences II (REx),Science,0.45388085,0.60806966,0.60058695
RE2705,Urban Economics,NUS Business School,0.4427492,0.6152793,0.6005561
ID2200,Behavioural Design,College of Design and Engineering,0.44439557,0.6114419,0.60054874
LL4131V,"Law, Governance & Development in Asia",Law,0.43790498,0.6159652,0.60053957
YHU3217,Forms of Nonfiction: Literary Journalism from Print to Sound,Yale-NUS College,0.3994794,0.66307604,0.60053146
MUA2206,Harmonic Hearing for Performers,YST Conservatory of Music,0.43207106,0.6137321,0.6005308
SFI2012,Introducing Indonesia,NUS,0.46649498,0.6148995,0.6005086
MUA4309,Chamber Music 5,YST Conservatory of Music,0.4495505,0.6247216,0.6004696
GESS1021,Singapore Film: Performance of Identity,Arts and Social Science,0.43054935,0.6312835,0.60045016
GES1029,Singapore Film: Performance of Identity,Arts and Social Science,0.43054935,0.6312835,0.60045016
GEH1048,Technology and Artistic Innovators,YST Conservatory of Music,0.4246685,0.63636756,0.6004456
LL4433,Global Data Privacy Law,Law,0.45531318,0.63838214,0.60040915
LL4433V,Global Data Privacy Law,Law,0.45531318,0.63838214,0.60040915
FDP2011,"Special Mathematics Class 1, 2",Science,0.44091406,0.614234,0.6004075
TS3103,Theatre Lab,Arts and Social Science,0.4375644,0.60483515,0.6004071
LL4077V,IT Law II,Law,0.4541308,0.6041243,0.6003945
CM1102,Chemistry - The Central Science,Science,0.43587366,0.6192935,0.6003898
EE4114,Optical Communications,College of Design and Engineering,0.42572743,0.6047073,0.60036695
TS3222,Applied Theatre,Arts and Social Science,0.44344473,0.6059688,0.60036206
CN2122,Fluid Mechanics,College of Design and Engineering,0.4651732,0.64126414,0.6003505
ME4242,Soft Robotics,College of Design and Engineering,0.41284084,0.60984653,0.6003472
AN3209,Anthropology of Technology,Arts and Social Science,0.44226056,0.6174377,0.6003205
CH3227,Chinese Vernacular Stories,Arts and Social Science,0.43955132,0.60528207,0.60031307
MA3291,Undergraduate Seminar in Mathematics,Science,0.42350638,0.6173899,0.60031104
LL4493,Law and Technology,Law,0.4398158,0.6221833,0.6003104
LC2017,Law and Technology,Law,0.4398158,0.6221833,0.6003104
LL4493V,Law and Technology,Law,0.4398158,0.6221833,0.6003104
YLC3206,Advanced Readings in Chinese: Modern Chinese Literature,Yale-NUS College,0.41228333,0.60766315,0.6002986
IE3101,Statistics For Engineering Applications,College of Design and Engineering,0.4538985,0.6048641,0.60029525
LAT4201HM,Thai 5,Arts and Social Science,0.43878546,0.61898315,0.60028946
LAT4201,Thai 5,Arts and Social Science,0.43878546,0.61898315,0.60028946
IPM2101,Introduction to Building Performance,College of Design and Engineering,0.4494754,0.60507584,0.60028374
GL4884B,Living with Infrastructure,Arts and Social Science,0.4557415,0.6082487,0.60025245
GL4884BHM,Living with Infrastructure,Arts and Social Science,0.4557415,0.6082487,0.60025245
JS3217,Japanese Art and Aesthetics,Arts and Social Science,0.43385974,0.6074305,0.6002325
MS3215,Malays and Modernization,Arts and Social Science,0.44011572,0.62970805,0.6002198
FIN4127,Advanced Household Finance,NUS Business School,0.4347216,0.61128956,0.60017765
YSC2239,Introduction to Data Science,Yale-NUS College,0.40763685,0.62421346,0.6001735
NST2026,Modeling for Sustainability: A Pollution Control Perspective,NUS College,0.44931924,0.60842544,0.6001552
HY3268,History and Things,Arts and Social Science,0.4525117,0.6189542,0.600155
BN2403,Fundamentals of Biosignals and Bioinstrumentation,College of Design and Engineering,0.42901012,0.61386,0.6001104
TS3880,Topics in Group Practice Research,Arts and Social Science,0.4311134,0.6110708,0.6001102
LAS4202HM,Spanish 6,Arts and Social Science,0.4427092,0.6183841,0.6000834
LAS4202,Spanish 6,Arts and Social Science,0.4427092,0.6183841,0.6000834
PL3243,Sensation and Perception,Arts and Social Science,0.44115782,0.63542247,0.6000663
LL4389V,Asset-Based Financing: Quasi-Security Devices,Law,0.47248915,0.60806656,0.6000496
LL4389,Asset-Based Financing: Quasi-Security Devices,Law,0.47248915,0.60806656,0.6000496
MUA4209,Chamber Music 4,YST Conservatory of Music,0.44839257,0.62761486,0.60003054
AN4401,Honours Thesis,Arts and Social Science,0.4601998,0.6283802,0.6000291
YHU3353,Art and Social Change in Postwar Japan,Yale-NUS College,0.44869426,0.6187281,0.6000268
CH4226HM,The City in Modern Chinese Literature,Arts and Social Science,0.43809852,0.6341228,0.5999943
CH4226,The City in Modern Chinese Literature,Arts and Social Science,0.43809852,0.6341228,0.5999943
MUT1101,Musical Concepts and Materials 1,YST Conservatory of Music,0.4450355,0.6293062,0.5999918
EC4382HM,Transport Economics,Arts and Social Science,0.45460504,0.6073568,0.5999505
EC4382,Transport Economics,Arts and Social Science,0.45460504,0.6073568,0.5999505
CS3221,Operating Systems Design and Pragmatics,Computing,0.4699439,0.60646486,0.59994966
PS4881H,Topics in CP: Chinese Politics,Arts and Social Science,0.44886687,0.6059086,0.5999204
BSN3703,Entrepreneurial Strategy,NUS Business School,0.4474339,0.60213727,0.5999162
GEX1032,"""Fake News"" In the public sphere",Arts and Social Science,0.44043562,0.6093885,0.5999134
EU4401,Honours Thesis,Arts and Social Science,0.45575064,0.61062247,0.59991264
MS2218,Malay-Islamic Cultural Encounters: Arts and Aesthetics,Arts and Social Science,0.44668564,0.6075248,0.5998358
FAS1101,Writing Academically: Arts and Social Sciences,Non-Faculty-based Departments,0.4407093,0.6353463,0.59981775
CS2040HS,Data Structures and Algorithms,Science,0.43057877,0.61977655,0.59981763
HY3226,"Memory, Heritage & History",Arts and Social Science,0.43191808,0.62223643,0.5997918
NST3802,Sciences & Technologies Industry Insights,NUS College,0.47080678,0.61035216,0.59975874
NST3002,Sciences & Technologies Industry Insights,NUS College,0.47080678,0.61035216,0.59975874
BSN4751,Adv Independent Study in Innovation & Entrepreneurship,NUS Business School,0.4691303,0.60656923,0.5997251
YSS3250,Cityscapes and Urban Form,Yale-NUS College,0.44224572,0.62501574,0.5996963
CM2122,Organic Chemistry,Science,0.43255952,0.63326025,0.5996917
GEQ1000H,Asking Questions,Non-Faculty-based Departments,0.4401915,0.6352999,0.59967804
GEQ1000,Asking Questions,Non-Faculty-based Departments,0.4401915,0.6352999,0.59967804
GEQ1000X,Asking Questions,Non-Faculty-based Departments,0.4401915,0.6352999,0.59967804
MA3288,Advanced UROPS in Mathematics I,Science,0.4529005,0.616229,0.59963477
PL4880L,Applying Cognitive Psychology to Learning & Instruction,Arts and Social Science,0.4447855,0.60525596,0.5996138
PL4880LHM,Applying Cognitive Psychology to Learning & Instruction,Arts and Social Science,0.4447855,0.60525596,0.5996138
LAG2201,German 2,Arts and Social Science,0.43015593,0.61385465,0.5995772
BN2401,Biosignals Processing,College of Design and Engineering,0.43288976,0.6155405,0.5995603
TS3240,Theatre Criticism,Arts and Social Science,0.44453463,0.6128749,0.5995582
UTC1418,Jr Sem: Chances in Life,Residential College,0.46650928,0.61103886,0.59951365
NUR1124,"Anatomy, Physiology and Physical Assessment II",Yong Loo Lin Sch of Medicine,0.4548577,0.6085006,0.5995105
LL4381,Heritage Law,Law,0.42344767,0.6065258,0.5994264
LL4381V,Heritage Law,Law,0.42344767,0.6065258,0.5994264
LSM3288R,Advanced UROPS in Life Sciences I (REx),Science,0.45416346,0.60614777,0.59937036
ID3125,"Colours, Materials & Finishing",College of Design and Engineering,0.44563407,0.60811055,0.599349
LSM2288R,Basic UROPS in Life Sciences I (REx),Science,0.45960477,0.6035587,0.5993201
FAS2882A,The Chinese Economy: Institutions and Policies,Arts and Social Science,0.45015872,0.62663853,0.5993023
LSM4269,Environmental Microbiomes: From Ecosystems to Hosts,Science,0.39595032,0.6677708,0.5993022
PL3282,Lab in Social Psychology,Arts and Social Science,0.44125083,0.6193559,0.5992983
CN3124,Fluid-Solid Systems,College of Design and Engineering,0.45866632,0.60467684,0.5992918
YSS4247,Global and Transnational Urbanism,Yale-NUS College,0.46743786,0.62548393,0.5992861
GE4221,Field Investigation in Human Geography,Arts and Social Science,0.45011827,0.6161808,0.5992627
GE4221HM,Field Investigation in Human Geography,Arts and Social Science,0.45011827,0.6161808,0.5992626
SC4401,Honours Thesis,Arts and Social Science,0.45797047,0.6244568,0.59926003
SC4401HM,Honours Thesis,Arts and Social Science,0.45797047,0.6244568,0.59926003
YHU3211,Chinese Tales of the Strange,Yale-NUS College,0.41673058,0.60525906,0.5992549
CS3244,Machine Learning,Computing,0.38617516,0.63965964,0.59922755
CS2030DE,Programming Methodology II,College of Design and Engineering,0.43781707,0.6075578,0.59922135
LL4364V,Principles of Civil Law: Law of Obligations & Property,Law,0.4250278,0.6152342,0.5991913
LL4364,Principles of Civil Law: Law of Obligations & Property,Law,0.4250278,0.6152342,0.5991913
YSC4245,Marine Microorganisms and Biogeochemistry,Yale-NUS College,0.42185095,0.6421604,0.59916943
MA2288R,Basic UROPS in Mathematics I (REx),Science,0.45669964,0.6028397,0.599161
YHU2324,Global Justice and Bioethics,Yale-NUS College,0.43512368,0.6266448,0.59915006
MUA4409,Chamber Music 6,YST Conservatory of Music,0.4512438,0.6313538,0.5991499
NST2061,Love by Numbers: The Science of Surveying Love,NUS College,0.44259593,0.6310805,0.59909475
LL4285V,International Dispute Settlement,Law,0.4147535,0.6621083,0.5990639
IT3011,Introduction to Machine Learning and Applications,Computing,0.42882106,0.6151011,0.5990539
MUA2270,Synthesis and Signal Processing,YST Conservatory of Music,0.43495464,0.6104251,0.59904367
SE2211,Southeast Asian Social History,Arts and Social Science,0.43751526,0.63387764,0.59899676
PL4238HM,Social Neuroscience,Arts and Social Science,0.45135325,0.6026702,0.598976
PL4238,Social Neuroscience,Arts and Social Science,0.45135325,0.6026702,0.598976
LSM3218,Cardiopulmonary Pharmacology,Yong Loo Lin Sch of Medicine,0.40200382,0.64668363,0.5989656
UIS3951R,Independent Study Module (Ride-On),Computing,0.46799517,0.604304,0.5989627
GL4888,Topics in Technology and Globalisation,Arts and Social Science,0.4769819,0.601385,0.5989545
GL4888HM,Topics in Technology and Globalisation,Arts and Social Science,0.4769819,0.601385,0.5989545
GEH1076,Worlds of Football,Arts and Social Science,0.41453326,0.6015544,0.59893936
GEC1029,Worlds of Football,Arts and Social Science,0.41453326,0.6015544,0.59893936
BT2103,Optimization Methods in Business Analytics,Computing,0.41087148,0.60691464,0.59889585
UTC2111,Picturing and Seeing Development,Residential College,0.44177428,0.62087524,0.5988742
YSC2246,Experimental Methods in Physical Sciences,Yale-NUS College,0.40401033,0.6019682,0.5988458
GEH1073,The Art of Chinese Poetry: Past and Present,Arts and Social Science,0.4312026,0.60802096,0.5988392
YSS4107,Capstone Project,Yale-NUS College,0.45193017,0.6097795,0.59879065
YHU4102,Literature Capstone Project,Yale-NUS College,0.43011042,0.63255596,0.59877235
EC4302HM,Macroeconomic Analysis III,Arts and Social Science,0.44639093,0.6144808,0.5987559
EC4302,Macroeconomic Analysis III,Arts and Social Science,0.44639093,0.6144808,0.5987559
CE2407A,Uncertainty Analysis for Engineers,College of Design and Engineering,0.44116375,0.60668486,0.5987508
ME2134E,Fluid Mechanics I,Cont and Lifelong Education,0.43967545,0.6316319,0.5987016
GET1017,Mathematical Thinking,Science,0.40352166,0.6136628,0.59868395
NUR1123,"Anatomy, Physiology and Physical Assessment I",Yong Loo Lin Sch of Medicine,0.44899467,0.62063247,0.5986765
YSS3226,Conflict and Cooperation in East Asia,Yale-NUS College,0.46300188,0.6395488,0.5986595
MIH1102,Improving Health: Beyond Medicine,Yong Loo Lin Sch of Medicine,0.44006574,0.6012105,0.59864396
OMS2100,"Oral & Maxillofacial Medicine, Pathology & Radiology",Dentistry,0.42617047,0.61103845,0.5986379
YSC3247,The Genomics of Human History,Yale-NUS College,0.43132225,0.65053034,0.5986122
FIN4722,Advanced Household Finance,NUS Business School,0.4321048,0.6099372,0.5985421
YSC3259,Environmental Chemistry: How The Science Informs Our Policies,Yale-NUS College,0.41602546,0.62718475,0.59854156
HY4880B,Student Movements in Asia Since 1950,Arts and Social Science,0.44761577,0.6104894,0.5985219
HY4880BHM,Student Movements in Asia Since 1950,Arts and Social Science,0.44761577,0.6104894,0.5985219
GEN2002,Total Defence Project Against Threat to Community,NUS,0.43678126,0.5985386,0.5985092
GEN2002X,Total Defence Project Against Threat to Community,NUS,0.43678126,0.5985386,0.5985092
MUA1270,Interdisciplinary Electronic Arts Survey,YST Conservatory of Music,0.433339,0.622562,0.5984947
TS2237,As If: Actors and Acting,Arts and Social Science,0.44056883,0.6224751,0.5984856
YSS4230,Psychology of Mindfulness,Yale-NUS College,0.4168065,0.6201025,0.59842026
YID3205,Global Environmental Governance,Yale-NUS College,0.4268079,0.6221749,0.5983931
YHU4277,Material Knowledge and Photographic Experimentation,Yale-NUS College,0.43419492,0.621748,0.59837234
FMA1203Q,FS: Contemplating Theme Parks,Arts and Social Science,0.44094345,0.639688,0.5983718
LL4534V,Law and Economics of Climate Change,Law,0.4308807,0.6593323,0.59834445
LL4534,Law and Economics of Climate Change,Law,0.4308807,0.6593323,0.59834445
MUT3216,Bach Suites,YST Conservatory of Music,0.4241439,0.63022286,0.5983321
MNO1706C,Organisational Behaviour,NUS Business School,0.46249273,0.60079724,0.5982847
MNO1706,Organisational Behaviour,NUS Business School,0.46249273,0.60079724,0.5982847
MNO1706F,Organisational Behaviour,NUS Business School,0.46249273,0.60079724,0.5982847
MNO1706A,Organisational Behaviour,NUS Business School,0.46249273,0.60079724,0.5982847
MNO1706D,Organisational Behaviour,NUS Business School,0.46249273,0.60079724,0.5982847
MNO1706G,Organisational Behaviour,NUS Business School,0.46249273,0.60079724,0.5982847
MNO1706E,Organisational Behaviour,NUS Business School,0.46249273,0.60079724,0.5982847
MNO1706B,Organisational Behaviour,NUS Business School,0.46249273,0.60079724,0.5982847
MNO3339,Independent Study in Leadership & Human Capital Mgmt,NUS Business School,0.47028607,0.5982704,0.5982704
MNO3751,Independent Study in Leadership & Human Capital Mgmt,NUS Business School,0.47028607,0.5982704,0.5982704
PH4401HM,Honours Thesis,Arts and Social Science,0.46116647,0.61807626,0.59826887
YSS3363,Lab in Music Psychology,Yale-NUS College,0.42395,0.6131115,0.5982171
PC3274A,Mathematical Methods in Physics II,Science,0.433991,0.59883475,0.59819406
NST2053,Health in marginalised communities,NUS College,0.4156845,0.6295738,0.5981521
NST2015,Mathematics and Reality,NUS College,0.43953225,0.6071703,0.5981363
LSM4220,Molecular Basis of Human Diseases,Yong Loo Lin Sch of Medicine,0.43209055,0.61701405,0.5981105
SP2718H,Introduction to The World of Plastics,Science,0.42845246,0.61728966,0.598096
JS1101E,Introduction to Japan,Arts and Social Science,0.41408873,0.6264006,0.5980854
LL4249,Shareholders' Rights & Remedies,Law,0.47299215,0.6000248,0.59805906
CLC2202,Research Methods for Community Development,Non-Faculty-based Departments,0.4478679,0.61383015,0.5980379
SC3203,Race and Ethnic Relations,Arts and Social Science,0.46113235,0.6126046,0.5980339
LSM3265,Entomology,Science,0.4101241,0.6443599,0.5980194
TIE2110,Operations Research I,Cont and Lifelong Education,0.46064568,0.61539346,0.59799343
IE2110,Operations Research I,College of Design and Engineering,0.46064568,0.61539346,0.59799343
TS4221HM,Performance Research,Arts and Social Science,0.43145978,0.6850504,0.59798014
TS4221,Performance Research,Arts and Social Science,0.43145978,0.6850504,0.59798014
CH3223,Selected Authors/Texts II,Arts and Social Science,0.4367966,0.61689466,0.5979549
GE3241,Geographies of Social Life,Arts and Social Science,0.4439326,0.60289073,0.59793943
XFA4405HM,Integrated Honours Thesis,Arts and Social Science,0.45622393,0.6157359,0.5979064
GE3248,Cities in Transition,Arts and Social Science,0.47217566,0.61192703,0.59788084
LL4474,Cybersecurity and Privacy Law,Law,0.4173758,0.60660374,0.59787196
LL4474V,Cybersecurity and Privacy Law,Law,0.4173758,0.60660374,0.59787196
GET1041,Disney and the Theme Park World,Arts and Social Science,0.41554317,0.59785986,0.59785986
EL3254,"Media, Discourse and Society",Arts and Social Science,0.42459062,0.6045121,0.59785765
EN3254,Worldly Words: Written Image and Visual Text,Arts and Social Science,0.43158245,0.633089,0.59783775
NSS2001F,Science and Society,NUS College,0.42158774,0.6145669,0.597832
NSS2001G,Science and Society,NUS College,0.42158774,0.6145669,0.597832
NSS2001K,Science and Society,NUS College,0.42158774,0.6145669,0.597832
NSS2001H,Science and Society,NUS College,0.42158774,0.6145669,0.597832
NSS2001I,Science and Society,NUS College,0.42158774,0.6145669,0.597832
NSS2001B,Science and Society,NUS College,0.42158774,0.6145669,0.597832
NSS2001C,Science and Society,NUS College,0.42158774,0.6145669,0.597832
NSS2001D,Science and Society,NUS College,0.42158774,0.6145669,0.597832
NSS2001E,Science and Society,NUS College,0.42158774,0.6145669,0.597832
NSS2001J,Science and Society,NUS College,0.42158774,0.6145669,0.597832
NSS2001,Science and Society,NUS College,0.42158774,0.6145669,0.597832
NSS2001A,Science and Society,NUS College,0.42158774,0.6145669,0.597832
MNO4751,Adv Independent Study in Leadership & Human Capital Mgt,NUS Business School,0.47031665,0.60079205,0.5977584
CL2101,The Chinese Script : History and Issues,Arts and Social Science,0.42104563,0.60708463,0.5977526
CS3281R,Thematic Systems Project I,Computing,0.4651851,0.60588026,0.59772164
YLS3201,"Advanced Spanish: Spain, a Mosaic of Cultures",Yale-NUS College,0.4231449,0.62984264,0.5976969
LAD4007,Political Eco and Land,College of Design and Engineering,0.41187614,0.62020516,0.59768593
SC3212,Southeast Asia in a Globalizing World,Arts and Social Science,0.45592362,0.6022619,0.597651
UTC1408,Jr Sem: Technology and Human Progress,Residential College,0.46766886,0.6164353,0.59763986
NTW2040,The Limits of Money,NUS College,0.46869975,0.60170877,0.5976383
EC4881,Topics in Econometrics,Arts and Social Science,0.4585504,0.6204207,0.5976111
EC4881HM,Topics in Econometrics,Arts and Social Science,0.4585504,0.6204207,0.5976111
CM3121,Advanced Organic Chemistry,Science,0.424903,0.63806117,0.5975954
YSC1212,Introduction to Computer Science,Yale-NUS College,0.42572764,0.6081733,0.59757614
YHU2272,Writing Love: The Love Letter in Literature,Yale-NUS College,0.43048495,0.62368935,0.59756935
CN2122E,Fluid Mechanics,Cont and Lifelong Education,0.45543644,0.6449222,0.5975388
TCN2122,Fluid Mechanics,Cont and Lifelong Education,0.45543644,0.6449222,0.5975388
YSC4211D,Adv Topics in Ecology & Evolution: Behavioural Ecology,Yale-NUS College,0.4235116,0.6385718,0.5975112
NHT2214,Creative Non-Fiction Writing [Creative Practice],NUS College,0.39163676,0.6650163,0.5974948
GEK2044,Reading Visual Images,College of Design and Engineering,0.43949616,0.607757,0.5974854
AR2225,Reading Visual Images,College of Design and Engineering,0.43949616,0.607757,0.59748536
LSM3222,Human Neuroanatomy,Yong Loo Lin Sch of Medicine,0.42794752,0.6305777,0.597468
TS2233,Making Contemporary Performance,Arts and Social Science,0.43596286,0.626196,0.597468
YSS2212,Firms' Strategies and Market Competition,Yale-NUS College,0.45548546,0.61441106,0.597418
MNO2705F,Leadership and Decision Making under Uncertainty,NUS Business School,0.4534503,0.59738714,0.59738714
MNO2705,Leadership and Decision Making under Uncertainty,NUS Business School,0.4534503,0.59738714,0.5973871
MS3214,Asian Traditions and Modernisation,Arts and Social Science,0.44496307,0.6059309,0.59736854
LL4441V,Law & Economics of Corporate Bankruptcy & Insolvency,Law,0.44899124,0.6583694,0.5973632
LL4441,Law & Economics of Corporate Bankruptcy & Insolvency,Law,0.44899124,0.6583694,0.5973632
CN2122A,Fluid Mechanics,College of Design and Engineering,0.4571163,0.6394288,0.5973253
LAK3201,Korean 3,Arts and Social Science,0.43790928,0.6047871,0.59730405
TME2134,Fluid Mechanics I,Cont and Lifelong Education,0.42369315,0.6037702,0.59729797
CFA3121,Capstone Project for Second Major in Performing Arts,YST Conservatory of Music,0.42456704,0.639585,0.59729207
MS4880AHM,Orientations in Muslim Resurgence Movements,Arts and Social Science,0.45729563,0.627875,0.59727335
MS4880A,Orientations in Muslim Resurgence Movements,Arts and Social Science,0.45729563,0.627875,0.59727335
AN4208,Tourism and Culture: A Global Perspective,Arts and Social Science,0.45398998,0.6156689,0.5972603
LL4097,Islamic Law,Law,0.41430372,0.6561097,0.59725124
LL4097V,Islamic Law,Law,0.41430372,0.6561097,0.59725124
DSN4761,Seminars in Analytics,NUS Business School,0.43091586,0.61036986,0.5972488
DBA4761,Seminars in Analytics,NUS Business School,0.43091586,0.6103697,0.5972488
RVC1001,The Rocky Road to SDGs,Residential College,0.42882916,0.61031055,0.5972386
NHS2021,"Language, Cognition, and Culture",NUS College,0.42888048,0.60827166,0.5972211
MUA3233,Contemporary Improvisation,YST Conservatory of Music,0.42161313,0.60948014,0.59721005
PC3232B,Applied Nuclear Physics,Science,0.44753084,0.6046782,0.5971687
MUA3223,Cultural Encounters - Bali Excursion and Study Tour,YST Conservatory of Music,0.4416585,0.6127678,0.5971672
BSP4516,Managing Social Networks in Markets and Organizations,NUS Business School,0.4559888,0.60028267,0.5971588
BSN4712,Managing Social Networks in Markets and Organizations,NUS Business School,0.45598882,0.6002827,0.5971588
HSI2007,Deconstructing Food,Science,0.4095841,0.60868394,0.5971441
MA2116T,Probability (T),Science,0.454599,0.61301094,0.5971412
EL3880C,Grammaticalisation,Arts and Social Science,0.42540652,0.60108304,0.5971166
NHS3006,Topics in Humanities and Social Sciences,NUS College,0.445935,0.61571133,0.5971142
NHS3801,Topics in Humanities and Social Sciences,NUS College,0.445935,0.61571133,0.5971142
YHU4268,Portraiture,Yale-NUS College,0.4196226,0.60852444,0.5971111
EC3384,Resource and Energy Economics I,Arts and Social Science,0.43556395,0.6122126,0.59708476
GEC1054,Fungi and Society,Science,0.43287086,0.63678944,0.5970694
YSS3357,Tourism and Environment,Yale-NUS College,0.4472739,0.602707,0.5970589
CS4215,Programming Language Implementation,Computing,0.43428355,0.60628515,0.5970587
XFA4414,Integrated Honours Thesis,Arts and Social Science,0.44168094,0.60936683,0.59699905
PL4880HHM,Sport Psychology,Arts and Social Science,0.44216603,0.6013351,0.59697425
PL4880H,Sport Psychology,Arts and Social Science,0.44216603,0.6013351,0.59697425
NM2302,Mobility and New Media,Arts and Social Science,0.4315018,0.60773265,0.5969324
GL4886,Topics in Population and Migration,Arts and Social Science,0.46507815,0.6182859,0.5969176
GL4886HM,Topics in Population and Migration,Arts and Social Science,0.46507815,0.6182859,0.5969176
LL4550,Korean Corporate Law: Cases and Theories,Law,0.4491425,0.60708743,0.5968797
YSC2255,Statistics for Life Sciences,Yale-NUS College,0.4267834,0.61821795,0.5968045
MUH2203,Music of the Church and State,YST Conservatory of Music,0.42913336,0.600085,0.5967772
PC3233,Atomic & Molecular Physics I,Science,0.43424875,0.6172663,0.5967492
NHS2082,The Rise of Hip-hop from America to Asia,NUS College,0.4547372,0.62928116,0.596711
PS4882H,Topics in IR: Food Politics,Arts and Social Science,0.4473627,0.5994871,0.596693
PS4882HHM,Topics in IR: Food Politics,Arts and Social Science,0.4473627,0.5994871,0.596693
GEX1023,Disney & the Theme Park World,Arts and Social Science,0.41306692,0.59668225,0.59668225
CM3225,Biomolecules,Science,0.4160899,0.62629443,0.5966352
AR1329,"Climate, Ecology & Architecture",College of Design and Engineering,0.41536403,0.6053843,0.5966277
PC3411,The First 3 Minutes of the Universe,Science,0.4367095,0.630947,0.59658086
BSE3751,Independent Study in Business Economics,NUS Business School,0.46168712,0.5999628,0.59657925
FAS2880,Topics in Asian Studies (for FASStrack),Arts and Social Science,0.46658537,0.59868,0.59656346
GEC1048,Death and Dying in the Human Experience,Arts and Social Science,0.44240037,0.61762816,0.5965618
LC2002,Introduction To Trial Advocacy,Law,0.45664242,0.6145382,0.59653234
LSM4232,Advanced Cell Biology,Yong Loo Lin Sch of Medicine,0.41187656,0.62783694,0.59649646
LL4012V,Comparative Constitutional Law,Law,0.44217724,0.63008875,0.5964744
LL4012,Comparative Constitutional Law,Law,0.44217724,0.63008875,0.5964744
NST2020,Developing Meaningful Indicators,NUS,0.45321277,0.5986232,0.5964676
CP4281,Emerging Topics in Computing I,Computing,0.4527946,0.6118459,0.5964675
CS2040DE,Data Structures and Algorithms,College of Design and Engineering,0.43067846,0.60984397,0.596453
NSS2001L,Science and Society,NUS College,0.42497268,0.62215745,0.596444
YSS3275,Social Life of Cities,Yale-NUS College,0.45535535,0.6036307,0.5964372
LL4525,Basic Legal Positions,Law,0.47423565,0.6005051,0.5963511
LL4525V,Basic Legal Positions,Law,0.47423565,0.6005051,0.5963511
SC4211HM,Tourism and Culture: A Global Perspective,Arts and Social Science,0.45665842,0.6175714,0.5963328
SC4211,Tourism and Culture: A Global Perspective,Arts and Social Science,0.45665842,0.6175714,0.5963328
LAF3202,French 4,Arts and Social Science,0.40339965,0.6180812,0.59632
CM2289R,Basic UROPS In Chemistry II (REx),Science,0.46129546,0.6028499,0.59627384
FMA1202G,"FS: Producing Nature, Consuming Nature",Arts and Social Science,0.44962072,0.6013162,0.59625334
GEM3002,Global Cities and Local Cultures,Arts and Social Science,0.45704046,0.6226895,0.59624726
SFI2014,Introducing Indonesia (with introductory Indonesian),NUS,0.46275204,0.59935766,0.59624565
LL4268V,Remedies,Law,0.44341585,0.60611844,0.5962318
LL4268,Remedies,Law,0.44341585,0.60611844,0.5962318
NST2008,Invertebrate Innovations,NUS College,0.4234809,0.6040074,0.596202
TCX1001,Introduction to Computing,Cont and Lifelong Education,0.44258,0.60910285,0.5961992
GEX1023T,Disney & the Theme Park World,Cont and Lifelong Education,0.42320365,0.5961921,0.5961921
UTC1102R,Junior Seminar: Green Capitalism: A Critical Engagement,Residential College,0.45071143,0.6095824,0.596191
ST3243,Statistical Methods in Epidemiology,Science,0.4202591,0.62112033,0.5961851
TIE2140,Engineering Economy,Cont and Lifelong Education,0.45454296,0.60304284,0.59614205
FSC4208,Advanced Forensic Science,Science,0.46238995,0.6135483,0.59613556
CM4274,The Art and Methodology in Total Synthesis,Science,0.4477465,0.6120984,0.5961263
EE4113E,Digital Communications & Coding,Cont and Lifelong Education,0.44770998,0.6262247,0.5961205
TEE4113,Digital Communications & Coding,Cont and Lifelong Education,0.44770998,0.6262247,0.5961205
UTW1001B,"What is a nation? Texts, images and national identity",Non-Faculty-based Departments,0.43436855,0.6332476,0.5961021
CM2133,Foundations of Physical Chemistry,Science,0.42370006,0.6183038,0.59606695
YHU2319,Acting I,Yale-NUS College,0.44241688,0.6214894,0.5960633
MUA3195,Voice Literature 2,YST Conservatory of Music,0.4374409,0.62535894,0.59605896
LSM4252,Reproductive Biology,Science,0.41573572,0.62113845,0.596056
LL4109V,International Law & Asia,Law,0.43640944,0.6157486,0.5960449
LL4109,International Law & Asia,Law,0.43640944,0.6157486,0.5960449
EN4271,Research Workshop,Arts and Social Science,0.42897245,0.6308127,0.5960366
EN4271HM,Research Workshop,Arts and Social Science,0.42897245,0.6308127,0.5960366
XFA4417EC,Integrated Honours Thesis,Arts and Social Science,0.458617,0.61068124,0.59599346
YHU4254,The Global Renaissance,Yale-NUS College,0.4513469,0.62057394,0.59599096
FDP2012,Special Mathematics Class 3,Science,0.44678545,0.60494244,0.5959632
BSN3701B,Technological Innovation,NUS Business School,0.4438916,0.64015216,0.59595954
TR3008,Technological Innovation,Non-Faculty-based Departments,0.44389158,0.64015216,0.59595954
TR3008B,Technological Innovation,Non-Faculty-based Departments,0.4438916,0.64015216,0.59595954
BSN3701,Technological Innovation,NUS Business School,0.4438916,0.64015216,0.59595954
BSN3701A,Technological Innovation,NUS Business School,0.4438916,0.64015216,0.59595954
TR3008A,Technological Innovation,Non-Faculty-based Departments,0.4438916,0.64015216,0.59595954
PC4246,Quantum Optics,Science,0.40115172,0.60873425,0.59591407
YSS3352,"Innovation, Entrepreneurship and Law",Yale-NUS College,0.44368798,0.6102497,0.5959103
LL4362V,Advanced Criminal Litigation - Forensics on Trial,Law,0.4413199,0.6047529,0.5959099
LAS1201,Spanish 1,Arts and Social Science,0.42883122,0.6400286,0.5959083
LAS2201,Spanish 2,Arts and Social Science,0.42358905,0.61688817,0.5958848
LL4003V,"China, India and International Law",Law,0.44128194,0.6153252,0.59588134
MA3289R,Advanced UROPS in Mathematics II (REx),Science,0.4624268,0.60681635,0.5958805
SP1541,Communication Practices in Popular Science,Non-Faculty-based Departments,0.46082285,0.60203415,0.5958643
ME3000,Independent Study 1,College of Design and Engineering,0.4508138,0.603297,0.59585214
CH2292,Special Topics in Chinese Literature (in English),Arts and Social Science,0.38889223,0.61582273,0.5958303
GL2102,Global Political Economy,Arts and Social Science,0.44447395,0.6091223,0.59582895
EE3105,Beyond Sky - New Space Technology and Applications,College of Design and Engineering,0.43372756,0.5974648,0.5958278
LL4094CV,The Access to Justice Low Bono Litigation Clinic,Law,0.4463775,0.60719734,0.59582686
LL4094C,The Access to Justice Low Bono Litigation Clinic,Law,0.4463775,0.60719734,0.59582686
MA1522,Linear Algebra for Computing,Science,0.42676136,0.61145824,0.5958179
GEC1004,"Samurai, Geisha, Yakuza as Self or Other",Arts and Social Science,0.45222348,0.5999923,0.59580547
GEH1014,"Samurai, Geisha, Yakuza as Self or Other",Arts and Social Science,0.45222348,0.5999923,0.59580547
XFA4404HM,Integrated Honours Thesis,Arts and Social Science,0.46152973,0.6257762,0.5957834
XFA4404,Integrated Honours Thesis,Arts and Social Science,0.46152973,0.6257762,0.5957834
YSS2234,The Good Company,Yale-NUS College,0.47209153,0.6028908,0.59575015
EC3361,Labour Economics I,Arts and Social Science,0.4596278,0.61291426,0.5957001
RE1701,Urban Land Use and Development,NUS Business School,0.4571787,0.6156873,0.5956992
TBA3150,Mobile Application and Game Analytics,Cont and Lifelong Education,0.41098315,0.608253,0.59569186
LAK4203HM,Korean 7,Arts and Social Science,0.4407165,0.60662717,0.5956505
YSS4236,Medical Anthropology,Yale-NUS College,0.4082734,0.60919017,0.5956416
CH3231,Chinese Fiction,Arts and Social Science,0.4138269,0.61631584,0.5956315
CH2223,Chinese Fiction,Arts and Social Science,0.4138269,0.61631584,0.5956315
MA2288,Basic UROPS in Mathematics I,Science,0.44027543,0.5985159,0.5956311
XFA4405,Integrated Honours Thesis,Arts and Social Science,0.4556585,0.6101751,0.59557754
PC2031,Electricity & Magnetism I,Science,0.44163284,0.6019706,0.5955597
NM2209,Social Psychology of New Media,Arts and Social Science,0.42785466,0.6044474,0.59554064
GL3203,Global Socio-environmental Entanglements,Arts and Social Science,0.4345052,0.6090513,0.5955188
SC2228,Social Perspectives on the Digital Era,Arts and Social Science,0.44928637,0.6033226,0.595518
PL3261,Statistical Techniques in Psychological Research,Arts and Social Science,0.4480983,0.6113096,0.5955154
CL2101S,The Chinese Script: History and Issues,Arts and Social Science,0.41944635,0.60603946,0.5955121
JS4223HM,Japanese Public Policy,Arts and Social Science,0.44972944,0.6093168,0.5954608
JS4223,Japanese Public Policy,Arts and Social Science,0.44972944,0.6093168,0.5954608
YHU4256,Solidarity and Social Change,Yale-NUS College,0.46540314,0.6015629,0.5954572
NHS4001F,Critical Reflection,NUS College,0.44276643,0.6046688,0.5953566
NHS4001D,Critical Reflection,NUS College,0.44276643,0.6046688,0.5953566
NHS4001A,Critical Reflection,NUS College,0.44276643,0.6046688,0.5953566
NHS4001C,Critical Reflection,NUS College,0.44276643,0.6046688,0.5953566
NHS4001E,Critical Reflection,NUS College,0.44276643,0.6046688,0.5953566
NHS4001B,Critical Reflection,NUS College,0.44276643,0.6046688,0.5953566
LL4312V,The Law of Global Governance,Law,0.43200937,0.6087127,0.5953555
LL4539,Pre-trial Advocacy in Civil Litigation,Law,0.46694234,0.60819745,0.5953305
LL4539V,Pre-trial Advocacy in Civil Litigation,Law,0.46694225,0.60819745,0.5953304
NST2004,Biosemiotics: Signs In Nature,NUS,0.42108792,0.6200315,0.59527475
YSS3228,Health Psychology,Yale-NUS College,0.40457892,0.64450014,0.5952636
ME3122,Heat Transfer,College of Design and Engineering,0.44422868,0.6024062,0.59526217
TME3122,Heat Transfer,Cont and Lifelong Education,0.44422868,0.6024062,0.59526217
ME3122E,Heat Transfer,Cont and Lifelong Education,0.44422868,0.6024062,0.59526217
LL4226V,Multimodal Transport Law,Law,0.4474553,0.6111101,0.59526026
LL4171V,"ASEAN Environmental Law, Policy & Governance",Law,0.45427817,0.601117,0.59522134
EC4343HM,International Finance II,Arts and Social Science,0.40958196,0.6052084,0.5951955
EC4343,International Finance II,Arts and Social Science,0.40958196,0.6052084,0.5951955
NHT2212,Beginning Acting for the Stage,NUS College,0.45025757,0.6268144,0.59519446
SPH3202,Infectious disease epidemiology and public health,SSH School of Public Health,0.4201841,0.60459805,0.59518856
EC2102,Macroeconomic Analysis I,Arts and Social Science,0.43973303,0.6043213,0.5951661
YHU2291,Introduction to Arts,Yale-NUS College,0.42909268,0.6099851,0.5951616
YSC4207,Solid State Physics,Yale-NUS College,0.40609676,0.620895,0.59515905
YHU2336,Learning by (un)doing - Artistic Practice in Grim Times,Yale-NUS College,0.4476259,0.6053184,0.59514254
LAK4203,Korean 7,Arts and Social Science,0.44168702,0.60446835,0.5951276
HY4215,The Classical Empires of Southeast Asia,Arts and Social Science,0.45150074,0.6264971,0.5951124
HY4215HM,The Classical Empires of Southeast Asia,Arts and Social Science,0.45150074,0.6264971,0.5951124
SE4212HM,Elites of Southeast Asia,Arts and Social Science,0.47491056,0.5965495,0.5950886
SE4212,Elites of Southeast Asia,Arts and Social Science,0.47491056,0.5965495,0.5950886
EN2207,Gender and Sexuality in Literature,Arts and Social Science,0.42534432,0.61235964,0.5950693
SE3216,"Migration, Diaspora and Refugees in Southeast Asia",Arts and Social Science,0.4625647,0.60400856,0.59504634
PLS8003,Cultivating Resilience,Arts and Social Science,0.4364719,0.60573876,0.5950096
CH4882A,Personalities in Modern Chinese History,Arts and Social Science,0.43594685,0.6096723,0.5950086
CH4882AHM,Personalities in Modern Chinese History,Arts and Social Science,0.43594685,0.6096723,0.5950086
YSC3264,Computational Methods in Physical Sciences,Yale-NUS College,0.41425806,0.601742,0.5949999
YSC2237,Computational Methods in Physical Sciences,Yale-NUS College,0.41425806,0.601742,0.5949999
TS1101E,Introduction to Theatre and Performance,Arts and Social Science,0.43596816,0.5990356,0.59497565
NST2068,Agents of Complexity: Modelling complex systems,NUS College,0.44194892,0.6246662,0.5949698
PH4401,Honours Thesis,Arts and Social Science,0.46033648,0.6112077,0.59490585
YSC3261,Cancer Biology,Yale-NUS College,0.4227094,0.61153674,0.5949007
AR4222,Asian Architecture and Urban History,College of Design and Engineering,0.42273834,0.6147258,0.5948821
MUA3110,Chamber Music in Mixed Ensemble,YST Conservatory of Music,0.43821853,0.62946373,0.594865
YLS1202,Beginning Spanish 2,Yale-NUS College,0.42207885,0.61164176,0.59485674
SW4232HM,Working with Loss and Grief,Arts and Social Science,0.4414617,0.60537803,0.59483033
SW4232,Working with Loss and Grief,Arts and Social Science,0.4414617,0.60537803,0.59483033
ST4240,Data Mining,Science,0.43648252,0.6075087,0.5948292
GEM1003,Introduction to Theatre and Performance,Arts and Social Science,0.43690866,0.60031205,0.59479314
YSS2211,Econometrics,Yale-NUS College,0.4285046,0.6136135,0.5947917
FAS2881,Topics in Humanities (for FASStrack),Arts and Social Science,0.4515136,0.61210316,0.5947815
YSS3313,Environmental Impacts of China’s Investments,Yale-NUS College,0.41468322,0.61656654,0.5947722
GEK1055,The Theatre Experience,Arts and Social Science,0.4379895,0.61178386,0.5947623
PL3231,Independent Research Project,Arts and Social Science,0.4558164,0.60795134,0.5947529
MNO4715,Foresight and Scenario Planning,NUS Business School,0.46449664,0.59974724,0.5947238
LAK1201,Korean 1,Arts and Social Science,0.43689469,0.6022032,0.59469587
XFA4408,Integrated Honours Thesis,Arts and Social Science,0.45231906,0.61822444,0.59469396
AS3234,Asian American Literature,Arts and Social Science,0.42883462,0.6143424,0.5946796
EN3234,Asian American Literature,Arts and Social Science,0.42883462,0.6143424,0.5946796
LL4344,Public and Private International Copyright Law,Law,0.4335442,0.6118866,0.59465486
LL4344V,Public and Private International Copyright Law,Law,0.43354407,0.61188674,0.5946548
CH2247,Socio-Cultural Dimensions of Cross-Strait Relations,Arts and Social Science,0.44368562,0.60839677,0.5946418
MS3212,Text and Ideology in the Malay World,Arts and Social Science,0.43158573,0.6359999,0.594614
GER1000,Quantitative Reasoning,Non-Faculty-based Departments,0.4418495,0.62185186,0.5945795
GER1000B,Quantitative Reasoning,Non-Faculty-based Departments,0.4418495,0.62185186,0.59457946
GER1000H,Quantitative Reasoning,Non-Faculty-based Departments,0.4418495,0.62185186,0.59457946
AH3201,A History of Contemporary Art,Arts and Social Science,0.44078717,0.61896896,0.59457695
PL3287,Lab in Clinical Psychology,Arts and Social Science,0.41201952,0.62268883,0.59457076
MUA2205,Rhythmic Devices in Performance 1,YST Conservatory of Music,0.43316382,0.616902,0.5945407
TS3242,Performing Interculturalism Onstage,Arts and Social Science,0.4490109,0.6036127,0.59451973
ST3245,Statistics in Molecular Biology,Science,0.4197422,0.6044694,0.59448975
PL3102,Biological Psychology,Arts and Social Science,0.42004088,0.6117326,0.5944897
MKT3402A,Consumer Behaviour,NUS Business School,0.4567153,0.60227233,0.594469
IE2141,Systems Thinking and Dynamics,College of Design and Engineering,0.4502303,0.6031977,0.5944624
SC4882A,Perspectives on State & Society,Arts and Social Science,0.45164704,0.60179937,0.59445935
SC4882AHM,Perspectives on State & Society,Arts and Social Science,0.45164704,0.60179937,0.59445935
YSS3329,Time Series Analysis,Yale-NUS College,0.39975014,0.6291525,0.5944138
AN2202,Culture and Society,Arts and Social Science,0.4691439,0.6130681,0.59432256
HY2252,Introduction to Business History,Arts and Social Science,0.44496778,0.5943001,0.5943001
TEE2002,Engineering Mathematics II,Cont and Lifelong Education,0.45491165,0.60228086,0.5942751
TE2002,Engineering Mathematics II,Cont and Lifelong Education,0.45491165,0.60228086,0.5942751
IS4152,Affective Computing,Computing,0.4463118,0.61024135,0.59425884
ST4242,Analysis of Longitudinal Data,Science,0.44201452,0.60972416,0.59422314
LAF2201,French 2,Arts and Social Science,0.4132773,0.60517776,0.5941901
SC3222,Social Transformations in Modern China,Arts and Social Science,0.46924055,0.6026767,0.5941744
YCC1121,Comparative Social Inquiry,Yale-NUS College,0.44604227,0.60786444,0.59415996
YSS3287,Global Environmental Change: Anthropological Approaches,Yale-NUS College,0.44071066,0.60652363,0.59414816
UTC1420,Jr Sem: Beyond Borders: Migrant Community & Resilience,Residential College,0.4655937,0.6124108,0.5941466
SC2221,Humans and Natures,Arts and Social Science,0.42661127,0.62069345,0.5941402
MUT2101,Musical Concepts and Materials 3,YST Conservatory of Music,0.4383387,0.60552704,0.5941113
LL4135,Patent Law & Practice: Perspectives from the U.S,Law,0.455481,0.60053253,0.59410655
EC4304HM,Economic and Financial Forecasting,Arts and Social Science,0.43357232,0.60064256,0.59408915
EC4304,Economic and Financial Forecasting,Arts and Social Science,0.43357238,0.6006425,0.5940891
GL4885,Topics in Policy Making,Arts and Social Science,0.4560618,0.6007078,0.5940657
GL4885HM,Topics in Policy Making,Arts and Social Science,0.4560618,0.6007078,0.5940657
MS4401,Honours Thesis,Arts and Social Science,0.449287,0.60187894,0.59405816
CL2260,Selected Readings,Arts and Social Science,0.42619187,0.60640454,0.59401345
TME4213,Vibration Theory & Applications,Cont and Lifelong Education,0.42376047,0.60620666,0.59399587
ME4213E,Vibration Theory & Applications,Cont and Lifelong Education,0.42376047,0.60620666,0.59399587
YSS2244,"Markets, Morality and Politics",Yale-NUS College,0.4561336,0.5952912,0.5939567
GEM2027,Public Speaking and Critical Reasoning,Arts and Social Science,0.4461903,0.62428296,0.5939301
GEX1005T,Public Speaking and Critical Reasoning,Cont and Lifelong Education,0.4461903,0.62428296,0.5939301
GET1008,Public Speaking and Critical Reasoning,Arts and Social Science,0.4461903,0.62428296,0.5939301
GEX1005,Public Speaking and Critical Reasoning,Arts and Social Science,0.4461903,0.62428296,0.5939301
GE3247,Worlds of Work,Arts and Social Science,0.47433314,0.60157967,0.5939295
PL3287A,Lab in Personality and Psychopathology,Arts and Social Science,0.45250034,0.60606396,0.5939293
CS1101S,Programming Methodology,Computing,0.43076292,0.6093104,0.5939169
CH4222HM,Chinese Classical Novels,Arts and Social Science,0.42824927,0.6109593,0.59388626
CH4222,Chinese Classical Novels,Arts and Social Science,0.42824927,0.6109593,0.59388626
LL4226,Multimodal Transport Law,Law,0.44623166,0.606907,0.5938554
PL3282E,Lab in Self-Regulation and Goal Pursuit,Arts and Social Science,0.456839,0.6031902,0.59379756
PH3213,"Knowledge, Modernity and Global Change",Arts and Social Science,0.4388338,0.6125469,0.59379166
MUH3205,Chamber Music: An Interdisciplinary Approach,YST Conservatory of Music,0.4351907,0.61333597,0.5937517
PC2288,Basic UROPS in Physics I,Science,0.45773375,0.5947019,0.5937376
NST2013,Complexity and Recursion,NUS,0.44681954,0.6000921,0.59372026
YHU2202,Introduction to Creative Nonfiction,Yale-NUS College,0.4198235,0.6283193,0.593682
GEM1912B,Jr Sem Special Topics: Quality Journalism and Critical Reading,Residential College,0.4512578,0.6070135,0.59368086
UTC1112B,Jr Sem Special Topics: Quality Journalism and Critical Reading,Residential College,0.4512578,0.6070135,0.59368086
NHS2020,Leadership in a Complex World,NUS College,0.4720297,0.6024105,0.59366584
YSS3315,The Chinese Economy,Yale-NUS College,0.45212793,0.596504,0.5936544
SPH3402,Mental Health: An Interdisciplinary Approach,SSH School of Public Health,0.4028729,0.61016977,0.59360516
IE2140,Engineering Economy,College of Design and Engineering,0.45115957,0.6004609,0.59357274
EE3731E,Signal Processing Methods,Cont and Lifelong Education,0.41352394,0.6384515,0.5935445
PL4401HM,Honours Thesis,Arts and Social Science,0.46540794,0.59658706,0.5935262
MNO1706H,Organisational Behavior,NUS Business School,0.45812446,0.5985852,0.59346557
PC4245,Particle Physics,Science,0.4304996,0.6079638,0.5934607
YSC4244,Advanced Topics in Plant-Microbe Interactions,Yale-NUS College,0.39349213,0.6073628,0.5934561
MUA2109,Chamber Music,YST Conservatory of Music,0.4179696,0.64264804,0.5934463
SPH2002,Public Health and Epidemiology,SSH School of Public Health,0.41794688,0.6109417,0.59344375
MT3001,Systems Thinking and Engineering,College of Design and Engineering,0.42825213,0.5979492,0.59344363
GEC1018,Names as Markers of Socio-cultural Identity,Arts and Social Science,0.47078708,0.6046426,0.59343636
GEH1054,Names as Markers of Socio-cultural Identity,Arts and Social Science,0.47078708,0.6046426,0.59343636
GEM1031,Names as Markers of Socio-cultural Identity,Arts and Social Science,0.47078708,0.6046426,0.59343636
SSA1202,The Lands Below the Winds: Southeast Asia in the World,Arts and Social Science,0.44809204,0.60999864,0.5934275
GEK1008,The Lands Below the Winds: Southeast Asia in the World,Arts and Social Science,0.4480921,0.60999864,0.5934274
SE1101E,The Lands Below the Winds: Southeast Asia in the World,Arts and Social Science,0.4480921,0.60999864,0.5934274
EE4217,Technology Of Digital Entertainment,College of Design and Engineering,0.412949,0.607097,0.59333926
MA3236,Non-Linear Programming,Science,0.46476313,0.6048138,0.5933228
CH3273,Modern and Contemporary Chinese Popular Literature,Arts and Social Science,0.41047955,0.60745686,0.5933143
CH2392,Chinese Women in Context (in English),Arts and Social Science,0.4320501,0.5991007,0.5933102
NHS3801A,Topics in Humanities and Social Sciences: Food and Religious Imaginations,NUS College,0.43007007,0.6014306,0.59330136
INT3204,Advanced Interpreting,Arts and Social Science,0.45593333,0.6138488,0.5932778
HS2930,Explain This: Why are Complex Ideas Hard to Explain?,Arts and Social Science,0.45002678,0.60912323,0.5932751
YLG2202,Intermediate Ancient Greek,Yale-NUS College,0.42420548,0.5988263,0.59326565
PL3282A,Lab in Interpersonal Relationships,Arts and Social Science,0.45297217,0.59485465,0.593228
ST1232,Statistics for Life Sciences,Science,0.42057967,0.61591375,0.59322274
TS4880HM,Topics in Theatre,Arts and Social Science,0.4550293,0.59566814,0.59321535
TS4880,Topics in Theatre,Arts and Social Science,0.4550293,0.59566814,0.59321535
YSC2260,Health and Disease,Yale-NUS College,0.43258187,0.61754555,0.5931932
MA2401,Introductory Mathematics with R,Science,0.42044306,0.6135745,0.59319264
NHS2015,Utopia: Ideal Places from Plato to the Smart City,NUS College,0.45189303,0.59776676,0.5931736
SC4882B,"Citizenship, Nation and Globalization",Arts and Social Science,0.45124072,0.61045855,0.59315836
SC4882BHM,"Citizenship, Nation and Globalization",Arts and Social Science,0.45124072,0.61045855,0.59315836
YSC2227,C: A Language for Science and Engineering,Yale-NUS College,0.43054926,0.5958129,0.5931218
OMS3100,"Oral & Maxillofacial Medicine, Pathology & Radiology",Dentistry,0.42009905,0.6052656,0.5930796
LSM3210B,Metabolism and Regulation,Science,0.42266065,0.6243541,0.59307176
LSM3210A,Metabolism and Regulation,Yong Loo Lin Sch of Medicine,0.42266065,0.6243541,0.59307176
LSM3210,Metabolism and Regulation,Yong Loo Lin Sch of Medicine,0.42266065,0.6243541,0.59307176
YLS3202,"Advanced Spanish: Latin America, Borders and Identities",Yale-NUS College,0.43193159,0.62088716,0.5930414
LAS4203HM,Spanish 7 Language and Spanish Studies,Arts and Social Science,0.42222515,0.625362,0.59299767
LAS4203,Spanish 7 Language and Spanish Studies,Arts and Social Science,0.42222515,0.625362,0.59299767
CM1417,Fundamentals of Chemistry,Science,0.41827652,0.61672723,0.59295356
HS2932,Ideas and the Malay World,Arts and Social Science,0.43500024,0.6185974,0.5929065
TCX1002,Introduction to Programming,Cont and Lifelong Education,0.43937328,0.6121239,0.59283215
TIE3110,Simulation,Cont and Lifelong Education,0.44119346,0.61707443,0.5928192
CL3201,Communicating through Chinese Rhetoric and Metaphors,Arts and Social Science,0.4375581,0.5976598,0.59277064
SE4218HM,Majorities and Minorities in SE Asia,Arts and Social Science,0.44498172,0.612625,0.59274244
SE4218,Majorities and Minorities in SE Asia,Arts and Social Science,0.44498172,0.612625,0.59274244
MUA2196,Diction for Singers 2,YST Conservatory of Music,0.43201783,0.6131995,0.5927337
EC3381,Urban Economics,Arts and Social Science,0.45429426,0.600289,0.592697
ST4199,Honours Project in Statistics,Science,0.44818452,0.6013702,0.5926852
LAF3201,French 3,Arts and Social Science,0.4240203,0.6050481,0.59268206
MNO3313J,TILHCM: Employee and Organizational Misbehaviours,NUS Business School,0.4779271,0.607057,0.5926673
MNO3761A,TILHCM: Employee and Organizational Misbehaviours,NUS Business School,0.4779271,0.607057,0.5926673
YSC4216,Machine Learning,Yale-NUS College,0.38726053,0.6202259,0.59262633
UTC1702E,Thinking in Systems: Energy Systems,Residential College,0.4166918,0.6171158,0.5926105
SC3202,From Modernization to Globalization,Arts and Social Science,0.47340727,0.59535885,0.592594
PR3124,Pharmacotherapeutics III,Science,0.4396208,0.60206604,0.5925671
TBA3204,Web Analytics,Cont and Lifelong Education,0.42240557,0.60216177,0.5925555
GEK1005,Cultural Diversity in the Contemporary World,Arts and Social Science,0.46003982,0.59629935,0.5925546
MA4261,Information and Coding Theory,Science,0.43028897,0.6179832,0.592546
SFI2022,Introducing Malaysia,NUS,0.44888568,0.6099303,0.59252226
XFB4002,Integrated Honours Dissertation,NUS Business School,0.46290305,0.6001754,0.59251606
CH3248,Contemporary China: 1949 to Present,Arts and Social Science,0.44034886,0.6021459,0.59250873
YSS3282,Architecture and Society,Yale-NUS College,0.43529543,0.61214983,0.592497
EE4506,Magnetic Recording Systems,College of Design and Engineering,0.4488698,0.60352385,0.5924511
EC3375,Economy and Business of Japan and Korea,Arts and Social Science,0.45438036,0.60572886,0.592435
NM2103,Quantitative Research Methods,Arts and Social Science,0.42206928,0.63293386,0.5923902
YSS3296,"International Trade, Resource Use and the Environment",Yale-NUS College,0.45628634,0.59946895,0.5923178
YSS4291,Contemporary Educational Psychology,Yale-NUS College,0.4214633,0.6030478,0.5923115
LL4155,Topics in Law and Economics,Law,0.44761357,0.5972952,0.59228694
SE2218,Changing Economic Landscape of SE Asia,Arts and Social Science,0.4431724,0.5998454,0.5922756
PL4201HM,Psychometrics and Psychological Testing,Arts and Social Science,0.44096446,0.60346866,0.59226656
PL4201,Psychometrics and Psychological Testing,Arts and Social Science,0.44096446,0.60346866,0.59226656
GEC1006,Understanding Consumption,Arts and Social Science,0.46444526,0.6047045,0.5922205
GEM1047,Understanding Consumption,Arts and Social Science,0.46444526,0.6047045,0.5922205
GEH1016,Understanding Consumption,Arts and Social Science,0.46444526,0.6047045,0.5922205
MUA4110,Chamber Music in Mixed Ensemble,YST Conservatory of Music,0.43861586,0.6268321,0.5922203
EC3880,Topics in Economics,Arts and Social Science,0.4615399,0.60387886,0.592203
GEM1052,Understanding the Changing Global Economic Landscape,Arts and Social Science,0.461543,0.60102314,0.5921992
GET1016,Understanding the Changing Global Economic Landscape,Arts and Social Science,0.461543,0.60102314,0.5921992
GEC1034,Understanding the Changing Global Economic Landscape,Arts and Social Science,0.461543,0.60102314,0.5921992
GET1016T,Understanding The Changing Global Economic Landscape,Cont and Lifelong Education,0.461543,0.60102314,0.5921992
GEC1034T,Understanding the Changing Global Economic Landscape,Cont and Lifelong Education,0.461543,0.60102314,0.5921992
CS4234,Optimisation Algorithms,Computing,0.45997632,0.5970354,0.5921882
PS4881D,Topics in CP: Money and Politics,Arts and Social Science,0.4606627,0.6053232,0.59215766
PS4881DHM,Topics in CP: Money and Politics,Arts and Social Science,0.4606627,0.6053232,0.59215766
EC3303,Econometrics I,Arts and Social Science,0.409915,0.62143254,0.59215564
LL4487,China's State Capitalism & Future of Int'l Economic Law,Law,0.43794778,0.606648,0.59215546
LL4487V,China's State Capitalism & Future of Int'l Economic Law,Law,0.43794778,0.606648,0.59215546
YSS4272,Politics of Southeast Asia,Yale-NUS College,0.44124883,0.6140048,0.5921494
LAF4202HM,French 6,Arts and Social Science,0.45034692,0.5961556,0.59206116
LAF4202,French 6,Arts and Social Science,0.45034692,0.5961556,0.59206116
NTW2034,Wild and Simple: Living and Thinking Sustainably,NUS College,0.45836133,0.6059891,0.5920555
MS2219,Networks and the Malay World,Arts and Social Science,0.45770383,0.60020673,0.5920081
PL4241HM,Exploring Consciousness - Theory and Neuroscience,Arts and Social Science,0.4335347,0.600825,0.59189236
GE4220HM,Field Investigation in Physical Geography,Arts and Social Science,0.44937477,0.6074024,0.59187704
GE4220,Field Investigation in Physical Geography,Arts and Social Science,0.44937477,0.6074024,0.59187704
DBA4814,Analytics in Digital Marketplaces,NUS Business School,0.40461814,0.60239244,0.59184885
DTS2701,Engineering Mathematics,Temasek Defence Sys. Institute,0.43146878,0.599031,0.5918056
CS3225,Combinatorial Methods in Bioinformatics,Computing,0.41015577,0.59920466,0.5917754
HY4401HM,Honours Thesis,Arts and Social Science,0.41947523,0.6555623,0.5917158
HY4401,Honours Thesis,Arts and Social Science,0.41947523,0.6555623,0.5917158
PR2115A,Medicinal Chemistry for Drug Design,Science,0.42018083,0.6259306,0.59168506
NTW2038,Screening Historical Trauma,NUS College,0.42929733,0.6055973,0.5916785
LL4078,Law & Practice of Investment Treaty Arbitration,Law,0.3948404,0.6296952,0.5916572
TS2880,Topics in Theatre,Arts and Social Science,0.45219743,0.594962,0.59164727
MUA1173,Critical Listening 2,YST Conservatory of Music,0.44533312,0.61059034,0.59163284
NM4228HM,Risk and Crisis Communication,Arts and Social Science,0.4326382,0.6029106,0.5916107
NM4228,Risk and Crisis Communication,Arts and Social Science,0.4326382,0.6029106,0.5916107
YHU3349,The Language of Cinema,Yale-NUS College,0.41257632,0.61381423,0.59160554
GEX1020,Communication in Small Groups,Arts and Social Science,0.4519623,0.60962933,0.5916001
GET1038,Communication in Small Groups,Arts and Social Science,0.4519623,0.60962933,0.5916001
GEH1030,Science of Music,Science,0.4126403,0.6073054,0.5915948
YSS3316,Gender and International Development,Yale-NUS College,0.4534561,0.6112834,0.59157354
YHU3336,Goodbye Mao: China's Post Socialist Transformations,Yale-NUS College,0.44562602,0.59820914,0.59156185
NST2060,"Knowing Me, Knowing You: Venturing into the Genomic Age",NUS College,0.41962448,0.5985615,0.59155
YSS4101,Global Affairs Capstone Project,Yale-NUS College,0.4498463,0.6018747,0.59154403
MD2150,Clinical Skills Foundation Programme,Yong Loo Lin Sch of Medicine,0.433445,0.609728,0.59149
CM1417X,Fundamentals of Chemistry,Science,0.41289005,0.61657417,0.59146845
ME2121,Engineering Thermodynamics and Heat Transfer,College of Design and Engineering,0.42368704,0.61232084,0.59144574
PE4401E,Honours Thesis,Arts and Social Science,0.44288927,0.60176516,0.59143597
CP4284,Emerging Topics in Computing IV,Computing,0.44831634,0.6055961,0.59143037
GE2218,"Leisure, Recreation and Tourism",Arts and Social Science,0.4611939,0.62173694,0.5914284
LAG1201,German 1,Arts and Social Science,0.41717267,0.60993457,0.5913998
LSM4236,Human Microscopic Anatomy,Yong Loo Lin Sch of Medicine,0.41626322,0.6127218,0.5913413
EL2111,Historical Variation in English,Arts and Social Science,0.41532055,0.60247326,0.59133714
LAK3202,Korean 4,Arts and Social Science,0.4327595,0.5971115,0.5913222
MIC2000A,Infection and Immunology,Yong Loo Lin Sch of Medicine,0.42450777,0.5998567,0.5913161
MIC2000,Infection and Immunology,Yong Loo Lin Sch of Medicine,0.42450777,0.5998567,0.5913161
LL4129V,Indian Business Law,Law,0.45009825,0.5938773,0.5912887
LAR3202,Arabic 4,Arts and Social Science,0.42610767,0.6078893,0.5912223
LA4203,History and Theory of Landscape Architecture,College of Design and Engineering,0.40660474,0.6087477,0.5911997
LA3201,History and Theory of Landscape Architecture,College of Design and Engineering,0.40660474,0.6087475,0.59119964
PC4242,Electricity and Magnetism III,Science,0.43530837,0.6112838,0.5911766
NHS2092,"Oh, behave! Scarcity and Environmental Sustainability",NUS College,0.45230615,0.60743046,0.5911765
EC3314,Mathematics for Economists,Arts and Social Science,0.43662703,0.6005747,0.59117264
YHU3268,The Japanese Empire in Global History,Yale-NUS College,0.44312137,0.61079705,0.5911566
GEN2009,Voices from the ground: stories & community narratives,Arts and Social Science,0.46128216,0.5965389,0.5911542
LL4243V,The Effects of Space and Geography on Regulation,Law,0.45160872,0.61583185,0.591148
LL4243,The Effects of Space and Geography on Regulation,Law,0.45160872,0.61583185,0.59114796
PL4401,Honours Thesis,Arts and Social Science,0.46289888,0.5979036,0.5911293
EL4252HM,Interactional Discourse,Arts and Social Science,0.45338365,0.59881055,0.5911261
EL4252,Interactional Discourse,Arts and Social Science,0.45338365,0.59881055,0.5911261
SP2718E,Waste: An Overlooked Sustainability Issue,Science,0.4327086,0.59650075,0.5911164
FMA1204H,FS: War Memories: From Anne Frank to Changi Prison,Arts and Social Science,0.451123,0.5979513,0.59110004
NST2053R,Health in marginalised communities,NUS,0.40955058,0.62322944,0.5910796
YSC1218,Molecular Perspectives,Yale-NUS College,0.41532058,0.60611224,0.5910409
PE4401EHM,Honours Thesis,Arts and Social Science,0.4434332,0.60236835,0.5910327
LAR4202HM,Arabic 6,Arts and Social Science,0.4264589,0.60301596,0.59102887
LAR4202,Arabic 6,Arts and Social Science,0.4264589,0.60301596,0.59102887
BSN3751,Independent Study in Innovation & Entrepreneurship,NUS Business School,0.4563457,0.5977651,0.59097254
SC2216,Emotions and Social Life,Arts and Social Science,0.44292712,0.65117943,0.5909556
SN4101,Introduction to the Geopolitics of South Asia,Arts and Social Science,0.44859874,0.6065796,0.5909553
IE3110R,Simulation,College of Design and Engineering,0.43792224,0.6197332,0.59093505
YHU2267,Modern Art in East Asia,Yale-NUS College,0.44031718,0.59589535,0.59092623
EC4880HM,Topics in Economics,Arts and Social Science,0.45725682,0.5950414,0.59090316
EC4880,Topics in Economics,Arts and Social Science,0.45725682,0.5950414,0.59090316
LL4231,Transition and the Rule of Law in Myanmar,Law,0.46104443,0.5960124,0.59088516
SE3222,Gender in Southeast Asia,Arts and Social Science,0.45976153,0.6008462,0.59082204
AR2524,Spatial Computational Thinking,College of Design and Engineering,0.42544022,0.5974156,0.5907734
LL4304,Global Comparative Constitutional Law,Law,0.43932405,0.6019206,0.59075737
YHU4269,Taoist and Buddhist Apocalypses,Yale-NUS College,0.45531675,0.6303929,0.5907418
LL4455,Taxation of Cross-Border Commercial Transactions II,Law,0.4417047,0.5993381,0.59066117
LL4455V,Taxation of Cross-Border Commercial Transactions II,Law,0.4417047,0.5993381,0.59066117
NM4244,Sex in the Media,Arts and Social Science,0.43199116,0.59305,0.59065944
NM4244HM,Sex in the Media,Arts and Social Science,0.43199116,0.59305,0.59065944
UTC2417,Identities in Asia,Residential College,0.4571,0.5941239,0.5906283
UTS2400,Identities in Asia,Residential College,0.4571,0.5941239,0.5906283
SN4221HM,Regional Conflict & Cooperation in Asia,Arts and Social Science,0.4482795,0.5964187,0.5906192
SN4221,Regional Conflict & Cooperation in Asia,Arts and Social Science,0.4482795,0.5964187,0.5906192
JS3223,Japan and the Asia-Pacific Region,Arts and Social Science,0.4280407,0.59880924,0.59058034
EL3251,"Language, Society and Identity",Arts and Social Science,0.44229564,0.5998219,0.5905782
NST2001,The Biomolecular Revolution,NUS College,0.42359662,0.61355793,0.59056836
LL4432,International Litigation: Themes and Practice,Law,0.42857972,0.64146364,0.59055233
LL4432V,International Litigation: Themes and Practice,Law,0.42857972,0.64146364,0.59055233
BSE4761,Seminars in Business Economics,NUS Business School,0.45466343,0.6045594,0.5905471
BSE4761X,Seminars in Business Economics,NUS Business School,0.45466343,0.6045594,0.5905471
GEC1021,The Theatre Experience,Arts and Social Science,0.4287704,0.5978084,0.59053534
GEH1058,The Theatre Experience,Arts and Social Science,0.4287704,0.5978084,0.59053534
ESE2001,Environmental Challenges in the Anthropocene,College of Design and Engineering,0.43084937,0.61572206,0.5904454
PL4231,"Personality Biology, Economics and Wellbeing",Arts and Social Science,0.43800092,0.5904432,0.59044313
PL4231HM,"Personality Biology, Economics and Wellbeing",Arts and Social Science,0.43800092,0.5904432,0.59044313
GEX1001,Representation and Media,Arts and Social Science,0.42730162,0.5966555,0.5903867
GEH1061,Representation and Media,Arts and Social Science,0.42730162,0.5966555,0.5903867
MS4401HM,Honours Thesis,Arts and Social Science,0.44524303,0.5942798,0.5903866
ENV2103,The Environment and Public Health,Science,0.42145574,0.60196245,0.59035
TEE3731,Signal Processing Methods,Cont and Lifelong Education,0.4101173,0.6349288,0.5903338
NST2014,Quantum Reality and Appearance,NUS College,0.42516607,0.6071223,0.5903168
UTW2001E,Ethics in Outer Space,Non-Faculty-based Departments,0.42867556,0.6030114,0.59030867
TM4102,B.Tech. Dissertation,Cont and Lifelong Education,0.43547368,0.59383017,0.59025025
TM4101,B.Tech. Dissertation,Cont and Lifelong Education,0.43547368,0.59383017,0.59025025
TME4102,B.Tech. Dissertation,Cont and Lifelong Education,0.43547368,0.59383017,0.59025025
UTW2001H,RISK and Popular Culture,Non-Faculty-based Departments,0.44635475,0.6037801,0.5902423
CH4401HM,Honours Thesis,Arts and Social Science,0.45686945,0.6163618,0.59021175
CH4401,Honours Thesis,Arts and Social Science,0.45686945,0.6163618,0.59021175
YID3225,Forest Restoration,Yale-NUS College,0.41805252,0.59397227,0.59019846
FAS2882K,Economic Analysis of Technology and Innovation Policy,Arts and Social Science,0.4431719,0.6227566,0.59019566
TE2003,Advanced Mathematics for Engineers,Cont and Lifelong Education,0.45474747,0.5960785,0.59019005
NEX3005,GEx Java,NUS College,0.45772812,0.60513246,0.5901864
YIL2201S,Directed Language Study: Intermediate Sanskrit,Yale-NUS College,0.4413609,0.60058,0.59017795
YHU2317,Sculpting Movement: Artist in Residence (AIR) Special Project,Yale-NUS College,0.45463392,0.60820776,0.5901661
BT4014,Analytics Driven Design of Adaptive Systems,Computing,0.41783145,0.6010369,0.59016323
PL4880GHM,Positive Psychology,Arts and Social Science,0.41906002,0.6124172,0.5901128
PL4880G,Positive Psychology,Arts and Social Science,0.41906002,0.6124172,0.5901128
NHS2103,"Working with Parliaments: Shaping Policy, Driving Laws",NUS College,0.4527251,0.5984144,0.59010965
NTW2007,Apocalyptic Cultures,NUS College,0.45391816,0.62237906,0.5900864
CM2288R,Basic UROPS in Chemistry I (REx),Science,0.46000096,0.5971543,0.5900798
SC2207,Peoples & Cultures of Southeast Asia,Arts and Social Science,0.4575177,0.60226214,0.59006995
MUA1191,Applied Voice Major Studies 1B,YST Conservatory of Music,0.45036456,0.6081864,0.5900655
AN4201,"Cultural Production: Power, Voice, Policies",Arts and Social Science,0.42513534,0.6360582,0.590045
SC4226HM,"Cultural Production: Power, Voice, Policies",Arts and Social Science,0.42513534,0.6360582,0.590045
SC4226,"Cultural Production: Power, Voice, Policies",Arts and Social Science,0.42513534,0.6360582,0.590045
MUA2157,Contemporary Musicianship A,YST Conservatory of Music,0.41402927,0.61347884,0.59003
LL4385,Taxation Law & the Global Digital Economy,Law,0.45987788,0.6079573,0.58991456
LL4385V,Taxation Law & the Global Digital Economy,Law,0.45987788,0.6079573,0.58991456
PL4249,The Psychology and Neuroscience of Mindfulness,Arts and Social Science,0.4271925,0.61567634,0.5898913
PL4249HM,The Psychology and Neuroscience of Mindfulness,Arts and Social Science,0.4271925,0.61567634,0.5898913
UTS2704,Hard to secure easy to waste - Singapore’s food story,Residential College,0.45042738,0.6028434,0.58986986
UTC2712,Hard to secure easy to waste - Singapore’s food story,Residential College,0.45042738,0.6028434,0.58986986
YCC1112,Literature and Humanities 2,Yale-NUS College,0.41074917,0.63955504,0.5898124
LL4465V,International Geographical Indications Protection (IP),Law,0.47019857,0.5948143,0.5898025
LL4465,International Geographical Indications Protection (IP),Law,0.47019857,0.5948143,0.5898025
SE4226,Doing Ethnography in Southeast Asia,Arts and Social Science,0.4360517,0.61056036,0.58977216
SE4226HM,Doing Ethnography in Southeast Asia,Arts and Social Science,0.4360517,0.61056036,0.58977216
XFA4406,Integrated Honours Thesis,Arts and Social Science,0.44132748,0.5995242,0.5897433
HY4880,Topics in History,Arts and Social Science,0.4259361,0.6445698,0.5897392
HY4880HM,Topics in History,Arts and Social Science,0.4259361,0.6445698,0.5897392
SE3218,Industrialising Singapore and SE Asia,Arts and Social Science,0.4535871,0.59895027,0.5897005
YHU4264,Daoism and Chinese Religion,Yale-NUS College,0.4357567,0.62059665,0.5896939
UTC1102N,Junior Seminar: The Bio‐tech Future: Sci‐Fi Film and Society,Residential College,0.4378356,0.59808064,0.58969086
MKT3752,Indep Study in Mkting (2 Units),NUS Business School,0.47130737,0.59606385,0.5896792
HY2250,Introduction to Southeast Asian History,Arts and Social Science,0.43334752,0.62613904,0.58963203
YSS2203,Intermediate Microeconomics,Yale-NUS College,0.45325086,0.6028412,0.58962333
GE3216,Applications of GIS & Remote Sensing,Arts and Social Science,0.4408412,0.60505396,0.58962154
YSS4103,Anthropology Capstone Project,Yale-NUS College,0.43766254,0.62870085,0.58960086
UTC2735,"Diet, Public Health and Sustainability",Residential College,0.41648808,0.5922495,0.5895982
UTS2719,"Diet, Public Health and Sustainability",Residential College,0.41648808,0.5922495,0.58959806
MUT2204,Formal Practices,YST Conservatory of Music,0.43406117,0.6040101,0.58956814
PC2174A,Mathematical Methods in Physics I,Science,0.41404226,0.59321046,0.5895585
YIL1201S,Directed Language Study: Beginning Sanskrit,Yale-NUS College,0.42625996,0.59026957,0.58954513
LL4295,Conflict of Laws in Int’l Commercial Arbitration,Law,0.4363381,0.617534,0.58954346
YSS3324,Global Health Governance,Yale-NUS College,0.44520158,0.60212255,0.5895428
YSS4104,Economics Capstone Project,Yale-NUS College,0.4373837,0.6043182,0.58951485
AS2237,The U.S.: From Settlement to Superpower,Arts and Social Science,0.44330955,0.6040033,0.5894989
HY2237,The U.S.: From Settlement to Superpower,Arts and Social Science,0.44330955,0.6040033,0.5894989
GEK2000,The U.S.: From Settlement to Superpower,Arts and Social Science,0.44330955,0.6040033,0.5894989
EC2101,Microeconomic Analysis I,Arts and Social Science,0.44768482,0.59765583,0.5894901
YLS2202,Intermediate Spanish 2,Yale-NUS College,0.42995358,0.5972825,0.58947325
YHU4263,Chinese Local Society: Religion and Lineage,Yale-NUS College,0.43476644,0.6093589,0.5894593
UTW1001M,Sport and competition,Non-Faculty-based Departments,0.43893865,0.59047216,0.5894534
YSC4237,Biological Rhythms of Life,Yale-NUS College,0.44588497,0.5943383,0.5894491
CM1111,Inorganic Chemistry 1,Science,0.42634478,0.607872,0.5894386
GEC1036,Radiation-Scientific Understanding and Public Perception,Science,0.42822662,0.592916,0.5894383
LAR1201,Arabic 1,Arts and Social Science,0.41593373,0.61129457,0.5894093
ME2116,Strength of Materials,College of Design and Engineering,0.41593474,0.6060618,0.58939445
SN3880,Topics in South Asian Studies,Arts and Social Science,0.43501547,0.5933726,0.58938795
GET1011,Towards an Understanding of the Complex World,College of Design and Engineering,0.45341676,0.60627127,0.58938247
UTC2410A,Reconstructing Communities: Insights from the Balkans,Residential College,0.4548874,0.60418296,0.5893775
GE1101E,Geographical Journeys: Exploring World Environments,Arts and Social Science,0.43931633,0.6060475,0.5893463
YHU4228,Oceanic Frameworks: Shifting Currents in Lit. Studies,Yale-NUS College,0.42089465,0.61630917,0.5893055
NHT2211,Introduction to Poetry Writing,NUS College,0.43491024,0.63261914,0.58929497
NTW2032,"Identity, Death, and Immortality",NUS College,0.4408475,0.594794,0.589228
JS3211,Modern Japanese Religion,Arts and Social Science,0.416672,0.59871966,0.5891484
LAL1201,Tamil 1,Arts and Social Science,0.4264306,0.5991655,0.58913124
CL3212,Trendy Chinese,Arts and Social Science,0.418207,0.5993805,0.58912385
YSS3330,Anthropology of Islam,Yale-NUS College,0.44324324,0.65548766,0.5891231
NHS2007,The Modern History of Southeast Asia through Fiction,NUS College,0.42335764,0.6231882,0.5890971
TIC1001,Introduction to Computing and Programming I,Cont and Lifelong Education,0.44031626,0.6023794,0.5890589
JS2214,Ideas and Images in Japanese Culture,Arts and Social Science,0.4344879,0.59860444,0.5890558
CS2040C,Data Structures and Algorithms,Computing,0.43600667,0.6101965,0.5890523
JS2233,Idols and Celebrities in Japan and Korea,Arts and Social Science,0.44455978,0.6066015,0.5890323
YSS3325,Technology and International Security,Yale-NUS College,0.405929,0.61841947,0.5890121
NHS2100,Being and Becoming: Concepts and Practices of Childhood,NUS College,0.42799193,0.59499,0.58897406
SE4221,Southeast Asian Postcolonialism,Arts and Social Science,0.4388548,0.6248796,0.588942
CP4283,Emerging Topics in Computing III,Computing,0.44793612,0.610252,0.5889419
NHS2033,HIV/AIDS: From Microbes to Nations,NUS College,0.41570637,0.61086535,0.58893865
EC3391,Evolution of Economic Thought & Analysis,Arts and Social Science,0.43411988,0.59980285,0.58889735
DSA3102,Essential Data Analytics Tools: Convex Optimisation,Science,0.42052573,0.59912336,0.5888775
YSC3238,Developmental Biology,Yale-NUS College,0.43166506,0.5938669,0.5888752
JS2227,Japan and China: Rivals and Partners,Arts and Social Science,0.4424596,0.6152843,0.5888669
YSC3217,"Programming Operating Systems, Interfaces & eXtras",Yale-NUS College,0.4335912,0.6064807,0.58885795
LSM4227,Stem Cell Biology,Science,0.4168172,0.6009341,0.58885425
MA3238S,Stochastic Processes I (S),Science,0.4451635,0.5918033,0.588776
NTW2031,Equity and Education,NUS College,0.4294983,0.60282815,0.58877355
NHS2023,Polycentric Governance: Possibilities and Pitfalls,NUS College,0.4541975,0.6184469,0.5887488
NM4251,Critical Theory and Cultural Studies in New Media,Arts and Social Science,0.42656505,0.602861,0.58870447
YSS4106,"Philosophy, Politics and Economics Capstone Project",Yale-NUS College,0.4537194,0.59419674,0.58869535
YSS4284,Smart Cities: History of Urban Data in Urban Planning,Yale-NUS College,0.4360181,0.5922116,0.5886861
YSS3337,Smart Cities: History of Urban Data in Urban Planning,Yale-NUS College,0.4360181,0.5922116,0.5886861
CL3210,The Grammars and Lexicons of the Chinese Dialects,Arts and Social Science,0.38175613,0.6027657,0.5886811
IE3110,Simulation,College of Design and Engineering,0.43488422,0.62064636,0.5886618
SC4203HM,Sociology of Organizations,Arts and Social Science,0.47664106,0.59629864,0.5886532
SC4203,Sociology of Organizations,Arts and Social Science,0.47664106,0.59629864,0.5886532
MS3210,Modern Indonesian Literature,Arts and Social Science,0.43503743,0.63073593,0.58863676
FMA1201P,FS: Meanings and Leanings: Is There a Reason Why?,Arts and Social Science,0.44125426,0.6028741,0.5886308
LL4022V,Globalization And International Law,Law,0.42008176,0.61806524,0.5886135
AN2203,Peoples and Cultures of Southeast Asia,Arts and Social Science,0.4416658,0.60341084,0.5885769
NST2010,Waves in Nature,NUS College,0.43684372,0.60574836,0.5885675
GL4883HM,Topics in Global Health and Environment,Arts and Social Science,0.46063086,0.5974517,0.58850366
GL4883,Topics in Global Health and Environment,Arts and Social Science,0.46063086,0.5974517,0.58850366
PL3283,Lab in Developmental Psychology,Arts and Social Science,0.42513484,0.5983719,0.5884951
GEC1005,Cultural Borrowing: Japan and China,Arts and Social Science,0.45023292,0.5950628,0.58847946
SC4880HM,Selected Topics in Socio'gy & Anthrop'gy,Arts and Social Science,0.4632449,0.59035516,0.588477
HS2916,Love That Kills: A Criminal Justice Perspective,Science,0.4243048,0.60438186,0.58843935
HSI2011,The World of Quantum,Science,0.41515398,0.6102003,0.588424
LL4522,International Construction Contracts and Arbitration,Law,0.4264704,0.5965781,0.5883808
LL4522V,International Construction Contracts and Arbitration,Law,0.4264704,0.5965781,0.5883808
PH2221,Medical Ethics,Arts and Social Science,0.41990086,0.6023711,0.58833236
GEK2035,Medical Ethics,Arts and Social Science,0.41990086,0.6023711,0.58833236
MUT1102,Musical Concepts and Materials 2,YST Conservatory of Music,0.45584255,0.61479783,0.58830315
EC2880,Topics in Economics,Arts and Social Science,0.45448008,0.59156257,0.58828473
SC2206,Culture & Society,Arts and Social Science,0.46325353,0.60646707,0.5882543
LL4332,Fair Use in Theory and Practice,Law,0.45442656,0.59028876,0.5882448
ST3131,Regression Analysis,Science,0.42057416,0.625157,0.58824205
UTW1001N,Public Persona and Self-presentations,Non-Faculty-based Departments,0.4172259,0.6091024,0.58821046
YSC4205,Organometallic Chemistry,Yale-NUS College,0.4206414,0.6163871,0.5881997
PC3413,From Data to a Galaxy,Science,0.42844984,0.59772944,0.588189
NST2009,"Space, Time & Matter: The Shape and Size of the Cosmos",NUS College,0.4264038,0.6061007,0.58817846
SC4213HM,Qualitative Data Collection,Arts and Social Science,0.4389934,0.6134685,0.58817136
SC4213,Qualitative Data Collection,Arts and Social Science,0.4389934,0.6134685,0.58817136
LL4076,IT Law I,Law,0.4402352,0.59282863,0.5881583
LL4076V,IT Law I,Law,0.4402352,0.59282863,0.5881583
YIL1202I,Directed Language Study: Beginning Italian 2,Yale-NUS College,0.4303359,0.5952456,0.5881315
EG2312,Radar Theory and Techniques,College of Design and Engineering,0.4326417,0.6255056,0.588115
NTW2037,Absences: Beyond the Edges of the Material World,NUS College,0.45497152,0.60559213,0.58808076
SC2210,Sociology of Popular Culture,Arts and Social Science,0.4492432,0.6035948,0.5880698
FMA1206H,FS: Travel and the Historian,Arts and Social Science,0.43963605,0.6036964,0.5879563
CH4205,Chinese Metaphors,Arts and Social Science,0.43600652,0.60240984,0.58793056
CH4205HM,Chinese Metaphors,Arts and Social Science,0.43600652,0.60240984,0.58793056
PL3880C,"Alcohol, Drugs and Behaviour",Arts and Social Science,0.44771832,0.59573007,0.58791655
GEC1027,Culture in Action,Arts and Social Science,0.4420343,0.5976949,0.587916
GEH1072,Culture in Action,Arts and Social Science,0.4420343,0.5976949,0.587916
LSM3211,Fundamental Pharmacology,Yong Loo Lin Sch of Medicine,0.4134446,0.62789565,0.5878985
TS3246,Shakespeare and Asian Performances,Arts and Social Science,0.43076354,0.6160846,0.58788174
SC4223,Health and Social Behaviour,Arts and Social Science,0.42823917,0.60392344,0.58787763
SC4223HM,Health and Social Behaviour,Arts and Social Science,0.42823917,0.60392344,0.58787763
TS2232,Staging Asian Theatres,Arts and Social Science,0.43441203,0.6005305,0.5878356
EC4353,Health Economics,Arts and Social Science,0.42512298,0.59777296,0.58779746
EC4353HM,Health Economics,Arts and Social Science,0.42512298,0.59777296,0.58779746
ST3247,Simulation,Science,0.44400403,0.60828996,0.5877852
SC4880,Selected Topics in Sociology & Anthropology,Arts and Social Science,0.45571518,0.60979867,0.5877799
YIR4308,Special Project in Science,Yale-NUS College,0.42767656,0.6079478,0.5877662
YIR4307G,Special Project in Science,Yale-NUS College,0.42767656,0.6079478,0.5877662
YIR4308G,Special Project in Science,Yale-NUS College,0.42767656,0.6079478,0.5877662
YIR4301,Special Project in Science,Yale-NUS College,0.42767656,0.6079478,0.5877662
YIR4307,Special Project in Science,Yale-NUS College,0.42767656,0.6079478,0.5877662
YIR4306G,Special Project in Science,Yale-NUS College,0.42767656,0.6079478,0.5877662
YIR4309G,Special Project in Science,Yale-NUS College,0.42767656,0.6079478,0.5877662
YIR4304,Special Project in Science,Yale-NUS College,0.42767656,0.6079478,0.5877662
YIR4305,Special Project in Science,Yale-NUS College,0.42767656,0.6079478,0.5877662
YIR4304G,Special Project in Science,Yale-NUS College,0.42767656,0.6079478,0.5877662
YIR4305G,Special Project in Science,Yale-NUS College,0.42767656,0.6079478,0.5877662
YIR4306,Special Project in Science,Yale-NUS College,0.42767656,0.6079478,0.5877662
YIR4302G,Special Project in Science,Yale-NUS College,0.42767656,0.6079478,0.5877662
YIR4309,Special Project in Science,Yale-NUS College,0.42767656,0.6079478,0.5877662
YIR4303,Special Project in Science,Yale-NUS College,0.42767656,0.6079478,0.5877662
YIR4303G,Special Project in Science,Yale-NUS College,0.42767656,0.6079478,0.5877662
YIR4302,Special Project in Science,Yale-NUS College,0.42767656,0.6079478,0.5877662
YIR4301G,Special Project in Science,Yale-NUS College,0.42767656,0.6079478,0.5877662
GEH1015,Cultural Borrowing: Japan and China,Arts and Social Science,0.44858634,0.5934329,0.58776575
GEK2042,Cultural Borrowing: Japan and China,Arts and Social Science,0.44858634,0.5934329,0.58776575
CS3220,Computer Architecture,Computing,0.4268922,0.61961985,0.5877636
YSS4246,Anthropology of Education,Yale-NUS College,0.43641576,0.62526745,0.58774805
EC2880A,Topics in Economics: The Rise and Fall of Great Cities,Arts and Social Science,0.46088597,0.5992596,0.58772105
CH3244,Topics On Contemporary China,Arts and Social Science,0.42466006,0.59346926,0.5876945
CDE2311,Introduction to Space Systems,College of Design and Engineering,0.43613064,0.60833263,0.5876891
MUT3113,Orchestration,YST Conservatory of Music,0.42220736,0.6176496,0.5876843
EG2311,Introduction to Space Systems,College of Design and Engineering,0.43650404,0.608637,0.587679
PL4256,Dialectical Behavior Therapy: Selected Applications,Arts and Social Science,0.43668383,0.6399814,0.5876395
PL4256HM,Dialectical Behavior Therapy: Selected Applications,Arts and Social Science,0.43668383,0.6399814,0.5876395
NHS2061,Postconflict Cambodia,NUS College,0.45327073,0.60337555,0.5876037
NHS2061R,Postconflict Cambodia,NUS College,0.45327073,0.60337555,0.5876037
MUA3230,Music Cognition,YST Conservatory of Music,0.4191196,0.60636175,0.5875994
YSS3279,Social Psychology Lab,Yale-NUS College,0.43664074,0.5952157,0.5875946
SW4225HM,Ethics in Social Work Practice,Arts and Social Science,0.42685002,0.5924757,0.5875944
SW4225,Ethics in Social Work Practice,Arts and Social Science,0.42685002,0.5924757,0.5875944
CP4282,Emerging Topics in Computing II,Computing,0.44894606,0.59863204,0.58757377
BSP1707,Managerial Economics: Exposure,NUS Business School,0.44075435,0.58756876,0.58756876
BSP1707B,Managerial Economics: Exposure,NUS Business School,0.44075435,0.58756876,0.58756876
BSP1707A,Managerial Economics: Exposure,NUS Business School,0.44075435,0.58756876,0.58756876
YSS4102,Psychology Capstone Project,Yale-NUS College,0.44069386,0.60094154,0.587564
PS3236,Ethnicity and Religion in Asian Politics,Arts and Social Science,0.4459718,0.59899116,0.5875566
LSM4217,Functional Ageing,Yong Loo Lin Sch of Medicine,0.4471056,0.5932183,0.5875284
UTC1123,The Nuclear Imagination,Residential College,0.4408568,0.6015678,0.5874258
GL4884A,Glocal Media Worlds,Arts and Social Science,0.42847,0.6026609,0.5874231
GL4884AHM,Glocal Media Worlds,Arts and Social Science,0.42847,0.6026609,0.5874231
YID3230,"Asia, Development, and Environment",Yale-NUS College,0.42630237,0.60466564,0.58739555
CH3390,Chinese Temples Across Southeast Asia (in English),Arts and Social Science,0.41389886,0.6008498,0.5873741
PL3281,Lab in Cognitive Psychology,Arts and Social Science,0.4273464,0.6048,0.58736044
MUA2171,Multitrack Recording Project,YST Conservatory of Music,0.44941488,0.61081743,0.58735454
BSE3761A,TIBE: Economic System in Asian Business Environment,NUS Business School,0.4447602,0.6081767,0.5873533
EC4384HM,Resource and Energy Economics II,Arts and Social Science,0.4274441,0.61569315,0.58733165
EC4384,Resource and Energy Economics II,Arts and Social Science,0.4274441,0.61569315,0.58733165
NST2052,Symbiosis between Society and the Environment,NUS College,0.42057657,0.6108956,0.5873189
YSC4211E,Advanced Topics in Molecular Biology,Yale-NUS College,0.42605707,0.5947928,0.5872914
SE2224,Unmasked! An Introduction to Traditional Dance in SEA,Arts and Social Science,0.42666805,0.6158556,0.58729094
SC4222HM,Body and Society,Arts and Social Science,0.42125145,0.6057447,0.5872861
SC4222,Body and Society,Arts and Social Science,0.42125145,0.6057447,0.5872861
LL4310V,International Organisations in International Law,Law,0.44801667,0.5945156,0.58728576
YHU3360,Acting II,Yale-NUS College,0.43260026,0.601719,0.5872404
BSP2701,Global Economy,NUS Business School,0.4411121,0.58993316,0.58722746
LAH4202HM,Hindi 6,Arts and Social Science,0.4081469,0.6009946,0.5872014
LAH4202,Hindi 6,Arts and Social Science,0.4081469,0.6009946,0.5872014
MS4880BHM,Malays Encountering Globalization: Culture and Identity,Arts and Social Science,0.45266932,0.5892569,0.58719385
MS4880B,Malays Encountering Globalization: Culture and Identity,Arts and Social Science,0.45266932,0.5892569,0.58719385
CH2226,Selected Authors/Texts I,Arts and Social Science,0.42442226,0.6081912,0.587181
SE2880A,Southeast Asia's Cultural Mosaic,Arts and Social Science,0.44502732,0.59166515,0.5871488
NTW2041,The Popularity of Korean Culture,NUS College,0.44983253,0.59488535,0.58710873
YSC1208,Model Organisms,Yale-NUS College,0.40790772,0.5975643,0.5870837
MLE2104,Mechanical Properties of Materials,College of Design and Engineering,0.4108496,0.59839284,0.587078
ST4252,Applied Survival Analysis,Science,0.4421067,0.5966913,0.5870693
LAG3203,German for Academic Purposes,Arts and Social Science,0.40806654,0.61063516,0.5870535
PR1152,Pharmacy Foundations: Science & Therapeutics I,Science,0.42167065,0.5957941,0.58703727
PR1153,Pharmacy Foundations: Science & Therapeutics II,Science,0.43878856,0.6040229,0.5870193
NTW2015,News and the Public,NUS,0.43322054,0.5989918,0.5869677
GL4889HM,Topics in War and Security,Arts and Social Science,0.45740616,0.5994311,0.5869591
GL4889,Topics in War and Security,Arts and Social Science,0.45740616,0.5994311,0.5869591
BN4402,Electrophysiology,College of Design and Engineering,0.421306,0.6012824,0.586948
IT1001,Introduction to Computing,Computing,0.4382407,0.6012874,0.58694535
LL4287V,ASEAN Law and Policy,Law,0.43276098,0.5982224,0.5869424
BIS3751,Independent Study in Business,NUS Business School,0.44003585,0.5924523,0.5869398
FAS2882F,Cyberpsychology: Technology and the Human Mind,Arts and Social Science,0.43347445,0.59231657,0.5868942
GEX1003,Seeing the World Through Maps,Arts and Social Science,0.44150406,0.620794,0.58687174
GET1001,Seeing the World Through Maps,Arts and Social Science,0.44150403,0.62079394,0.5868716
GE3258,Geopolitics: Southeast Asia and the World,Arts and Social Science,0.43646762,0.63982284,0.58685464
FSC4207,Forensic Entomology,Science,0.44534594,0.62114596,0.58680165
GEC1026,"Art in Asia: Through Media, Style, Space and Time",Arts and Social Science,0.43052933,0.60029334,0.5868007
GEH1069,"Art in Asia: Through Media, Style, Space and Time",Arts and Social Science,0.43052933,0.6002934,0.5868007
UTW1001I,Science and popular narratives,Non-Faculty-based Departments,0.42433116,0.6011365,0.58679074
LL4081,Comparative Advocacy,Law,0.43482268,0.6273809,0.586787
EN3247,Introduction to Critical Theory,Arts and Social Science,0.420001,0.6118398,0.58677375
SN2277,Indian Communities in Southeast Asia,Arts and Social Science,0.44623968,0.59805036,0.586772
YSS4287,Psychology of Addictive Behaviour,Yale-NUS College,0.42289266,0.6272459,0.58674747
GEK1037,Seeing the World Through Maps,Arts and Social Science,0.44307658,0.62366617,0.58668023
NHT2203,Medium and Meaning in Cinema,NUS,0.4068495,0.59890777,0.58667195
PE4401SHM,Honours Thesis,Arts and Social Science,0.4401282,0.60233927,0.5866639
PE4401S,Honours Thesis,Arts and Social Science,0.4401282,0.60233927,0.5866639
MUT3215,Composition for Non-Majors,YST Conservatory of Music,0.42539334,0.60800457,0.5866507
YSS4278,The Political Economy of Governance,Yale-NUS College,0.42960668,0.61652946,0.5866403
EC2303,Foundations for Econometrics,Arts and Social Science,0.4146857,0.6017219,0.5865763
CS2106R,Introduction to Operating Systems,Computing,0.47211176,0.59438306,0.58656687
EC3304,Econometrics II,Arts and Social Science,0.41585532,0.5994549,0.5865642
GEH1075,"Life, Disrupted: The Sharing Revolution",Arts and Social Science,0.45916256,0.59409344,0.5865272
GEX1002,"Life, Disrupted: The Sharing Revolution",Arts and Social Science,0.45916256,0.59409344,0.5865272
IE4269,Selected Topics in Economics and Service Systems,College of Design and Engineering,0.46210912,0.58873856,0.58652514
ST1131,Introduction to Statistics and Statistical Computing,Science,0.43796754,0.5966416,0.58651733
LAR3201,Arabic 3,Arts and Social Science,0.4246062,0.5940866,0.5865006
LL4383Z,International Arbitration & the New York Convention,Law,0.4458072,0.615598,0.58642876
MUA3228,Re-imagining Pianism through Analysis,YST Conservatory of Music,0.41629615,0.611776,0.58641225
AN4211,Reading Ethnographies,Arts and Social Science,0.44158995,0.60664916,0.5864057
SC4202HM,Reading Ethnographies,Arts and Social Science,0.44158995,0.60664916,0.5864057
SC4202,Reading Ethnographies,Arts and Social Science,0.44158995,0.60664916,0.5864057
EL4203,Semantics,Arts and Social Science,0.4449499,0.6034138,0.5863947
EL4203HM,Semantics,Arts and Social Science,0.4449499,0.6034138,0.5863947
UTC2410B,"Community, Culture, Conservation: Insights from Nepal",Residential College,0.4414919,0.5961877,0.5863202
EE4302,Advanced Control Systems,College of Design and Engineering,0.4250086,0.5888488,0.5862943
LL4175V,Global Legal Orders: Interdisciplinary Perspectives,Law,0.43806255,0.59865505,0.5862574
LL4175,Global Legal Orders: Interdisciplinary Perspectives,Law,0.43806255,0.59865505,0.5862574
HS2915,Beyond the Good and Evil of Drugs,Science,0.45928138,0.6108551,0.5862102
NEX3014,GEx Mekong Delta,NUS College,0.44938657,0.6098068,0.58620685
YSS4205,Chinese Foreign Policy,Yale-NUS College,0.4287101,0.62421715,0.5861322
MUT3220,Wind Ensemble Arranging/Composition,YST Conservatory of Music,0.4341238,0.6148397,0.5861144
NHS2032,Disasters and Responses,NUS College,0.4479845,0.60102946,0.58611256
MUA2169,Continuing Area Study 2,YST Conservatory of Music,0.46192706,0.6185827,0.5861049
HY3243,China and Southeast Asia: Past & Present,Arts and Social Science,0.4285148,0.5885876,0.5861012
YSS2229,Are you what you eat? Anthropology of Food and Eating,Yale-NUS College,0.40661126,0.5993112,0.58608156
PS4884,Topics in Public Administration,Arts and Social Science,0.45181537,0.59309113,0.5860592
PS4884HM,Topics in Public Administration,Arts and Social Science,0.4518153,0.5930911,0.58605915
YHU4214,"Metafiction, Storytelling, and the Literature of Fact",Yale-NUS College,0.39221007,0.6461112,0.5860156
YSS3338,Oil Cities: Past and Futures of Petro-Urbanism,Yale-NUS College,0.44737598,0.61041,0.58598363
NEX3016,GEx Bangkok – Kuala Lumpur,NUS College,0.44715658,0.5965826,0.5859791
MUT4201,Graduate Theory Preparation,YST Conservatory of Music,0.4235451,0.6173868,0.5859745
PL3259,Psychology of Ageing,Arts and Social Science,0.43475643,0.5885109,0.5859229
CE4231,Earth's Climate: Science & Modelling,College of Design and Engineering,0.41205877,0.6173717,0.58590233
SE3224,Thai Drawing and Painting,Arts and Social Science,0.4146761,0.61965656,0.58587754
FST3204,Nutrition Through the Life Cycle,Science,0.41840535,0.5921401,0.5858754
PL4246,Networks in Psychology,Arts and Social Science,0.41908312,0.6003157,0.58583534
PL4246HM,Networks in Psychology,Arts and Social Science,0.41908312,0.6003157,0.58583534
MNO3319,Power and influence in Organizations,NUS Business School,0.44575828,0.591627,0.5858305
LL4222,The Law & Politics of International Courts & Tribunals,Law,0.42967355,0.5925967,0.58582693
LSM3220,"Genes, Genomes and Biomedical Implications",Science,0.41566774,0.5960374,0.58577687
PS3276,Comparative Political Behaviour,Arts and Social Science,0.46945742,0.5932725,0.5857438
YSC4225,Stochastic Processes and Models (SPaM),Yale-NUS College,0.44415817,0.6072215,0.5857309
LSM3233,Developmental Biology,Science,0.4121199,0.6163908,0.58571446
EC4882,Topics in Applied Economics,Arts and Social Science,0.45976275,0.5979744,0.5857007
EC4882HM,Topics in Applied Economics,Arts and Social Science,0.45976275,0.5979744,0.5857007
MA2213,Numerical Analysis I,Science,0.42289865,0.59173185,0.58566105
SN4232HM,South Asian Interregional Tourism,Arts and Social Science,0.43767992,0.5954132,0.58563673
SN4232,South Asian Interregional Tourism,Arts and Social Science,0.43767992,0.5954132,0.58563673
NEX3017,GEx Manila,NUS College,0.45367515,0.59784704,0.58557665
EM1180,Foundations in Communicating about Music,NUS,0.43145794,0.6120861,0.58553684
LSM2254,Fundamentals of Plant Biology,Science,0.42644283,0.589023,0.58552134
PS4206HM,Regional Security in the Asia Pacific,Arts and Social Science,0.43258214,0.6126176,0.5854411
PS4206,Regional Security in the Asia Pacific,Arts and Social Science,0.43258214,0.6126176,0.5854411
BSE3701,Macroeconomic Principles in the Global Economy,NUS Business School,0.4395828,0.58794403,0.58539027
LL4438,Intellectual Property Arbitration,Law,0.4312731,0.61509985,0.5853784
LL4438V,Intellectual Property Arbitration,Law,0.4312731,0.61509985,0.5853784
LL4335V,Multinational Enterprises and International Law,Law,0.44063947,0.5886021,0.5853769
LSM3252,Evolution and Comparative Genomics,Science,0.41371462,0.60804343,0.58536094
LL4393,Liability of Corporate Groups and Networks,Law,0.4581999,0.59466004,0.58534867
LL4393V,Liability of Corporate Groups and Networks,Law,0.4581999,0.59466004,0.58534867
YID3209,Climate Science and Policy,Yale-NUS College,0.3934135,0.64021313,0.58534
AR1721,Climate Responsive Architecture,College of Design and Engineering,0.41162035,0.61429477,0.58533734
YSC2205,Mathematical Methods in Physical Sciences,Yale-NUS College,0.3906919,0.6103538,0.58531123
PS3274,Environmental Politics,Arts and Social Science,0.42195448,0.5979241,0.585309
BIS3001A,Independent Study Course in Business,NUS Business School,0.43781477,0.59168434,0.58530825
BIS3001,Independent Study Course in Business,NUS Business School,0.43781477,0.59168434,0.58530825
YSC3211,Introduction to Electrodynamics,Yale-NUS College,0.410454,0.5956115,0.5852314
CS1010E,Programming Methodology,Computing,0.43045884,0.5938982,0.5852202
CS1010,Programming Methodology,Computing,0.43045884,0.59389806,0.5852201
CS1010J,Programming Methodology,Computing,0.43045884,0.59389806,0.5852201
EL4401,Honours Thesis,Arts and Social Science,0.43310636,0.59779316,0.58514106
EL4401HM,Honours Thesis,Arts and Social Science,0.43310636,0.59779316,0.58514106
GEH1036,Living with Mathematics,Science,0.45808288,0.59698844,0.5851303
LAS4201HM,Spanish 5,Arts and Social Science,0.41665515,0.6095802,0.5850919
LAS4201,Spanish 5,Arts and Social Science,0.41665515,0.6095802,0.5850919
JS2213,Visual Analysis of Japanese Popular Culture,Arts and Social Science,0.42904106,0.5997195,0.5850705
YSS3284,Healthy and Resilient Cities,Yale-NUS College,0.42988956,0.59806013,0.5850666
SE3219,Country Studies: Island Southeast Asia,Arts and Social Science,0.4260587,0.590646,0.58501965
PL4252,Emotion Science - Social and Personality Perspectives,Arts and Social Science,0.42872187,0.6297302,0.584971
PL4252HM,Emotion Science - Social and Personality Perspectives,Arts and Social Science,0.42872187,0.6297302,0.584971
UTC1803,"Humans versus Machines: Convergence, Conflict, and Coexistence",Residential College,0.43140155,0.593403,0.58495504
YSS4226,Migration Policy,Yale-NUS College,0.46138164,0.58947754,0.5849346
PL3282F,Lab in Social Perception,Arts and Social Science,0.42591572,0.62244475,0.58492535
DBA4712,Causal Analytics for Managerial Decisions,NUS Business School,0.43458667,0.6137613,0.584905
EC3371,Development Economics I,Arts and Social Science,0.43841687,0.6060798,0.58489263
CN2106,Fluid Mechanics and Heat Transfer,College of Design and Engineering,0.43488866,0.59032476,0.58487236
UTC2721,Model and Systems Thinking for Complex Social Issues,Residential College,0.4359244,0.60988617,0.5848606
PC2032,Classical Mechanics I,Science,0.40483272,0.60589665,0.5848605
PL4880V,Culture and Human Development,Arts and Social Science,0.43257532,0.59744996,0.5848583
PL4880VHM,Culture and Human Development,Arts and Social Science,0.43257532,0.59744996,0.5848583
NHS2080,Beyond the Lab: How science fits in society,NUS College,0.41686854,0.5973846,0.5848581
PC3261,Classical Mechanics II,Science,0.43313208,0.598907,0.58482605
LL4289V,The Evolution of International Arbitration,Law,0.43793648,0.61895365,0.58482057
YSS4250,Gender and Sexuality in South Asia,Yale-NUS College,0.44247007,0.59092396,0.5847981
MUA3190,Applied Voice Major Study 3B,YST Conservatory of Music,0.4544951,0.60675734,0.5847232
TG1401,Engineering Mathematics I,Cont and Lifelong Education,0.42912272,0.59195226,0.5846802
EC4311HM,Mathematical Economic Analysis,Arts and Social Science,0.41647387,0.60309505,0.584678
EC4311,Mathematical Economic Analysis,Arts and Social Science,0.41647387,0.60309505,0.584678
YID3234,Environmental Policy Analysis,Yale-NUS College,0.421873,0.5991142,0.5846653
YID3227,Religion and the Environment,Yale-NUS College,0.41335875,0.63962114,0.58466023
YSS2245,Marriage and Kinship,Yale-NUS College,0.43835688,0.58690554,0.5845492
YHU2290,History and Culture of Southeast Asia,Yale-NUS College,0.4294538,0.61453503,0.58453804
MUA4410,Chamber Music in Mixed Ensemble 6,YST Conservatory of Music,0.4460041,0.6229051,0.58449167
YSC2229,Introductory Data Structures and Algorithms,Yale-NUS College,0.4542674,0.5875728,0.58448386
YHU3331,Refining Vocal Technique and Performance,Yale-NUS College,0.43744743,0.61369646,0.5844792
GL4888A,Justice and Emerging Technology,Arts and Social Science,0.41191968,0.6224957,0.58443546
GL4888AHM,Justice and Emerging Technology,Arts and Social Science,0.41191968,0.6224957,0.5844354
MA2101S,Linear Algebra II (S),Science,0.4385794,0.6045294,0.5844201
CS2040,Data Structures and Algorithms,Computing,0.4368861,0.6078508,0.5843946
CS2040S,Data Structures and Algorithms,Computing,0.4368861,0.6078508,0.5843946
YIL1202B,Directed Language Study: Beginning Bangla 2,Yale-NUS College,0.43031174,0.59039587,0.5843865
MS2211,Criticism in Modern Malay Literature,Arts and Social Science,0.4239705,0.61433685,0.5843441
HSI2003,From DNA to Gene Therapy,Yong Loo Lin Sch of Medicine,0.40884954,0.6161613,0.5842792
GE3255,"Aquatic, Riparian and Coastal Systems",Arts and Social Science,0.41843933,0.5928548,0.58427316
UTC1417,Jr Sem: Bioethics in the 21st Century,Residential College,0.41840196,0.5989483,0.5842539
JS4217HM,Selected Topics in Japanese Studies,Arts and Social Science,0.42774394,0.610996,0.58424765
JS4217,Selected Topics in Japanese Studies,Arts and Social Science,0.42774394,0.610996,0.58424765
UTC1117,Junior Seminar: Radiation and Society,Residential College,0.4387395,0.59717584,0.5842351
MUA4310,Chamber Music in Mixed Ensemble 5,YST Conservatory of Music,0.44395307,0.6161078,0.5841802
NUR3505,Research Methodology and Statistics,Yong Loo Lin Sch of Medicine,0.43442535,0.59469426,0.5841255
UTS2412,"Crime, Society and Inequality (CSI): Singapore Edition",Residential College,0.44201607,0.60034084,0.5840754
UTC2418,"Crime, Society and Inequality (CSI): Singapore Edition",Residential College,0.44201607,0.60034084,0.5840754
GE2101,Methods and Practices in Geography,Arts and Social Science,0.44098005,0.5907048,0.5840646
EE4109,Spread Spectrum Communications,College of Design and Engineering,0.42712098,0.61396194,0.58405817
AR2227,History & Theory of Architecture I,College of Design and Engineering,0.4146283,0.5996518,0.5840503
PL4235HM,The Psychology of Moral Judgments,Arts and Social Science,0.4321549,0.58906513,0.58404976
PL4235,The Psychology of Moral Judgments,Arts and Social Science,0.4321549,0.58906513,0.58404976
LL4010,Civil Law Tradition,Law,0.44310597,0.5904082,0.5840494
PL4228,Criminal Forensic Psychology,Arts and Social Science,0.4247568,0.6165895,0.58401906
PL4228HM,Criminal Forensic Psychology,Arts and Social Science,0.4247568,0.6165895,0.58401906
MUA2203,Keyboard Literature: Genres throughout History,YST Conservatory of Music,0.36816472,0.6136986,0.5840068
ST3232,Design & Analysis of Experiments,Science,0.4198313,0.5983976,0.58399343
YSS3259,The Human Condition: Psychology & Health in Literature,Yale-NUS College,0.43869546,0.58996946,0.58399004
NM4212,"Race, Media, and Representation",Arts and Social Science,0.43940505,0.5969484,0.5839625
NM4212HM,"Race, Media, and Representation",Arts and Social Science,0.43940505,0.5969484,0.5839625
YIR4502G,Special Project in Social Sciences,Yale-NUS College,0.43120477,0.5916643,0.58394736
YIR4505G,Special Project in Social Sciences,Yale-NUS College,0.43120477,0.5916643,0.58394736
YIR4502,Special Project in Social Sciences,Yale-NUS College,0.43120477,0.5916643,0.58394736
YIR4501G,Special Project in Social Sciences,Yale-NUS College,0.43120477,0.5916643,0.58394736
YIR4501,Special Project in Social Sciences,Yale-NUS College,0.43120477,0.5916643,0.58394736
YIR4503G,Special Project in Social Sciences,Yale-NUS College,0.43120477,0.5916643,0.58394736
YIR4505,Special Project in Social Sciences,Yale-NUS College,0.43120477,0.5916643,0.58394736
YIR4504G,Special Project in Social Sciences,Yale-NUS College,0.43120477,0.5916643,0.58394736
YIR4503,Special Project in Social Sciences,Yale-NUS College,0.43120477,0.5916643,0.58394736
YIR4504,Special Project in Social Sciences,Yale-NUS College,0.43120477,0.5916643,0.58394736
NM4242HM,Critical Perspectives on Technology,Arts and Social Science,0.4225558,0.5912548,0.58393556
NM4242,Critical Perspectives on Technology,Arts and Social Science,0.4225558,0.5912548,0.58393556
MUA4210,Chamber Music in Mixed Ensemble 4,YST Conservatory of Music,0.44196516,0.6170242,0.58391273
MA4254,Discrete Optimization,Science,0.4547458,0.5954582,0.5839034
LSM4224,Free Radicals and Antioxidant Biology,Yong Loo Lin Sch of Medicine,0.42426327,0.62033224,0.5838982
YSC2231,Foundations of Neuroscience,Yale-NUS College,0.41657478,0.59706515,0.58385277
YSS3322,Corruption and Anti-corruption: Theories and Policies,Yale-NUS College,0.44864953,0.6008693,0.58382046
YHU3363,Global History of Capitalism,Yale-NUS College,0.4594635,0.5902511,0.58376455
NHS2051,Democracy and Inequality,NUS College,0.4515713,0.5923812,0.58375496
GL4101HM,Research in Global Issues,Arts and Social Science,0.41698524,0.60992384,0.58374494
GL4101,Research in Global Issues,Arts and Social Science,0.41698524,0.60992384,0.58374494
LL4059V,United Nations Law & Practice,Law,0.45904842,0.5914099,0.58374417
SW2104,Human Development over the Lifespan,Arts and Social Science,0.42821547,0.594458,0.58371055
HY2232,The Modern History of Japan: From Edo to the Present,Arts and Social Science,0.41999492,0.598041,0.58370763
LSM3228,Microbiomes and Biofilms,Yong Loo Lin Sch of Medicine,0.39637467,0.6328515,0.58365995
YSS3328,Gender in the City,Yale-NUS College,0.45003155,0.58939135,0.58365583
GESS1023,Who moved my OB markers?,Arts and Social Science,0.45770988,0.587893,0.5836139
GES1033,Who moved my OB markers?,Arts and Social Science,0.45770988,0.587893,0.5836139
PS3239,International Conflict Analysis,Arts and Social Science,0.45240408,0.59901613,0.58357507
MUA1166,Introduction to Computing Media in Max,YST Conservatory of Music,0.43893015,0.5926994,0.58357346
PL4241,Exploring Consciousness – Theory and Neuroscience,Arts and Social Science,0.42786574,0.5911767,0.58356214
MUA4190,Applied Voice Major Study 4A,YST Conservatory of Music,0.44406772,0.59231174,0.5835007
SN4101HM,Approaches to the Study of South Asia,Arts and Social Science,0.43772075,0.59467256,0.5834821
PE4401P,Honours Thesis,Arts and Social Science,0.44066763,0.6008425,0.58345246
TTG1401,Engineering Mathematics I,Cont and Lifelong Education,0.42463908,0.5921275,0.5834383
CH2141,General History of China,Arts and Social Science,0.41025046,0.61704695,0.58342457
PL3282C,Lab in Attitudes,Arts and Social Science,0.44784662,0.59611595,0.583412
GET1047,Art and Identity,YST Conservatory of Music,0.4241805,0.5913422,0.5833482
GEX1027,Art and Identity,YST Conservatory of Music,0.4241805,0.5913422,0.5833482
YSC3251,Conservation Ecology,Yale-NUS College,0.4334999,0.59928054,0.5833354
NHS2026,Singaporean Nostalgia,NUS College,0.40854916,0.5988149,0.58325005
YHU4218,Chinese Poetry,Yale-NUS College,0.41624513,0.58783937,0.5832249
PL3240,Group Dynamics,Arts and Social Science,0.43960285,0.59436274,0.5832214
NTW2028,The Social Life of Science,NUS College,0.40773514,0.5932346,0.5832044
YHU3361,Writing Hybrid,Yale-NUS College,0.39596978,0.5919733,0.5831771
LSM4261,Marine Biology,Science,0.3996831,0.6094284,0.58316886
DSA2362,Decision Trees for Machine Learning and Data Analysis,Science,0.42118835,0.60894847,0.58316237
FAS2882,Topics in Social Sciences (for FASStrack),Arts and Social Science,0.45124048,0.5923645,0.5831485
CH2292A,Understanding Modern China Through Film (in English),Arts and Social Science,0.42423022,0.6012491,0.58310014
PC3289A,Advanced UROPS in Astrophysics II,Science,0.4675044,0.59983504,0.5830954
NST2033,Thinking 4.0,NUS,0.43407777,0.58833766,0.5830688
EL4201,Advanced Syntax,Arts and Social Science,0.4192036,0.61055535,0.58305585
EL4201HM,Advanced Syntax,Arts and Social Science,0.4192037,0.6105554,0.58305585
EL4254HM,"Language, Ideology and Power",Arts and Social Science,0.43630266,0.5909153,0.583053
EL4254,"Language, Ideology and Power",Arts and Social Science,0.43630266,0.5909153,0.583053
LL4318V,Public Health Law and Regulation,Law,0.4249603,0.5903794,0.5829801
YHU3369,Philosophy of Race,Yale-NUS College,0.47256672,0.5887977,0.5829798
PC1201,Fundamentals of Physics,Science,0.41505516,0.6003295,0.5829493
YID3208,"Environmental Movements: Past, Present and Future",Yale-NUS College,0.42693523,0.6066783,0.58294225
NHS2068,What is Love?,NUS College,0.4255288,0.59897417,0.5829373
NHS2036,Questioning Sustainable Development,NUS College,0.4171741,0.60722315,0.5829204
PC4130,Quantum Mechanics III,Science,0.4284279,0.60046744,0.58289206
PC2130,Quantum Mechanics I,Science,0.4184615,0.6011535,0.5828885
MUA1196,Diction for Singers 1,YST Conservatory of Music,0.43058273,0.6095648,0.58287615
LL4049V,Principles Of Conflict Of Laws,Law,0.43735072,0.5937856,0.582871
SC3221,Qualitative Inquiry,Arts and Social Science,0.4407792,0.6063784,0.5828351
YSS3317,Adolescent Development,Yale-NUS College,0.41430187,0.5924953,0.58282673
GEC1009,Drugs and Society,Science,0.43341643,0.58788615,0.5828265
GEH1026,Drugs and Society,Science,0.43341643,0.58788615,0.5828265
YSS3273,Geospatial & Demographic Methods,Yale-NUS College,0.44868293,0.5972872,0.58280563
MUA3188,Live Sound Reinforcement,YST Conservatory of Music,0.44284508,0.590226,0.58278626
GE3206,"Gender, Space & Place",Arts and Social Science,0.43154332,0.587756,0.58278215
PC4230,Quantum Mechanics III,Science,0.43221438,0.6009259,0.5827768
NHS2047,Examining Local Lives,NUS College,0.43935895,0.58806396,0.5827418
PL4880Q,Psychology of Bilingualism,Arts and Social Science,0.4294863,0.6081718,0.5826767
PL4880QHM,Psychology of Bilingualism,Arts and Social Science,0.4294863,0.6081718,0.5826767
LL4133,Human Rights in Asia,Law,0.44455075,0.5933625,0.58267456
LL4133V,Human Rights in Asia,Law,0.44455075,0.5933625,0.58267456
YHU3381,Image and Interpretation in Southeast Asian Art History,Yale-NUS College,0.43056738,0.593093,0.5826479
YIL1202R,Directed Language Study: Beginning Russian 2,Yale-NUS College,0.4249704,0.59035945,0.5826403
LL4477,"Private Law in East Asia (Korea, Taiwan, Japan)",Law,0.40817454,0.59184015,0.5826289
LL4477V,"Private Law in East Asia (Korea, Taiwan, Japan)",Law,0.40817454,0.59184015,0.5826289
FAS2882E,"Social Psychology, You, and Me",Arts and Social Science,0.44082785,0.6026258,0.5825528
AR2221,History and Theory of Southeast Asia Architecture,College of Design and Engineering,0.42795408,0.59897006,0.58254766
PC3232,Nuclear & Particle Physics,Science,0.43492475,0.59935063,0.58247983
NHS2024,Emotion in Daily Life,NUS College,0.44444564,0.5958924,0.5824517
LSM4211,Toxicology,Yong Loo Lin Sch of Medicine,0.43463624,0.6055012,0.58245057
PL4218,Psychological Assessment,Arts and Social Science,0.41313347,0.62859964,0.5824284
PL4218HM,Psychological Assessment,Arts and Social Science,0.41313347,0.62859964,0.5824284
NTW2012,Conditions of Happiness,NUS College,0.45500013,0.5861398,0.5824269
JS4216HM,Tales and Performance in Premodern Japan,Arts and Social Science,0.42046702,0.608396,0.5824213
LAF4203,French Language and Society,Arts and Social Science,0.41321424,0.61038285,0.58237493
LAF4203HM,French Language and Society,Arts and Social Science,0.41321424,0.61038285,0.58237493
HS2907,Earth and Beyond,Arts and Social Science,0.43363777,0.596195,0.58231986
NEX3011,GEx Sulawesi,NUS College,0.44984284,0.6122097,0.5822743
ST2288R,Basic UROPS in Statistics and Applied Probability I (REx),Science,0.46193343,0.5830802,0.5822684
YSS4296,Social & Cultural Factors in Mental Health & Illness,Yale-NUS College,0.42408237,0.60481864,0.5822665
LL4140,Law of the Sea: Theory and Practice,Law,0.4323134,0.5942499,0.5822412
PE4401PHM,Honours Thesis,Arts and Social Science,0.43949962,0.599682,0.58224094
MA1505,Mathematics I,Science,0.42050326,0.60084677,0.58224076
TEE2003,Advanced Mathematics for Engineers,Cont and Lifelong Education,0.44951233,0.5865991,0.5822182
ST2289R,Basic UROPS in Statistics and Applied Probability II (REx),Science,0.46256408,0.58518237,0.5821742
LSM2302,Computational Thinking for Life Sciences,Science,0.41092288,0.6005908,0.58215153
SC2225,The Social Life of Art,Arts and Social Science,0.40812644,0.59515804,0.58213884
AN2207,The Social Life of Art,Arts and Social Science,0.40812644,0.59515804,0.58213884
AN2206,Humans and Natures,Arts and Social Science,0.40699312,0.587872,0.5821369
MA1512,Differential Equations for Engineering,Science,0.42973638,0.5930826,0.5821286
TRA3206,Translation and Interpreting Theories,Arts and Social Science,0.44436368,0.5962299,0.5820978
MS3217,"Political Economy, Ethnicity, Religion",Arts and Social Science,0.45695198,0.58758676,0.5820961
YHU4242,The History of the Book in East and Southeast Asia,Yale-NUS College,0.41711742,0.6254235,0.5820933
CH3391,"""Time is Money!"": Market Reform in Contemporary China",Arts and Social Science,0.46432787,0.5925061,0.5820452
FSC4210,Experimental Forensic Science: From Data to Discovery,Science,0.41471863,0.5897649,0.5820231
TCX2001,Data Structures and Algorithms,Cont and Lifelong Education,0.43625847,0.60192937,0.5819423
NST2059,Heritage Science: Ornamental Breakdown,NUS College,0.43814507,0.60492814,0.5819421
LL4233,European Company Law,Law,0.4434579,0.5926851,0.5819376
LL4233V,European Company Law,Law,0.4434579,0.59268504,0.58193755
YSC4223,Physics in Curved Spacetime,Yale-NUS College,0.3961681,0.59746826,0.5818955
SC2229,K-drama and Sociological Imagination,Arts and Social Science,0.4399723,0.5923319,0.58188087
FSC4203,Forensic Toxicology and Poisons,Science,0.42474473,0.59938586,0.5818672
AH2204,"Art in Southeast Asia, 4th-14th centuries CE",Arts and Social Science,0.42540064,0.5908123,0.58183753
PH2228,Introduction to Feminist Philosophy,Arts and Social Science,0.44927916,0.5992695,0.58173484
YSS4269,Governing the Internet,Yale-NUS College,0.4336693,0.60635364,0.58173245
NTW2036,"Space, Place and the Human Experience",NUS College,0.44336942,0.5850525,0.5817279
GEH1035,Phy'cal Qns from Everyday Life,Science,0.446747,0.5832208,0.58172137
GE3204,"Cities for People, not for Profit",Arts and Social Science,0.44666067,0.59014696,0.58170986
SW3202,Practicing Theories in Social Work,Arts and Social Science,0.40345332,0.60183203,0.5817019
HY2255,Islam in World History,Arts and Social Science,0.40567455,0.63603324,0.58168846
GEK1534,Microbes which Changed Human History,Yong Loo Lin Sch of Medicine,0.42031574,0.6048909,0.58167505
GEC1011,Microbes which Changed Human History,Yong Loo Lin Sch of Medicine,0.42031574,0.6048909,0.58167505
PL3281D,Lab in Music Perception and Cognition,Arts and Social Science,0.40414435,0.58827305,0.58167267
LL4495V,Commercial Remedies,Law,0.42772374,0.5922878,0.5816689
LL4495,Commercial Remedies,Law,0.42772374,0.5922878,0.5816689
GE4224,Conservation Biogeography,Arts and Social Science,0.41092983,0.64011586,0.5816662
PL3248,Learning and Conditioning,Arts and Social Science,0.44190383,0.6029765,0.5816615
GEC1042,Fashion: East and West,Arts and Social Science,0.44263658,0.59519666,0.5816604
NST2067,"Science, Technology & Modern Warfare",NUS College,0.42271176,0.5903893,0.5816512
LL4473,International Energy Law,Law,0.42386287,0.5926586,0.581648
LL4473V,International Energy Law,Law,0.42386287,0.5926586,0.581648
GL2103,Global Governance,Arts and Social Science,0.4319642,0.60347736,0.58162165
LAK4201,Korean 5,Arts and Social Science,0.44797516,0.5919168,0.58160394
LAK4201HM,Korean 5,Arts and Social Science,0.44797516,0.5919168,0.58160394
GE4227,"Climate Change: Processes, Impact and Responses",Arts and Social Science,0.4058082,0.63150084,0.5815967
GE4227HM,"Climate Change: Processes, Impact and Responses",Arts and Social Science,0.4058082,0.63150084,0.5815967
EL2217,Statistics for Linguistics,Arts and Social Science,0.409042,0.60547376,0.58156335
PH2113,Computation and Philosophy,Arts and Social Science,0.405595,0.5874058,0.5815586
YSC4232,Theory of Computation,Yale-NUS College,0.4284094,0.5943045,0.58152205
SC2204,Social Inequalities : Who Gets Ahead?,Arts and Social Science,0.45404828,0.58994603,0.58149123
GE3251,Southeast Asia,Arts and Social Science,0.43757606,0.60009646,0.5814685
PS4882FHM,The Politics of International Trade,Arts and Social Science,0.44252795,0.6114808,0.5814683
PS4882F,The Politics of International Trade,Arts and Social Science,0.44252795,0.6114808,0.5814683
HY4214,Approaches to Chinese History,Arts and Social Science,0.42959458,0.5994657,0.58142674
HY4214HM,Approaches to Chinese History,Arts and Social Science,0.42959458,0.5994657,0.58142674
YCC2137,Scientific Inquiry 2,Yale-NUS College,0.4106643,0.606838,0.5813744
MUA2204,Keyboard Literature: Sonatas in Context,YST Conservatory of Music,0.3906139,0.5990367,0.5813597
SN2284,Making Sense of Regions in South Asia,Arts and Social Science,0.44230235,0.5895174,0.58135784
ST3289R,Advanced UROPS in Statistics & Applied Probability II (REx),Science,0.4536128,0.59078705,0.5813488
GET1024,Radiation-Scientific Understanding and Public Perception,Science,0.42754582,0.5848657,0.5813433
MUA3179,Capstone Project for Second Major in Music,YST Conservatory of Music,0.41660106,0.59176517,0.5813149
PL3103,Cognitive Psychology,Arts and Social Science,0.44963044,0.5937065,0.5813125
GET1030,Computers and the Humanities,Arts and Social Science,0.3930562,0.5924539,0.5813097
GEI1002,Computers and the Humanities,Arts and Social Science,0.3930562,0.5924539,0.5813097
GEK2050,Computers and the Humanities,Arts and Social Science,0.39305624,0.59245384,0.5813096
YSC1213,General Physics,Yale-NUS College,0.41800898,0.58370847,0.58130467
GL4882DHM,Global Corporations and Power,Arts and Social Science,0.4552434,0.58939177,0.581302
GL4882D,Global Corporations and Power,Arts and Social Science,0.4552434,0.58939177,0.581302
NM4249,Media & Audiences,Arts and Social Science,0.42066565,0.58571774,0.5812953
NM4249HM,Media & Audiences,Arts and Social Science,0.42066565,0.58571774,0.5812953
PL4880FHM,Addictive Behaviours,Arts and Social Science,0.4358792,0.6150202,0.58128476
PL4880F,Addictive Behaviours,Arts and Social Science,0.4358792,0.6150202,0.58128476
LL4221,Climate Change Law & Policy,Law,0.41990322,0.608427,0.5812558
EC3880C,Topics in Economics: Economic History of Southeast Asia,Arts and Social Science,0.442452,0.5985544,0.5812428
GL4882C,The Politics of Global Finance,Arts and Social Science,0.41493085,0.6001117,0.58122265
GL4882CHM,The Politics of Global Finance,Arts and Social Science,0.41493085,0.6001117,0.58122265
YSS3342,Nature and Environment in Japan,Yale-NUS College,0.42459846,0.5850762,0.5811965
PL4247HM,Application of Psychology to Fears and Phobias,Arts and Social Science,0.4297146,0.6042086,0.5810722
PL4247,Application of Psychology to Fears and Phobias,Arts and Social Science,0.4297146,0.6042086,0.5810722
PL2131,Research and Statistical Methods I,Arts and Social Science,0.43455002,0.5913197,0.58105576
PS3243,Public Sector Organisational Behaviour,Arts and Social Science,0.45787913,0.5935249,0.5810239
GE4224HM,Conservation Biogeography,Arts and Social Science,0.41220066,0.6371168,0.58094347
EE4305E,Introduction To Fuzzy/Neural Systems,Cont and Lifelong Education,0.42624107,0.5891972,0.58093023
TEE4305,Introduction To Fuzzy/Neural Systems,Cont and Lifelong Education,0.42624107,0.5891972,0.58093023
HY2259,The Craft of History,Arts and Social Science,0.42180157,0.61121225,0.5808941
GL4883B,Climate Justice,Arts and Social Science,0.41727644,0.62573266,0.58082473
GL4883BHM,Climate Justice,Arts and Social Science,0.41727644,0.62573266,0.58082473
MUA1158,Solfege 2,YST Conservatory of Music,0.4197257,0.6163508,0.5808179
PC3288A,Advanced UROPS in Astrophysics I,Science,0.46563148,0.6008944,0.580746
AH3205,Southeast Asian Art and Modernity,Arts and Social Science,0.426152,0.5912483,0.5807031
GL4882HM,Topics in Global Economics and Development,Arts and Social Science,0.4524994,0.58817196,0.58069736
GL4882,Topics in Global Economics and Development,Arts and Social Science,0.4524994,0.58817196,0.58069736
NST2055,Comprehending Sound Around Us,NUS College,0.40542853,0.5967032,0.58069706
MUT3214,Concerto and Cadenza,YST Conservatory of Music,0.43055588,0.6210773,0.5806724
EL3216,Language and the Internet,Arts and Social Science,0.43022043,0.5841699,0.58066666
TIC2001,Data Structures and Algorithms,Cont and Lifelong Education,0.4394251,0.59369874,0.5806538
GEH1056,Cultural Diversity in the Contemporary World,Arts and Social Science,0.45004457,0.58177924,0.58064127
GEC1020,Cultural Diversity in the Contemporary World,Arts and Social Science,0.45004457,0.58177924,0.58064127
SP2271,Introduction to the Scientific Literature,Science,0.4338321,0.60105103,0.58063614
NST2054,Instrumenta Mathematica,NUS College,0.43419436,0.60012364,0.58057106
LAH1201,Hindi 1,Arts and Social Science,0.4282946,0.60648507,0.5805085
ES2660,Communicating in the Information Age,Non-Faculty-based Departments,0.44922805,0.58728224,0.5804986
MA2108,Mathematical Analysis I,Science,0.4207234,0.60473394,0.58049655
NHS2049,Culture and Technology,NUS College,0.41697925,0.6215778,0.58049643
MUT2102,Musical Concepts and Materials 4,YST Conservatory of Music,0.4128078,0.5954306,0.5804686
LL4515V,Law and Empire,Law,0.4420356,0.5827442,0.5804633
LL4515,Law and Empire,Law,0.4420356,0.5827442,0.5804633
YSS4285,Political Theologies in Asian Life-Worlds,Yale-NUS College,0.4529396,0.58519626,0.5804385
CH3255,Introduction to Chinese Buddhism,Arts and Social Science,0.4204854,0.58798546,0.580433
YHU2316,Narrative Ethics: Stories and Self-Improvement,Yale-NUS College,0.4230113,0.5929962,0.58040935
IFS4101,Legal Aspects of Information Security,Computing,0.4177816,0.59186965,0.5803974
LL4079,State and Company in Legal-Historical Perspective,Law,0.44167477,0.585765,0.5803863
JS4214HM,"Ideas, Values and Identity in Japan",Arts and Social Science,0.40335897,0.60862005,0.5803803
JS4214,"Ideas, Values and Identity in Japan",Arts and Social Science,0.40335897,0.60862005,0.5803803
EL4880CHM,Lexicalist Theories of Syntax,Arts and Social Science,0.42054313,0.6048826,0.58037454
EL4880C,Lexicalist Theories of Syntax,Arts and Social Science,0.42054313,0.6048826,0.58037454
ME2135,Intermediate Fluid Mechanics,College of Design and Engineering,0.43016502,0.62411773,0.58028066
CH4242HM,Selected Periods of Chinese History I,Arts and Social Science,0.42209086,0.5896728,0.580251
CH4242,Selected Periods of Chinese History I,Arts and Social Science,0.42209086,0.5896728,0.580251
LSM4213,Systems Neurobiology,Yong Loo Lin Sch of Medicine,0.43106788,0.5849343,0.58023757
EL1101E,The Nature of Language,Arts and Social Science,0.4339719,0.5890916,0.5802007
GEK1011,The Nature of Language,Arts and Social Science,0.43397188,0.5890916,0.5802007
EL3213,Language Typology,Arts and Social Science,0.40237787,0.5860286,0.58017874
EL4213HM,Language Typology,Arts and Social Science,0.40237787,0.5860286,0.58017874
EL4213,Language Typology,Arts and Social Science,0.40237787,0.5860286,0.58017874
GEK2022,"Samurai, Geisha, Yakuza as Self or Other",Arts and Social Science,0.43904313,0.5853163,0.58017445
YSS3360,Lab in Applied Cognitive Psychology,Yale-NUS College,0.4363182,0.58869463,0.5801567
YHU3277,"Objects of Desire: Consumers, Colonialism, and Global Trade",Yale-NUS College,0.46596494,0.5848099,0.5801366
HY2220,Korea in the Twentieth Century,Arts and Social Science,0.44560412,0.585023,0.5800957
NM4254,"Media, City and Public Culture",Arts and Social Science,0.4290502,0.6043721,0.58008915
NM4254HM,"Media, City and Public Culture",Arts and Social Science,0.4290502,0.6043721,0.58008915
GEH1043,Microbes which Changed Human History,Yong Loo Lin Sch of Medicine,0.41581556,0.600056,0.5800863
PS4881C,Topics in CP: The Politics of Labour and Labouring,Arts and Social Science,0.45868814,0.6036694,0.5800561
PS4881CHM,Topics in CP: The Politics of Labour and Labouring,Arts and Social Science,0.45868814,0.6036694,0.5800561
MUH4204,Learning and Challenging the Historical Narrative,YST Conservatory of Music,0.3944314,0.5963893,0.5800425
CDE3507,Regenerative Cities,College of Design and Engineering,0.41987973,0.5902013,0.5800164
LSM3215,Neuronal Signaling and Memory Mechanisms,Yong Loo Lin Sch of Medicine,0.4246861,0.5908686,0.5799879
EL4216HM,Lexicology and Lexicography,Arts and Social Science,0.42195484,0.61728334,0.5799153
EL4216,Lexicology and Lexicography,Arts and Social Science,0.42195484,0.61728334,0.5799153
YSS4206B,Topics in Psychology: Love in An Age of Technology,Yale-NUS College,0.43830243,0.59411263,0.5799002
PL4248HM,Hallucinations and Delusions: A Cognitive Perspective,Arts and Social Science,0.4232812,0.60892975,0.5798936
PL4248,Hallucinations and Delusions: A Cognitive Perspective,Arts and Social Science,0.4232812,0.60892975,0.5798936
MA4274,Fast Iterative Solvers with Applications,Science,0.42351586,0.58412623,0.5798503
PR3204,Medicinal Natural Products,Science,0.41194326,0.5896505,0.5798442
LL4210V,Intellectual Property And International Trade,Law,0.42069516,0.6030569,0.5798191
LL4210,Intellectual Property And International Trade,Law,0.42069516,0.6030569,0.5798191
EN3226,Shakespeare,Arts and Social Science,0.41222966,0.5913586,0.5797905
YSS3243,Public Economics,Yale-NUS College,0.444252,0.5867625,0.5797699
ME2113,Mechanics Of Materials I,College of Design and Engineering,0.42214304,0.59246916,0.57976973
SC4217HM,Social Movements and Collective Action,Arts and Social Science,0.46288434,0.58209413,0.5797604
SC4217,Social Movements and Collective Action,Arts and Social Science,0.46288434,0.58209413,0.5797604
MUA3274,Sonic Environments,YST Conservatory of Music,0.4299646,0.6146118,0.5797559
LL4301,Topics in Constitutional Law: Socio-Economic Rights,Law,0.44870389,0.5859038,0.57974803
CH4261HM,Prescribed Text: Zhuangzi,Arts and Social Science,0.44454193,0.5966027,0.5797062
CH4261,Prescribed Text: Zhuangzi,Arts and Social Science,0.44454193,0.5966027,0.5797062
YHU3394,Writing Speculative Fiction,Yale-NUS College,0.43002135,0.5956475,0.5796858
MUA2210,Rhythmical Devices in Performance 2,YST Conservatory of Music,0.44294226,0.5965451,0.5796752
LL4140V,Law of the Sea: Theory and Practice,Law,0.42857206,0.5929562,0.57965136
CS4223,Multi-core Architectures,Computing,0.41469732,0.6114148,0.5795785
CS4223R,Multi-core Architectures,Computing,0.41469732,0.6114148,0.5795785
LAS4204,Spanish 8 Language and Spanish Studies,Arts and Social Science,0.4098983,0.60185415,0.5795673
LAS4204HM,Spanish 8 Language and Spanish Studies,Arts and Social Science,0.4098983,0.60185415,0.5795673
GL3204,Globalisation of Social Movements,Arts and Social Science,0.44008806,0.582331,0.5795535
CH2228,Ci Lyric in the Tang-Song Period,Arts and Social Science,0.42907074,0.59131455,0.5794865
CH3230,Ci Lyric in the Tang-Song Period,Arts and Social Science,0.42907074,0.59131455,0.5794865
PY1131,Human Anatomy & Physiology II,Yong Loo Lin Sch of Medicine,0.4430403,0.5942918,0.5794629
PL3241,Personality & Individual Differences,Arts and Social Science,0.41095304,0.5794265,0.57942647
PC2130B,Applied Quantum Physics,Science,0.41736633,0.58514506,0.5794249
XFA4415,Integrated Honours Thesis,Arts and Social Science,0.43797585,0.5942031,0.5793694
YSC4239,Advanced Partial Differential Equations,Yale-NUS College,0.4242385,0.59849364,0.5793433
SE2212,Cities and Urban Life in Southeast Asia,Arts and Social Science,0.42672133,0.59876585,0.5793292
MA1312,Calculus with Applications,Science,0.43368208,0.59218705,0.5793101
YID3202F,Special Topic: Ocean and Society in Southeast Asia,Yale-NUS College,0.42839956,0.5863712,0.5793076
MUA4176,Pop Music Practice and Analysis 1,YST Conservatory of Music,0.43150026,0.5936937,0.57925546
BSN3702X,New Venture Creation,NUS Business School,0.4396242,0.5891143,0.5792492
TR3002B,New Venture Creation,Non-Faculty-based Departments,0.4396242,0.5891143,0.5792492
TR3002A,New Venture Creation,Non-Faculty-based Departments,0.4396242,0.5891143,0.5792492
BSN3702,New Venture Creation,NUS Business School,0.4396242,0.5891143,0.5792492
ME4212,Aircraft Structures,College of Design and Engineering,0.41655076,0.5958736,0.5792315
HS2906,Saltwater: Sea and Society,Science,0.41481078,0.6059308,0.57922685
MUA2191,Applied Voice Major Study 2B,YST Conservatory of Music,0.45071703,0.58937854,0.5792118
TIC2701,Principles of Programming Languages,Cont and Lifelong Education,0.4240167,0.590155,0.57918394
YIL1201B,Directed Language Study: Beginning Bangla 1,Yale-NUS College,0.42988473,0.5876262,0.5791664
MS2215,"Princes, Ports, Pomp, Piety and Pen in the Malay World",Arts and Social Science,0.4312728,0.5952197,0.5791257
LL4546,Digital Remix in EU Copyright Law,Law,0.43499738,0.59076494,0.57909185
EC3395,Economics and Ethics,Arts and Social Science,0.44165465,0.5792165,0.5790752
AR2228,History & Theory of Architecture II,College of Design and Engineering,0.4192215,0.60906726,0.57907194
EN2214,The Marvelous World of Journey to the West (in English),Arts and Social Science,0.42075473,0.5826886,0.5790719
TBA3102,Text Analytics,Cont and Lifelong Education,0.40530646,0.59823036,0.57907104
LSM4244,Oncogenes and Signal Transduction,Yong Loo Lin Sch of Medicine,0.4136476,0.6004968,0.57907087
YHU2295,The Global Short Story,Yale-NUS College,0.43493843,0.58793765,0.5790433
UTC1121,"Technology, Horror, and the Unknown",Residential College,0.4119347,0.6100344,0.5790378
HY4217HM,Approaches to Study of SE Asian History,Arts and Social Science,0.4211788,0.61707294,0.57900256
HY4217,Approaches to Study of SE Asian History,Arts and Social Science,0.4211788,0.61707294,0.57900256
LL4275,International Institutional Law,Law,0.43766317,0.59576,0.5789749
PC3238,Fluid Dynamics,Science,0.41937602,0.6646324,0.5789505
GEK2501,Understanding your Medications,Yong Loo Lin Sch of Medicine,0.40407088,0.59596974,0.57892066
YSS4206C,Topics in Psychology: The Pursuit of Happiness,Yale-NUS College,0.42125067,0.58419335,0.5789137
EL4222,Stylistics and Drama,Arts and Social Science,0.42478245,0.59081125,0.57889354
EL4222HM,Stylistics and Drama,Arts and Social Science,0.42478245,0.59081125,0.57889354
LSM3216,Neuronal Development and Diseases,Yong Loo Lin Sch of Medicine,0.4026592,0.5871831,0.57888067
AN2204,Media Anthropology,Arts and Social Science,0.41033444,0.5882882,0.5788522
HY3238,The U.S. Presidency,Arts and Social Science,0.43186465,0.61105,0.578825
EC3394,Economics and Psychology,Arts and Social Science,0.42841572,0.5857987,0.57882154
YSC3267,Scientific Computing,Yale-NUS College,0.40897632,0.58593607,0.57879364
CS4268,Quantum Computing,Computing,0.4274279,0.63862765,0.5787708
PL4251HM,Behind the scenes of human perception,Arts and Social Science,0.4364116,0.6171924,0.5787632
PL4251,Behind the scenes of human perception,Arts and Social Science,0.4364116,0.6171924,0.5787632
HS2909,The Rise and Fall and Rise of China,Arts and Social Science,0.4381089,0.60824883,0.57870704
TCX2101,Calculus and Linear Algebra for Computing,Cont and Lifelong Education,0.42351466,0.59045047,0.5786952
TS3233,Southeast Asian Performance,Arts and Social Science,0.4251885,0.59394485,0.57866466
LL4372,International Intellectual Property Law,Law,0.4203434,0.5881239,0.57865334
LL4372V,International Intellectual Property Law,Law,0.4203434,0.5881239,0.57865334
PL2132,Research and Statistical Methods II,Arts and Social Science,0.42507794,0.5950177,0.5786365
YHU2205,Integrative Music Theory 1,Yale-NUS College,0.40564182,0.6041026,0.578632
EC3362,Population Economics,Arts and Social Science,0.44234735,0.595574,0.5786093
CS4247,Graphics Rendering Techniques,Computing,0.39564127,0.5955725,0.5785955
LL4170,Comparative Conflict of Laws,Law,0.42003945,0.60570335,0.57857543
MUT2203,Texture and Timbre,YST Conservatory of Music,0.4135241,0.59845245,0.5785438
YHU4103,Philosophy Capstone Project,Yale-NUS College,0.43051803,0.59418005,0.57853556
YSC2216,Evolutionary Biology,Yale-NUS College,0.40744385,0.61346185,0.57850945
LL4296,"Imitation, Innovation and Intellectual Property",Law,0.41990882,0.59740895,0.5784942
TS2880A,Modern Theatre in Asia,Arts and Social Science,0.42766112,0.5918719,0.57848483
BSE3761,Topics in Business Economics,NUS Business School,0.44931325,0.5912679,0.5784823
HSA1000,Asian Interconnections,Arts and Social Science,0.44790837,0.59390694,0.57846206
CS3230,Design and Analysis of Algorithms,Computing,0.42608705,0.5954331,0.5784351
MA3256,Applied Cryptography,Science,0.42306173,0.6097685,0.5784329
YSS4210,Critical Global Public Health,Yale-NUS College,0.4120029,0.5973799,0.5784186
GL4887,Topics in Religion and Ethnicity,Arts and Social Science,0.44589373,0.58886397,0.5783688
GL4887HM,Topics in Religion and Ethnicity,Arts and Social Science,0.44589373,0.58886397,0.5783688
HS2912,Polymaths: Innovating Between Art and Science,Arts and Social Science,0.41319314,0.58498853,0.578339
MUA1169,Foundational Area Study 2,YST Conservatory of Music,0.44558167,0.6062368,0.5782528
FMA1201J,FS: Generations,Arts and Social Science,0.43497598,0.59234405,0.5782376
NEX3007S,GEx Nagoya-Sendai-Tokyo,NUS College,0.45425224,0.5836655,0.5782202
NEX3007,GEx Nagoya-Sendai-Tokyo,NUS College,0.45425224,0.5836655,0.5782202
GET1042,Sky and Telescopes,Science,0.44847998,0.5846443,0.5782174
SE3210,Studies in Southeast Asian Arts,Arts and Social Science,0.41617903,0.5923038,0.5782026
MUA2190,Applied Voice Major Study 2A,YST Conservatory of Music,0.44204888,0.58604443,0.57820165
PS3238,International Political Economy,Arts and Social Science,0.43846548,0.6028389,0.5781255
YSS3219,Developmental Psychology,Yale-NUS College,0.4063394,0.5853954,0.5781029
MLE2103,Phase Transformation and Kinetics,College of Design and Engineering,0.4088608,0.59524953,0.57804936
LL4520,"Corporations, Technology and the Law",Law,0.4268084,0.5987475,0.5780488
LL4520V,"Corporations, Technology and the Law",Law,0.4268084,0.5987475,0.5780488
HY2225,East-West Artistic Interactions,Arts and Social Science,0.43385434,0.58416057,0.57804704
LC2007,Constitutional & Administrative Law,Law,0.42365026,0.599161,0.5780441
PC2451,Introduction to Quantum Computing,Science,0.41344416,0.64449733,0.57802755
UTC1702G,Thinking in systems: Markets and Inequality,Residential College,0.45125338,0.5940368,0.57801044
YHU4273,Literature at Sea,Yale-NUS College,0.41269588,0.60375667,0.57798016
UTC2100,"Humans, Animals and Ecosystems: The One Health Paradigm",Residential College,0.4258066,0.59384555,0.57794976
LAH2201,Hindi 2,Arts and Social Science,0.41931984,0.5859312,0.57790583
PL3282D,Lab in Mindsets and Motivation,Arts and Social Science,0.4285874,0.5933001,0.57789123
LL4346,Interim Measures in International Arbitration,Law,0.43751281,0.61119735,0.57788837
LL4346V,Interim Measures in International Arbitration,Law,0.43751287,0.6111976,0.5778883
EU4220HM,Topics in European Literature,Arts and Social Science,0.3909059,0.5878367,0.57784504
EU4220,Topics in European Literature,Arts and Social Science,0.3909059,0.5878367,0.57784504
EN4263HM,Topics in European Literature,Arts and Social Science,0.3909059,0.5878367,0.57784504
EN4263,Topics in European Literature,Arts and Social Science,0.3909059,0.5878367,0.57784504
SN3231,South Asia and the World Economy,Arts and Social Science,0.42939752,0.5812806,0.57784194
LL4545,Contract Theory,Law,0.4420309,0.5829431,0.5778047
YSC1214,Networks,Yale-NUS College,0.43891707,0.58473575,0.57778585
LL4341V,The Law and Politics of Forced Migration,Law,0.46467817,0.59113085,0.57778513
LL4341,The Law and Politics of Forced Migration,Law,0.46467817,0.59113085,0.57778513
GEK1056,Visual images,Arts and Social Science,0.43041307,0.58677,0.5777687
SC2222,Sports and Society,Arts and Social Science,0.43547153,0.62663203,0.57773
MUT3222,Choral Composition,YST Conservatory of Music,0.43046063,0.5879015,0.57771033
MS4207HM,Reading the Malay-Indonesian Film,Arts and Social Science,0.42220291,0.5979029,0.57762796
MS4207,Reading the Malay-Indonesian Film,Arts and Social Science,0.42220291,0.5979029,0.57762796
LL4471V,Ethical Digital Governance and Legal Society,Law,0.4320514,0.5844852,0.57759494
LL4471,Ethical Digital Governance and Legal Society,Law,0.4320514,0.5844852,0.57759494
PL4250,Language & Cognitive Processes,Arts and Social Science,0.41108352,0.5828445,0.5775681
PL4250HM,Language & Cognitive Processes,Arts and Social Science,0.41108352,0.5828445,0.5775681
PL3237,Language & Cognitive Processes,Arts and Social Science,0.41108352,0.5828445,0.5775681
UTW1001L,"Intimate Others: Animals, Animality and Representation",NUS,0.43536833,0.59622407,0.57755405
YIL2201I,Directed Language Study: Intermediate Italian 1,Yale-NUS College,0.42610013,0.6024219,0.5775243
YHU3210E,Proseminar in Literary Studies,Yale-NUS College,0.42209938,0.6087622,0.57751304
YID2207,Social Theory and the Environment,Yale-NUS College,0.4024984,0.5979479,0.5775081
YCC1122,Quantitative Reasoning,Yale-NUS College,0.40636244,0.60567725,0.5774523
ENV1101,Environmental Studies: An Interdisciplinary Overview,Science,0.40091133,0.60614467,0.57743883
NEX3013,GEx Yogyakarta,NUS College,0.42855677,0.58790123,0.57739174
YSS2216,Statistics and Research Methods for Psychology,Yale-NUS College,0.42227286,0.587292,0.5773903
YHU3393,History and Culture of Southeast Asia,Yale-NUS College,0.41179493,0.5936904,0.5773776
GE4204HM,New Geographies of Urban Theory,Arts and Social Science,0.42661804,0.58495927,0.5773657
GE4204,New Geographies of Urban Theory,Arts and Social Science,0.42661804,0.58495927,0.5773657
EL3231,Phonetics,Arts and Social Science,0.41332924,0.5944478,0.57736385
SN2232,"South Asia:Poverty, Inequality, Power",Arts and Social Science,0.45760813,0.5885053,0.5773551
GE2233,Geospatial Analytics for Biodiversity Conservation,Arts and Social Science,0.4248178,0.59073216,0.5773184
YSC2209,Proof,Yale-NUS College,0.41781762,0.59103245,0.5773035
ST3288R,Advanced UROPS in Statistics & Applied Probability I (REx),Science,0.4501438,0.583791,0.57728827
ALS1010CP,Learning to Learn Better,Non-Faculty-based Departments,0.43256783,0.58635545,0.57727873
ALS1010,Learning to Learn Better,Yong Loo Lin Sch of Medicine,0.43256783,0.58635545,0.57727873
TIC1201,Discrete Structures,Cont and Lifelong Education,0.42104432,0.5880058,0.5772623
PS2266,"Politics, Music, and Society",Arts and Social Science,0.40757337,0.58905226,0.57725775
YSC3242,Agent-Based Modelling,Yale-NUS College,0.44081745,0.6024099,0.57725763
LAD2005,Introductory GIS for Landscape Architecture,College of Design and Engineering,0.400387,0.61339176,0.577237
LC1004,Law Of Torts,Law,0.4072237,0.58049023,0.57723016
SE4210HM,Ancient Kingdoms of Southeast Asia,Arts and Social Science,0.43043673,0.61674756,0.5771993
SE4210,Ancient Kingdoms of Southeast Asia,Arts and Social Science,0.43043673,0.61674756,0.5771993
MA3265,Introduction to Number Theory,Science,0.41230544,0.59218407,0.5771738
GEX1006,"The Art of Science, the Science of Art",Science,0.40258977,0.61161935,0.57716924
GET1014,"The Art of Science, the Science of Art",Science,0.40258977,0.61161935,0.57716924
NHS2063,Indigeneity and the Politics of Representation in Sabah,NUS College,0.45599672,0.5907158,0.5771657
HY4211,Topics in Environmental History,Arts and Social Science,0.43523875,0.5965671,0.5771397
HY4211HM,Topics in Environmental History,Arts and Social Science,0.43523875,0.5965671,0.5771397
NTW2018,Danger and National Security,NUS College,0.4486947,0.5913315,0.57712847
PL4240HM,Emotion and Psychopathology,Arts and Social Science,0.4265673,0.599254,0.57709616
PL4240,Emotion and Psychopathology,Arts and Social Science,0.4265673,0.599254,0.57709616
LSM2233,Cell Biology,Yong Loo Lin Sch of Medicine,0.41269186,0.5834556,0.5770746
YSS4289,Thinking Beyond the Plantation,Yale-NUS College,0.39816132,0.5863808,0.5767954
YSC1219,Introduction to Black Holes,Yale-NUS College,0.4556352,0.58601046,0.5767855
CH3246,Socio-Political History of Modern China,Arts and Social Science,0.42005855,0.60530126,0.5767666
HY4238,"Gender, Culture & History",Arts and Social Science,0.44682312,0.6098757,0.5767232
HY4238HM,"Gender, Culture & History",Arts and Social Science,0.44682312,0.6098757,0.5767232
NHS2064,"Social Norms: Compliance, Game and Evolution",NUS College,0.4496046,0.59826934,0.576704
YHU3316,Singapore under Japanese Occupation,Yale-NUS College,0.43892628,0.5914843,0.57669866
TME2401,Engineering Mathematics II,Cont and Lifelong Education,0.43787724,0.5868467,0.5766672
TM2401,Engineering Mathematics II,Cont and Lifelong Education,0.43787718,0.5868468,0.5766672
SN2280,"Marriage, Sex, Love in South Asia",Arts and Social Science,0.4359836,0.5848873,0.57663596
SN3283,"Marriage, Sex, Love in South Asia",Arts and Social Science,0.4359836,0.5848873,0.57663596
SPH3107,Infectious Disease Modelling for Public Health,SSH School of Public Health,0.4042071,0.6038784,0.57663536
MS4660,Independent Study,Arts and Social Science,0.43953896,0.5808896,0.57660806
MS4660HM,Independent Study,Arts and Social Science,0.43953896,0.5808896,0.57660806
GEC1050,Skyscapes: Cultural Interpretations of the Sky,Arts and Social Science,0.45453176,0.5830467,0.5765884
MUH2201,Classical Styles and Romantic Spirits,YST Conservatory of Music,0.39917302,0.60884666,0.5765532
EC3342,International Trade I,Arts and Social Science,0.41859537,0.58297485,0.57654953
AH3203,Collecting Art in Europe and Asia (1500 CE – 2000 CE),Arts and Social Science,0.4220439,0.58740413,0.5765155
YHU3323,Model Operas and the Chinese Cultural Revolution,Yale-NUS College,0.42697245,0.59163356,0.576458
ST4231,Computer Intensive Statistical Methods,Science,0.44665825,0.57954675,0.57642543
UTW1001D,"Self, Society, and the Digital Tsunami era",Non-Faculty-based Departments,0.40922126,0.58244145,0.57630444
PS4239,Seminar in International Relations of Southeast Asia,Arts and Social Science,0.43214804,0.61145353,0.5762925
PS4239HM,Seminar in International Relations of Southeast Asia,Arts and Social Science,0.43214804,0.61145353,0.5762925
YHU3389,The Philosophy and Economics of Bitcoin,Yale-NUS College,0.41870078,0.5824609,0.5762729
ZB2201,Computational Thinking for Life Sciences,Science,0.40496197,0.59581286,0.5762612
PS3271,Public Policy-Making,Arts and Social Science,0.42987177,0.61328906,0.5762543
ESP2106,Principles of Continua,College of Design and Engineering,0.43526134,0.5789165,0.5761882
MA1513,Linear Algebra with Differential Equations,Science,0.42204335,0.58297205,0.5761801
NTW2033,Conceptions of Human Nature,NUS College,0.42781043,0.5834875,0.57616425
UTW2001Z,The Semiotics of Colour,Non-Faculty-based Departments,0.41902372,0.5977329,0.57616365
EC3376,Economics of European Integration,Arts and Social Science,0.44476855,0.58087474,0.5761527
PE4101P,The Ethics and Politics of Public Policy,Arts and Social Science,0.44528526,0.5900727,0.57610714
PE4101PHM,The Ethics and Politics of Public Policy,Arts and Social Science,0.44528526,0.5900727,0.57610714
YHU4265,Extended Research Essay in Literature,Yale-NUS College,0.4184059,0.60141563,0.5761012
LL4239V,Law & Politics in South Asia,Law,0.44020778,0.58468926,0.57605094
LL4543,United Nations Human Rights Mechanisms,Law,0.4613978,0.58507,0.57604325
PC3130,Quantum Mechanics II,Science,0.43551594,0.5846925,0.57601815
LSM4229,Therapeutic and diagnostic agents from animal toxins,Science,0.39010465,0.59185463,0.5760106
YSC4214,Theory of Quantum Information and Computation,Yale-NUS College,0.42025372,0.64650637,0.5760043
EC4323HM,Income Distribution Analysis,Arts and Social Science,0.4622478,0.58926487,0.5759988
EC4323,Income Distribution Analysis,Arts and Social Science,0.4622478,0.58926487,0.5759987
MLE4101A,BEng Dissertation,College of Design and Engineering,0.43395492,0.5895984,0.57595676
LL4355V,International Law and Development,Law,0.43361333,0.6026671,0.57591754
LL4355,International Law and Development,Law,0.43361333,0.6026671,0.57591754
MKT4417,Consumer Decision Making,NUS Business School,0.44026807,0.5841183,0.57588184
MKT4714,Consumer Decision Making,NUS Business School,0.44026807,0.5841183,0.57588184
PC2230,Thermodynamics and Statistical Mechanics,Science,0.43135265,0.58077765,0.5758687
IE4250,System Dynamics Modelling,College of Design and Engineering,0.44122574,0.58441037,0.5758534
ST2335,Statistical Methods,Science,0.44626772,0.5988622,0.57584876
AN4204,Making Space for Things,Arts and Social Science,0.44405854,0.58448887,0.5758388
YSS3295,Comparative International Education,Yale-NUS College,0.43289512,0.58019984,0.57583725
ME4227,Internal Combustion Engines,College of Design and Engineering,0.4366781,0.58197486,0.5758117
HSI2008,A Brief History of Science & Why Things Often Go Wrong,Science,0.418582,0.5881815,0.57567537
TS2240,Voice Studies and Production,Arts and Social Science,0.43999448,0.5962336,0.5755731
EL3204,Discourse Structure,Arts and Social Science,0.43111047,0.5889229,0.57553005
PC2411,Practical Astronomy,Science,0.4435021,0.5897356,0.5755192
RVX1002,What do you mean? Meaning & Communication in Intercultural contexts,Non-Faculty-based Departments,0.43220678,0.593471,0.5754856
CS2106,Introduction to Operating Systems,Computing,0.43918043,0.58823,0.57546806
CH2295,Commerce and Culture in China's Past (in English),Arts and Social Science,0.4283416,0.5944811,0.57544374
FSC4205,"Criminalistics: Authenticity, Fraud and Counterfeit",Science,0.43214923,0.5918321,0.57543993
LL4050V,Public International Law,Law,0.45229724,0.5785058,0.5753836
LL4050,Public International Law,Law,0.45229724,0.5785058,0.5753836
PC4249,Astrophysics II,Science,0.43119866,0.58763725,0.57536817
SC4882CHM,"State, Governance and Governmentality",Arts and Social Science,0.43852022,0.595894,0.57536507
SC4882C,"State, Governance and Governmentality",Arts and Social Science,0.43852022,0.595894,0.57536507
LL4270,International Human Rights of Women,Law,0.4428724,0.59023833,0.575365
YHU4244,Global Microhistory,Yale-NUS College,0.44395697,0.5799565,0.57535064
YSS3214,Abnormal Psychology,Yale-NUS College,0.42416322,0.59768593,0.57534516
TCX1003,Digital Ethics and Data Privacy,Cont and Lifelong Education,0.43724588,0.5847412,0.5752503
YSC4242,Finite Geometry,Yale-NUS College,0.42385533,0.58514535,0.5752231
UTC2706,Committed to Changing Our World: The Systems Pioneers,Residential College,0.4366332,0.583568,0.5752202
NTW2039,Videogame Theory and Analysis,NUS College,0.4069736,0.587674,0.5751546
LL4488V,Digital Technologies and Human Rights,Law,0.41541916,0.5791173,0.5750495
LL4488,Digital Technologies and Human Rights,Law,0.41541916,0.5791173,0.5750495
MA3233,Combinatorics and Graphs II,Science,0.4500765,0.5869516,0.57500523
FMA1201F,FS : Representing War,Arts and Social Science,0.4491078,0.5783616,0.57497996
UTS2403,Citizenship in a Changing World,Residential College,0.44773123,0.5847199,0.5749537
UTC2403,Citizenship in a Changing World,Residential College,0.44773123,0.5847199,0.5749537
LAF4204HM,Francophone Studies in Context,Arts and Social Science,0.40009493,0.59551775,0.5749515
LAF4204,Francophone Studies in Context,Arts and Social Science,0.40009493,0.59551775,0.5749515
GEX1019,The Logic of Language,Arts and Social Science,0.4257149,0.60086393,0.57490706
GET1036,The Logic of Language,Arts and Social Science,0.4257149,0.60086393,0.57490706
YHU2269,Ethics and Politics of Sex,Yale-NUS College,0.43288964,0.5783745,0.5749054
UTC2709,Questioning Common Sense,Residential College,0.41653275,0.5870611,0.5748942
AH3206,Islam and Modern and Contemporary Art in Southeast Asia,Arts and Social Science,0.42460498,0.5863476,0.5748441
HS2923,"Human-Animal Relations: History, Biodiversity & Ethics",Arts and Social Science,0.43323508,0.59169936,0.57482547
PS4308,"Economic Interest, Identities, and Voting Behavior",Arts and Social Science,0.4501436,0.5948456,0.57481915
PS4308HM,"Economic Interest, Identities, and Voting Behavior",Arts and Social Science,0.4501436,0.5948456,0.57481915
YHU3358,Crime and Punishment,Yale-NUS College,0.44050595,0.6012178,0.57481
YHU4101,History Capstone Project,Yale-NUS College,0.42561436,0.6051229,0.5747774
UTC1118,Junior Seminar: The Social Lives of Drugs,Residential College,0.4344685,0.59545654,0.57471204
PH4201,Philosophy of Science,Arts and Social Science,0.40251815,0.60703313,0.57470846
PH4201HM,Philosophy of Science,Arts and Social Science,0.40251815,0.60703313,0.57470846
PL3281G,Lab in Associative Learning and Behavior,Arts and Social Science,0.42546952,0.58658415,0.5747053
CH3247,Socio-Economic History of China,Arts and Social Science,0.4352553,0.59175706,0.5746917
TS4218,Theatre and Postmodernism,Arts and Social Science,0.42386416,0.5885996,0.5746718
TS4218HM,Theatre and Postmodernism,Arts and Social Science,0.42386416,0.5885996,0.5746718
PS4230HM,Public Sector Reforms in China,Arts and Social Science,0.44601762,0.5798168,0.5746535
PS4230,Public Sector Reforms in China,Arts and Social Science,0.44601762,0.5798168,0.5746535
YSS4262,Interdisciplinary Legal Research Methods,Yale-NUS College,0.42298263,0.5930579,0.5746388
HY4231,Family-State Relations in Chinese History,Arts and Social Science,0.40138748,0.57462656,0.57462656
HY4231HM,Family-State Relations in Chinese History,Arts and Social Science,0.40138748,0.57462656,0.57462656
YID3211,Ecological Economics,Yale-NUS College,0.4164157,0.60789424,0.57460964
YIR4405,Special Project in Humanities,Yale-NUS College,0.41809362,0.61790013,0.5745429
YIR4404G,Special Project in Humanities,Yale-NUS College,0.41809362,0.61790013,0.5745429
YIR4402G,Special Project in Humanities,Yale-NUS College,0.41809362,0.61790013,0.57454276
YIR4401G,Special Project in Humanities,Yale-NUS College,0.41809362,0.61790013,0.57454276
YIR4401,Special Project in Humanities,Yale-NUS College,0.41809362,0.61790013,0.57454276
YIR4405G,Special Project in Humanities,Yale-NUS College,0.41809362,0.61790013,0.57454276
YIR4404,Special Project in Humanities,Yale-NUS College,0.41809362,0.61790013,0.57454276
YIR4403G,Special Project in Humanities,Yale-NUS College,0.41809362,0.61790013,0.57454276
YIR4403,Special Project in Humanities,Yale-NUS College,0.41809362,0.61790013,0.57454276
YIR4402,Special Project in Humanities,Yale-NUS College,0.41809362,0.61790013,0.57454276
BSE4761A,Seminars in Business Economics: International Economics,NUS Business School,0.42714548,0.5779371,0.5745077
YID2214,Plants and People,Yale-NUS College,0.43620673,0.5931643,0.5744837
PS3251,International Organisations,Arts and Social Science,0.42316115,0.57818294,0.5744281
CH4224,Studies in Chinese Verse,Arts and Social Science,0.40395167,0.5818175,0.57442635
CH4224HM,Studies in Chinese Verse,Arts and Social Science,0.40395167,0.5818175,0.57442635
GEH1039,The Art of Rituals and Recreation,YST Conservatory of Music,0.43181697,0.58221745,0.57442147
MA2301,Basic Applied Mathematics,Science,0.42582035,0.5861315,0.57440686
NGN2001G,Global Narratives,NUS College,0.4126727,0.59433734,0.57440346
NGN2001I,Global Narratives,NUS College,0.4126727,0.59433734,0.57440346
NGN2001L,Global Narratives,NUS College,0.4126727,0.59433734,0.57440346
NGN2001K,Global Narratives,NUS College,0.4126727,0.59433734,0.57440346
NGN2001C,Global Narratives,NUS College,0.4126727,0.59433734,0.57440346
NGN2001,Global Narratives,NUS College,0.4126727,0.59433734,0.57440346
NGN2001A,Global Narratives,NUS College,0.4126727,0.59433734,0.57440346
NGN2001D,Global Narratives,NUS College,0.4126727,0.59433734,0.57440346
NGN2001E,Global Narratives,NUS College,0.4126727,0.59433734,0.57440346
NGN2001B,Global Narratives,NUS College,0.4126727,0.59433734,0.57440346
NGN2001J,Global Narratives,NUS College,0.4126727,0.59433734,0.57440346
NGN2001H,Global Narratives,NUS College,0.4126727,0.59433734,0.57440346
NGN2001M,Global Narratives,NUS College,0.4126727,0.59433734,0.57440346
NGN2001F,Global Narratives,NUS College,0.4126727,0.59433734,0.57440346
PL4207,Social Psychology: Theories and Methods,Arts and Social Science,0.44158736,0.5849855,0.5744024
PL4207HM,Social Psychology: Theories and Methods,Arts and Social Science,0.44158736,0.5849855,0.57440233
YID2215,The Ecology of Food,Yale-NUS College,0.39906487,0.58864844,0.5743866
NTW2019,The Politics and Rhetoric of Green,NUS College,0.43210563,0.5824107,0.5743761
PL3880,Topics in Psychology,Arts and Social Science,0.4320573,0.5847459,0.5743391
UTC1122,Skin,Residential College,0.42801198,0.59292006,0.57433844
SE3235,Southeast Asia Laboratory: Power and Markets,Arts and Social Science,0.41151777,0.5984081,0.5743375
SN3274,South Asian Cinema,Arts and Social Science,0.43283212,0.58866954,0.57422745
HSI1000,"How Science Works, Why Science Works",Science,0.43631908,0.58030534,0.57422125
LSM3234,Biological Imaging of Growth and Form,Science,0.4166802,0.5855891,0.5741933
PH2226,Concept of Nature in Inquiry,Arts and Social Science,0.4031188,0.58474123,0.5741204
AN3207,Senses and Society,Arts and Social Science,0.44840294,0.58176446,0.57411224
SC3228,Senses and Society,Arts and Social Science,0.44840294,0.58176446,0.57411224
CS4235,Computational Geometry,Computing,0.4007705,0.5839592,0.5740689
EC3374,Economy of Modern China II,Arts and Social Science,0.44171488,0.586291,0.57406735
YSC4221,Advanced Quantum Mechanics,Yale-NUS College,0.4244689,0.5903479,0.5740566
JS3227,Entrepreneurship : Self-Made in Japan,Arts and Social Science,0.4425648,0.57965064,0.57402796
YSC2241,Plant Biology,Yale-NUS College,0.40872496,0.5946486,0.5739952
LL4506V,Tax Treaties,Law,0.40130138,0.58478904,0.5739583
LL4506,Tax Treaties,Law,0.40130138,0.58478904,0.5739583
YSC1221,Physics of the Electric Guitar,Yale-NUS College,0.38025174,0.60330117,0.57393944
NEX3010S,GEx Chicago,NUS College,0.44641688,0.57922035,0.57390815
GET1048,Science: From Thinking to Narratives,Science,0.41272056,0.59130675,0.5738934
GEX1028,Science: From Thinking to Narratives,Science,0.41272056,0.59130675,0.5738934
YSC3203,Advanced Algorithms and Data Structures,Yale-NUS College,0.42335552,0.5895207,0.5738708
YHU4274,Documenting Singapore Drama,Yale-NUS College,0.4024026,0.58955497,0.5738355
TIC2401,Introduction to Computer Systems,Cont and Lifelong Education,0.424461,0.57665414,0.57380426
EN3276,"Literature, Media and Theory",Arts and Social Science,0.3997642,0.59929365,0.57380074
YHU2288,Queer Fictions,Yale-NUS College,0.4152638,0.57901007,0.57379824
EC4301,Microeconomic Analysis III,Arts and Social Science,0.43693143,0.5828406,0.573676
EC4301HM,Microeconomic Analysis III,Arts and Social Science,0.43693143,0.5828406,0.573676
YSC4211F,Adv Topics: Human Population Genomics,Yale-NUS College,0.3939077,0.6236985,0.5736393
NHS2076,What Can I Know?,NUS College,0.4320234,0.5815537,0.5736115
MUA4203,Advanced Conducting I,YST Conservatory of Music,0.44832003,0.57781196,0.57357734
SE4227HM,Nationalism in Southeast Asia,Arts and Social Science,0.42359462,0.5786133,0.5735743
SE4227,Nationalism in Southeast Asia,Arts and Social Science,0.42359462,0.5786133,0.5735743
LAH3201,Hindi 3,Arts and Social Science,0.42147806,0.5834397,0.5735609
YSC2243,Probability,Yale-NUS College,0.43724626,0.5771438,0.5735544
LL4159V,The Economic Analysis of Law,Law,0.42101634,0.5829749,0.5735409
LL4159,The Economic Analysis of Law,Law,0.42101634,0.5829749,0.5735409
LL4273,European & International Competition Law,Law,0.45000863,0.58957034,0.57350713
YHU2327,Conceptions of Freedom in Classical Chinese Philosophy,Yale-NUS College,0.3921598,0.57346886,0.57346886
HS2911,Social Media and Mental Health,Arts and Social Science,0.39373627,0.5839119,0.5734292
LL4440V,Electronic Evidence,Law,0.4335351,0.5986248,0.57339334
LL4440,Electronic Evidence,Law,0.4335351,0.5986248,0.57339334
MUA1157,Solfege 1,YST Conservatory of Music,0.40203312,0.6081086,0.57339007
YSS4223,Politics of Identity in Developing Countries,Yale-NUS College,0.438263,0.5733691,0.5733691
JS4224HM,Japanese International Relations,Arts and Social Science,0.42916203,0.59239733,0.57331103
JS4224,Japanese International Relations,Arts and Social Science,0.42916203,0.59239733,0.57331103
GE2880,Topics in Geography I,Arts and Social Science,0.41285622,0.5879411,0.5732694
EN2203,Introduction to Film Studies,Arts and Social Science,0.4065222,0.590261,0.5731479
YHU3359,#MeToo: A Contemporary Feminist Movement,Yale-NUS College,0.42366737,0.5985937,0.5730791
MA1511,Engineering Calculus,Science,0.42117375,0.5913362,0.5730755
YHU3328,Contemporary Korean Cinema and the Colonial Past,Yale-NUS College,0.4301107,0.5796563,0.5730661
CM3221,Organic Synthesis: The Disconnection Approach,Science,0.4124464,0.60144156,0.5730316
SC4101,Practising Anthropology and Sociology,Arts and Social Science,0.44839078,0.6031852,0.5730168
SC4101HM,Practising Anthropology and Sociology,Arts and Social Science,0.44839078,0.6031852,0.5730168
EL4211,Grammar Writing,Arts and Social Science,0.4246305,0.59329385,0.573006
EL4211HM,Grammar Writing,Arts and Social Science,0.4246305,0.59329385,0.573006
SC2226,Sociology of Mental Health,Arts and Social Science,0.3882308,0.5882189,0.572957
EC3373,Asean Economies,Arts and Social Science,0.43083456,0.58408964,0.5728863
YID3212,Risk and Geohazard,Yale-NUS College,0.42798725,0.59910667,0.5728612
HY4205,Early Modern Europe and its World,Arts and Social Science,0.45648244,0.57803947,0.57286066
EU4224,Early Modern Europe and its World,Arts and Social Science,0.45648244,0.57803947,0.57286066
HY4205HM,Early Modern Europe and its World,Arts and Social Science,0.45648244,0.57803947,0.57286066
EU4224HM,Early Modern Europe and its World,Arts and Social Science,0.45648244,0.57803947,0.57286066
YIL1201I,Directed Language Study: Beginning Italian 1,Yale-NUS College,0.41809443,0.58342886,0.5727807
PL4880HM,Topics in Psychology,Arts and Social Science,0.43758985,0.58844936,0.5727785
PL4880,Topics in Psychology,Arts and Social Science,0.43758985,0.58844936,0.5727785
PC3236,Computational Methods in Physics,Science,0.4131222,0.5776705,0.5727769
NST2029,Computer Science & The I.T. Revolution,NUS College,0.42886332,0.57790935,0.5727747
NST2003,Biodiversity And Conservation Biology,NUS,0.425115,0.6000254,0.57274127
PC3239,Special Problems in Undergrad Physics II,Science,0.4338721,0.5800673,0.5727175
GE4235,Urban Climates,Arts and Social Science,0.4002859,0.58524674,0.57265335
GE4235HM,Urban Climates,Arts and Social Science,0.4002859,0.58524674,0.57265335
FMA1202F,FS: Heroism and Society,Arts and Social Science,0.43421343,0.5950538,0.5726361
AY1130,Human Anatomy and Physiology I,Yong Loo Lin Sch of Medicine,0.4323703,0.57720983,0.5726183
EN3264,In Other Wor(l)ds: Post ‐colonial Theory & Literature,Arts and Social Science,0.420769,0.616901,0.57261354
CS4345,General-Purpose Computation on GPU,Computing,0.37942216,0.58814716,0.5726038
UTC1102C,Junior Seminar: Fakes,Residential College,0.44144633,0.5788482,0.5725668
PS2245,Southeast Asian Politics,Arts and Social Science,0.4324911,0.58099025,0.5725158
YSS3264,"Bubbles, Crashes, Panics and Crises",Yale-NUS College,0.41876212,0.57716525,0.57246363
NTW2017,Multidisciplinary Perspectives on 'Mind',NUS College,0.4217801,0.58832717,0.5724156
LL4375V,Traditional Chinese Legal Thought,Law,0.40661612,0.5779674,0.57226956
LL4375,Traditional Chinese Legal Thought,Law,0.40661612,0.5779672,0.5722695
PL4205,Developmental Processes,Arts and Social Science,0.4264937,0.57710093,0.5722675
PL4205HM,Developmental Processes,Arts and Social Science,0.4264937,0.57710093,0.5722675
HY4218,Approaches to Modern Japanese History,Arts and Social Science,0.41347063,0.5999272,0.572257
HY4218HM,Approaches to Modern Japanese History,Arts and Social Science,0.41347063,0.5999272,0.572257
JS4213HM,Approaches to Modern Japanese History,Arts and Social Science,0.41347063,0.5999272,0.572257
JS4213,Approaches to Modern Japanese History,Arts and Social Science,0.41347063,0.5999272,0.572257
GEM1913,"Beasts, People and Wild Environments in South Asia",Arts and Social Science,0.42874953,0.59314674,0.5722141
GEH1010,"Beasts, People and Wild Environments in South Asia",Arts and Social Science,0.42874953,0.5931467,0.572214
NTW2011,Questioning Evolution and Progress,NUS College,0.4271584,0.5821048,0.5721922
YSS4266,Law and Resistance,Yale-NUS College,0.4298917,0.6058397,0.572131
YHU3293,Japanese Woodblock Prints,Yale-NUS College,0.42224768,0.59129006,0.57203215
XD3103,Planet Earth,Arts and Social Science,0.40063572,0.5835362,0.57198584
GEC1012,Understanding Globalisation,Arts and Social Science,0.44612852,0.5815886,0.57197696
GEK1022,Geopolitics:Geographies of War & Peace,Arts and Social Science,0.44263873,0.60205615,0.57195127
EN2210,Poetry and Poetics,Arts and Social Science,0.42272595,0.6106678,0.5719393
YSS3206,Law and Economics,Yale-NUS College,0.41743267,0.5762619,0.57188
MA4207,Mathematical Logic,Science,0.4013852,0.58404934,0.5718357
MUA2168,Continuing Area Study 1,YST Conservatory of Music,0.4495039,0.60839516,0.5718355
YSS2218,International Political Economy,Yale-NUS College,0.43323022,0.5967365,0.5718285
LAH3202,Hindi 4,Arts and Social Science,0.42472562,0.5789373,0.571801
YSS4242,Urban Ethnography of Asia,Yale-NUS College,0.43873873,0.57721937,0.5717958
YSC2234,Human Biology,Yale-NUS College,0.40513244,0.5767978,0.57178843
CS3211,Concurrent Programming,Computing,0.43001541,0.57498854,0.57178456
YID3222,Planetary Health,Yale-NUS College,0.42718503,0.57450044,0.57174903
CH3222,Chinese Drama,Arts and Social Science,0.38773,0.631384,0.57172793
YSS2221,International Security,Yale-NUS College,0.43180388,0.57644224,0.57165444
PC2239,Special Problems in Undergrad Physics I,Science,0.4343083,0.57288706,0.5716297
MUA1190,Applied Voice Major Study 1A,YST Conservatory of Music,0.43424314,0.5819109,0.5715698
LSM4251,Plant Growth and Development,Science,0.42352557,0.5924772,0.5715567
LL4061,Inquiry,Law,0.4213094,0.58395267,0.5715559
LL4061V,Inquiry,Law,0.4213094,0.58395267,0.5715559
GEK1041,Understanding Globalisation,Arts and Social Science,0.44551575,0.58298683,0.571553
GEH1044,Understanding Globalisation,Arts and Social Science,0.44551575,0.58298683,0.571553
YHU2206,Introduction to Mathematical Logic,Yale-NUS College,0.40561873,0.57236856,0.571491
IS1103,Ethics in Computing,Computing,0.42244497,0.6141191,0.57145816
ST3248,Statistical Learning I,Science,0.4214805,0.59237564,0.57145214
SC3225,Social Capital,Arts and Social Science,0.44147635,0.5844689,0.57143825
LL4320,International Space Law,Law,0.43487343,0.59071225,0.5714066
LL4320V,International Space Law,Law,0.43487343,0.59071225,0.5714066
GL4990,"Women, Culture and Development",Arts and Social Science,0.42068917,0.5937701,0.57135886
CM4225,Organic Spectroscopy,Science,0.39840868,0.58171785,0.5713207
LL4102,Advanced Torts,Law,0.43685967,0.58053493,0.5712797
YID3233,Ecovillages and Ecotopias,Yale-NUS College,0.4324717,0.58488345,0.57127774
UTC1411,Jnr Sem: Systems Systems Everywhere,Residential College,0.44625312,0.5791271,0.57127273
YSS4207,Creative Cities,Yale-NUS College,0.4063186,0.5734954,0.5712246
TEE3131,Communication Systems,Cont and Lifelong Education,0.41013393,0.5960796,0.5711787
EE3131E,Communication Systems,Cont and Lifelong Education,0.41013393,0.5960796,0.5711787
YSS3246,Cities of the Global South,Yale-NUS College,0.43788692,0.5972786,0.5711721
CM1121,Organic Chemistry 1,Science,0.41603902,0.5905527,0.5711673
YSC1224,Introduction to Astronomy,Yale-NUS College,0.43201274,0.5938343,0.5711056
JS3214,Japanese Philosophy and Thought,Arts and Social Science,0.3864367,0.603228,0.57109296
YHU2334,Language and Meaning,Yale-NUS College,0.448289,0.5787382,0.5710143
NST2002,Evolution,NUS College,0.41385397,0.5817382,0.57096225
LL4373V,Advanced Copyright,Law,0.43276045,0.59061867,0.5709062
LL4373,Advanced Copyright,Law,0.43276045,0.59061867,0.5709062
PL4880M,Social Psychology and Technology,Arts and Social Science,0.4190463,0.5779654,0.57082605
PL4880MHM,Social Psychology and Technology,Arts and Social Science,0.4190463,0.5779654,0.57082605
SN3282,Violence and Visual Cultures in South Asia,Arts and Social Science,0.42866614,0.5796311,0.5708098
HY4241,Early Chinese Historiography,Arts and Social Science,0.40595716,0.5782516,0.5707978
HY4241HM,Early Chinese Historiography,Arts and Social Science,0.40595716,0.5782516,0.5707978
NHS2059,Law in the Making: From Protecting to Policing Society,NUS College,0.44193083,0.5850655,0.57079506
SC3204,Sociology of Education,Arts and Social Science,0.38640708,0.6148157,0.5707823
LSM3227,General Virology,Science,0.41700482,0.5807182,0.5707356
YSS3361,Politics and Film,Yale-NUS College,0.41550323,0.57537484,0.570729
PS3275,Regimes in Transition,Arts and Social Science,0.4390222,0.5856366,0.57069606
GEM1006,Study of Movement Aesthetics,Arts and Social Science,0.41400555,0.5785432,0.5706617
TMA2101,Calculus for Computing,Cont and Lifelong Education,0.4279849,0.5909768,0.5706433
LL4197,Comparative State and Religion in Southeast Asia,Law,0.43788677,0.5798166,0.5706285
LSM3223,Immunology,Yong Loo Lin Sch of Medicine,0.39482757,0.592183,0.57062465
PS4203,China's Foreign Policy,Arts and Social Science,0.4189144,0.5988145,0.5706173
PS4203HM,China's Foreign Policy,Arts and Social Science,0.4189144,0.5988145,0.5706173
SN3279,"Language, Culture and Identity in India",Arts and Social Science,0.4290365,0.58506405,0.57060623
YSS2201,Introduction to Psychology,Yale-NUS College,0.41152525,0.5704949,0.5704948
PL3281F,Lab in Learning Sciences,Arts and Social Science,0.3917478,0.5795573,0.57048255
LL4104,Jurisprudence,Law,0.4193408,0.5977664,0.5704702
LL4104V,Jurisprudence,Law,0.4193408,0.5977664,0.5704702
HY2268,Introduction to Public History,Arts and Social Science,0.41898763,0.59343714,0.57043827
GE4880,Topics in Geography III,Arts and Social Science,0.40705624,0.59261894,0.57041967
YHU2341,Philosophy of Games,Yale-NUS College,0.41969126,0.57901955,0.57040656
EC2374,Economy of Modern China I,Arts and Social Science,0.42548212,0.58635205,0.5704001
YSC3257,Molecular Biology,Yale-NUS College,0.38840622,0.57416904,0.57038784
LL4252,The EU and its Law,Law,0.43580222,0.5789099,0.570341
CH4227,Contemporary Chinese Literature in Twelve Key Words,Arts and Social Science,0.40571672,0.5950551,0.570317
CH4227HM,Contemporary Chinese Literature in Twelve Key Words,Arts and Social Science,0.40571672,0.5950551,0.570317
YHU3276,The Historian’s Craft,Yale-NUS College,0.41779444,0.62591183,0.57029456
YHU2292,Introduction to Writing Poetry,Yale-NUS College,0.4102976,0.60486513,0.57028246
BSN4714,New Opportunities from Market Failures,NUS Business School,0.43071842,0.57026,0.57026
ST4238,Stochastic Processes II,Science,0.44323954,0.57640916,0.5702558
MA4251,Stochastic Processes II,Science,0.44323954,0.57640916,0.5702558
GL4883C,Social Experiences of Disaster,Arts and Social Science,0.40472788,0.58458006,0.570172
GL4883CHM,Social Experiences of Disaster,Arts and Social Science,0.40472788,0.58458006,0.570172
YHU2313,Introduction to the Philosophy of Art,Yale-NUS College,0.3976605,0.586388,0.57013524
EC4351HM,Public Economics,Arts and Social Science,0.43349168,0.5757351,0.5701113
EC4351,Public Economics,Arts and Social Science,0.43349168,0.5757351,0.5701113
MUA3205,Jazz Study and Performance 1,YST Conservatory of Music,0.3991356,0.60289943,0.5700796
GE4228,Gender and the City,Arts and Social Science,0.43651745,0.5823049,0.5700706
GE4228HM,Gender and the City,Arts and Social Science,0.43651745,0.5823049,0.5700706
UTC2703,"Infectious Diseases: Dynamics, Strategies and Policies",Residential College,0.4088178,0.57614994,0.570051
LL4303,Law and Literature,Law,0.4112057,0.58276796,0.569986
LL4303V,Law and Literature,Law,0.4112057,0.58276796,0.569986
NEX3003,GEx New York,NUS College,0.42774,0.61607695,0.569932
MA2104,Multivariable Calculus,Science,0.43214005,0.5868926,0.569928
YIR3304,Independent Reading and Research,Yale-NUS College,0.4318558,0.58495784,0.5699204
YIR3304G,Independent Reading and Research,Yale-NUS College,0.4318558,0.58495784,0.5699204
YIR3320G,Independent Reading and Research,Yale-NUS College,0.4318558,0.58495784,0.5699204
YIR3320,Independent Reading and Research,Yale-NUS College,0.4318558,0.58495784,0.5699204
YIR3318G,Independent Reading and Research,Yale-NUS College,0.4318558,0.58495784,0.5699204
YIR3318,Independent Reading and Research,Yale-NUS College,0.4318558,0.58495784,0.5699204
YIR3317G,Independent Reading and Research,Yale-NUS College,0.4318558,0.58495784,0.5699204
YIR3317,Independent Reading and Research,Yale-NUS College,0.4318558,0.58495784,0.5699204
YIR3319G,Independent Reading and Research,Yale-NUS College,0.4318558,0.58495784,0.5699204
YIR3319,Independent Reading and Research,Yale-NUS College,0.4318558,0.58495784,0.5699204
YIR3305,Independent Reading and Research,Yale-NUS College,0.4318558,0.58495784,0.5699204
YIR3305G,Independent Reading and Research,Yale-NUS College,0.4318558,0.58495784,0.5699204
YIR3306,Independent Reading and Research,Yale-NUS College,0.4318558,0.58495784,0.5699204
YIR3306G,Independent Reading and Research,Yale-NUS College,0.4318558,0.58495784,0.5699204
YIR3307,Independent Reading and Research,Yale-NUS College,0.4318558,0.58495784,0.5699204
YIR3307G,Independent Reading and Research,Yale-NUS College,0.4318558,0.58495784,0.5699204
YIR3308,Independent Reading and Research,Yale-NUS College,0.4318558,0.58495784,0.5699204
YIR3308G,Independent Reading and Research,Yale-NUS College,0.4318558,0.58495784,0.5699204
YIR3309,Independent Reading and Research,Yale-NUS College,0.4318558,0.58495784,0.5699204
YIR3309G,Independent Reading and Research,Yale-NUS College,0.4318558,0.58495784,0.5699204
YIR3310G,Independent Reading and Research,Yale-NUS College,0.4318558,0.58495784,0.5699204
YIR3310,Independent Reading and Research,Yale-NUS College,0.4318558,0.58495784,0.5699204
YIR3311G,Independent Reading and Research,Yale-NUS College,0.4318558,0.58495784,0.5699204
YIR3311,Independent Reading and Research,Yale-NUS College,0.4318558,0.58495784,0.5699204
YIR3315,Independent Reading and Research,Yale-NUS College,0.4318558,0.58495784,0.5699204
YIR3315G,Independent Reading and Research,Yale-NUS College,0.4318558,0.58495784,0.5699204
YIR3312,Independent Reading and Research,Yale-NUS College,0.4318558,0.58495784,0.5699204
YIR3312G,Independent Reading and Research,Yale-NUS College,0.4318558,0.58495784,0.5699204
YIR3314G,Independent Reading and Research,Yale-NUS College,0.4318558,0.58495784,0.5699204
YIR3314,Independent Reading and Research,Yale-NUS College,0.4318558,0.58495784,0.5699204
YIR3313G,Independent Reading and Research,Yale-NUS College,0.4318558,0.58495784,0.5699204
YIR3313,Independent Reading and Research,Yale-NUS College,0.4318558,0.58495784,0.5699204
YIR3316,Independent Reading and Research,Yale-NUS College,0.4318558,0.58495784,0.5699204
YIR3316G,Independent Reading and Research,Yale-NUS College,0.4318558,0.58495784,0.5699204
YIR3301,Independent Reading and Research,Yale-NUS College,0.4318558,0.58495784,0.5699204
YIR3302G,Independent Reading and Research,Yale-NUS College,0.4318558,0.58495784,0.5699204
YIR3303,Independent Reading and Research,Yale-NUS College,0.4318558,0.58495784,0.5699204
YIR3301G,Independent Reading and Research,Yale-NUS College,0.4318558,0.58495784,0.5699204
YIR3302,Independent Reading and Research,Yale-NUS College,0.4318558,0.58495784,0.5699204
YIR3303G,Independent Reading and Research,Yale-NUS College,0.4318558,0.58495784,0.5699204
SPH3204,"One Health: People, Animals and the Environment",SSH School of Public Health,0.42635605,0.5715759,0.56984293
NTW2008,"Power, Space and Pleasure",NUS College,0.4505103,0.57642174,0.5698247
PF3105,Research Methods,College of Design and Engineering,0.41017336,0.60523045,0.5697564
PL4219HM,Advanced Abnormal Psychology,Arts and Social Science,0.41967973,0.5894276,0.5697424
PL4219,Advanced Abnormal Psychology,Arts and Social Science,0.41967973,0.5894276,0.5697424
MUH1101,Critical Approaches to Musical Discovery,YST Conservatory of Music,0.41556525,0.58885497,0.5697284
SN4231HM,Peasants and Capitalism in Asia,Arts and Social Science,0.4422959,0.5832632,0.569692
SN4231,Peasants and Capitalism in Asia,Arts and Social Science,0.4422959,0.5832632,0.569692
LSM4264,Freshwater Biology,Science,0.4020846,0.6078764,0.5696844
EC4305,Applied Econometrics,Arts and Social Science,0.40664217,0.5899592,0.56967944
EC4305HM,Applied Econometrics,Arts and Social Science,0.40664217,0.5899592,0.56967944
NHS2011,Ethics And The Environment,NUS College,0.4117673,0.6008423,0.56963974
SC3231,Facing the Climate Crisis of the Anthropocene,Arts and Social Science,0.41637656,0.59965503,0.5695999
PL3252,Social-Cognitive Perspectives on Emotion,Arts and Social Science,0.4181167,0.58035654,0.5695772
PL3253,Psychobiological Perspectives on Emotion,Arts and Social Science,0.42645222,0.5754757,0.5695297
LL4333V,International Criminal Law Clinic,Law,0.42567724,0.57592523,0.5694896
LL4333,International Criminal Law Clinic,Law,0.42567724,0.57592523,0.5694896
LL4361Z,Complex Arbitrations: Multiparty – Multicontract,Law,0.42453688,0.59905094,0.5694869
EC1301,Principles of Economics,Arts and Social Science,0.42121443,0.59179676,0.56947565
HY2247,Sport and History,Arts and Social Science,0.42294687,0.6114793,0.5694606
PS4322HM,Feminist Theory,Arts and Social Science,0.41928297,0.6243514,0.56941044
PS4322,Feminist Theory,Arts and Social Science,0.41928297,0.6243514,0.56941044
MUA3194,Voice Literature 1,YST Conservatory of Music,0.40310657,0.6110512,0.56940573
MUA3277,Computer-Aided Composition,YST Conservatory of Music,0.429335,0.59842736,0.56934226
YSS3270,Ethics and Global Affairs,Yale-NUS College,0.43128848,0.57803464,0.56933564
TMA2102,Linear Algebra,Cont and Lifelong Education,0.4231722,0.5794307,0.5693077
MUA3206,Jazz Study and Performance 2,YST Conservatory of Music,0.4191973,0.58441937,0.56929463
UTC1119,Junior Seminar: Crime and Punishment,Residential College,0.44331056,0.5854795,0.56924045
YSC3235,Animal Behaviour,Yale-NUS College,0.41862905,0.5970926,0.5691408
FSC4206,Advanced Criminal Litigation – Forensics on Trial,Science,0.42665082,0.5832466,0.56912994
NHS2063R,Indigeneity and the Politics of Representation in Sabah,NUS College,0.4439569,0.5745157,0.5691203
PS4882,Topics in International Relations,Arts and Social Science,0.43576974,0.58018875,0.56910574
PS4882HM,Topics in International Relations,Arts and Social Science,0.43576974,0.58018875,0.56910574
HY4228HM,Material Culture in History: Theory and Practice,Arts and Social Science,0.42702946,0.58858055,0.5690843
HY4228,Material Culture in History: Theory and Practice,Arts and Social Science,0.42702946,0.58858055,0.5690843
YLL2201,Intermediate Latin,Yale-NUS College,0.41082653,0.60466576,0.5690489
YSC3210,Introduction to Quantum Mechanics,Yale-NUS College,0.40811256,0.5933058,0.569038
CS4269,Fundamentals of Logic in Computer Science,Computing,0.3820618,0.57398117,0.5690176
FAS2882C,Media in Global Contexts,Arts and Social Science,0.41085792,0.5879069,0.56899416
PS3311,International Ethics,Arts and Social Science,0.41277596,0.57137495,0.5689862
MA1521,Calculus for Computing,Science,0.42615178,0.5801611,0.56897813
PS4882A,"Topics in IR: Globalisation, Security and the State",Arts and Social Science,0.4336391,0.5841568,0.5689508
PS4882AHM,"Topics in IR: Globalisation, Security and the State",Arts and Social Science,0.4336391,0.5841568,0.5689508
PE4101EHM,Political Economy of Money,Arts and Social Science,0.43582866,0.5850508,0.5688716
PE4101E,Political Economy of Money,Arts and Social Science,0.43582866,0.5850508,0.5688716
LL4531,The Human Rights of Women,Law,0.43461978,0.59658843,0.56884474
LL4531V,The Human Rights of Women,Law,0.43461978,0.59658843,0.56884474
LSM4268,Environmental Bioacoustics,Science,0.4121354,0.5853935,0.56884396
NTW2021,"Language, Culture and 'Natives' People",NUS College,0.44680947,0.5746456,0.56880593
EC2383,Environmental Economics,Arts and Social Science,0.43515202,0.5869986,0.56870764
YSS2246,Gender and Politics,Yale-NUS College,0.4392069,0.5973914,0.5686922
EC1101E,Introduction to Economic Analysis,Arts and Social Science,0.40472454,0.5976047,0.5686883
LAG4204HM,German Studies 2,Arts and Social Science,0.41605404,0.579366,0.56868786
LAG4204,German Studies 2,Arts and Social Science,0.41605404,0.579366,0.56868786
ST2131,Probability,Science,0.4375225,0.5759269,0.56865466
MA2116,Probability,Science,0.4375225,0.5759269,0.56865466
AN4206,The Political Economy of Music,Arts and Social Science,0.4240186,0.574634,0.5686275
MS3213,Ideology & Ideas on Malay Development,Arts and Social Science,0.41414812,0.5733954,0.5686121
YSS4239,Adv Seminar in Urban Studies: Transnational Urbanism,Yale-NUS College,0.43767673,0.5918098,0.5685957
GEM2911,Committed to Changing Our World: Dana Meadows’ Legacy,Residential College,0.42367196,0.58213615,0.5685797
GEM2911X,Committed to Changing Our World: Dana Meadows’ Legacy,Residential College,0.42367196,0.58213615,0.5685797
GE3880,Topics in Geography II,Arts and Social Science,0.40528166,0.5814494,0.56855524
MUA1223,Desktop Mixing and Production,YST Conservatory of Music,0.42937523,0.59795403,0.5685392
EN4264HM,Modern Poetry,Arts and Social Science,0.4285352,0.5772278,0.5685253
NST2005,"The Doors of Perception: Biology, Technology & Culture",NUS College,0.4210413,0.57862,0.5685002
PE4102EHM,Institutions and Political Economy,Arts and Social Science,0.43063512,0.5947825,0.5684702
PE4102E,Institutions and Political Economy,Arts and Social Science,0.43063512,0.5947825,0.5684702
BN2001,Independent Study,College of Design and Engineering,0.41402933,0.5750666,0.56846726
BSN3716,360-Degree Business Innovation Strategy,NUS Business School,0.42452487,0.5865457,0.5684461
NST2018,How Linguists Work,NUS,0.3925413,0.58205074,0.5684299
CS4216,Constraint Logic Programming,Computing,0.41429064,0.5752835,0.568386
YSS2228,Modern Southeast Asia,Yale-NUS College,0.4277614,0.58023053,0.5683846
LL4505,Policies & Public Interest in International Arbitration,Law,0.40153068,0.60331315,0.5683764
LL4505V,Policies & Public Interest in International Arbitration,Law,0.40153065,0.60331315,0.5683764
PL4203HM,Cognition,Arts and Social Science,0.42908892,0.58501613,0.5683738
PL4203,Cognition,Arts and Social Science,0.42908892,0.58501613,0.5683738
PS2250,International Politics of Southeast Asia,Arts and Social Science,0.41610935,0.5761601,0.5683457
YSS3271,Contemporary Political Comedy,Yale-NUS College,0.44512296,0.57420516,0.5682548
LL4311,Islamic Law and the Family,Law,0.40754998,0.6304143,0.56822664
HY2251,From the Wheel to the Web,Arts and Social Science,0.43917194,0.5770978,0.5682108
PHS3101,Principles of Pharmaceutical Formulations II,Science,0.41083696,0.5772642,0.5681642
PHS2117,Principles of Pharmaceutical Formulations II,Science,0.41083696,0.5772642,0.56816417
YSS4208B,Adv Topic in Anthro: Reproductive Technologies,Yale-NUS College,0.42291364,0.58459204,0.56816393
TS4216HM,Theatre and Gender,Arts and Social Science,0.41385835,0.59180987,0.5681466
TS4216,Theatre and Gender,Arts and Social Science,0.4138584,0.59180987,0.5681466
MS2212,Law and Malay Society,Arts and Social Science,0.42171565,0.61365545,0.5681149
SPH2401,Introduction to Global Health,SSH School of Public Health,0.4078352,0.5981235,0.5680979
CS2104,Programming Language Concepts,Computing,0.4160828,0.5763097,0.56804687
PS2238,International Politics of Northeast Asia,Arts and Social Science,0.43185505,0.5904477,0.56800294
GE4239HM,Coastal Dynamics,Arts and Social Science,0.3905864,0.6089173,0.5679129
LL4354V,Comparative Human Rights Law,Law,0.43739945,0.6049499,0.5678973
LL4354,Comparative Human Rights Law,Law,0.43739945,0.6049499,0.5678973
HS2905,Cheeseburger in Paradise: Why We Eat What We Eat,Arts and Social Science,0.4270896,0.5887982,0.5678269
HSH1000,The Human Condition,Arts and Social Science,0.42411703,0.586699,0.5678261
CS1231,Discrete Structures,Computing,0.435759,0.57383895,0.56781524
AN4210,Urban Anthropology,Arts and Social Science,0.45445734,0.5744349,0.56778556
SC4206,Urban Anthropology,Arts and Social Science,0.45445722,0.57443476,0.56778544
SC4206HM,Urban Anthropology,Arts and Social Science,0.45445722,0.57443476,0.56778544
YHU3319,Disability and the Arts,Yale-NUS College,0.4115559,0.5724796,0.5677782
NHS2035,Ordinary Politics,NUS,0.44734088,0.587726,0.5677741
LSM3266,Avian Biology and Evolution,Science,0.38588652,0.6161591,0.56777036
EC3378,Emerging India in Asia's Economic Integration,Arts and Social Science,0.4326866,0.5766728,0.56770825
YSC3243,Bayesian Statistics,Yale-NUS College,0.42157382,0.5831443,0.5677077
GEK2029,Applied Ethics,Arts and Social Science,0.42921692,0.5710725,0.5676773
PH2208,Applied Ethics,Arts and Social Science,0.42921692,0.5710725,0.5676773
CS1231S,Discrete Structures,Computing,0.43505713,0.5721374,0.5676669
YSS2226,"Language, Culture, Power",Yale-NUS College,0.42176944,0.57154053,0.5676499
LSM3214,Human Physiology - Hormones and Health,Yong Loo Lin Sch of Medicine,0.41990906,0.57502687,0.56764305
UTW1001E,From Human to 'Posthuman',Non-Faculty-based Departments,0.44758695,0.5752777,0.5675918
YSS4294,Political Theory & the British Empire in Southeast Asia,Yale-NUS College,0.41824356,0.59286124,0.5675236
YSS2254,Statistics for Psychology using SPSS,Yale-NUS College,0.40391394,0.58297706,0.56750655
YHU3283,Reality,Yale-NUS College,0.44028056,0.57902837,0.56749797
MA4262,Measure and Integration,Science,0.42040348,0.59015733,0.56748307
SE2227,Southeast Asian Gardens: History and Symbolism,Arts and Social Science,0.41789722,0.57319677,0.5673854
FAS2882D,An Introduction to Psychology Through Illusion,Arts and Social Science,0.43395826,0.5728975,0.5673553
LSM4260,Plankton Ecology,Science,0.4011504,0.592693,0.5673462
EN3227,Romanticism,Arts and Social Science,0.39655027,0.57948184,0.56733626
EC4377,Global Economic History,Arts and Social Science,0.43575016,0.57446265,0.56729716
EC4377HM,Global Economic History,Arts and Social Science,0.43575016,0.57446265,0.56729716
YSS3254,Globalization on the Ground,Yale-NUS College,0.45219898,0.5835129,0.56727993
LL4431V,Choice of Law: Practice and Theories,Law,0.42267025,0.581033,0.5672538
LL4431,Choice of Law: Practice and Theories,Law,0.42267025,0.581033,0.5672538
YSC2232,Linear Algebra,Yale-NUS College,0.42886055,0.5777179,0.5672534
HSI2010,New Worlds Beyond Earth,Science,0.41815615,0.5712533,0.5672518
PC4274,Mathematical Methods in Physics III,Science,0.40017486,0.5871788,0.5671727
YSS4292,Ethics in Psychology: Research and Practice,Yale-NUS College,0.4057117,0.57239896,0.5671481
PL4237,Evidence-Based Treatments for Trauma,Arts and Social Science,0.402968,0.58937925,0.56708366
PL4237HM,Evidence-Based Treatments for Trauma,Arts and Social Science,0.402968,0.58937925,0.56708366
NTW2013,Scholarly Pursuits,NUS,0.40416822,0.5781081,0.567074
PC4241,Statistical Mechanics,Science,0.43577296,0.5828818,0.5670436
PS3880,Topics in Political Science,Arts and Social Science,0.42884117,0.57825685,0.56704336
TS3243,Stage and Screen,Arts and Social Science,0.41188294,0.5956023,0.5670099
NGT2001E,Global Social Thought,NUS College,0.43230477,0.5741803,0.5670066
NGT2001G,Global Social Thought,NUS College,0.43230477,0.5741803,0.5670066
NGT2001H,Global Social Thought,NUS College,0.43230477,0.5741803,0.5670066
NGT2001B,Global Social Thought,NUS College,0.43230477,0.5741803,0.5670066
NGT2001C,Global Social Thought,NUS College,0.43230477,0.5741803,0.5670066
NGT2001K,Global Social Thought,NUS College,0.43230477,0.5741803,0.5670066
NGT2001D,Global Social Thought,NUS College,0.43230477,0.5741803,0.5670066
NGT2001J,Global Social Thought,NUS College,0.43230477,0.5741803,0.5670066
NGT2001F,Global Social Thought,NUS College,0.43230477,0.5741803,0.5670066
NGT2001,Global Social Thought,NUS College,0.43230477,0.5741803,0.5670066
NGT2001A,Global Social Thought,NUS College,0.43230477,0.5741803,0.5670066
NGT2001I,Global Social Thought,NUS College,0.43230477,0.5741803,0.5670066
GE3224,Cultural Landscapes,Arts and Social Science,0.40356934,0.5766288,0.56697
LAG4203,German Studies 1,Arts and Social Science,0.39246416,0.5781627,0.5669554
LAG4203HM,German Studies 1,Arts and Social Science,0.39246416,0.5781627,0.5669554
GEC1007,Geopolitics: Geographies of War & Peace,Arts and Social Science,0.41977143,0.58071166,0.566955
GEH1022,Geopolitics:Geographies of War & Peace,Arts and Social Science,0.41977143,0.58071166,0.566955
LSM4256,Evolution of Development,Science,0.41134945,0.5955452,0.56694394
YSS3253,Anthropology of Development,Yale-NUS College,0.42369837,0.5779462,0.5669144
YSC4235,Graph Theory,Yale-NUS College,0.41690424,0.5789842,0.5669047
MUT2202,Counterpoint Through the Ages,YST Conservatory of Music,0.3900101,0.5770227,0.5666479
EL3253,Critical Discourse Analysis,Arts and Social Science,0.41797,0.57311475,0.5666267
YHU4216,Advanced Poetry Writing,Yale-NUS College,0.40822577,0.5775406,0.5666222
PS4881HM,Topics in Comparative Politics,Arts and Social Science,0.4332128,0.5730989,0.56660604
PS4881,Topics in Comparative Politics,Arts and Social Science,0.4332128,0.5730989,0.56660604
UTW2001R,"Discourse, Citizenship, and Society",Non-Faculty-based Departments,0.42084175,0.57856596,0.5665736
FMA1202D,"Taking Risks: Economics, Psychology, and Biology",Arts and Social Science,0.42831448,0.5747354,0.5665625
LAH4201HM,Hindi 5,Arts and Social Science,0.4173532,0.58587664,0.566551
LAH4201,Hindi 5,Arts and Social Science,0.4173532,0.58587664,0.566551
YHU3254,From Edo to Modern City: Tokyo,Yale-NUS College,0.42973626,0.5709315,0.5665122
GL4883AHM,Conflict and Natural Resources,Arts and Social Science,0.42755926,0.5769297,0.566491
GL4883A,Conflict and Natural Resources,Arts and Social Science,0.42755926,0.5769297,0.566491
PS2239,Foreign Policy and Diplomacy,Arts and Social Science,0.45113677,0.5758954,0.56648827
GEK2010,Foreign Policy and Diplomacy,Arts and Social Science,0.45113677,0.5758954,0.56648827
SFI2074,Introducing Cambodia (with introductory Vietnamese),NUS,0.42000192,0.56841564,0.5664748
YHU4253,The Global South Novel,Yale-NUS College,0.4196181,0.59765494,0.56643593
EN4264,Modern Poetry,Arts and Social Science,0.4258831,0.5748652,0.5664152
NST2057,Hormesis and Life,NUS College,0.43087935,0.58767885,0.56640494
NST2035,Hormesis and Life,NUS,0.43087935,0.5876789,0.56640494
MUA1168,Foundational Area Study 1,YST Conservatory of Music,0.43357283,0.59156126,0.56640434
HS2921,Effective Altruism in Theory and Practice,Arts and Social Science,0.44585013,0.57018757,0.5663603
GEC1019,Religion and Film,Arts and Social Science,0.40316036,0.578845,0.56634015
GEH1055,Religion and Film,Arts and Social Science,0.40316036,0.578845,0.56634015
GEM1033,Religion and Film,Arts and Social Science,0.40316036,0.578845,0.56634015
YHU4215,Advanced Fiction Writing,Yale-NUS College,0.4150084,0.59460837,0.5663222
SC1101E,Making Sense of Society,Arts and Social Science,0.4238477,0.58713686,0.566209
PH4205HM,Topics in East Asian Philosophy,Arts and Social Science,0.40398362,0.5899318,0.5661901
PH4205,Topics in East Asian Philosophy,Arts and Social Science,0.40398362,0.5899318,0.5661901
YSS3291,Economics of Globalisation,Yale-NUS College,0.43383145,0.58923733,0.56618226
NHS2083,What is the Meaning of Life?,NUS College,0.4142831,0.5913087,0.56617355
JS3210,Japan in the Twentieth Century,Arts and Social Science,0.42098564,0.5872352,0.5661677
EC4331,Monetary Economics and Policy,Arts and Social Science,0.41411665,0.582123,0.5661183
EC4331HM,Monetary Economics and Policy,Arts and Social Science,0.41411665,0.582123,0.5661183
LL4284,Confucianism and Law,Law,0.38685212,0.57619536,0.5661154
SN4275,South Asian Languages and Literatures,Arts and Social Science,0.40248984,0.57457316,0.56608486
SN4275HM,South Asian Languages and Literatures,Arts and Social Science,0.40248984,0.57457316,0.56608486
MA3211S,Complex Analysis I (S),Science,0.42928928,0.5758394,0.5660814
CH4247HM,Print Culture in Modern China,Arts and Social Science,0.42227942,0.5763757,0.5660806
CH4247,Print Culture in Modern China,Arts and Social Science,0.42227942,0.5763757,0.5660806
PH3252,Introduction to Philosophy of Mathematics,Arts and Social Science,0.39017993,0.5895231,0.56607217
GEM1902M,Junior Seminar: On Blindness,Residential College,0.42835796,0.56962717,0.56602347
LL4519,"Religion, State and Multiculturalism",Law,0.43345803,0.58182675,0.5660218
LL4519V,"Religion, State and Multiculturalism",Law,0.43345803,0.58182675,0.5660218
GE3235,Geographies of Development,Arts and Social Science,0.42173555,0.57875156,0.5660137
NHS2031,Southeast Asia: The Making Of A Region,NUS College,0.43243948,0.56925666,0.56599504
LL4146V,Law & Society,Law,0.43914866,0.57814467,0.5658447
LL4146,Law & Society,Law,0.43914866,0.57814467,0.5658447
PC2412,Celestial Exploration,Science,0.4291262,0.5836891,0.56580466
EL4221,Narrative Structures,Arts and Social Science,0.40144467,0.58964634,0.5658032
EL4221HM,Narrative Structures,Arts and Social Science,0.40144467,0.58964634,0.5658032
GL4880A,"Globalization, Culture, and Identity",Arts and Social Science,0.4546672,0.56887287,0.5657763
GL4880AHM,"Globalization, Culture, and Identity",Arts and Social Science,0.4546672,0.56887287,0.5657763
LL4073V,International Criminal Law,Law,0.43877038,0.5832825,0.5657279
LL4073,International Criminal Law,Law,0.43877038,0.5832825,0.5657279
LC1002F,Introduction to Legal Theory (F),Law,0.4304169,0.5687661,0.5657071
UTW1001U,The Detective,Non-Faculty-based Departments,0.43400398,0.5767699,0.5656524
GEH1033,How the Ocean Works,Science,0.4375885,0.57296675,0.5656485
GE2202,Economy & Space,Arts and Social Science,0.41989622,0.5813571,0.56560165
SC3226,Markets and Society,Arts and Social Science,0.4482594,0.58095276,0.5655961
YSS4264,Psychology of Social Conformity,Yale-NUS College,0.42651275,0.57216024,0.5655873
AS3238,The Political History of the US,Arts and Social Science,0.44130838,0.6027516,0.56554335
TS4401HM,Honours Thesis,Arts and Social Science,0.4243258,0.5723432,0.5655242
TS4401,Honours Thesis,Arts and Social Science,0.4243258,0.5723432,0.5655242
UTC1112F,Special Topics Junior Seminar: Science Fiction Movies in the East and West,Residential College,0.4265068,0.5809071,0.5655066
SE2225,Forbidden Pleasures: Vice in Southeast Asia,Arts and Social Science,0.43548927,0.5669137,0.56547403
NHS2046,Transitional Justice and War Crimes Trials: Case Studies from Singapore and Asia,NUS College,0.42572722,0.5703276,0.5653772
NHS2065,Moral Emotions in Everyday Life,NUS College,0.43535432,0.602767,0.5653693
YHU2331,Introduction to Logic: A Multi-Cultural Perspective,Yale-NUS College,0.42714834,0.5794375,0.56534225
YHU2232,"Global Science Fiction: Their Worlds, Ourselves",Yale-NUS College,0.41118205,0.59552574,0.56534034
EL2101,Structure of Sentences and Meanings,Arts and Social Science,0.41948745,0.58257735,0.56527364
EL2102,Sound Patterns in Language,Arts and Social Science,0.42351082,0.5706171,0.5652653
UTC1702H,Thinking in Systems: Makings of the Ecopreneur,Residential College,0.42746928,0.58427787,0.565265
YSS3262,Global Cities,Yale-NUS College,0.41330242,0.5862797,0.5652436
LL4345V,The Fulfilled Life and the Life of the Law,Law,0.4418664,0.5773975,0.56521726
LL4345,The Fulfilled Life and the Life of the Law,Law,0.4418664,0.5773975,0.56521726
LL4291,Legal Pluralism and Global Law,Law,0.42936158,0.57014185,0.56519204
LL4291V,Legal Pluralism and Global Law,Law,0.42936158,0.57014185,0.56519204
AH2202,Modern Art: A Critical Introduction,Arts and Social Science,0.42169616,0.5864918,0.5651833
HY3259,Issues in Korean Cultural History since 1945,Arts and Social Science,0.42458776,0.5724823,0.5651132
YSS4265,The Anthropology of Possible Worlds,Yale-NUS College,0.4221339,0.62662315,0.565102
YHU3365,Korean Popular Culture,Yale-NUS College,0.41943702,0.57518834,0.5650928
HY3202,International History of SE Asia,Arts and Social Science,0.4135821,0.5854223,0.5650711
MA4255,Numerical Methods in Differential Equations,Science,0.4108321,0.5995606,0.5650414
MA4273,Algebraic Geometry of Curves and Surfaces,Science,0.42323574,0.5736004,0.56504023
YHU2332,Perspectives on Gender in Chinese Philosophy,Yale-NUS College,0.40471423,0.5681449,0.56501323
GE4238HM,"The Middle East: cities, states and territory",Arts and Social Science,0.44804642,0.58234763,0.56494766
GE4238,"The Middle East: cities, states and territory",Arts and Social Science,0.44804642,0.58234763,0.56494766
MUA3168,Intermediate Area Study,YST Conservatory of Music,0.44010654,0.57437485,0.56491435
PH4244,Issues in Philosophy of Mathematics,Arts and Social Science,0.39599204,0.57649195,0.5649128
PH4244HM,Issues in Philosophy of Mathematics,Arts and Social Science,0.39599204,0.57649195,0.5649128
YSS3293,Christianities in Cross-Cultural Perspective,Yale-NUS College,0.4218039,0.57926106,0.56491053
ST4232,Nonparametric Statistics,Science,0.4374305,0.5806831,0.564895
MUT3223,Early Twentieth-Century Music,YST Conservatory of Music,0.40768844,0.5786337,0.56488717
YHU3205,Ming Imperial Voyages,Yale-NUS College,0.42310175,0.56485915,0.56485915
GE4239,Coastal Dynamics,Arts and Social Science,0.38623652,0.6048898,0.564857
NHS2018,Multidisciplinary Inquiries Into the Mystery of “Minds”,NUS College,0.4099925,0.57312894,0.5648557
MS4204HM,The Malay Middle Class,Arts and Social Science,0.43930364,0.5717236,0.56477517
MS4204,The Malay Middle Class,Arts and Social Science,0.43930364,0.5717236,0.56477517
XFA4417SE,Integrated Honours Thesis,Arts and Social Science,0.42546254,0.5752266,0.56472975
RE3905,Economics of Sustainability,NUS Business School,0.3947064,0.57176185,0.56472486
EL3203,Semantics and Pragmatics,Arts and Social Science,0.4390262,0.57159686,0.564718
YSS4259,The Economics of Climate Change,Yale-NUS College,0.4037454,0.614225,0.56468594
SFI2072,Introducing Cambodia,NUS,0.4143179,0.5723419,0.56466484
YHU2225,Love and Friendship,Yale-NUS College,0.42511168,0.5784991,0.5646367
YSS3255,International Development,Yale-NUS College,0.43367714,0.5707034,0.5645765
HY2235,Environmental History,Arts and Social Science,0.39750046,0.59459275,0.5645473
LL4482V,Transitional Justice in Asia,Law,0.41615006,0.59172165,0.5644976
LL4482,Transitional Justice in Asia,Law,0.41615006,0.59172165,0.5644976
SFI2034,Introducing Thailand (with Introductory Thai),NUS,0.43071675,0.59578335,0.564404
UTC2729,Mastering Causal Inference,Residential College,0.4298627,0.5828744,0.5643668
TS2243,Film Genres: Stars and Styles,Arts and Social Science,0.42904088,0.5988287,0.5643551
GEM2026,Film Genres: Stars and Styles,Arts and Social Science,0.42904088,0.5988287,0.5643551
PC1433,Mechanics and Waves,Science,0.42232308,0.57334775,0.564336
BSE3702,Economics of Strategy,NUS Business School,0.41413134,0.57331806,0.56431377
YHU4233,"Violence, Poetry and the Arts",Yale-NUS College,0.39675802,0.5671108,0.5642452
XFA4417,Integrated Honours Thesis,Arts and Social Science,0.42426515,0.5749992,0.5642266
XFA4417PL,Integrated Honours Thesis,Arts and Social Science,0.42426515,0.5749992,0.5642266
HY3265,Researching the Past,Arts and Social Science,0.40494895,0.6087134,0.5641981
GL4882BHM,Contested Globalisation: Resistance and Resilience,Arts and Social Science,0.43731305,0.5692159,0.56411916
GL4882B,Contested Globalisation: Resistance and Resilience,Arts and Social Science,0.43731305,0.5692159,0.56411916
YHU4236,“New” Media: Inquiries into Literature & Technology,Yale-NUS College,0.37390214,0.58275044,0.5640758
EC3880A,Topics in Economics: Understanding Government,Arts and Social Science,0.43152052,0.56712675,0.5640553
ST4248,Statistical Learning II,Science,0.41741845,0.58329695,0.5640385
ID2117,The Art of Imaginative Sketching,College of Design and Engineering,0.38403603,0.5740235,0.5640346
LL4437,Law and Democracy in East Asia,Law,0.41953304,0.5746554,0.5639866
LL4437V,Law and Democracy in East Asia,Law,0.41953304,0.5746554,0.5639866
FSC4204,Criminalistics: Evidence and Proof,Science,0.448244,0.5697604,0.5639521
HY4229,Biography and History,Arts and Social Science,0.40419015,0.63482356,0.5639521
HY4229HM,Biography and History,Arts and Social Science,0.40419015,0.63482356,0.5639521
LL4031V,International Environmental Law & Policy,Law,0.404678,0.5721197,0.56393856
LL4031,International Environmental Law & Policy,Law,0.404678,0.5721197,0.56393856
NM3241,Cultural Studies: Theory and Practice,Arts and Social Science,0.40709832,0.58633554,0.56393796
PS2247,South Asian Politics,Arts and Social Science,0.4393026,0.56537485,0.5639156
NHS2078,"Death, Memorial, and Mourning",NUS College,0.41907975,0.56946486,0.56387085
UTC1102D,Junior Seminar: Images,Residential College,0.40190935,0.5741308,0.563839
RE4711,FYP Dissertation,NUS Business School,0.41642508,0.5690063,0.56377983
SN2283,China-India Interactions: Changing Perspectives,Arts and Social Science,0.43332973,0.5744629,0.56377816
GEH1017,Computation & Machine: Ancient to Modern,Science,0.41729054,0.5844195,0.5637664
ST4250,Multivariate Statistical Analysis,Science,0.443326,0.5697078,0.56375974
HY2249,Art and History,Arts and Social Science,0.39864582,0.5779363,0.563725
CN2125,Heat & Mass Transfer,College of Design and Engineering,0.42163184,0.57503015,0.56372064
PS3233,Political and International Ethics,Arts and Social Science,0.43182346,0.56577253,0.5637092
EN4221,Topics in the Seventeenth Century,Arts and Social Science,0.3996448,0.5845369,0.56365216
EN4221HM,Topics in the Seventeenth Century,Arts and Social Science,0.3996448,0.5845369,0.56365216
YID1201,Introduction to Environmental Studies,Yale-NUS College,0.39007324,0.593577,0.56364214
EC4387,Housing Economics,Arts and Social Science,0.42727458,0.6018412,0.5635644
EC4387HM,Housing Economics,Arts and Social Science,0.42727458,0.6018412,0.5635644
SE3228,The Universe Unraveling: Narratives of War in Indochina,Arts and Social Science,0.44578108,0.56733507,0.56354654
LL4122V,The Contemporary Indian Legal System,Law,0.42316926,0.5662227,0.5635048
LSM3259,Fungal Biology,Science,0.39662758,0.5856896,0.56346095
PC2135,Thermodynamics and Statistical Mechanics,Science,0.4207667,0.5686781,0.5634275
YHU4219,Doing Things with Words,Yale-NUS College,0.42758214,0.5660645,0.56342256
AN2101,Research Methods in Anthropology,Arts and Social Science,0.4180258,0.5800288,0.5633989
PL4880J,The Right and Left Brain,Arts and Social Science,0.42470926,0.56677103,0.5633956
PL4880JHM,The Right and Left Brain,Arts and Social Science,0.42470926,0.56677103,0.5633956
NTW2014,Clothing Identities,NUS,0.4147247,0.57149625,0.5633851
ST4251,Categorical Data Analysis I,Science,0.43560693,0.5744542,0.5633505
HS2926,CRISPR: Saving Lives or Playing God?,Science,0.40479898,0.5718931,0.56333476
MUA4205,Advanced Conducting II,YST Conservatory of Music,0.43935126,0.566843,0.56332934
PS4236HM,Environmental Political Theory,Arts and Social Science,0.42157245,0.58807725,0.5633072
PS4236,Environmental Political Theory,Arts and Social Science,0.42157245,0.58807725,0.5633072
EN4401HM,Honours Thesis,Arts and Social Science,0.4274754,0.5774627,0.56328875
EN4401,Honours Thesis,Arts and Social Science,0.4274754,0.5774627,0.56328875
CS4230,Foundations of Modern Cryptography,Computing,0.41305378,0.6064974,0.5632645
NTW2020,Technologies of Home,NUS College,0.4216372,0.57109344,0.56323546
EC4312,Strategy and Information,Arts and Social Science,0.44123596,0.57311815,0.5632113
CM1131,Physical Chemistry 1,Science,0.41455656,0.56688935,0.56316704
SE2219,Culture and Power in Southeast Asia,Arts and Social Science,0.41506293,0.57428014,0.5631385
IFS4102,Digital Forensics,Computing,0.40378648,0.57181674,0.56312156
EL3201,Syntax,Arts and Social Science,0.4256146,0.57192767,0.56311387
AH2101,Introduction to Art History,Arts and Social Science,0.38009965,0.5830218,0.56311315
EN2275,Writing About Literature,Arts and Social Science,0.37074846,0.57891005,0.56305134
PC3246,Astrophysics I,Science,0.41915208,0.5671614,0.5630511
GE4231HM,Urban and Regional Economies,Arts and Social Science,0.41958743,0.5630102,0.5630102
GE4231,Urban and Regional Economies,Arts and Social Science,0.41958743,0.5630102,0.5630102
SN2271,"Religion, Caste and Society in South Asia",Arts and Social Science,0.41925883,0.5755189,0.5629831
SPH2105A,Introduction to Global Health,SSH School of Public Health,0.40237862,0.5942859,0.56293094
LC1001F,Criminal Law (F),Law,0.4145854,0.56279886,0.56279886
YSC1217,"Creativity, Imagination and Theoretical Physics",Yale-NUS College,0.39174038,0.5658593,0.5627841
SN3275,Subtle Tamil Traits? Tamil Culture and Society,Arts and Social Science,0.40500754,0.56789476,0.5627567
GE3253,Weather and Climate,Arts and Social Science,0.4405599,0.59460604,0.56275225
MA4275,Mathematics of Reinforcement Learning,Science,0.41388884,0.57268965,0.56265366
YSS3213,Culture and Violence,Yale-NUS College,0.43716767,0.5905881,0.562628
YHU2323,Decolonizing Color,Yale-NUS College,0.41968265,0.57180774,0.56261814
YID3224,Empires and Environments,Yale-NUS College,0.40446454,0.60426545,0.5626019
TS3239,Reading Asian Drama,Arts and Social Science,0.41501752,0.58130795,0.5625782
EL2208,Bilingualism,Arts and Social Science,0.39539918,0.57669795,0.5625361
EL3208,Bilingualism,Arts and Social Science,0.39539918,0.57669795,0.5625361
YSS3203,Behavioral Economics,Yale-NUS College,0.41820544,0.57947046,0.5625182
UTW1001C,"At the Edges of the Law: Ethics, Morality and Society",Non-Faculty-based Departments,0.43302295,0.58323497,0.5625096
SC3216,Self and Society,Arts and Social Science,0.43009648,0.57553494,0.5624962
PS2257,Contemporary African Politics,Arts and Social Science,0.44375306,0.5696752,0.5624945
EC4307,Issues in Macroeconomics,Arts and Social Science,0.42217284,0.5707784,0.56248754
EC4307HM,Issues in Macroeconomics,Arts and Social Science,0.42217284,0.5707784,0.56248754
NHS2073,Unseen Risks: Gender and the Everyday,NUS College,0.4164438,0.58160913,0.56248367
EL3880D,The Lexicon of English,Arts and Social Science,0.41432723,0.57613903,0.5624635
EN2202,Critical Reading,Arts and Social Science,0.41042504,0.57198447,0.56235087
JS3230,Men and Women in Modern Japanese Literature,Arts and Social Science,0.4037503,0.5821629,0.5623081
YSS3212,Chinese Politics,Yale-NUS College,0.41051713,0.585727,0.56228834
LL4254V,Developing States in a Changing World Order,Law,0.4243794,0.5742369,0.5622595
GET1031,Computational Thinking,Computing,0.4223501,0.57383287,0.56222093
YIL1201R,Directed Language Study: Beginning Russian 1,Yale-NUS College,0.40946913,0.57199764,0.5622128
LL4435V,Foundations of Environmental Law,Law,0.3824164,0.5960656,0.5622089
LL4435,Foundations of Environmental Law,Law,0.3824164,0.5960656,0.5622089
YSC3239,Geometry and the Emergence of Perspective,Yale-NUS College,0.4083809,0.57776874,0.5621873
PH4312HM,Contemporary Readings in East Asian Philosophy,Arts and Social Science,0.41564652,0.57222027,0.56206644
PH4312,Contemporary Readings in East Asian Philosophy,Arts and Social Science,0.41564652,0.57222027,0.56206644
MUH2204,Music after World War II,YST Conservatory of Music,0.40552604,0.5719141,0.56205213
ME4231,Aerodynamics,College of Design and Engineering,0.42105085,0.59708136,0.56203824
YID2213,Urban Agriculture,Yale-NUS College,0.4161194,0.5758172,0.5620357
YSC2258,Fungi and Society,Yale-NUS College,0.40049684,0.609614,0.5620139
UTC1120,Emotions in Modern Society,Residential College,0.42267224,0.57643545,0.5619839
LSM4254,Principles of Taxonomy and Systematics,Science,0.41394842,0.5980915,0.5619572
HY2236,US Media in the 20th Century & Beyond,Arts and Social Science,0.4108879,0.5768721,0.56193197
AS2236,US Media in the 20th Century & Beyond,Arts and Social Science,0.4108879,0.5768721,0.56193197
YHU3284,Postcolonial Literatures Today,Yale-NUS College,0.40833402,0.6074928,0.5618833
CE3132,Hydrology and Free Surface Flows,College of Design and Engineering,0.41055858,0.5875466,0.5618807
YSS3248,Advanced Macroeconomics,Yale-NUS College,0.40116796,0.5657177,0.561879
YLS1201,Beginning Spanish 1,Yale-NUS College,0.39670947,0.61686766,0.56177807
YIL3201S,Directed Language Study: Advanced Sanskrit,Yale-NUS College,0.41256425,0.57628083,0.5617622
PS3880A,Modern Chinese Political Thought,Arts and Social Science,0.4225583,0.56415325,0.56173
NTW2027,What is Wisdom?,NUS College,0.41499168,0.56476367,0.5616909
YHU2304,Global Histories of Slavery,Yale-NUS College,0.4251389,0.56940866,0.5616485
GE4211,Advanced Hydrology and Water Resources Management,Arts and Social Science,0.41586065,0.57929015,0.5616425
GE4211HM,Advanced Hydrology and Water Resources Management,Arts and Social Science,0.41586065,0.57929015,0.5616425
LL4480,Economic Analysis of Private Law (Contract and Torts),Law,0.40739438,0.5723011,0.5616359
LL4480V,Economic Analysis of Private Law (Contract and Torts),Law,0.40739438,0.5723011,0.5616359
MA1311,Matrix Algebra,Science,0.42361355,0.5778468,0.5614819
PC3274,Mathematical Methods in Physics II,Science,0.3885986,0.58851105,0.5614732
EL4204HM,Pragmatics,Arts and Social Science,0.4330785,0.5652699,0.56145036
EL4204,Pragmatics,Arts and Social Science,0.4330785,0.5652699,0.56145036
LSM3212,Human Physiology: Cardiopulmonary System,Yong Loo Lin Sch of Medicine,0.39100045,0.58637875,0.56144536
YHU4278,Daoist Philosophy,Yale-NUS College,0.40278938,0.5743531,0.561401
MA3205,Set Theory,Science,0.40601146,0.599097,0.5613885
PL4254HM,Animal Behaviour and Cognition,Arts and Social Science,0.40868914,0.5702854,0.5613685
PL4254,Animal Behaviour and Cognition,Arts and Social Science,0.40868914,0.5702854,0.5613685
SN3261,"Exile, Indenture, IT: Global South Asians",Arts and Social Science,0.43342736,0.5655384,0.5613667
YHU2203,Masterpieces of Western Art: Renaissance to the Present,Yale-NUS College,0.40676233,0.5996685,0.5613604
MUA3173,Electroacoustics,YST Conservatory of Music,0.3971791,0.5862228,0.56134725
YSS3265,Urban Economics,Yale-NUS College,0.4465866,0.56999344,0.5613401
PL4501,Integrated Thesis,Arts and Social Science,0.42820188,0.5668608,0.5612999
YSC1222,Rainbows and Music: The Physics of Light and Sound,Yale-NUS College,0.4069387,0.58526397,0.5612872
EL3230,Phonology,Arts and Social Science,0.409364,0.5664162,0.5612196
NTW2002,Civic Discourse in a Fractious World,NUS College,0.41679814,0.56818354,0.5611556
HY3261,"Historicizing Science, Technology and Society",Arts and Social Science,0.40303972,0.5719878,0.56114334
UTW1001P,Heroes,Non-Faculty-based Departments,0.4202546,0.56111085,0.56111085
CH4243HM,Selected Periods of Chinese History II,Arts and Social Science,0.41554016,0.5741381,0.5610932
CH4243,Selected Periods of Chinese History II,Arts and Social Science,0.41554016,0.5741381,0.5610932
LAS3202,Spanish 4,Arts and Social Science,0.3887354,0.6019911,0.5610741
YID3235,"Time, Space, Nature: Critical Geographies",Yale-NUS College,0.43098852,0.57216966,0.5610198
YID3231,"Time, Space, Nature: Critical Geographies",Yale-NUS College,0.43098855,0.57216966,0.5610198
EE4103,Coding Theory And Applications,College of Design and Engineering,0.4283286,0.5766927,0.56097287
MA4221,Partial Differential Equations,Science,0.43676266,0.5663135,0.5609702
RVX1004,"Cultural Expressions of Science, Technology and Warfare",Center for Engl Lang Comms,0.41168138,0.57012576,0.5609608
CH4251,Modern-Contemporary Chinese Thought,Arts and Social Science,0.404236,0.5756026,0.5608605
CH4251HM,Modern-Contemporary Chinese Thought,Arts and Social Science,0.404236,0.57560253,0.5608605
TS2236,Crossing Boundaries in Performance,Arts and Social Science,0.43245816,0.5670076,0.5608207
TR3000,Independent Study Course in Entrepreneurship,Non-Faculty-based Departments,0.41965157,0.5676942,0.5608155
ETP3221,Independent Study Course in Entrepreneurship,Non-Faculty-based Departments,0.41965157,0.5676942,0.5608155
NTW2016,Civility in the World City,NUS College,0.41768435,0.567499,0.56078315
GE2103,Our Planet: An Earth System Science Perspective,Arts and Social Science,0.40590814,0.56276274,0.56077564
YSS3348,Human Rights and Humanitarianism,Yale-NUS College,0.43004787,0.5699362,0.5607565
LC1002G,Introduction to Legal Theory (G),Law,0.43013665,0.568141,0.5607269
LL4062V,Legal Reasoning & Legal Theory,Law,0.40240994,0.5673259,0.56071186
LL4062,Legal Reasoning & Legal Theory,Law,0.40240994,0.5673259,0.56071186
YSS4208,Adv Topic in Anthropology,Yale-NUS College,0.42827386,0.602882,0.5606971
PS4881BHM,Topics in CP: Malaysian Politics,Arts and Social Science,0.44028217,0.56760085,0.5606882
PS4881B,Topics in CP: Malaysian Politics,Arts and Social Science,0.44028217,0.56760085,0.5606882
PH2301,Classical Chinese Philosophy I,Arts and Social Science,0.39176202,0.5806857,0.5606841
PS1101E,Introduction to Politics,Arts and Social Science,0.4429405,0.5721625,0.5606182
GEK1003,Introduction to Politics,Arts and Social Science,0.4429405,0.5721625,0.5606182
SE2230,Modern Southeast Asia Through Film,Arts and Social Science,0.41592157,0.56681556,0.56059253
YSC2233,Genetics,Yale-NUS College,0.41629323,0.565485,0.5605711
YSC3360,Plant-Microbe Interactions,Yale-NUS College,0.38206786,0.57631195,0.5604373
YSC3260,Plant-Microbe Interactions,Yale-NUS College,0.38206786,0.57631195,0.5604373
YHU4245,Perception,Yale-NUS College,0.3927749,0.6085644,0.5604168
NHS2042,Satires and (Un)Serious Histories,NUS,0.41207,0.5791619,0.56037706
PE2101P,"Introduction to Philosophy, Politics, and Economics",Arts and Social Science,0.43186727,0.57227045,0.5603591
GET1037,Big Picture History,Arts and Social Science,0.42186534,0.6010251,0.5602148
GEC1037,Big Picture History,Arts and Social Science,0.42186543,0.601025,0.5602147
SE4217HM,Southeast Asia in the Global Economy,Arts and Social Science,0.41351157,0.57657814,0.56020665
SE4217,Southeast Asia in the Global Economy,Arts and Social Science,0.41351157,0.57657814,0.56020665
YHU3290,Dante’s Divine Comedy,Yale-NUS College,0.42821997,0.5850256,0.56020325
NHS2013,Imagining Animals,NUS College,0.42403483,0.576215,0.56008106
GET1023,Thinking Like An Economist,Arts and Social Science,0.4132164,0.5931861,0.56006396
GEX1010,Thinking Like An Economist,Arts and Social Science,0.4132164,0.5931861,0.56006396
YSS4268,Non-State Actors in Global Affairs,Yale-NUS College,0.43648112,0.5671491,0.56005967
YSS3220,Political Economy,Yale-NUS College,0.42409167,0.5864735,0.55998325
GL4886AHM,Citizenship and the Politics of Belonging,Arts and Social Science,0.43736684,0.5773345,0.5599615
GL4886A,Citizenship and the Politics of Belonging,Arts and Social Science,0.43736678,0.57733446,0.5599615
SC4224HM,Welfare and Social Justice,Arts and Social Science,0.40097156,0.581187,0.5599589
SC4224,Welfare and Social Justice,Arts and Social Science,0.40097156,0.581187,0.5599589
NTW2001,Cosmopolitanism and Global Citizenship,NUS College,0.41646528,0.5894537,0.55993444
MUT3213,Romantic Styles,YST Conservatory of Music,0.39930764,0.5686761,0.55991507
YHU3392,Russian and Soviet Art 1757 - Present,Yale-NUS College,0.39532933,0.56374216,0.55978715
SE4228HM,Contentious Politics in Southeast Asia,Arts and Social Science,0.4335921,0.5808031,0.5597757
SE4228,Contentious Politics in Southeast Asia,Arts and Social Science,0.4335921,0.5808031,0.5597757
LL4369V,Constitutionalism in Asia,Law,0.40546963,0.56516117,0.55976933
LL4369,Constitutionalism in Asia,Law,0.40546963,0.56516117,0.55976933
LC1002E,Introduction to Legal Theory (E),Law,0.43186298,0.5785668,0.5597591
NST2049,Geometry and the Emergence of Perspective,NUS College,0.39931664,0.58095866,0.55975056
LL4347,Art & Cultural Heritage Law,Law,0.40737945,0.58008164,0.55971026
LL4347V,Art & Cultural Heritage Law,Law,0.40737945,0.58008164,0.55971026
CM3231,Quantum Chem & Molecular Thermodynamics,Science,0.41759804,0.59624654,0.5596796
EL3258,The Sociolinguistics of Humour: Jokes and Comedies,Arts and Social Science,0.40348086,0.57061684,0.5596776
JS2235,Imagining the Samurai: Video Games and History,Arts and Social Science,0.3917175,0.58000046,0.5596677
ME3231,Compressible And Unsteady Flow,College of Design and Engineering,0.42776558,0.5700314,0.5596677
YSS3288,"Empire, Country, Corporation: The Struggle for Control",Yale-NUS College,0.45815974,0.5632915,0.5596271
PL3254,Trauma Psychology,Arts and Social Science,0.39818227,0.58842003,0.55957174
PL4214HM,Evolutionary Psychology,Arts and Social Science,0.40925255,0.5804035,0.5594779
PL4214,Evolutionary Psychology,Arts and Social Science,0.40925255,0.5804035,0.5594779
MA2311,Techniques in Advanced Calculus,Science,0.42241392,0.58793414,0.55946606
AN3208,Critiquing Development,Arts and Social Science,0.42078358,0.5804399,0.5594527
YLL1201,Beginning Latin,Yale-NUS College,0.4118936,0.5938794,0.5594281
EN4224,Topics in the Twentieth Century,Arts and Social Science,0.39911216,0.59653056,0.5593196
LL4025,Rights,Law,0.41581264,0.56295323,0.5592979
LL4025V,Rights,Law,0.41581264,0.56295323,0.5592979
YSS4280,Markets and Institutions,Yale-NUS College,0.43362316,0.565213,0.559281
PL4257,Hormones and Social Behavior,Arts and Social Science,0.42066514,0.5635398,0.55922276
PL4257HM,Hormones and Social Behavior,Arts and Social Science,0.42066514,0.5635398,0.55922276
GE4223,Development of Geographic Thought,Arts and Social Science,0.4119698,0.57150227,0.5590958
GE4223HM,Development of Geographic Thought,Arts and Social Science,0.41196978,0.57150227,0.5590958
PC4274A,Mathematical Methods in Physics III,Science,0.38922203,0.5870095,0.55909574
PS4303HM,Political theory of meritocracy,Arts and Social Science,0.43317583,0.5590865,0.5590865
PS4303,Political theory of meritocracy,Arts and Social Science,0.43317583,0.5590865,0.5590865
YSS3263,Emotions and Politics,Yale-NUS College,0.42804086,0.59404594,0.55907637
MA2101,Linear Algebra II,Science,0.43512732,0.5744604,0.5590526
TS4220,Shakespeare and Film,Arts and Social Science,0.3760536,0.5740569,0.55894023
TS4220HM,Shakespeare and Film,Arts and Social Science,0.3760536,0.5740569,0.55894023
PL4501HM,Integrated Thesis,Arts and Social Science,0.42647767,0.5669356,0.55889165
EL3202,Phonetics and Phonology,Arts and Social Science,0.41609854,0.56692344,0.5588837
MUA2110,Chamber Music in Mixed Ensemble,YST Conservatory of Music,0.3880112,0.61604726,0.5588682
AR2222,History & Theory Of Western Architecture,College of Design and Engineering,0.3956943,0.57355464,0.5588638
LL4353V,Character Evidence in the Common Law World,Law,0.41105726,0.5699997,0.55884373
LL4353,Character Evidence in the Common Law World,Law,0.41105726,0.5699997,0.55884373
CS4257,Algorithmic Foundations of Privacy,Computing,0.39815626,0.57701886,0.5587894
YHU3343,Another World is Possible: Ecotopian Visions,Yale-NUS College,0.39557037,0.56867725,0.5587838
GE2102,"Politics, Economies And Space",Arts and Social Science,0.44060045,0.5658675,0.55876625
SN4102HM,Critical Debates in South Asian Studies,Arts and Social Science,0.42627317,0.5638166,0.5587417
SN4102,Critical Debates in South Asian Studies,Arts and Social Science,0.42627317,0.5638166,0.5587417
LL4013V,Comparative Environmental Law,Law,0.39472666,0.58832073,0.5586228
NST2012,The Nature of Natural Law,NUS,0.41745207,0.5629409,0.55862004
YSS4232,Advanced Topics in PPE: The Welfare State,Yale-NUS College,0.43392724,0.5680479,0.55859613
LL4037V,Sociology of Law,Law,0.41835135,0.57888764,0.55856574
MA3218,Applied Algebra,Science,0.42347687,0.58696043,0.5585414
GEI1000,Computational Thinking,Computing,0.41858235,0.573843,0.5584471
EL2206,Language and Cognition,Science,0.3991119,0.56566626,0.5584458
GL4886B,The International Refugee Regime,Arts and Social Science,0.4148289,0.56850374,0.55842847
GL4886BHM,The International Refugee Regime,Arts and Social Science,0.4148289,0.56850374,0.55842847
SC3227,Modernity and Social Change,Arts and Social Science,0.40800822,0.5795602,0.558419
YID2201,Theory and Practice of Environmental Policymaking,Yale-NUS College,0.41309443,0.57192314,0.55840635
EC4398,Economics of Inequality,Arts and Social Science,0.4195816,0.56599,0.55836356
EC4398HM,Economics of Inequality,Arts and Social Science,0.4195816,0.56599,0.55836356
LL4187,Philosophical Foundations of Contract Law,Law,0.4277124,0.560256,0.5582639
YSS3307,Environmental Economics,Yale-NUS College,0.40226462,0.5816425,0.55825293
SN2275,Wicked Words: Contemporary Tamil Literature,Arts and Social Science,0.40181956,0.59170216,0.55824053
LL4197V,Comparative State and Religion in Southeast Asia,Law,0.42303962,0.5658956,0.5582298
YHU2293,Introduction to Fiction Writing,Yale-NUS College,0.39696154,0.60784245,0.55822957
HY2217,Warfare after 1945,Arts and Social Science,0.4268681,0.56896454,0.5581808
PH2880,Topics in Philosophy,Arts and Social Science,0.42046532,0.56219876,0.5581757
GE2222,Politics and Space,Arts and Social Science,0.4252962,0.5734627,0.5581667
LL4449V,International Water Law,Law,0.4236982,0.56404924,0.5581633
LL4449,International Water Law,Law,0.4236982,0.56404924,0.5581633
NHT2205,Brevity of Love: (Short) Storytelling,NUS College,0.4129449,0.5743086,0.5581547
MA3211,Complex Analysis I,Science,0.42001235,0.5707947,0.5581279
SW3205,Power of Dialogue: Interpersonal Conflict Resolution,Arts and Social Science,0.42495564,0.5964066,0.5580956
PL4206HM,Cognitive Neuroscience,Arts and Social Science,0.4129301,0.5644249,0.5580927
PL4206,Cognitive Neuroscience,Arts and Social Science,0.4129301,0.5644249,0.5580927
PL4226HM,Correctional Psychology,Arts and Social Science,0.40166488,0.5722066,0.5580249
PL4226,Correctional Psychology,Arts and Social Science,0.40166488,0.5722066,0.5580249
HY4233HM,Japanese Colonialism and Imperialism,Arts and Social Science,0.40640196,0.58202106,0.5580202
HY4230HM,Historiography and Historical Method,Arts and Social Science,0.4015139,0.6282728,0.5579432
HY4230,Historiography and Historical Method,Arts and Social Science,0.4015139,0.6282728,0.5579432
SN2276,Islam: Society and Culture in South Asia,Arts and Social Science,0.40899804,0.6142106,0.55794317
EU1101E,Making of Modern Europe,Arts and Social Science,0.43002453,0.5642371,0.55793047
YHU3374,Formal Logic,Yale-NUS College,0.4156897,0.565882,0.5578825
YSC2221,Introduction to Python,Yale-NUS College,0.3538214,0.57944214,0.557854
GL4881HM,Topics in Colonialism and Postcolonialism,Arts and Social Science,0.41868293,0.5633123,0.5578508
GL4881,Topics in Colonialism and Postcolonialism,Arts and Social Science,0.41868293,0.5633123,0.5578508
YHU3306,Philippine Literature: American Period,Yale-NUS College,0.40777096,0.5885042,0.5578416
HY4240HM,Edge of Empires: The Sino-Southeast Asian Borderlands,Arts and Social Science,0.41554362,0.5760946,0.5578083
HY4240,Edge of Empires: The Sino-Southeast Asian Borderlands,Arts and Social Science,0.41554362,0.5760946,0.5578083
SFI2044,Introducing Vietnam (with introductory Vietnamese),NUS,0.42015204,0.60909754,0.5577269
NHS3003,Religious Issues in the Contemporary World,NUS,0.4250842,0.5678055,0.55771804
NHS2025,Welcome to the Anthropocene: Agency in the Era of Climate Change,NUS College,0.41861445,0.5653256,0.55766326
HY2208,Pre-Modern Japan: History and Culture,Arts and Social Science,0.40724587,0.5742095,0.55765593
GE2231,Living Space: Introducing Social and Cultural Geography,Arts and Social Science,0.42257804,0.5941036,0.5576278
YHU4229,Plato on Knowing and Being Good,Yale-NUS College,0.41656864,0.55759835,0.55759835
LL4082,Law & Social Movements,Law,0.41685238,0.57154137,0.5575564
GL1101E,Global Issues,Arts and Social Science,0.4327756,0.5694294,0.5575149
PH3202,Philosophy of Law,Arts and Social Science,0.41002044,0.5574771,0.5574771
EN2205,Late Medieval Literature and Culture,Arts and Social Science,0.37581983,0.5994125,0.5573756
LC1002C,Introduction to Legal Theory (C),Law,0.42990088,0.5628182,0.5573369
LSM2105,Molecular Genetics,Science,0.41696846,0.56352586,0.5573355
PH3301,Classical Chinese Philosophy II,Arts and Social Science,0.39314458,0.57774323,0.5573319
GEK1049,Narrative,Arts and Social Science,0.39801794,0.5817012,0.5573231
LL4363,Sentencing Law and Practice,Law,0.41214058,0.57294106,0.55726975
LL4363V,Sentencing Law and Practice,Law,0.41214058,0.57294106,0.55726975
LL4209,Legal Argument & Narrative,Law,0.4011722,0.57920957,0.5572539
LL4209V,Legal Argument & Narrative,Law,0.4011722,0.57920957,0.5572539
TBA2105,Web Mining,Cont and Lifelong Education,0.4238368,0.5633932,0.557161
GEX1013,Reason and Persuasion,Arts and Social Science,0.42121068,0.5705183,0.55704826
GET1027,Reason and Persuasion,Arts and Social Science,0.42121068,0.5705183,0.55704826
YSS4245,Anthropology of Violence,Yale-NUS College,0.42528236,0.56414175,0.55703515
PL4233,Psychology of Negotiation,Arts and Social Science,0.42800343,0.5793849,0.55692756
PL4233HM,Psychology of Negotiation,Arts and Social Science,0.42800343,0.5793849,0.55692756
GE4236HM,Geographies of Migration,Arts and Social Science,0.41915366,0.5680901,0.5568924
GE4236,Geographies of Migration,Arts and Social Science,0.41915366,0.5680901,0.5568924
MA4266,Introduction to Algebraic Topology,Science,0.437273,0.56454635,0.556868
PL4202,History and Systems of Psychology,Arts and Social Science,0.41470593,0.5634437,0.5568482
PL4202HM,History and Systems of Psychology,Arts and Social Science,0.41470593,0.5634437,0.5568482
EL3221,Literary Stylistics,Arts and Social Science,0.40193942,0.5747206,0.5568274
SC3220,"Ritual, Performance and Symbolic Action",Arts and Social Science,0.43934634,0.5815773,0.5568099
NHS2028,Effective Decision Making,NUS College,0.4400336,0.58772963,0.55679137
UTC1702F,Thinking in Systems: Disaster Resilience,Residential College,0.4179334,0.5737917,0.5567759
EU3217,European Literature I,Arts and Social Science,0.40196708,0.55860347,0.55673957
EN3261,European Literature I,Arts and Social Science,0.40196708,0.55860347,0.55673957
YHU2311,Girlfriends: Narratives of Friendship,Yale-NUS College,0.4207109,0.5664768,0.5567118
NHS2038,Nationalism and the Arts,NUS College,0.4046349,0.5749705,0.55668473
SP3175,The Earth,Science,0.40987736,0.56362605,0.55654633
YHU3384,The Renaissance Library,Yale-NUS College,0.4047961,0.567183,0.55652696
MA4201,Commutative Algebra,Science,0.40335625,0.5772213,0.55648625
HY3248,"People's Republic of China, 1949-1989",Arts and Social Science,0.41140014,0.566715,0.5564724
EN3251,Literature and Philosophy,Arts and Social Science,0.3859444,0.6043385,0.5563804
YSC4210,Complex Analysis,Yale-NUS College,0.428808,0.5633764,0.55637115
GEK1046,Introduction to Cultural Studies,Arts and Social Science,0.42108992,0.5774435,0.5562962
LL4271,Law and Policy,Law,0.39811733,0.57225335,0.55629236
YSC4222,Chaos Theory,Yale-NUS College,0.39681873,0.57106173,0.55621433
HS2908,Nature and Nurture: Rethinking Sex and Gender,Arts and Social Science,0.40044802,0.5719885,0.5561908
SC2205,Sociology of Family,Arts and Social Science,0.42202652,0.5626511,0.5561811
YHU3404,"Science Fiction: Literature, Science and Society",Yale-NUS College,0.3927671,0.5883652,0.55602664
LC1002A,Introduction To Legal Theory (A),Law,0.42871717,0.56338,0.5559541
LL4037,Sociology of Law,Law,0.41474003,0.57676953,0.55595136
EU3224,Social Thought & Social Theory,Arts and Social Science,0.41260412,0.5677895,0.5559374
SC3101,Social Thought & Social Theory,Arts and Social Science,0.41260412,0.5677896,0.5559374
GE4234HM,Environmental Change in the Tropics,Arts and Social Science,0.38738576,0.57477474,0.55592334
GE4234,Environmental Change in the Tropics,Arts and Social Science,0.38738576,0.57477474,0.55592334
YSS4277,The Political Economy of Capitalism,Yale-NUS College,0.4441426,0.5622361,0.5559231
YSS2251,"Race, Space, Power: Mapping the Global Colour Line",Yale-NUS College,0.44015172,0.56376874,0.5559227
LC1002B,Introduction To Legal Theory (B),Law,0.43214887,0.56788486,0.5559032
SE4223,"Knowledge, Power and Colonialism in Southeast Asia",Arts and Social Science,0.3953462,0.5762896,0.5558968
SE4223HM,"Knowledge, Power and Colonialism in Southeast Asia",Arts and Social Science,0.3953462,0.5762896,0.5558968
HY2258,Passage to India: Modern Indian Society,Arts and Social Science,0.43229386,0.57576203,0.55585563
YHU3403,Medieval Romance: Magic and the Supernatural,Yale-NUS College,0.4189278,0.56421185,0.5557066
YHU2309,Medieval Romance: Magic and the Supernatural,Yale-NUS College,0.4189278,0.56421185,0.5557066
NHS2045,"Social Movements, Law, and Society",NUS College,0.42670128,0.5714606,0.55567485
PHS1114,Principles of Pharmaceutical Formulations I,Science,0.4154471,0.5761416,0.55567396
PHS2105,Principles of Pharmaceutical Formulations I,Science,0.4154471,0.5761416,0.55567396
LSM4353,Environmental Communication & Coexistence,Science,0.39752674,0.5642008,0.55563176
LSM4201,Environmental Communication & Coexistence,Science,0.39752674,0.5642008,0.55563176
NHS2071,Beyond belief: religious experience and encounter,NUS College,0.4245147,0.56625414,0.55562776
GEC1046,"Magic, Myths and Society in Southeast Asia",Arts and Social Science,0.42254597,0.58127654,0.5555682
RVX1001,Science Fiction and Society,Non-Faculty-based Departments,0.40526167,0.5678875,0.555521
AH3204,Methods and Approaches to Art History,Arts and Social Science,0.3994814,0.5674518,0.5554376
YHU3210C,Proseminar in Literary Studies,Yale-NUS College,0.38135034,0.5685355,0.555431
MKT4716,Consumer Culture Theory,NUS Business School,0.41363972,0.5743245,0.55539834
MKT4418,Consumer Culture Theory,NUS Business School,0.41363972,0.5743245,0.55539834
GEK1045,World Religions,Arts and Social Science,0.42237046,0.5681594,0.5552545
PS4883,Topics in Political Theory,Arts and Social Science,0.41389084,0.56040144,0.5552348
PS4883HM,Topics in Political Theory,Arts and Social Science,0.4138909,0.56040144,0.5552348
YSS3319,Aesthetics and Politics,Yale-NUS College,0.41132352,0.56230724,0.5552269
LL4190,Freedom of Speech: Critical & Comparative Perspectives,Law,0.4359119,0.56229866,0.55516815
LL4190V,Freedom of Speech: Critical & Comparative Perspectives,Law,0.4359119,0.56229866,0.55516815
UTC1413,Jr Sem: A Brief History of Inequality,Residential College,0.4277335,0.57100445,0.5551084
UTW2001P,Science Fiction and Empire,Non-Faculty-based Departments,0.412219,0.5848871,0.5550889
GE4101,Development of Geographic Thought,Arts and Social Science,0.3996257,0.5649902,0.5550622
YHU4258,TV Sitcom,Yale-NUS College,0.42231318,0.5768918,0.5550395
EN4268HM,"World Literature: Theories, Methods, Texts",Arts and Social Science,0.40960804,0.60931313,0.55503
EN4268,"World Literature: Theories, Methods, Texts",Arts and Social Science,0.40960804,0.60931313,0.55503
JS3232,Global City Tokyo,Arts and Social Science,0.42108348,0.5726223,0.55498
GEM1004,Reason and Persuasion,Arts and Social Science,0.4238485,0.5606243,0.5549356
SE3220,Country Studies: Mainland Southeast Asia,Arts and Social Science,0.40528172,0.5645844,0.55490416
NHS2089,Hacking Humanity,NUS College,0.40464032,0.5786583,0.55487245
EN4267,Literature and Ecology,Arts and Social Science,0.38074046,0.57068557,0.5548435
EN4267HM,Literature and Ecology,Arts and Social Science,0.38074043,0.57068557,0.5548435
UTW1001R,Oratory and the Public Mind,Non-Faculty-based Departments,0.4087062,0.58384013,0.5548326
SC4882,Issues in State and Society,Arts and Social Science,0.4249319,0.58289635,0.55480826
SC4882HM,Issues in State and Society,Arts and Social Science,0.4249319,0.58289635,0.55480826
EN4265HM,Approaches to World Literature: Critical Realism,Arts and Social Science,0.40624785,0.6117164,0.5547994
EN4265,Approaches to World Literature: Critical Realism,Arts and Social Science,0.40624785,0.6117164,0.5547994
MA3201,Algebra II,Science,0.43401903,0.5681502,0.55478734
SC2227,Sociology of Religion,Arts and Social Science,0.4101461,0.5615808,0.55473405
YSS3267,Lab in Cognitive Psychology,Yale-NUS College,0.39709964,0.5692584,0.5547055
YSS4220,Housing and Social Inequality,Yale-NUS College,0.44920388,0.56477463,0.55460614
PH2216,Environmental Philosophy,Arts and Social Science,0.41607934,0.566429,0.5545622
GEK2031,Environmental Philosophy,Arts and Social Science,0.41607934,0.566429,0.5545622
PC3442,Weather and Climate Fundamentals,Science,0.40696147,0.5726005,0.5545583
AR3223,Introduction to Urbanism,College of Design and Engineering,0.40859738,0.5616282,0.5545287
LL4446,Comparative Constitutionalism in Southern Asia,Law,0.411271,0.584964,0.5544759
LL4446V,Comparative Constitutionalism in Southern Asia,Law,0.411271,0.584964,0.5544759
EC3392,European Economic History,Arts and Social Science,0.44072166,0.56964695,0.5544332
EU3215,European Economic History,Arts and Social Science,0.4407215,0.56964695,0.5544332
LAF4201,French 5,Arts and Social Science,0.38978648,0.5636083,0.55430794
LAF4201HM,French 5,Arts and Social Science,0.38978648,0.5636083,0.55430794
PH3311,Applied Epistemology,Arts and Social Science,0.43109256,0.5648439,0.554242
CS3234,Logic for Proofs and Programs,Computing,0.4097564,0.5653565,0.55422604
MUT3202,Sonata Form,YST Conservatory of Music,0.38776264,0.5579669,0.55416644
HY3228,The Evolution of Vietnam as a Nation,Arts and Social Science,0.41918865,0.5814786,0.5541252
YSC4208,Monte Carlo Simulations in Science and Statistics,Yale-NUS College,0.385855,0.5808474,0.55409604
HY3237,Issues in Thai History,Arts and Social Science,0.41815615,0.602587,0.554087
LL4457V,International Human Rights Law,Law,0.4379002,0.5582057,0.55400676
LL4457,International Human Rights Law,Law,0.4379002,0.5582057,0.55400676
PS3312,World Orders,Arts and Social Science,0.4449341,0.56070447,0.55396014
EC4394HM,Behavioural Economics,Arts and Social Science,0.40780923,0.5710505,0.5539419
EC4394,Behavioural Economics,Arts and Social Science,0.40780923,0.5710505,0.5539419
GEH1005,Crime Fiction and Film across Space & Time,Arts and Social Science,0.42978442,0.5670004,0.55391127
GEC1041,Crime Fiction and Film across Space & Time,Arts and Social Science,0.42978442,0.5670004,0.55391127
GEK1021,Crime Fiction and Film across Space & Time,Arts and Social Science,0.42978442,0.5670004,0.55391127
ME4214,Vehicle Dynamics,College of Design and Engineering,0.3937674,0.56119776,0.55387676
MA3219,Computability Theory,Science,0.41384968,0.56831056,0.5538754
AN3203,Cultures of Kinship,Arts and Social Science,0.4203117,0.5647492,0.55372965
SC3207,Cultures of Kinship,Arts and Social Science,0.4203117,0.56474924,0.55372965
UTC2720,Income Inequality: A Teleological Perspective,Residential College,0.44414175,0.5600221,0.55372477
PH4215,Freedom and Moral Responsibility,Arts and Social Science,0.4357972,0.55371004,0.55371004
PH4215HM,Freedom and Moral Responsibility,Arts and Social Science,0.4357972,0.55371004,0.55371004
GEX1029,Narrative,Arts and Social Science,0.39074004,0.5785769,0.5536927
GEH1051,Narrative,Arts and Social Science,0.39074004,0.5785769,0.5536927
MA3210,Mathematical Analysis II,Science,0.4156336,0.5875004,0.5536767
YSC3240,Foundations of Applied Mathematics,Yale-NUS College,0.41396764,0.55918485,0.55364203
PL1101E,Introduction to Psychology,Arts and Social Science,0.41869324,0.5596571,0.5536338
UTC2716,Networks: Complexity and Order,Residential College,0.43112114,0.56172025,0.5536046
GEC1013,World Religions,Arts and Social Science,0.4201247,0.57276714,0.5535964
GEH1045,World Religions,Arts and Social Science,0.4201247,0.57276714,0.5535964
YSC4241,Introduction to Nonlinear Dynamics,Yale-NUS College,0.3999085,0.5645088,0.5535838
PS3258,Research Methods in Political Science,Arts and Social Science,0.4004576,0.5592184,0.55350435
YHU4231,Ancient Economies of the Mediterranean and Western Asia,Yale-NUS College,0.43371338,0.5712207,0.5535017
PS4238HM,The Politics of Recognition,Arts and Social Science,0.44361624,0.55664027,0.55349493
PS4238,The Politics of Recognition,Arts and Social Science,0.44361624,0.55664027,0.55349493
GEH1031,Understanding the Universe,Science,0.4221933,0.5646563,0.5534749
HY2253,Christianity in World History,Arts and Social Science,0.42002136,0.5942318,0.55344313
PS4224HM,State and Society,Arts and Social Science,0.4287431,0.5607364,0.5533966
PS4224,State and Society,Arts and Social Science,0.4287431,0.5607364,0.5533966
UTS2713,Societal Collapse & Resilience,Residential College,0.4232865,0.55767065,0.5533781
UTC2726,Societal Collapse & Resilience,Residential College,0.4232865,0.55767065,0.5533781
TCX1004,Mathematical Techniques for Computing,Cont and Lifelong Education,0.40995172,0.5546423,0.5533575
HY3201,"Indonesia: History, Economy and Society",Arts and Social Science,0.4120143,0.6032356,0.55335027
YSS3323,"Statelessness: Law, History, Politics",Yale-NUS College,0.4234666,0.56386405,0.5532998
CH3228,Classical Poetry: Writing and Criticism,Arts and Social Science,0.3970952,0.5617053,0.5531103
EN3220,From the “Age of Epic” to the “Age of TV”,Arts and Social Science,0.40110388,0.5633406,0.5530467
SFI2042,Introducing Vietnam,NUS,0.4193692,0.58365136,0.5530275
YSC3253,Coral Reef Ecology and Environmental Change,Yale-NUS College,0.40761703,0.55801904,0.5529469
LL4374,Water Rights & Resources: Issues in Law & Development,Law,0.4049103,0.55973876,0.55293953
LL4374V,Water Rights & Resources: Issues in Law & Development,Law,0.4049103,0.55973876,0.55293953
EN3245,Feminism: Text & Theory,Arts and Social Science,0.3879313,0.57837903,0.5529211
HY3251,India’s Pursuit of Prosperity,Arts and Social Science,0.44516772,0.55680984,0.5528391
NHS2091,The Human Face in Art and Tech,NUS College,0.40521434,0.56922394,0.5528227
YHU2247,Dystopian Fiction,Yale-NUS College,0.40420207,0.5646476,0.55281556
YSS4261,Psychological Anthropology,Yale-NUS College,0.40429416,0.569678,0.552797
LC1001H,Criminal Law (H),Law,0.41495532,0.5588608,0.55278724
YSS4293,Psychology of Errors,Yale-NUS College,0.41931355,0.56109524,0.5527809
YHU4267,The Site of Memory: Fact and Fiction in History Writing,Yale-NUS College,0.3980206,0.5801026,0.5527403
UTC1102H,Junior Seminar: C.S.I. 101: Truth from evidence,Residential College,0.44127288,0.55873543,0.5527235
YHU4238,The Female Image in Japanese Art and Literature,Yale-NUS College,0.4049676,0.56622934,0.5525938
EU4226,Imperialism and Empires,Arts and Social Science,0.43768236,0.56902635,0.5525633
EU4226HM,Imperialism and Empires,Arts and Social Science,0.43768236,0.56902635,0.5525633
HY4209HM,Imperialism and Empires,Arts and Social Science,0.43768236,0.56902635,0.5525633
HY4209,Imperialism and Empires,Arts and Social Science,0.43768236,0.56902635,0.5525633
GE3256,"Earth Surface Processes, Landforms and Ecosystems",Arts and Social Science,0.39154902,0.56069946,0.5524308
PS3266,"Politics, Music and Society",Arts and Social Science,0.38564584,0.5639412,0.5523752
GEK3007,"Politics, Music and Society",Arts and Social Science,0.38564584,0.5639412,0.5523752
EL3259,Language as Interaction,Arts and Social Science,0.40881887,0.558684,0.55231315
AR4952,Topics in Urban Studies,College of Design and Engineering,0.4070529,0.5649272,0.55227244
LL4290V,Traditions of Legal Research,Law,0.40009788,0.5586013,0.5522527
LC1002D,Introduction to Legal Theory (D),Law,0.4261122,0.5568132,0.5522459
YSS4219,"Law, War, and Peace in the Middle East",Yale-NUS College,0.41162723,0.606765,0.55223185
NHS2097,For Good Measure,NUS College,0.44150704,0.5553782,0.5521347
YSS3249,Human Neuroscience,Yale-NUS College,0.40114185,0.5687146,0.5520213
PS4313,Seminar in Comparative Political Economy,Arts and Social Science,0.42063668,0.5559381,0.5520013
PS4313HM,Seminar in Comparative Political Economy,Arts and Social Science,0.42063668,0.5559381,0.5520013
EN4224HM,Topics in the Twentieth Century,Arts and Social Science,0.39523062,0.5901185,0.5519942
MUH2202,"What Was, and Is, Popular Music?",YST Conservatory of Music,0.42090216,0.5676724,0.5519618
HSI2001,"Scientific Inquiry & Health: Good Science, Bad Science",Science,0.4071759,0.55832154,0.55195475
SP2718I,"Mendelian, Population And Quantitative Genetics",Science,0.41074055,0.55849624,0.55194265
LL4499,Law and Aesthetics,Law,0.39938694,0.55391824,0.5518196
LL4499V,Law and Aesthetics,Law,0.39938694,0.55391824,0.5518196
YSS3227,The Economy‐Security Nexus,Yale-NUS College,0.42551133,0.5628282,0.5518112
FMA1201H,FS: Australian Culture,Arts and Social Science,0.42784443,0.5570064,0.5517394
SN4263HM,Themes in Contemporary Indian History,Arts and Social Science,0.42089766,0.57698965,0.5516864
SN4263,Themes in Contemporary Indian History,Arts and Social Science,0.42089766,0.57698965,0.5516864
YSS2247,Socialism: Real and Imagined,Yale-NUS College,0.4277022,0.56459546,0.55165064
EC4371HM,Development Economics,Arts and Social Science,0.40364298,0.5802168,0.55161977
EC4371,Development Economics,Arts and Social Science,0.40364298,0.5802168,0.55161977
PE4103PHM,Knowledge and Society,Arts and Social Science,0.4209664,0.5742989,0.5515873
PE4103P,Knowledge and Society,Arts and Social Science,0.4209664,0.5742989,0.5515873
HY3253,Nation and Empire in East Asia,Arts and Social Science,0.42392436,0.5582335,0.5515554
YHU4240,American Modernist Poetry,Yale-NUS College,0.40270826,0.5794503,0.55154765
EC4396,Economic Analysis of Law II,Arts and Social Science,0.41226977,0.5532741,0.55152977
EC4396HM,Economic Analysis of Law II,Arts and Social Science,0.41226977,0.5532741,0.55152977
PR4207,Applied Pharmacokinetics and Toxicokinetics,Science,0.3872811,0.55645096,0.5514685
SC4880C,Cultural heritage: The Politics of Protecting the Past,Arts and Social Science,0.41122526,0.55635744,0.55146325
SC4880CHM,Cultural heritage: The Politics of Protecting the Past,Arts and Social Science,0.41122526,0.55635744,0.55146325
SE3232,Death and Dying in Southeast Asia,Arts and Social Science,0.40275308,0.5615771,0.5513958
YID3202,Special Topics in Environmental Studies,Yale-NUS College,0.40060082,0.5559569,0.551382
GET1045,Structures of Conversation,Arts and Social Science,0.43105447,0.55806684,0.55136883
GEX1025,Structures of Conversation,Arts and Social Science,0.43105447,0.55806684,0.55136883
SC4201,Contemporary Social Theory,Arts and Social Science,0.4305708,0.55841374,0.5512804
SC4201HM,Contemporary Social Theory,Arts and Social Science,0.4305708,0.55841374,0.5512804
DSN4712,Statistical Learning for Managerial Decision,NUS Business School,0.40227848,0.55924547,0.5512799
NST2011,Nature's Threads,NUS,0.3863125,0.55624115,0.5512074
GEK2039,Chinese Philosophical Traditions I,Arts and Social Science,0.3926612,0.56680435,0.55119604
PH2302,Chinese Philosophical Traditions I,Arts and Social Science,0.3926612,0.56680423,0.551196
LL4011V,Reform of Civil Procedure,Law,0.40948817,0.5554513,0.5511324
LL4011,Reform of Civil Procedure,Law,0.40948817,0.5554513,0.5511324
YHU4207,Critical Approaches to Art History,Yale-NUS College,0.38943645,0.58158976,0.55111915
YSS3306,Modern History of Economic Globalisation,Yale-NUS College,0.41898325,0.5556706,0.5511069
GEK3006,Human Rights in International Politics,Arts and Social Science,0.43594155,0.5619234,0.551071
EN3267,Modern Drama,Arts and Social Science,0.39512232,0.5871923,0.5510145
TS3241,Modern Drama,Arts and Social Science,0.39512232,0.5871923,0.55101436
SE2213,Democratisation in Southeast Asia,Arts and Social Science,0.42459184,0.56427187,0.55093277
SSA2207,Democratisation in Southeast Asia,Arts and Social Science,0.42459184,0.56427187,0.55093277
YHU3210,Proseminar in Literary Studies,Yale-NUS College,0.3824204,0.5589805,0.5507771
HY3263,Imperialism and Anti-Colonialism in South Asia,Arts and Social Science,0.42631185,0.556468,0.5507747
SE3230,Seen and Unseen: Explorations in Balinese Theatre,Arts and Social Science,0.39685798,0.5588151,0.5507625
MA4271,Differential Geometry of Curves and Surfaces,Science,0.4101639,0.55927014,0.5507621
YSS2214,Intermediate Macroeconomics,Yale-NUS College,0.3986889,0.56454754,0.55070764
GEK2008,Environmental History,Arts and Social Science,0.38977337,0.57894176,0.5507066
YSS4237,"Conquest, Territorial Expansion and International Law",Yale-NUS College,0.42312995,0.56291384,0.5506505
MA2001,Linear Algebra I,Science,0.40623856,0.5750806,0.55063206
FAS2882J,"Economy, Society and Government",Arts and Social Science,0.42336288,0.5582326,0.55063075
YID3226,Capitalist Nature: Tensions of a Commodified World,Yale-NUS College,0.43054274,0.5685862,0.5505817
ST4234,Bayesian Statistics,Science,0.412076,0.5607589,0.5505755
GEK2038,Classical Chinese Philosophy I,Arts and Social Science,0.38485932,0.5669502,0.55056983
GET1029,"Life, the Universe, and Everything",Arts and Social Science,0.41418907,0.5667862,0.5505033
GEK1067,"Life, the Universe, and Everything",Arts and Social Science,0.41418907,0.5667862,0.5505033
GEX1015,"Life, the Universe, and Everything",Arts and Social Science,0.41418907,0.5667862,0.5505033
SN3276,Introduction to Classical Indian Texts,Arts and Social Science,0.3962312,0.5671597,0.5504335
PL3249,Memory,Arts and Social Science,0.41624403,0.5531517,0.5503731
SC2212,Sociology of Deviance,Arts and Social Science,0.42227265,0.5608332,0.5503681
PS2300,Humanity between Animals and Robots,Arts and Social Science,0.3933183,0.558011,0.55036604
EN4242,Modern Critical Theory,Arts and Social Science,0.41006342,0.55870956,0.55033046
EN4242HM,Modern Critical Theory,Arts and Social Science,0.41006342,0.55870956,0.55033046
EN3242,History of Film,Arts and Social Science,0.3967048,0.5599556,0.550315
YSC1216,Calculus,Yale-NUS College,0.38378406,0.5671557,0.55026495
LL4343,International Regulation of the Global Commons,Law,0.41091695,0.5635257,0.55021316
LL4343V,International Regulation of the Global Commons,Law,0.41091695,0.5635257,0.55021316
LL4245V,Regulatory Foundations of Public Law,Law,0.41963762,0.5613384,0.55015725
GE3231,Natural Hazards,Arts and Social Science,0.41516066,0.5659355,0.55015594
YHU2294,Mean Streets: The Detective and the City,Yale-NUS College,0.42409903,0.55319595,0.55015403
RVX1003,Print to Screen: Analysing Film Adaptation,Non-Faculty-based Departments,0.3943144,0.56639767,0.5501204
LL4225,Topics in the Law and Economics of Competition Policy,Law,0.42946333,0.5590347,0.5500806
YHU2277,Postcolonial Literatures: An Introduction,Yale-NUS College,0.4028316,0.5963803,0.55005485
HS2925,Environmental Pollution: A Crisis of Our Own Making,Science,0.3989746,0.57461977,0.5500281
LL4202V,ASEAN Economic Community Law and Policy,Law,0.40397847,0.5590745,0.55001384
LL4202,ASEAN Economic Community Law and Policy,Law,0.40397847,0.5590745,0.55001384
MA4263,Introduction to Analytic Number Theory,Science,0.39714837,0.5572996,0.54997313
YSS2227,Introduction to Anthropology,Yale-NUS College,0.41770315,0.59131426,0.54996336
LL4384,Harms and Wrongs,Law,0.43046728,0.5649125,0.54992414
LL4384V,Harms and Wrongs,Law,0.43046728,0.5649125,0.54992414
AN3101,Anthropology and Theory,Arts and Social Science,0.40899527,0.58547103,0.5498644
YHU3345,"Death, Mourning and Memory in Medieval Literature",Yale-NUS College,0.4123052,0.55868196,0.5498594
YSS3353,"Anarchy, Order and Control",Yale-NUS College,0.43955177,0.55624306,0.54978245
GEK1026,The Horror of the Other,Arts and Social Science,0.40722573,0.5741861,0.54976135
YCC1131,Scientific Inquiry 1,Yale-NUS College,0.38896036,0.55932915,0.5497364
YHU3271,Love in Antiquity: Eros in Translation,Yale-NUS College,0.41923544,0.5560969,0.5495907
YSS4215,Sexual Economies,Yale-NUS College,0.44809815,0.5521581,0.54958606
YHU3397,Knowledge,Yale-NUS College,0.4327701,0.55967194,0.54953706
YSS4235,Religion and the Media Turn,Yale-NUS College,0.41271272,0.56694037,0.54948676
YSS3367,Strategic Models of Politics,Yale-NUS College,0.42050782,0.5605503,0.5493257
LSM3258,Comparative Botany,Science,0.39730477,0.58100563,0.5493125
YHU3400,The Marvelous Universe of Journey to the West,Yale-NUS College,0.4002787,0.5561377,0.54929173
SN2261,Politics of Turbulence; The South Asian Story,Arts and Social Science,0.41764718,0.55953616,0.54927546
YHU3261,Analogical Reasoning and Metaphor,Yale-NUS College,0.4318612,0.5577273,0.54922104
NHS2094,Is Peace Possible?,NUS College,0.4204767,0.5638748,0.5491782
PL3258,Decision Neuroscience,Arts and Social Science,0.41894346,0.5502817,0.54915214
SN2281,Nations at Play: History of Sport in South Asia,Arts and Social Science,0.4002205,0.56129503,0.5491032
NHS2070,"Tragedy, Culture, and Society",NUS College,0.42093942,0.5523699,0.5490864
EN4223HM,Topics in the Nineteenth Century,Arts and Social Science,0.4020597,0.5661128,0.54904497
EN4223,Topics in the Nineteenth Century,Arts and Social Science,0.4020597,0.5661128,0.54904497
SE3211,"Religion, Society & Politics in SE Asia",Arts and Social Science,0.4102135,0.5596042,0.5490066
LSM2107,Evolutionary Biology,Science,0.38883838,0.5669011,0.5489992
LL4263V,Intellectual Property Rights and Competition Policy,Law,0.4338308,0.5508393,0.54897815
HS2902,“Do Play Play”: The Importance of Play,Arts and Social Science,0.39487112,0.6064069,0.5489557
YHU3210B,Proseminar in Literary Studies,Yale-NUS College,0.38012326,0.5586494,0.5488986
YHU3210A,Proseminar in Literary Studies,Yale-NUS College,0.3801233,0.5586494,0.5488986
YSC3249,Statistical Inference,Yale-NUS College,0.4041721,0.55762434,0.5488385
HY4239HM,History of Gender in India,Arts and Social Science,0.42219853,0.5661895,0.54880935
HY4239,History of Gender in India,Arts and Social Science,0.4221985,0.5661894,0.5488092
YHU4275,African History Through Fiction,Yale-NUS College,0.40280956,0.58147365,0.54868466
PH2227,Games and Philosophy,Arts and Social Science,0.38937926,0.57085437,0.54864204
YLG1201,Beginning Ancient Greek,Yale-NUS College,0.403904,0.5793104,0.5485283
PS3240,International Security,Arts and Social Science,0.3995573,0.563884,0.5484944
PL3105,Social Psychology,Arts and Social Science,0.40445915,0.57490295,0.54849404
LL4547,Topics in Punishment and Sentencing,Law,0.4240284,0.5537374,0.5484849
YSS3222,Urban Theory,Yale-NUS College,0.4040519,0.555965,0.5484462
EN4248HM,"Disclosure, Discovery and Detec/xtive Fiction",Arts and Social Science,0.42410934,0.5592611,0.5484131
EN4248,"Disclosure, Discovery and Detec/xtive Fiction",Arts and Social Science,0.42410934,0.5592611,0.5484131
HY3230,American Business: Industrial Revolution-Web,Arts and Social Science,0.43045175,0.5566081,0.5484126
AS3230,American Business: Industrial Revolution-Web,Arts and Social Science,0.43045175,0.5566081,0.5484126
LSM2212,Human Anatomy,Yong Loo Lin Sch of Medicine,0.4122937,0.56794494,0.5483911
YHU3272,"Literary Activism: Texts, Aesthetics, & Politics",Yale-NUS College,0.38551584,0.58506584,0.54831755
PH3302,Chinese Philosophical Traditions 2,Arts and Social Science,0.39863098,0.559682,0.5482939
YHU2244,History and Philosophy of the Scientific Revolution,Yale-NUS College,0.40632677,0.5596365,0.5482732
UTC1702D,Thinking in Systems: Population Dynamics,Residential College,0.41074994,0.553392,0.54821867
SN2274,South Asian Cultures: An Introduction,Arts and Social Science,0.40550822,0.55769396,0.5482129
UTC1404,Jr Sem: Power and Ideas,Residential College,0.42731017,0.55703795,0.54820204
NTW2024,Issues in and Around Justice,NUS College,0.4104889,0.5672985,0.5481335
GL4885AHM,International Law and World Politics,Arts and Social Science,0.406509,0.5577657,0.5480866
GL4885A,International Law and World Politics,Arts and Social Science,0.406509,0.5577657,0.5480866
PS3246,Public Ethics and Corruption,Arts and Social Science,0.42189887,0.55751705,0.5480658
YHU3351,"Kong Zi: The Man, the Myth, the Legend",Yale-NUS College,0.39547604,0.5516519,0.5480261
CH3254,Neo-Confucianism in Chinese History,Arts and Social Science,0.396345,0.5555235,0.5479482
HY2210,State & Society in Early-Modern Europe,Arts and Social Science,0.4262404,0.5617577,0.5479101
GEC1032,Home,Arts and Social Science,0.4178241,0.55557036,0.5479094
GET1003,Home,Arts and Social Science,0.417824,0.5555704,0.5479093
YHU3247,The Afropolitans: Contemporary African Lit. & Film,Yale-NUS College,0.41877,0.5580268,0.5477835
SE2210,Popular Culture in Southeast Asia,Arts and Social Science,0.3970099,0.54774696,0.54774696
LSM1303,Animal Behaviour,Science,0.4171675,0.55528665,0.54774296
LL4326,Administrative Justice: Perspectives from the U.S.,Law,0.4104771,0.55575967,0.5476956
HY2260,History and Popular Culture,Arts and Social Science,0.39952958,0.58644474,0.54768133
SC4212HM,Social Memory,Arts and Social Science,0.4252887,0.55526376,0.5476697
SC4212,Social Memory,Arts and Social Science,0.4252887,0.55526376,0.5476697
PS4234HM,Identity Politics,Arts and Social Science,0.43367824,0.55386794,0.54764664
BSE3712,Behavioural Economics,NUS Business School,0.40718654,0.5589962,0.5475489
EN3262,Postcolonial/Postmodern Writing,Arts and Social Science,0.4003411,0.5896076,0.54747325
YHU4280,The Marvelous Universe of Journey to the West,Yale-NUS College,0.39783898,0.55510795,0.5474359
FMA1205H,FS: Decolonization in the 20th Century,Arts and Social Science,0.42798164,0.5511689,0.5474278
UTW2001J,"Blood, Death and Desire, Interpreting the Vampire",Non-Faculty-based Departments,0.4202754,0.5669518,0.5474161
UTC2117,Skin,Residential College,0.41416028,0.55853266,0.54734457
HSI2005,Our Science Stories and You,Science,0.403967,0.5543102,0.54724586
UTW1001Z,"Colour: Theory, meaning and practice",Non-Faculty-based Departments,0.40499276,0.5594334,0.5472306
EC2312,Games and Strategic Behaviours: Theory and Evidence,Arts and Social Science,0.4273137,0.55754876,0.54720926
YSS3217,Urbanization in China,Yale-NUS College,0.3976014,0.55854,0.54716253
YHU4103A,Philosophy Capstone Seminar,Yale-NUS College,0.40986067,0.56172186,0.54712546
FMA1201Q,FS: Love Actually? The Social Construction of Romantic Love,Arts and Social Science,0.42223588,0.55523777,0.5471122
SP3176,The Universe,Science,0.39551196,0.5556752,0.54701006
LSM3260,Plant-Microbe Interactions,Science,0.36601773,0.565154,0.54696095
YSS3350,Social Movements in Muslim Majority Societies,Yale-NUS College,0.42060497,0.57925713,0.54695606
NHS2016,Technologies of the Self: from Socrates to Self-Help,NUS College,0.4160149,0.5594833,0.54692817
YHU3379,The Nature of Rationality,Yale-NUS College,0.41915777,0.56456316,0.546885
EU4228,European Foreign Policy,Arts and Social Science,0.4258295,0.56402564,0.5468808
PS4218HM,European Foreign Policy,Arts and Social Science,0.4258295,0.56402564,0.5468808
EU4228HM,European Foreign Policy,Arts and Social Science,0.4258295,0.56402564,0.5468808
PS4218,European Foreign Policy,Arts and Social Science,0.4258295,0.56402564,0.5468808
MA2002,Calculus,Science,0.41599825,0.5746222,0.5468346
NST2065,Zoomorphism: Understanding Animal and Human Behaviour,NUS College,0.42190894,0.55112594,0.54682094
PS3263,Comparative Study of Development,Arts and Social Science,0.41073504,0.55912066,0.5467012
YHU2328,History of the British Empire to 1850,Yale-NUS College,0.40091372,0.5689166,0.5466967
CM3222,Organic Reaction Mechanisms,Science,0.40748873,0.58637345,0.546675
YSS3245,Key Debates in Urban Planning and Policy,Yale-NUS College,0.41218728,0.55418026,0.54658395
NTW2005,Literature and Ethics,NUS College,0.38248694,0.5607331,0.54654926
HY3204,Southeast Asia: Decolonization & After,Arts and Social Science,0.4284558,0.5517353,0.546501
MS2221,Sufism in Southeast Asia,Arts and Social Science,0.3837878,0.5904335,0.5464179
PS2237,Introduction to International Relations,Arts and Social Science,0.41825798,0.5519424,0.5464121
GE4213,Cultural Geographies,Arts and Social Science,0.4060471,0.55512315,0.54640394
GE4213HM,Cultural Geographies,Arts and Social Science,0.4060471,0.55512315,0.54640394
UTC1116,Spectacles and Society,Residential College,0.39320573,0.55605865,0.5463879
LL4386V,"Intellectual Property in Body, Persona & Art",Law,0.4273636,0.5537641,0.546297
LL4386,"Intellectual Property in Body, Persona & Art",Law,0.4273636,0.5537641,0.546297
ST4233,Linear Models,Science,0.39890552,0.5674367,0.5462831
LC1001I,Criminal Law (I),Law,0.41214225,0.548688,0.54628205
SN4234HM,Mapping Social Movements in India,Arts and Social Science,0.41045588,0.5824628,0.54623735
SN4234,Mapping Social Movements in India,Arts and Social Science,0.41045588,0.5824628,0.54623735
YSS2253,Divided Cities,Yale-NUS College,0.43092725,0.5520726,0.54621917
UTC1102U,Junior Seminar: Disasters,Residential College,0.42237532,0.5538787,0.54584014
CH4223HM,Chinese Literary Criticism,Arts and Social Science,0.38021567,0.5708803,0.5457312
CH4223,Chinese Literary Criticism,Arts and Social Science,0.38021567,0.5708803,0.5457312
NHS2093,Telling Herstories: Recovering Forgotten Women Pioneers,NUS College,0.4320717,0.5547974,0.54573053
EC4324HM,Economics of Competition Policy,Arts and Social Science,0.41574022,0.5530642,0.54572964
EC4324,Economics of Competition Policy,Arts and Social Science,0.41574022,0.5530642,0.54572964
YHU3317,The Words and World of Lu Xun,Yale-NUS College,0.39882836,0.5845283,0.5456273
HSI2016,"The Art of Science, the Science of Art",Science,0.37540576,0.57831484,0.545507
GE3210,Natural Resources: Policy and Practice,Arts and Social Science,0.42070308,0.5625382,0.54541034
EL3222,Cinematic Discourse and Language,Arts and Social Science,0.40178588,0.55704296,0.5454094
YSS4273,Ideology in India,Yale-NUS College,0.42149103,0.583857,0.54539615
GEH1066,Art Movements and -isms,YST Conservatory of Music,0.40675187,0.55123824,0.54537857
YSS4222,Contemporary European Politics,Yale-NUS College,0.4282092,0.55395293,0.5453037
ST2334,Probability and Statistics,Science,0.42781124,0.56183827,0.54522383
YSC2213,Discrete Mathematics,Yale-NUS College,0.39491865,0.55927753,0.54517245
YSS3346,Performance Psychology and Neuroscience,Yale-NUS College,0.41971388,0.5596222,0.54512227
PS4882EHM,Topics in IR: Arms Control,Arts and Social Science,0.4066871,0.55326205,0.5450891
PS4882E,Topics in IR: Arms Control,Arts and Social Science,0.4066871,0.55326205,0.5450891
FSC4202,Forensic Human Identification,Science,0.43665445,0.5473821,0.54504675
YSS3241,Chinese Political Philosophy: Confucianism & its Rivals,Yale-NUS College,0.39542377,0.55802006,0.54502904
YSC4220,Ordinary and Partial Differential Equations,Yale-NUS College,0.41071698,0.5584414,0.5449957
YSS3237,Gender Perspectives in Anthropology,Yale-NUS College,0.40016043,0.5595011,0.5449746
PH3217,Feminist Philosophy,Arts and Social Science,0.40170246,0.575099,0.54494244
GEK2037,Introduction to the Philosophy of Technology,Arts and Social Science,0.4060119,0.55796665,0.5448746
PH2223,Introduction to the Philosophy of Technology,Arts and Social Science,0.4060119,0.55796665,0.5448746
HY3264,The Sensorium: Histories of the Senses,Arts and Social Science,0.41998106,0.54986244,0.5448605
GEM1046,Home,Arts and Social Science,0.4140305,0.55211675,0.54482347
GEK2020,Film Art and Human Concerns,Arts and Social Science,0.38545272,0.55821097,0.5446023
GEC1017,Film Art and Human Concerns,Arts and Social Science,0.38545272,0.55821097,0.5446023
GEH1053,Film Art and Human Concerns,Arts and Social Science,0.38545272,0.55821097,0.5446023
YSS4257,Topics in the Political Economy of Public Policy,Yale-NUS College,0.41512343,0.5574369,0.54451597
PH4203HM,Issues in Moral Philosophy,Arts and Social Science,0.3966028,0.54448646,0.54448646
PH4203,Issues in Moral Philosophy,Arts and Social Science,0.3966028,0.54448646,0.54448646
PL4222HM,Neuroscience of Memory,Arts and Social Science,0.39716545,0.5713017,0.54443604
PL4222,Neuroscience of Memory,Arts and Social Science,0.39716545,0.5713017,0.54443604
YHU2282,Consciousness,Yale-NUS College,0.38284224,0.55487037,0.5444065
PS4881G,Topics in CP: Politics of the Korean Peninsula,Arts and Social Science,0.4238159,0.5679562,0.5443805
PS4881GHM,Topics in CP: Politics of the Korean Peninsula,Arts and Social Science,0.4238159,0.5679562,0.5443805
YHU2241,Why be moral?,Yale-NUS College,0.38336912,0.5451007,0.5443555
YSS2250,Diplomacy and Statecraft,Yale-NUS College,0.4199508,0.57786584,0.5443158
FAS2882H,Cognitive Origin: The Evolution of Primate Intelligence,Arts and Social Science,0.40013617,0.55162954,0.54430014
YSS3204,Development Economics,Yale-NUS College,0.41313067,0.56431097,0.544292
CH3253,Confucian Thought,Arts and Social Science,0.38697442,0.5688377,0.54419076
LL4075V,IP and Competition Law,Law,0.40654558,0.54606456,0.5441684
LL4075,IP and Competition Law,Law,0.40654558,0.54606456,0.5441684
MA2219,Introduction to Geometry,Science,0.39754036,0.55331296,0.54416585
YID3202B,Special Topics in Environmental Studies,Yale-NUS College,0.38549614,0.54909647,0.5441332
YSC2252,Multivariable Calculus,Yale-NUS College,0.40636694,0.55237234,0.5440648
HY4233,Japanese Colonialism and Imperialism,Arts and Social Science,0.3958172,0.56759477,0.5440317
YHU2279,Philosophy as a Way of Life,Yale-NUS College,0.41396523,0.55605936,0.5440159
LL4234V,Property Theory,Law,0.3615382,0.5536381,0.5439917
YHU4260,"The Annals of Lu Buwei, the First Book of Chinese Empire",Yale-NUS College,0.4041817,0.55289674,0.5438991
MUA2170,Multitrack Recording Techniques,YST Conservatory of Music,0.4096419,0.570243,0.5438876
YSS2252,What is the Global South: Africa in the World,Yale-NUS College,0.42023447,0.5550855,0.54386705
PS3880D,Politics of the United Nations,Arts and Social Science,0.41791078,0.579898,0.5437623
UTW1001J,How do we frame the Climate Crisis?,Non-Faculty-based Departments,0.38311273,0.5904451,0.5436942
PS4208HM,Theories of International Relations,Arts and Social Science,0.41991878,0.5542647,0.5436536
PS4208,Theories of International Relations,Arts and Social Science,0.41991878,0.5542647,0.5436536
YSS2217,Political Concepts,Yale-NUS College,0.42698026,0.5509405,0.5436177
LL4502,Sustainable Development and International Law,Law,0.41425884,0.5652495,0.543574
LL4502V,Sustainable Development and International Law,Law,0.41425884,0.5652495,0.543574
UTC1102V,Junior Seminar: Ways of Knowing: Poetry and Science,Residential College,0.39042166,0.57346535,0.54352826
LL4551,Constitutionalism: Perspectives from the Global South,Law,0.40949053,0.56294966,0.5434602
LL4504,Issues and Authors in Legal Theory and Philosophy,Law,0.40431476,0.55553186,0.5434047
LL4504V,Issues and Authors in Legal Theory and Philosophy,Law,0.40431476,0.55553186,0.5434047
MA4247,Complex Analysis II,Science,0.40713274,0.5609299,0.5433465
GE3250,Nature and Society,Arts and Social Science,0.3946778,0.5816349,0.54333
YSS4279,Body and Society,Yale-NUS College,0.41387403,0.56843686,0.54324394
YHU2312,Literatures of the Islamic World,Yale-NUS College,0.37884098,0.6089611,0.5431682
YSS4253,Ethnography as Theory and Method: Classical and Contemporary Readings,Yale-NUS College,0.4164675,0.57003736,0.54309666
YHU3267,Classical Indian Philosophy of Language,Yale-NUS College,0.38542363,0.56852853,0.543081
LL4216,Cyber Law,Law,0.3973396,0.5450426,0.543046
YSS2215,Sociology of Religion,Yale-NUS College,0.39540002,0.57827634,0.54296523
PH3245,Language and Thought,Arts and Social Science,0.3862168,0.5504508,0.54291964
YSS3238,US Foreign Policy,Yale-NUS College,0.4296445,0.547323,0.5428296
NTW2004,Narrative in Everyday Life,NUS College,0.40733457,0.5594525,0.5428188
YSS3229,Urbanization and the Environment,Yale-NUS College,0.38985628,0.5789123,0.5427682
EN2206,The Arts and Social Justice,Arts and Social Science,0.40122095,0.5533953,0.54271615
NHS2005,"Appealing Arguments: Logos, Pathos, and Ethos",NUS College,0.38976717,0.54355973,0.54266584
YHU3210F,Proseminar in Literary Studies,Yale-NUS College,0.37787116,0.5675141,0.5426413
PS4213,International Political Theory,Arts and Social Science,0.407583,0.547493,0.5426334
PS4213HM,International Political Theory,Arts and Social Science,0.407583,0.547493,0.5426334
LL4476V,US Copyright: International & Comparative Perspectives,Law,0.420628,0.54562813,0.5426121
LL4476,US Copyright: International & Comparative Perspectives,Law,0.420628,0.54562813,0.5426121
GET1046,I Do Not Think Therefore I Am,Arts and Social Science,0.41238943,0.5605832,0.54259896
GEX1026,I Do Not Think Therefore I Am,Arts and Social Science,0.41238943,0.5605832,0.54259896
YSS3215,Cognitive Psychology,Yale-NUS College,0.4068124,0.5476231,0.5425453
EN4241HM,Utopias and Dystopias,Arts and Social Science,0.40957972,0.55949074,0.542539
EN4241,Utopias and Dystopias,Arts and Social Science,0.40957972,0.55949074,0.542539
GL4881A,"Colonial, Anticolonial and Postcolonial Globalizations",Arts and Social Science,0.40698394,0.5836624,0.5425248
GL4881AHM,"Colonial, Anticolonial and Postcolonial Globalizations",Arts and Social Science,0.40698394,0.5836624,0.5425248
FSC3101,Evidence in Forensic Science,Science,0.41121575,0.54934174,0.54248935
HY3242,Modern Imperialism,Arts and Social Science,0.4273336,0.5680096,0.5424662
EU3231,Modern Imperialism,Arts and Social Science,0.4273336,0.5680096,0.5424662
GET1022T,Understanding Your Brain,Cont and Lifelong Education,0.41137475,0.5513628,0.5424615
GEX1009,Understanding Your Brain,Yong Loo Lin Sch of Medicine,0.41137475,0.5513628,0.5424615
GEX1009T,Understanding Your Brain,Cont and Lifelong Education,0.41137475,0.5513628,0.5424615
GET1022,Understanding Your Brain,Yong Loo Lin Sch of Medicine,0.41137475,0.5513628,0.5424615
LL4292V,State Responsibility: Theory and Practice,Law,0.42032593,0.5499579,0.5424372
YHU2296,Ancient Epics,Yale-NUS College,0.39701158,0.56655467,0.5424303
LL4451V,An Uncensored History of International Law,Law,0.41216913,0.5552064,0.54242104
LL4451,An Uncensored History of International Law,Law,0.41216913,0.5552064,0.54242104
YSC2203,Classical Mechanics,Yale-NUS College,0.39126563,0.5544457,0.54231673
SE3880B,Martial Arts in Southeast Asia,Arts and Social Science,0.38427,0.5689045,0.5422905
YSS4244,African Atlantic Perspectives,Yale-NUS College,0.39840212,0.5514884,0.5422494
PE4102P,Welfare and Distribution,Arts and Social Science,0.42754546,0.55577,0.5421933
PE4102PHM,Welfare and Distribution,Arts and Social Science,0.42754543,0.55576986,0.5421932
YSS2236,Southwest Asia and North Africa: Societies and Politics,Yale-NUS College,0.42233184,0.5455973,0.5421473
CS3236,Introduction to Information Theory,Computing,0.4027197,0.5687675,0.5420625
PH2242,Philosophy of Language,Arts and Social Science,0.39200297,0.55372065,0.5419811
PH3246,Paradoxes,Arts and Social Science,0.40223268,0.551752,0.5419296
LL4234,Property Theory,Law,0.36021426,0.5512917,0.5419277
PL3238,Social Cognition,Arts and Social Science,0.4108066,0.5455536,0.5419238
YSS2202,International Relations,Yale-NUS College,0.41040245,0.55667084,0.54189885
CH2252,History of Chinese Philosophy,Arts and Social Science,0.3695921,0.54954565,0.54187375
EN3224,The Twentieth Century,Arts and Social Science,0.3754019,0.5843526,0.5418493
PS4883A,Topics in PT: Orientalism and Femininity,Arts and Social Science,0.41405222,0.57419,0.5417552
PS4883AHM,Topics in PT: Orientalism and Femininity,Arts and Social Science,0.41405222,0.57419,0.5417552
NHS2039,Understanding Law and Social Change,NUS College,0.38836652,0.56798863,0.5417462
PC4248,General Relativity,Science,0.3984124,0.54500353,0.5417393
LC1001G,Criminal Law (G),Law,0.41231793,0.5512261,0.54167736
MA4229,Fourier Analysis and Approximation,Science,0.40805274,0.5479538,0.5416636
LSM3219,Neuropharmacology,Yong Loo Lin Sch of Medicine,0.37299,0.55107003,0.5415481
JS4230HM,Advanced Readings in Popular Culture,Arts and Social Science,0.39260337,0.54995793,0.54152834
YHU2335,Central Themes in Philosophy of Science,Yale-NUS College,0.39078125,0.5768783,0.5414456
GL2101,Origins of the Modern World,Arts and Social Science,0.4217664,0.5463673,0.54132414
YSS4270,Hormones and Behavior,Yale-NUS College,0.4063588,0.5466405,0.5412898
YHU4206,The History of History,Yale-NUS College,0.40082783,0.61221457,0.54124194
JS4230,Advanced Readings in Popular Culture,Arts and Social Science,0.39293236,0.55159855,0.5412095
PH4212HM,Issues in Philosophy of Mind,Arts and Social Science,0.3879611,0.5573249,0.541162
PH4212,Issues in Philosophy of Mind,Arts and Social Science,0.3879611,0.5573249,0.541162
PS3237,Women and Politics,Arts and Social Science,0.42023408,0.5732578,0.54112816
LSM3275,Coral Reef Ecology,Science,0.4079024,0.5440942,0.5410713
HS2918,Pain Points: The Problem with Pain,Arts and Social Science,0.3889618,0.5557189,0.5410656
PS2251,The Region in the Postcolonial World,Arts and Social Science,0.4083794,0.5505532,0.54099387
RVX1005,"Intersectionality, Identity and Inequality in Asia",Center for Engl Lang Comms,0.415784,0.5501238,0.54099065
YSS2243,Democracy and Truth,Yale-NUS College,0.41035452,0.55906487,0.54098254
PS4234,Identity Politics,Arts and Social Science,0.42161733,0.54418314,0.5409463
SN3880A,Art of India,Arts and Social Science,0.3864682,0.5651842,0.5407456
TS3238,Acting for the Screen,Arts and Social Science,0.40253416,0.56211615,0.5406626
YSS1203,Principles of Economics,Yale-NUS College,0.39384037,0.54979706,0.54064596
TIE2020,Probability and Statistics,Cont and Lifelong Education,0.42095318,0.55713266,0.5404748
LL4286V,Transnational Terrorism and International Law,Law,0.40397668,0.5429549,0.5404439
LL4010A,Topics in the Civil Law Tradition (A): EU Harmonisation,Law,0.3983486,0.5498469,0.5403923
LL4010AV,Topics in the Civil Law Tradition (A): EU Harmonisation,Law,0.3983486,0.5498469,0.5403923
PH3207,Continental European Philosophy,Arts and Social Science,0.41441828,0.55598915,0.54030895
EU3227,Continental European Philosophy,Arts and Social Science,0.41441828,0.55598915,0.54030895
YHU3366,Edge of Empires: The China-Southeast Asia Borderlands,Yale-NUS College,0.39486676,0.56129825,0.5403016
LL4518,Classic and Contemporary Texts in Crime and Punishment,Law,0.4129924,0.5623304,0.5402626
LL4518V,Classic and Contemporary Texts in Crime and Punishment,Law,0.4129924,0.5623304,0.5402626
SN4262,Hindutva Nationalism,Arts and Social Science,0.42416474,0.56463486,0.54026014
SN4262HM,Hindutva Nationalism,Arts and Social Science,0.42416474,0.56463486,0.54026014
AN4207,"Nation, Empire, World",Arts and Social Science,0.4205341,0.55953455,0.5402218
GEC1002,Nations & Nationalism in South Asia,Arts and Social Science,0.41582373,0.5564068,0.54021925
GEK1035,Nations & Nationalism in South Asia,Arts and Social Science,0.41582373,0.5564068,0.54021925
GEH1008,Nations & Nationalism in South Asia,Arts and Social Science,0.41582373,0.5564068,0.54021925
YSS4241,Multispecies Ethnography,Yale-NUS College,0.3943493,0.55673623,0.5402056
PS4219HM,Comparative Political Thought,Arts and Social Science,0.41904724,0.5561614,0.54012364
PS4219,Comparative Political Thought,Arts and Social Science,0.41904724,0.5561614,0.54012364
TS3237,Acting and Directing in Asian Theatre,Arts and Social Science,0.39734018,0.55540305,0.54011786
YSS3208,Advanced Microeconomics,Yale-NUS College,0.43153906,0.54650736,0.54000056
GEK1000,An Introduction to Literary Studies,Arts and Social Science,0.40293342,0.5555277,0.53999
EN1101E,An Introduction to Literary Studies,Arts and Social Science,0.40293342,0.5555277,0.53999
GE4217,Political Geographies: Space and Power,Arts and Social Science,0.41974765,0.5723454,0.53988963
GE4217HM,Political Geographies: Space and Power,Arts and Social Science,0.41974765,0.5723454,0.53988963
PC3412,How Stars Work,Science,0.40381378,0.55513763,0.53985655
YHU4246,The Population Bomb: Biopolitics & Geopolitics,Yale-NUS College,0.3899392,0.54630333,0.53983593
EL3210,Topics in the Psychology of Language,Arts and Social Science,0.3939751,0.5430297,0.5397936
UTW1001T,How Rich Should Anyone Be?,NUS,0.40914878,0.5612898,0.5396779
HY4242,The History of Evil,Arts and Social Science,0.40912914,0.5470618,0.5395955
HY4242HM,The History of Evil,Arts and Social Science,0.40912914,0.5470618,0.5395955
EU2221,"Empires, Colonies and Imperialism",Arts and Social Science,0.41623992,0.57456696,0.5394751
HY2245,"Empires, Colonies and Imperialism",Arts and Social Science,0.41623992,0.57456696,0.5394751
HY4212,Special Paper in Modern European History,Arts and Social Science,0.4143043,0.5596898,0.5394719
EU4214HM,Special Paper in Modern European History,Arts and Social Science,0.4143043,0.5596898,0.5394719
HY4212HM,Special Paper in Modern European History,Arts and Social Science,0.4143043,0.5596898,0.5394719
EU4214,Special Paper in Modern European History,Arts and Social Science,0.4143043,0.5596898,0.5394719
LC1002J,Introduction to Legal Theory (J),Law,0.38757256,0.5528226,0.53943115
AN3210,Happiness: Toward an Anthropology of the Good,Arts and Social Science,0.39921746,0.5544317,0.5394116
HY4207,Special Paper in Military History,Arts and Social Science,0.43091974,0.5440935,0.5393678
HY4207HM,Special Paper in Military History,Arts and Social Science,0.43091965,0.5440935,0.5393677
GL3101,Inquiry and Method,Arts and Social Science,0.3943365,0.54706395,0.53934604
GL2104,Inquiry and Method,Arts and Social Science,0.3943365,0.54706395,0.53934604
NHT2213,Writing Women: Friendships in Fiction,NUS College,0.3890173,0.5491239,0.5392822
PH3218,Introduction to Comparative Philosophy,Arts and Social Science,0.41210932,0.55772895,0.539039
EN3222,The Eighteenth Century,Arts and Social Science,0.40382114,0.54684204,0.5387561
NTW2029,Evolutionary Psychology and Art,NUS College,0.3933395,0.5499765,0.5387278
MIH1101,What Impacts Health?,Yong Loo Lin Sch of Medicine,0.3797812,0.5624824,0.53868115
NST2064,Social Insect Societies,NUS College,0.3873052,0.5476101,0.5386501
GEK2030,Introduction to Continental Philosophy,Arts and Social Science,0.4179788,0.5441669,0.5386387
PH2212,Introduction to Continental Philosophy,Arts and Social Science,0.4179788,0.5441669,0.5386387
EU2214,Introduction to Continental Philosophy,Arts and Social Science,0.4179788,0.5441669,0.5386387
UTW2001T,Nobodiness: The Self as Story,Non-Faculty-based Departments,0.40678492,0.5494428,0.53863376
YSS3341,Contemporary Left Politics and Movements,Yale-NUS College,0.44071302,0.5446505,0.538527
NST2051,Friction - May The Force Be With You,NUS College,0.4034003,0.5457432,0.5384854
YSS3289,International Organisations in World Politics,Yale-NUS College,0.4024715,0.53901064,0.53828585
MA2214,Combinatorics and Graphs I,Science,0.4233068,0.5416768,0.5382137
LSM4257,Aquatic Vertebrate Diversity,Science,0.384444,0.54621077,0.5382101
MA4235,Topics in Graph Theory,Science,0.4093931,0.5485746,0.53814125
YHU2228,The Atlantic World,Yale-NUS College,0.41823,0.5400075,0.5379818
LL4491V,Law and the Humanities,Law,0.37740803,0.584666,0.5378572
LL4491,Law and the Humanities,Law,0.37740803,0.584666,0.5378572
LL4251V,International Humanitarian Law,Law,0.40324476,0.5490188,0.53785115
LL4251,International Humanitarian Law,Law,0.40324476,0.5490188,0.53785115
HY3245,Engendering History/Historicising Gender,Arts and Social Science,0.39267427,0.5852772,0.5377325
YSS4209,Signs and the State,Yale-NUS College,0.3960706,0.54306865,0.5376433
YHU3274,Painting the Orient,Yale-NUS College,0.40576562,0.5437906,0.53762424
LL4308V,"Behavioural Economics, Law & Regulation",Law,0.39886114,0.5514603,0.53752583
SC3205,Sociology of Power:Who Gets to Rule?,Arts and Social Science,0.42360818,0.544448,0.5374913
MA4252,Advanced Ordinary Differential Equations,Science,0.40686455,0.5560083,0.5374868
PH3230,Normative Ethical Theory,Arts and Social Science,0.39648515,0.53750116,0.5374625
LL4269,Privacy and Intellectual Property,Law,0.4075329,0.5430236,0.5374213
LL4368,Comparative Constitutionalism,Law,0.38459188,0.55098444,0.53740263
LL4368V,Comparative Constitutionalism,Law,0.38459188,0.55098444,0.53740263
EN3218,Secrets of the Renaissance Library,Arts and Social Science,0.39366183,0.5624771,0.5373967
YHU3265,Philosophy of Religion,Yale-NUS College,0.4103486,0.5650356,0.5373482
YSC3206,Introduction to Real Analysis,Yale-NUS College,0.41023424,0.5480055,0.5372978
GEM1050,Framing Bollywood: Unpacking The Magic,Arts and Social Science,0.38503608,0.59390247,0.537259
GEX1000T,Framing Bollywood: Unpacking The Magic,Cont and Lifelong Education,0.38503608,0.59390247,0.537259
JS2232,Japan and Korea,Arts and Social Science,0.37224463,0.54946935,0.537253
SC4209HM,Interpretive Sociology,Arts and Social Science,0.40662068,0.54724914,0.5372419
SC4209,Interpretive Sociology,Arts and Social Science,0.40662068,0.54724914,0.5372419
HY3257,The Philippines: A Social and Cultural History,Arts and Social Science,0.4069941,0.558049,0.53723353
YSS4211,Global India,Yale-NUS College,0.40861377,0.5559262,0.53721154
PH3110,Formal Methods for Philosophy,Arts and Social Science,0.4097853,0.5453263,0.5371672
YSS3278,Social Psychology,Yale-NUS College,0.40699777,0.5436919,0.53709054
YHU2243,Shakespeare & the Shape of Life: Intro to the Plays,Yale-NUS College,0.40040663,0.5718017,0.53707254
GEH1067,Superhero Entertainments,Arts and Social Science,0.4210505,0.5426685,0.5369996
LSM4215,Extreme Physiology,Yong Loo Lin Sch of Medicine,0.39408597,0.5438708,0.53698844
MA2312,Introduction to Differential Equations,Science,0.4061475,0.5409999,0.53688717
PH4216HM,Topics in Environmental Philosophy,Arts and Social Science,0.38795283,0.55610335,0.5368558
PH4216,Topics in Environmental Philosophy,Arts and Social Science,0.38795283,0.55610335,0.5368558
YSC2259,Social Insect Societies,Yale-NUS College,0.3872749,0.54529536,0.5367837
ST4237,Probability Theory I,Science,0.42002553,0.544503,0.5367482
GEK2024,Political Ideologies,Arts and Social Science,0.41603756,0.5518643,0.536743
PS2233,Political Ideologies,Arts and Social Science,0.41603756,0.5518643,0.536743
AN4202,"Gender, Sex and Power",Arts and Social Science,0.423202,0.5406582,0.53669727
SC4227,"Gender, Sex and Power",Arts and Social Science,0.423202,0.5406582,0.53669727
SC4227HM,"Gender, Sex and Power",Arts and Social Science,0.423202,0.5406582,0.53669727
YSS4206A,Topics in Psychology: Moral Judgments,Yale-NUS College,0.38357922,0.5582539,0.5366955
LL4552,Crime: Introduction to Anthropology of Law,Law,0.4102704,0.5567253,0.5366445
PS4882D,Topics in IR: Politics of Global Migration,Arts and Social Science,0.41851074,0.5504064,0.5366319
PS4882DHM,Topics in IR: Politics of Global Migration,Arts and Social Science,0.41851074,0.5504064,0.5366319
AS3239,The United States in the Asia-Pacific,Arts and Social Science,0.42564923,0.5413664,0.5366177
HY3214,History of Strategic Thought,Arts and Social Science,0.38843188,0.5836786,0.5365552
EN4233,Topics in American Culture,Arts and Social Science,0.3859158,0.5567765,0.53653127
AS4233HM,Topics in American Culture,Arts and Social Science,0.3859158,0.5567765,0.53653127
AS4233,Topics in American Culture,Arts and Social Science,0.3859158,0.5567765,0.53653127
EN4233HM,Topics in American Culture,Arts and Social Science,0.3859158,0.5567765,0.53653127
EN4244,Topics in Cultural Studies,Arts and Social Science,0.39078853,0.5479963,0.5364651
EN4244HM,Topics in Cultural Studies,Arts and Social Science,0.39078853,0.5479963,0.5364651
YHU2268,Money,Yale-NUS College,0.41310537,0.54273653,0.536375
YHU3399,"The Jesuits in China, 1600-1750",Yale-NUS College,0.3873101,0.5496239,0.53637004
UTC1102G,Junior Seminar: Proof: What’s Truth got to do with it?,Residential College,0.40200138,0.5410817,0.5362643
YHU3322,Crazy Rich Europeans: Wealth & Power in Modern History,Yale-NUS College,0.4079303,0.54270744,0.5362181
PH4202,Political Philosophy,Arts and Social Science,0.41519663,0.56077415,0.5361812
PH4202HM,Political Philosophy,Arts and Social Science,0.41519663,0.56077415,0.5361812
MA3238,Stochastic Processes I,Science,0.4175587,0.546696,0.5361512
ST3236,Stochastic Processes I,Science,0.4175587,0.546696,0.5361512
JS3216,Japanese Film and Literature,Arts and Social Science,0.3540095,0.5461314,0.53612
PS2236,European Politics,Arts and Social Science,0.41373542,0.5432559,0.53609455
EU2217,European Politics,Arts and Social Science,0.41373542,0.5432559,0.53609455
NHT2202,"Power, Identity, and Citizenship in Democratic Athens",NUS,0.4092255,0.55102015,0.53592193
GEC1039,International Relations of Asia,Arts and Social Science,0.40686253,0.5523616,0.53573895
GEM1048,International Relations of Asia,Arts and Social Science,0.40686253,0.5523616,0.53573895
LL4051,Principles Of Restitution,Law,0.39900747,0.5429227,0.5357189
PH3216,Comparative Environmental Ethics,Arts and Social Science,0.3931015,0.5569066,0.5356323
NHS2087,Happiness and Understanding Nature,NUS College,0.38441917,0.547603,0.53556716
AS4232,Topics in American Literature,Arts and Social Science,0.3694644,0.5648757,0.5355357
AS4232HM,Topics in American Literature,Arts and Social Science,0.3694644,0.5648757,0.5355357
EN4232HM,Topics in American Literature,Arts and Social Science,0.3694644,0.5648757,0.5355357
EN4232,Topics in American Literature,Arts and Social Science,0.3694644,0.5648757,0.5355357
NTW2042,Illusions and Hallucinations: Appearance and Reality,NUS College,0.38797,0.5673718,0.5355256
PH4242,Issues in Philosophy of Language,Arts and Social Science,0.38821694,0.55205077,0.5354179
PH4242HM,Issues in Philosophy of Language,Arts and Social Science,0.38821694,0.55205077,0.5354179
HY3239,The United States in the Asia-Pacific,Arts and Social Science,0.42596182,0.5462819,0.5353968
AS3231,American Literature I,Arts and Social Science,0.36506835,0.5632577,0.5353877
EN3231,American Literature I,Arts and Social Science,0.36506835,0.5632577,0.5353877
YHU4225,"Empire’s Outlaws: Piracy, Privateering, and Smuggling in the Age of Sail",Yale-NUS College,0.41323218,0.54456365,0.53517085
GEH1024,International Relations of Asia,Arts and Social Science,0.40584606,0.55028546,0.5349406
YHU2338,Social Norms: A Philosophical Introduction,Yale-NUS College,0.40833125,0.5450617,0.53484094
YHU3210D,Proseminar Lit Studies: How to Do Things with Literature,Yale-NUS College,0.37200135,0.57250285,0.534655
SC3219,Sexuality in Comparative Perspective,Arts and Social Science,0.41340986,0.5511295,0.5345954
PH2213,Metaphysics,Arts and Social Science,0.3990123,0.56275696,0.53439415
EC3393,Comparative Economic Systems,Arts and Social Science,0.4220469,0.54157066,0.53435737
PE3101P,Decision and Social Choice,Arts and Social Science,0.41402912,0.552021,0.5342493
SN3262,"The Struggle for India, 1920-1964",Arts and Social Science,0.4223531,0.55108476,0.5342318
HY3236,"The Struggle for India, 1920-1964",Arts and Social Science,0.4223531,0.55108476,0.5342318
YSS4243,Study of Modern Wars,Yale-NUS College,0.42170477,0.53978324,0.53413063
NST2031,The Importance of Being Formal,NUS,0.39749098,0.5449212,0.5341092
SN2282,Music in South Asia,Arts and Social Science,0.38329846,0.5367843,0.5340465
UTW2001Q,'What's in a word?' Meaning across cultures,Non-Faculty-based Departments,0.40257567,0.5481291,0.5339794
TCX2102,Probability and Statistics,Cont and Lifelong Education,0.42197692,0.5470042,0.53388274
TMA2103,Probability and Statistics,Cont and Lifelong Education,0.42197692,0.5470042,0.53388274
YHU3239,Kazimir Malevich and the Black Square,Yale-NUS College,0.41061977,0.5391271,0.5338141
LL4394,Protection Overlaps in Intellectual Property Law,Law,0.40313143,0.54201305,0.5336629
LL4394V,Protection Overlaps in Intellectual Property Law,Law,0.40313143,0.54201305,0.5336629
YHU2333,Shortcuts: The Aesthetics of Brevity,Yale-NUS College,0.38798758,0.55210966,0.53354394
YHU3300,1917: War and Revolution,Yale-NUS College,0.42338216,0.54872584,0.5335313
GE4232HM,Global Political Ecologies,Arts and Social Science,0.38296857,0.53938407,0.5334357
GE4232,Global Political Ecologies,Arts and Social Science,0.38296857,0.53938407,0.5334357
EC4354,Economics of Education,Arts and Social Science,0.38388327,0.545838,0.533326
EC4354HM,Economics of Education,Arts and Social Science,0.38388327,0.545838,0.533326
GEK3005,Politics and the Visual,Arts and Social Science,0.36891598,0.55626374,0.5333243
PS3260,Politics and the Visual,Arts and Social Science,0.36891598,0.55626374,0.5333243
YSS4288,History and Systems of Psychology,Yale-NUS College,0.3896187,0.5471115,0.5333138
PC2422,Physics of Climate Change,Science,0.38499996,0.58859134,0.53327936
FSC4201,Articulating Probability and Statistics in Court,Science,0.4000504,0.54173183,0.5332199
HY3206,East Asian International Relations,Arts and Social Science,0.40701714,0.5517154,0.5331621
PS2232,Islamic and Hindu Political Thought,Arts and Social Science,0.39309138,0.5745715,0.53309804
CH3299,Cold War and the Chinese Diaspora (in English),Arts and Social Science,0.39297897,0.5530999,0.5329862
GEX1031,Hollywood Cinema: Constructing the Realistic,Arts and Social Science,0.40234047,0.581035,0.53296983
GET1044,Hollywood Cinema: Constructing the Realistic,Arts and Social Science,0.40234047,0.581035,0.53296983
EN2201,Backgrounds to Western Literature and Culture,Arts and Social Science,0.38805762,0.5651698,0.53294337
GEM1536,Darwin and Evolution,Science,0.3786266,0.53599584,0.53287613
EN3219,Twenty-First Century British Fiction,Arts and Social Science,0.39921734,0.5595891,0.5328404
YHU3302,Latin American Realities,Yale-NUS College,0.39256003,0.5394839,0.532815
SP2718A,How the Ocean Works,Science,0.40398765,0.5396787,0.53263533
YHU3240,The Russo-Japanese War of 1904-5,Yale-NUS College,0.40781087,0.5396639,0.53261566
EL3205,Morphology,Arts and Social Science,0.40164348,0.546559,0.53259456
LL4253V,The Law of Treaties,Law,0.4007169,0.55197376,0.5325945
YHU3275,Descartes and the Perfection of Human Knowledge,Yale-NUS College,0.4017801,0.5383883,0.5325279
EN3243,S/F: Science Fiction and Fantasy,Arts and Social Science,0.40461466,0.5465241,0.5325037
EN3880A,History of Non-Western Film,Arts and Social Science,0.39864704,0.55455136,0.53240883
YHU4259,Historiography of the Zuo Zhuan,Yale-NUS College,0.3761426,0.5440149,0.5323895
EN4252,The Ancient Greek and Roman Worlds in Cinema,Arts and Social Science,0.39916405,0.54627156,0.53237873
EN4252HM,The Ancient Greek and Roman Worlds in Cinema,Arts and Social Science,0.39916405,0.54627156,0.53237873
PH3222,Greek Philosophy (Aristotle),Arts and Social Science,0.38703153,0.5588343,0.5322031
PH4243HM,Issues in Aesthetics,Arts and Social Science,0.37679902,0.54707,0.5321724
PH4243,Issues in Aesthetics,Arts and Social Science,0.37679902,0.54707,0.5321724
YHU3346,Arts in Singapore: Skinning Nudities in the 1990s - 2010s,Yale-NUS College,0.41049254,0.53553706,0.53215855
UTW2001W,Alter ego / authentic self? Online political identities,Non-Faculty-based Departments,0.39426336,0.5344806,0.5321282
TS3231,History and Theory of Western Theatre 2,Arts and Social Science,0.3919422,0.54781526,0.53207934
NHS2069,Film and the Mind,NUS College,0.37945417,0.5385444,0.53188914
CS4231,Parallel and Distributed Algorithms,Computing,0.4030625,0.53841865,0.5318133
YSS4252,Theory from the South: Critical Perspectives,Yale-NUS College,0.4021592,0.5354404,0.5317698
EN3253,Strange Times: Issues in Contemporary Literature,Arts and Social Science,0.3881779,0.56599903,0.5317648
HY4235,A History of the 20th Century and Beyond,Arts and Social Science,0.40775502,0.55237925,0.5317152
HY4235HM,A History of the 20th Century and Beyond,Arts and Social Science,0.40775502,0.55237925,0.5317152
SC2220,Gender Studies,Arts and Social Science,0.4034436,0.5605539,0.5317103
YSS3286,The Guru in Hinduism,Yale-NUS College,0.4046419,0.5382298,0.531705
SC4880D,"Policing and Security: Past, Present and Future",Arts and Social Science,0.3869722,0.53410196,0.53163004
SC4880DHM,"Policing and Security: Past, Present and Future",Arts and Social Science,0.3869722,0.53410196,0.53163004
EC3396,Economic Analysis of Law I,Arts and Social Science,0.4006492,0.5352664,0.5316222
SN4261,South and Southeast Asia: Early Contacts,Arts and Social Science,0.41566676,0.5394894,0.53162163
GE4222,Advanced Geomorphology,Arts and Social Science,0.36759937,0.5421815,0.5315694
GE4222HM,Advanced Geomorphology,Arts and Social Science,0.36759937,0.5421815,0.5315694
YSS3344,"Empire, War, and World Order",Yale-NUS College,0.42356995,0.53971153,0.5315345
UTC2702,Foundations in System Dynamics Thinking and Modelling,Residential College,0.3925802,0.54519826,0.53151834
YHU4222,The Historiography of Sima Qian,Yale-NUS College,0.39080846,0.53966105,0.53110516
MA4203,Galois Theory,Science,0.40533176,0.54804474,0.5310032
YSS3211,Human Rights,Yale-NUS College,0.415628,0.54899704,0.5309388
EN3223,Nineteenth Century Literature & Culture,Arts and Social Science,0.37887406,0.5649127,0.53093785
PL4880P,Psychology of Religion,Arts and Social Science,0.37731865,0.5726142,0.53093433
PL4880PHM,Psychology of Religion,Arts and Social Science,0.37731865,0.5726142,0.53093433
YLG3202,Advanced Ancient Greek Poetry,Yale-NUS College,0.378439,0.5370985,0.5308431
PS2234,Introduction to Comparative Politics,Arts and Social Science,0.4088669,0.53077567,0.53077567
HY2207,The Struggle for Modern China since 1800,Arts and Social Science,0.3889635,0.5487343,0.53076994
PS4220HM,Rhetoric and Politics,Arts and Social Science,0.4010817,0.55048466,0.5307563
PS4220,Rhetoric and Politics,Arts and Social Science,0.4010817,0.55048466,0.5307563
EN4226HM,English Women Novelists 1800-1900,Arts and Social Science,0.4037888,0.5494389,0.5307158
NST2028,Re-examining the Deterministic World of Matter,NUS College,0.3928202,0.5391452,0.53058577
NHS2081,The Mysteries of Morality,NUS College,0.3987229,0.5327627,0.53053665
NHS2012,Ethics and Aesthetics: The Moral Value of Representational Art,NUS College,0.37853193,0.55455446,0.5305153
MA4264,Game Theory,Science,0.42065737,0.551582,0.5304736
HY2265,Buddhism in World History,Arts and Social Science,0.39695647,0.5642663,0.5303726
YHU3315,Gospels as Literature,Yale-NUS College,0.38999373,0.548114,0.5302675
YSS3277,The Anthropological Imagination,Yale-NUS College,0.37903377,0.54831976,0.5301017
SFI2054,Introducing the Philippines (with Introductory Filipino language),NUS,0.39555544,0.5370003,0.530007
LL4305,Intellectual Property and Human Rights,Law,0.41746515,0.5357988,0.5299771
GEC1051,"Merchants, Guns and Money: The Economics of War",Arts and Social Science,0.40054637,0.5446451,0.529864
YHU3310,Global Modernisms,Yale-NUS College,0.39116007,0.5597443,0.5298389
YSS1208,Deviance and Conformity: An Introduction to Sociology,Yale-NUS College,0.4081791,0.53617334,0.5298058
EN4249,Autotheory and Contemporary Autofiction,Arts and Social Science,0.38483402,0.55178857,0.52979964
EN4249HM,Autotheory and Contemporary Autofiction,Arts and Social Science,0.38483402,0.55178857,0.52979964
YHU2297,Classical Chinese Philosophy,Yale-NUS College,0.34927973,0.5402584,0.52972806
NHS2014,Arts of Memory: Public Recollection & Memory Training,NUS College,0.4059198,0.53803945,0.5293516
GEK2034,Social Philosophy and Policy,Arts and Social Science,0.39656746,0.5547332,0.5293513
PH2220,Social Philosophy and Policy,Arts and Social Science,0.39656746,0.5547332,0.5293513
HY2267,Love: Histories of an Emotion,Arts and Social Science,0.39281353,0.5322271,0.52929485
LC1002I,Introduction to Legal Theory (I),Law,0.38044947,0.5408701,0.5292078
EN4247HM,Film Theory,Arts and Social Science,0.36581132,0.537642,0.529199
EN4247,Film Theory,Arts and Social Science,0.36581132,0.537642,0.529199
YSC3237,Introduction to Modern Algebra,Yale-NUS College,0.3769016,0.55314,0.52913314
YHU2315,Classical Indian Philosophy,Yale-NUS College,0.39828357,0.5393269,0.52897507
YHU3313,The Amarna Letters: Diplomacy in the Late Bronze Age,Yale-NUS College,0.40693015,0.5391369,0.52890074
MA3220,Ordinary Differential Equations,Science,0.40028313,0.5496309,0.52878743
PS3252,Human Rights in International Politics,Arts and Social Science,0.4089418,0.54030067,0.5287379
PL4227,Nature vs Nurture: Understanding Human Behavior,Arts and Social Science,0.39391226,0.53133184,0.5286757
PL4227HM,Nature vs Nurture: Understanding Human Behavior,Arts and Social Science,0.39391226,0.53133184,0.5286757
SE2226,Moro Peoples of the Philippines,Arts and Social Science,0.38468906,0.54405844,0.52867234
EN3268,Tragedy,Arts and Social Science,0.37320927,0.5396731,0.52865165
SN3223,International Relations of South Asia,Arts and Social Science,0.3998568,0.5365902,0.5286115
EN4226,English Women Novelists 1800‐1900,Arts and Social Science,0.40181726,0.54640615,0.5284362
HY3262,Buddhism In Southeast Asian History,Arts and Social Science,0.3856167,0.54216254,0.5284346
EL4251,Social Thought in Language,Arts and Social Science,0.38680944,0.53560275,0.5284196
EL4251HM,Social Thought in Language,Arts and Social Science,0.3868095,0.53560275,0.5284196
LL4319V,Current Problems in International Law,Law,0.396037,0.5306407,0.5282771
PH4240HM,Issues in Metaphysics,Arts and Social Science,0.39813364,0.5512643,0.5281317
PH4240,Issues in Metaphysics,Arts and Social Science,0.39813364,0.5512643,0.5281317
YHU3281,English Women Novelists: the Brontës to George Eliot,Yale-NUS College,0.38591266,0.5440248,0.52807426
EC3312,Game Theory & Applications to Economics,Arts and Social Science,0.40987825,0.5427478,0.52804816
YHU3373,New Queer Cinema: Women on Screen,Yale-NUS College,0.39109173,0.5380485,0.5280025
UTW1001S,Women in Film,Non-Faculty-based Departments,0.37044233,0.5767288,0.52792084
SE2217,War and Southeast Asia,Arts and Social Science,0.41402277,0.5607823,0.5279169
PH2224,Philosophy and Film,Arts and Social Science,0.3911723,0.54719275,0.5277618
GEK2040,Philosophy and Film,Arts and Social Science,0.3911723,0.54719275,0.5277618
EN3221,The English Renaissance,Arts and Social Science,0.3877262,0.5590587,0.52746135
GEK1539,A Brief History of Science,Science,0.3942775,0.5412784,0.527356
GEH1018,A Brief History of Science,Science,0.3942775,0.5412784,0.527356
YID3232,The Nature of the State,Yale-NUS College,0.39635172,0.5409029,0.52725136
YHU2287,Neo-Confucianism and Chinese Buddhism,Yale-NUS College,0.3804025,0.53712744,0.5272463
EN3244,Gender and Literature,Arts and Social Science,0.37357715,0.543691,0.52719957
EN3252,The Genealogy of Affect Theory,Arts and Social Science,0.39310062,0.5442909,0.52713853
LL4042V,Law and Religion,Law,0.38451633,0.5361861,0.5270063
GEC1049,Powerful Court Women from Qing China and Other Cultures,Arts and Social Science,0.40288278,0.5452497,0.526999
HS2922,Major US Supreme Court Cases and Big Ideas Behind Them,Arts and Social Science,0.39746395,0.54418284,0.5269541
GEH1077,Metropolis: The City in World History,Arts and Social Science,0.3827812,0.550341,0.5269095
GEC1030,Metropolis: The City in World History,Arts and Social Science,0.3827812,0.550341,0.5269095
LL4228V,The Use of Force in International Law,Law,0.40400746,0.54869056,0.52685857
LL4228,The Use of Force in International Law,Law,0.40400746,0.54869056,0.52685857
CS3245,Information Retrieval,Computing,0.40547955,0.53207195,0.52674466
YHU2303,The Aesthetics of Fear: Horror & the Philosophy of Art,Yale-NUS College,0.40850875,0.5358987,0.52672493
PH2114,Logic and its Limits,Arts and Social Science,0.39342833,0.5337596,0.5266801
YHU4279,Advanced Topics in Buddhist Philosophy,Yale-NUS College,0.40406808,0.5389507,0.5266583
YHU3362,Ancient Greek Tragedy and Fifth-century Athens,Yale-NUS College,0.39499292,0.57129514,0.5266498
UTW1001O,Ecocriticism and Popular Culture,Non-Faculty-based Departments,0.37621123,0.5340261,0.526616
YSC4238,Generalized Linear Models,Yale-NUS College,0.39164972,0.54464525,0.5265896
PH3214,Philosophy and Literature,Arts and Social Science,0.37957144,0.5462349,0.52656436
YHU2270,Contemporary Egalitarianism,Yale-NUS College,0.41871452,0.53265107,0.52650833
YSS3355,Contemporary Egalitarianism,Yale-NUS College,0.41871452,0.53265107,0.52650833
LL4057V,Theoretical Foundations Of Criminal Law,Law,0.40851575,0.53615105,0.52642727
NHS2006,Close Reading and Its Alternatives,NUS College,0.38694695,0.54745233,0.52636564
HSI2017,"Darwin: History, Science and the Evolution of Life",Science,0.37571004,0.5329293,0.52631223
YLG3201,Advanced Ancient Greek Prose,Yale-NUS College,0.37525946,0.53402144,0.52628076
PH3242,The Self,Arts and Social Science,0.39047125,0.5356033,0.5262076
GE4240,Spatial Decision-Making,Arts and Social Science,0.4006873,0.5594197,0.5262047
GE4240HM,Spatial Decision-Making,Arts and Social Science,0.4006873,0.5594197,0.5262047
TS2221,Global Theatres,Arts and Social Science,0.38110325,0.5364711,0.52605385
YHU3378,"Contemporary Populism: Logic, Method and Implications",Yale-NUS College,0.40278167,0.5364826,0.52604115
EC4362,Immigration Economics,Arts and Social Science,0.40709803,0.54025424,0.5259298
EC4362HM,Immigration Economics,Arts and Social Science,0.40709803,0.54025424,0.5259298
EL4258,Metapragmatics and Language Ideology,Arts and Social Science,0.37728864,0.52881765,0.5257866
EL4258HM,Metapragmatics and Language Ideology,Arts and Social Science,0.37728864,0.52881765,0.5257866
YSC3268,"Einstein, Gravity, and the Discovery of Black Holes",Yale-NUS College,0.36938342,0.5310755,0.52573335
SN2233,Globalizing India: The Politics of Economic Change,Arts and Social Science,0.41049176,0.5433615,0.52572864
YHU4212,The Problem of Evil from the Enlightenment to Auschwitz,Yale-NUS College,0.4003516,0.5256747,0.5256747
AN1101E,Anthropology & Human Condition,Arts and Social Science,0.40615153,0.5327416,0.5256656
HY2257,"Law, Crime, and Punishment in History",Arts and Social Science,0.3846011,0.56416655,0.52540314
TS3248,Theatre and Orientalism,Arts and Social Science,0.38673478,0.5372331,0.5253165
HY4225HM,Ideological Origins of US Foreign Policy,Arts and Social Science,0.40261307,0.536717,0.5252036
HY4225,Ideological Origins of US Foreign Policy,Arts and Social Science,0.40261307,0.536717,0.5252036
EN3248,Reading the Horror Film,Arts and Social Science,0.38348863,0.54482555,0.5251772
YSS3301,Alfred Russel Wallace and the Work of Natural History,Yale-NUS College,0.37841305,0.53539854,0.52500737
PS4231HM,Social Theory and International Relations,Arts and Social Science,0.41199657,0.526023,0.5249722
PS4231,Social Theory and International Relations,Arts and Social Science,0.41199657,0.526023,0.5249722
GEC1045,Forbidden Romance in Modern Times: East and West,Arts and Social Science,0.38002747,0.53563243,0.5248857
YSS4206D,Topics in Psychology: Thinking,Yale-NUS College,0.37559888,0.5532812,0.52484095
YSS3292,Palestinian Politics in Changing Middle East,Yale-NUS College,0.4099129,0.5404926,0.52480614
HY2216,"Total War, 1815-1945",Arts and Social Science,0.40711206,0.53941506,0.52477354
SFI2052,Introducing the Philippines,NUS,0.38610843,0.55016726,0.5246279
PS3272,The International Relations of Sub-Saharan Africa,Arts and Social Science,0.41205308,0.5405532,0.52462006
LL4331,The Rule of Law,Law,0.4097117,0.53569084,0.524611
AN3204,Religion in Society & Culture,Arts and Social Science,0.40811107,0.5278381,0.52450407
SC3208,Religion in Society & Culture,Arts and Social Science,0.40811107,0.5278381,0.52450407
YHU2329,"Bodies, Genders and Sexualities in History",Yale-NUS College,0.39305243,0.54794574,0.52448094
EN4880A,"Usurpation and Authority, 1558-1674",Arts and Social Science,0.3929367,0.55944246,0.5243627
EN4880AHM,"Usurpation and Authority, 1558-1674",Arts and Social Science,0.3929367,0.55944246,0.5243627
EN2211,"Writing With Theory: Race, Gender, Ecology",Arts and Social Science,0.3646302,0.5519364,0.5243585
MA3209,Metric and Topological Spaces,Science,0.39442432,0.52945507,0.52422845
YSS4274,Small States in Peace and War,Yale-NUS College,0.40858394,0.53346956,0.52413094
YHU2340,Metaphilosophy and the Politics of Knowing,Yale-NUS College,0.3958515,0.52787334,0.52401197
YHU2305,Bad Love in 20C Literature,Yale-NUS College,0.3922763,0.56569743,0.5236744
YHU3285,Rebellion and Revolution in Vietnamese History,Yale-NUS College,0.387614,0.541192,0.5235203
PS4229,The Politics of Knowledge,Arts and Social Science,0.40521833,0.52923226,0.52350473
PS4229HM,The Politics of Knowledge,Arts and Social Science,0.40521833,0.52923226,0.5235047
MA4233,Dynamical Systems,Science,0.39894307,0.53749645,0.5234113
TS2239,Major Playwrights of the 20th Century,Arts and Social Science,0.37679008,0.5335493,0.52338964
HY3266,"Gender, Emotion, and the Cold War",Arts and Social Science,0.4042755,0.5273955,0.5232154
UTC2118,The Anatomy of Crime,Residential College,0.3884037,0.54091537,0.5231517
EN2208,How We Read Today,Arts and Social Science,0.38784325,0.53604025,0.52300644
YSS4224,Political Order and One-Party Rule,Yale-NUS College,0.40862468,0.5414129,0.5228156
YSS3333,Topics in Economic History,Yale-NUS College,0.39848667,0.5362455,0.5228104
YHU3402,War and Peace in Northern Ireland,Yale-NUS College,0.4068596,0.53920615,0.5227229
YHU4234,"Trauma, Loss, Exile and the Literary Imagination",Yale-NUS College,0.38720313,0.55366594,0.5225225
SN4261HM,South and Southeast Asia: Early Contacts,Arts and Social Science,0.40548465,0.5337881,0.52231276
PL4225HM,Psychology of Gender,Arts and Social Science,0.38092142,0.5421551,0.5222816
PL4225,Psychology of Gender,Arts and Social Science,0.38092142,0.5421551,0.5222816
NTW2003,"Monuments, Memorials, and Commemoration",NUS College,0.39322892,0.53049487,0.5222525
NHS2085,Fear and the Supernatural Landscape,NUS College,0.40439007,0.52486914,0.5222019
NHS3005,"Reason, Secularization & Multiculturalism",NUS,0.38910124,0.5323702,0.52207625
YHU3391,Black Consciousness and the Struggle Against Apartheid,Yale-NUS College,0.38823774,0.5402581,0.52205527
PS3225,Political Islam,Arts and Social Science,0.39411741,0.6009766,0.52205074
LL4340,International Refugee Law,Law,0.40184483,0.53019553,0.52200013
LL4340V,International Refugee Law,Law,0.40184483,0.53019553,0.52200013
YID3219,"Volcanos, Climate, and Society in the 19th Century",Yale-NUS College,0.38996568,0.5659859,0.52196395
PC4232,Cosmology,Science,0.39294264,0.5312743,0.52185994
YSS3340,Democracy and Its Discontents (Athens to the Present),Yale-NUS College,0.39348,0.5276979,0.52185994
NHS2074,What is Race?,NUS College,0.3948521,0.5359961,0.5217494
PS4882I,Topics in IR: International Society,Arts and Social Science,0.40104017,0.52617884,0.5217066
PS4882IHM,Topics in IR: International Society,Arts and Social Science,0.40104017,0.52617884,0.5217066
NHS2095,Be Water My Friend: Why We Fight the Way We Do,NUS College,0.3723311,0.55666417,0.5216639
PH3201,Philosophy of Social Science,Arts and Social Science,0.37088504,0.5296527,0.5216152
YHU3337,Money and the Rise of the State,Yale-NUS College,0.41447362,0.5317904,0.5215359
EN3232,American Literature II,Arts and Social Science,0.35483477,0.54187995,0.5214784
AS3232,American Literature II,Arts and Social Science,0.35483477,0.54187995,0.5214784
HY3205,Society & Economy in Late Imperial China,Arts and Social Science,0.4086496,0.53693664,0.5214599
PH4262HM,Nietzsche,Arts and Social Science,0.38927782,0.5269331,0.5214359
PH4262,Nietzsche,Arts and Social Science,0.38927782,0.5269331,0.5214359
YCC1111,Literature and Humanities 1,Yale-NUS College,0.35026166,0.54811037,0.52137965
PS3256,Politics and Film,Arts and Social Science,0.3723564,0.5334236,0.5213497
SN2279,"The Making of Modern India, 1856-1947",Arts and Social Science,0.4061766,0.54040176,0.52131796
PS3269,Medieval Western Political Thought,Arts and Social Science,0.40627256,0.52882224,0.5213075
YHU3314,1989: The End of the Cold War,Yale-NUS College,0.40582716,0.54190266,0.5211895
YHU3368,Readings in Neo-Daoism,Yale-NUS College,0.3821356,0.52862495,0.5211322
GEX1000,Framing Bollywood: Unpacking The Magic,Arts and Social Science,0.3862376,0.55618227,0.5210017
GEH1009,Framing Bollywood: Unpacking The Magic,Arts and Social Science,0.3862376,0.55618227,0.5210017
YHU4276,Explanation and Causation,Yale-NUS College,0.3955296,0.5339056,0.52090484
YHU3259,World Religious Poetry,Yale-NUS College,0.39113003,0.5345495,0.520849
YHU2256,Literary Genres: Ancient Epic and Gangster Film,Yale-NUS College,0.36829314,0.54528636,0.5206504
SFI2084,Introducing Laos (with Introductory Thai),NUS,0.39778858,0.5313691,0.5206212
HY3247,From Monarchy to Military: History of Myanmar,Arts and Social Science,0.38944218,0.5587582,0.52057725
PH4214,Recent Continental European Philosophy,Arts and Social Science,0.40504944,0.53286856,0.5204227
PH4214HM,Recent Continental European Philosophy,Arts and Social Science,0.40504944,0.53286856,0.5204227
EU4223,Recent Continental European Philosophy,Arts and Social Science,0.40504944,0.53286856,0.5204227
EU4223HM,Recent Continental European Philosophy,Arts and Social Science,0.40504944,0.53286856,0.5204227
PH2243,Epistemology,Arts and Social Science,0.39168504,0.5338582,0.52035123
YSS3320,Neoliberalism,Yale-NUS College,0.39676687,0.52869844,0.5202583
LL4219,The Trial of Jesus in Western Legal Thought,Law,0.39452747,0.5313909,0.52018374
EN4262HM,Writing Global India: (Dis)Possessions of Capitalism,Arts and Social Science,0.4023539,0.53648365,0.52005756
EN4262,Writing Global India: (Dis)Possessions of Capitalism,Arts and Social Science,0.4023539,0.53648365,0.52005756
YSC1220,More is Different: Emergence in Physical Systems,Yale-NUS College,0.38532877,0.5471659,0.51943064
GEM2025,Introduction to Philosophy Of Science,Arts and Social Science,0.37681213,0.529075,0.51933897
PH2201,Introduction to Philosophy Of Science,Arts and Social Science,0.37681213,0.529075,0.51933897
YSS4298,Continental Political Theory,Yale-NUS College,0.39075115,0.54513174,0.51928604
AS3233,Regionalism in American Landscapes,Arts and Social Science,0.37896478,0.5579879,0.51919115
PS4312HM,Seminar in European Politics,Arts and Social Science,0.4033015,0.52712095,0.51901513
PS4312,Seminar in European Politics,Arts and Social Science,0.4033015,0.52712095,0.51901513
YHU3214,Indian Buddhist Philosophy,Yale-NUS College,0.38990843,0.5251726,0.5189869
HS2928,Grasping Infinity: Paradoxes and Applications,Arts and Social Science,0.37789708,0.5362176,0.518799
GEX1012,Effective Reasoning,Arts and Social Science,0.41068906,0.5259089,0.5186671
GET1026,Effective Reasoning,Arts and Social Science,0.41068906,0.5259089,0.5186671
GEK2048,Effective Reasoning,Arts and Social Science,0.41068906,0.5259089,0.5186671
GL4889A,International Law's Regulation of Violence,Arts and Social Science,0.38323963,0.53707165,0.51861453
GL4889AHM,International Law's Regulation of Violence,Arts and Social Science,0.38323963,0.53707165,0.51861453
EU2222,Critical Theory and Hermeneutics,Arts and Social Science,0.39132175,0.5326473,0.5184476
PH2219,Critical Theory and Hermeneutics,Arts and Social Science,0.39132175,0.5326473,0.5184476
SC3229,Comparing Deviance: Perverts & Scandalous Improprieties,Arts and Social Science,0.4105172,0.54763603,0.5184245
YHU3225,"Pompeii: Art, Urban Life & Culture in the Roman Empire",Yale-NUS College,0.40109408,0.5241955,0.5183592
YHU3338,"Confronting the Holocaust in Text, Film and Music",Yale-NUS College,0.37715745,0.5219684,0.5180666
YHU2330,Real and Imagined Animals in Medieval Literature,Yale-NUS College,0.36353058,0.5252735,0.5179811
YSS3351,Political Philosophy after World War II,Yale-NUS College,0.39463365,0.5365118,0.517794
YHU2209,Death and the Meaning of Life,Yale-NUS College,0.3932983,0.5349971,0.5177733
YHU3370,The Great War and Modern Memory,Yale-NUS College,0.39155924,0.5253048,0.51765317
PH3243,Chance and Uncertainty,Arts and Social Science,0.39563882,0.52037686,0.5175035
YHU3230,"The First Opium War, 1839‐42",Yale-NUS College,0.39403722,0.52137756,0.517444
GE4237HM,Environmental Pollution,Arts and Social Science,0.35967973,0.5501055,0.51742756
GE4237,Environmental Pollution,Arts and Social Science,0.35967973,0.5501055,0.51742756
EU2218,Western Political Thought,Arts and Social Science,0.3917228,0.52677727,0.51742613
PS2231,Western Political Thought,Arts and Social Science,0.3917228,0.5267774,0.51742613
YHU2213,Philosophy of Law,Yale-NUS College,0.38551396,0.5231687,0.51737833
PH3203,Moral Philosophy,Arts and Social Science,0.37955037,0.51767045,0.51735425
NHS2040,Politics and Emotion,NUS,0.40137956,0.522198,0.517253
GET1025,Science Fiction and Philosophy,Arts and Social Science,0.37305096,0.5305091,0.5171889
GEX1011,Science Fiction and Philosophy,Arts and Social Science,0.37305096,0.5305091,0.5171889
GEK2041,Science Fiction and Philosophy,Arts and Social Science,0.37305096,0.5305091,0.5171889
YHU3212,Kant,Yale-NUS College,0.40026876,0.5283633,0.51711524
PS4216HM,The Study of War,Arts and Social Science,0.40558833,0.5227276,0.51698685
PS4216,The Study of War,Arts and Social Science,0.40558833,0.5227276,0.51698685
YHU3355,Narai: Siam’s Worldly King and the Revolution of 1688,Yale-NUS College,0.37999123,0.5192917,0.5169607
YSS2210,Contemporary Social Theory,Yale-NUS College,0.39918968,0.5243987,0.5169401
NHS2017,Making Sense of Colonial Ideology and Its Legacies,NUS College,0.40005404,0.5251475,0.5169164
YHU4272,Aristotle on Happiness: The Nicomachean Ethics,Yale-NUS College,0.39130786,0.52419895,0.51676214
PS4201,Contemporary Political Theory,Arts and Social Science,0.39347667,0.5391095,0.51668465
PS4201HM,Contemporary Political Theory,Arts and Social Science,0.39347667,0.5391095,0.51668465
PS3247,The Rise of China and International Order,Arts and Social Science,0.38255054,0.55864704,0.51653814
PH2222,Greek Philosophy (Socrates and Plato),Arts and Social Science,0.3805045,0.5352146,0.51646113
GEK2036,Greek Philosophy (Socrates and Plato),Arts and Social Science,0.3805045,0.5352146,0.51646113
GEK2025,Politics of the Middle East,Arts and Social Science,0.38651899,0.5284599,0.5164296
PS2255,Politics of the Middle East,Arts and Social Science,0.38651899,0.5284599,0.5164296
PS4233,Existentialist Political Theory,Arts and Social Science,0.37654585,0.54256356,0.516397
PS4233HM,Existentialist Political Theory,Arts and Social Science,0.37654585,0.54256356,0.516397
YHU3260,"Heretics and Deviants: Writing, Rebellion, and Islam",Yale-NUS College,0.37595096,0.5437601,0.5163756
PS4202HM,Political Parties & Elections,Arts and Social Science,0.40125048,0.5172919,0.5162922
PS4202,Political Parties & Elections,Arts and Social Science,0.40125048,0.5172919,0.5162922
PH3241,Consciousness,Arts and Social Science,0.37595856,0.53700024,0.51621234
YSS3321,Terrorism & Insurgencies in Contemporary World Politics,Yale-NUS College,0.40915635,0.5308218,0.5161721
YSS2231,The Anthropology of Politics and Law: An Introduction,Yale-NUS College,0.40005448,0.5238088,0.5160307
NHS2003,Topics in Lit. 2: The Subject of Reading,NUS College,0.37777123,0.5254433,0.5159292
YHU3224,Warring States China Intellectual and Political History,Yale-NUS College,0.3625111,0.54759896,0.51583254
PH3251,The Nature of Truth,Arts and Social Science,0.38840598,0.520281,0.5154153
YHU4262,Buddhists and Brahmins: Kumārila Bhaṭṭa and Dignāga,Yale-NUS College,0.39799684,0.53326136,0.51536
YHU3263,The Bandung Conference of 1955,Yale-NUS College,0.39258373,0.5212584,0.5152773
UTC2728,More than art imitates life: Women and Men in Film,Residential College,0.38275072,0.5285764,0.5152673
HS2917,The Meaning of Colour,Arts and Social Science,0.3923668,0.52474564,0.515078
YHU2302,Realism and Naturalism,Yale-NUS College,0.3652335,0.54728055,0.51506424
EN3229,Shakespeare in His Time and Ours,Arts and Social Science,0.36263025,0.53588134,0.5149838
YSS3308,"Boulevards, Arcades and Sewers: Paris 1830-1870",Yale-NUS College,0.39971417,0.5189659,0.5149463
PS3265,Civil-Military Relations,Arts and Social Science,0.40152434,0.5201974,0.5149361
NHS2001,Representing War,NUS College,0.39346984,0.5239446,0.51483667
CH2246,Lu Xun and Modern China,Arts and Social Science,0.3642851,0.5240227,0.51473653
CH3274,Lu Xun and Modern China,Arts and Social Science,0.3642851,0.5240227,0.51473653
PS3232,Democratic Theory,Arts and Social Science,0.38484132,0.5385519,0.5143588
YHU3335,Phenomenology and Existentialism,Yale-NUS College,0.38087195,0.5257684,0.51434934
YHU3395,The Object of Modern Drama,Yale-NUS College,0.39469415,0.5528685,0.514325
YSS3349,"Empire, Nation, and Decolonization",Yale-NUS College,0.41984293,0.5229932,0.5142678
GEK2002,Philosophy of Art,Arts and Social Science,0.3553401,0.5364775,0.5141849
PH2209,Philosophy of Art,Arts and Social Science,0.3553401,0.5364775,0.5141849
YSS3332,Continental Political Thought,Yale-NUS College,0.38727254,0.53324544,0.5141498
AN4205,Perspectives on Cultures of Death,Arts and Social Science,0.39246848,0.5180968,0.5140499
PH4213HM,Comparative Philosophy,Arts and Social Science,0.4033504,0.5273926,0.51400477
PH4213,Comparative Philosophy,Arts and Social Science,0.4033504,0.5273926,0.51400477
NHS2104,Cinematic Body Genres and the Framing of Affect,NUS College,0.36848378,0.53394014,0.5139775
PL4242HM,Historical Controversies in Psychology,Arts and Social Science,0.37853265,0.5252226,0.51395607
PL4242,Historical Controversies in Psychology,Arts and Social Science,0.37853265,0.5252226,0.51395607
YSS2238,Game Theory and International Relations,Yale-NUS College,0.4027579,0.52337587,0.5136469
PS4211HM,Political Theology,Arts and Social Science,0.37921095,0.52208847,0.51363885
PS4211,Political Theology,Arts and Social Science,0.37921095,0.52208847,0.51363885
UTC1102B,Junior Seminar: The Darwinian Revolution,Residential College,0.3845304,0.5323127,0.5135937
GEM1902B,Junior Seminar: The Darwinian Revolution,Residential College,0.3845304,0.5323127,0.5135937
EN4234HM,Pynchon and the Poetics of Information,Arts and Social Science,0.3735204,0.5579313,0.5135788
EN4234,Pynchon and the Poetics of Information,Arts and Social Science,0.3735204,0.5579313,0.5135788
PH4209HM,Greek Thinkers,Arts and Social Science,0.3736168,0.54052913,0.51351464
PH4209,Greek Thinkers,Arts and Social Science,0.3736168,0.54052913,0.51351464
PH4208HM,Topics in Buddhism,Arts and Social Science,0.38235232,0.5212358,0.5134656
PH4208,Topics in Buddhism,Arts and Social Science,0.38235232,0.5212358,0.5134656
PH2241,Philosophy of Mind,Arts and Social Science,0.36742455,0.52996105,0.5131893
YSC3258,Arthropods and the Anthropocene,Yale-NUS College,0.38039014,0.5347031,0.5130353
EU2224,Europe since 1945 in Film,Arts and Social Science,0.3721085,0.5250094,0.51300913
YSS3242,Religion and Politics in South Asia,Yale-NUS College,0.39538935,0.52033395,0.5128767
MA4211,Functional Analysis,Science,0.4109186,0.51843905,0.51268274
NST2006,The Biology and Phenomenology of Pain,NUS College,0.37380528,0.530455,0.51256883
YSS3318,The Philosophy of Simone de Beauvoir,Yale-NUS College,0.38547194,0.52328587,0.5125113
NHS3004,Law and Violence,NUS,0.39123327,0.52284133,0.5123957
HY2264,The Making of Modern Europe,Arts and Social Science,0.390719,0.5123556,0.5123556
SN4233,"Social, Political and Economic Change in India",Arts and Social Science,0.40786362,0.5372784,0.5121507
SN4233HM,"Social, Political and Economic Change in India",Arts and Social Science,0.40786362,0.5372784,0.5121507
HY2269,Histories of the Body,Arts and Social Science,0.35549688,0.5373348,0.51137257
SN2273,Introduction to Indian Thought,Arts and Social Science,0.38533127,0.53185415,0.5113436
GEK2027,Introduction to Indian Thought,Arts and Social Science,0.38533127,0.53185415,0.5113436
PH2204,Introduction to Indian Thought,Arts and Social Science,0.38533127,0.53185415,0.5113436
YSS3354,Anthropology of Militarization,Yale-NUS College,0.3880334,0.5268836,0.5111519
GEM1049,Asian Cinema: The Silent Era,Arts and Social Science,0.37249917,0.5511186,0.5109199
GEC1038,Asian Cinema: The Silent Era,Arts and Social Science,0.37249917,0.5511186,0.5109199
GEH1007,Asian Cinema: The Silent Era,Arts and Social Science,0.37249917,0.5511185,0.51091987
EN4880C,The Short Story as a Global Form,Arts and Social Science,0.38114226,0.5199982,0.5109088
EN4880CHM,The Short Story as a Global Form,Arts and Social Science,0.38114226,0.5199982,0.5109088
YHU2325,Introduction to African Lit: Sub-Saharan Journeys,Yale-NUS College,0.3806436,0.52258325,0.5106726
PH3244,Appearance and Reality,Arts and Social Science,0.38490653,0.5336338,0.5104734
YSS4286,Theorizing the State,Yale-NUS College,0.405154,0.5138908,0.510455
YSS4276,The Political Theory of Hannah Arendt,Yale-NUS College,0.38608667,0.51927954,0.51036227
SC4228HM,Making Sense of Violence,Arts and Social Science,0.3771677,0.54775864,0.5103375
SC4228,Making Sense of Violence,Arts and Social Science,0.3771677,0.54775864,0.5103375
PS2256,Politics on Screen,Arts and Social Science,0.3858469,0.5129442,0.5102708
GEK2043,Politics on Screen,Arts and Social Science,0.3858469,0.5129442,0.5102708
PH2203,Major Moral Philosophers,Arts and Social Science,0.3770158,0.5152922,0.51000535
PH4211,Issues in Epistemology,Arts and Social Science,0.38474983,0.5179601,0.5098788
PH4211HM,Issues in Epistemology,Arts and Social Science,0.38474983,0.5179601,0.5098788
YHU3248,Food and Ethics in Roman Literature and Culture,Yale-NUS College,0.36436588,0.5116979,0.5097841
SFI2082,Introducing Laos,NUS,0.3891675,0.51342446,0.50967205
PS2258,Introduction to Political Theory,Arts and Social Science,0.38242772,0.53082556,0.5096141
GEC1003,"Pirates, Oceans and the Maritime World",Arts and Social Science,0.35696128,0.51261204,0.5095061
GEH1013,"Pirates, Oceans and the Maritime World",Arts and Social Science,0.35696128,0.51261204,0.5095061
GEK2049,"Pirates, Oceans and the Maritime World",Arts and Social Science,0.35696128,0.51261204,0.5095061
FMA1207H,FS: Biopolitics,Arts and Social Science,0.37992805,0.513457,0.50941306
GEH1074,Luck,Arts and Social Science,0.39351717,0.51115686,0.50938857
GEC1028,Luck,Arts and Social Science,0.39351717,0.51115686,0.50938857
YSS4290,Anthropology of Sovereignty and Freedom,Yale-NUS College,0.37661332,0.52685255,0.5093173
PL4239HM,Social Psychology of the Unconscious,Arts and Social Science,0.38214797,0.51475143,0.50923985
PL4239,Social Psychology of the Unconscious,Arts and Social Science,0.38214797,0.51475143,0.50923985
YHU2326,Introduction to Classical Arabic Philosophy,Yale-NUS College,0.36852416,0.56591004,0.5090822
PH3208,Buddhist Philosophy,Arts and Social Science,0.39603722,0.5167622,0.5088959
HY3217,The Making of Colonial Indochina,Arts and Social Science,0.38653892,0.5149977,0.5087792
YSS3327,"Emotions, Feelings, Affects",Yale-NUS College,0.3800151,0.5202298,0.50870675
YHU2211,Roman Literary Cultures,Yale-NUS College,0.36829737,0.5405682,0.5084312
SE4225,The Cold War in Southeast Asia,Arts and Social Science,0.38238397,0.5327376,0.5083949
SE4225HM,The Cold War in Southeast Asia,Arts and Social Science,0.38238397,0.5327376,0.5083949
YHU3321,British Comic Fiction: The 20th Century,Yale-NUS College,0.39004692,0.5288291,0.5083154
EN2277,Love's Word: Reading across Literature and Philosophy,Arts and Social Science,0.3835662,0.51605207,0.5082662
YHU2233,World Literature and its Discontents,Yale-NUS College,0.37269723,0.55388296,0.5080272
SC4218,"Religions, Secularity, Post-Secularity",Arts and Social Science,0.38709772,0.51872927,0.5080204
YSS1205,Introduction to Game Theory,Yale-NUS College,0.39568186,0.5176143,0.50786304
EN3880C,Sick Lit: Illness in Literature,Arts and Social Science,0.36059472,0.529225,0.50772256
YSS4216,The Anthropology of Popular Culture,Yale-NUS College,0.36927018,0.5214673,0.5075266
NHS2096,How to escape despotism?,NUS College,0.39542848,0.5138511,0.5074281
YSS3347,The Politics of Adapting to Climate Change,Yale-NUS College,0.36311048,0.55816627,0.50738734
YSS4297,Democratic Backsliding,Yale-NUS College,0.39328477,0.51176965,0.5073838
YHU3324,Advanced Latin: Catullus,Yale-NUS College,0.3945672,0.51394707,0.5071088
YHU3320,Vasubandhu,Yale-NUS College,0.38604915,0.51716906,0.5070233
PS4298,Continental Political Theory: Freedom and the Iron Cage,Arts and Social Science,0.38731453,0.5106743,0.50693524
PS3880H,The Politics of European Integration,Arts and Social Science,0.37224513,0.5204979,0.50669366
PS3310,Populism and the Future of Democracy,Arts and Social Science,0.39678743,0.52084947,0.5066433
YSS4267,Religion-State Relations in Comparative Perspective,Yale-NUS College,0.39157045,0.5352612,0.506442
CH2221S,Modern Chinese Literature,Arts and Social Science,0.362362,0.5479617,0.5063197
YHU3266,Democratic Theory,Yale-NUS College,0.3984129,0.5158473,0.5059563
YHU2260,Late 20th Century French Philosophy,Yale-NUS College,0.3631749,0.516045,0.5059353
UTC1113,Ignorance and Knowing,Residential College,0.38392988,0.5149748,0.5059137
YSS3310,Populism,Yale-NUS College,0.3999608,0.5299517,0.50554425
PH2202,Major Political Philosophers,Arts and Social Science,0.36909652,0.5179794,0.5055026
GEH1062,Ghosts and Spirits in Society and Culture,Arts and Social Science,0.38485467,0.50910795,0.5054803
GEC1024,Ghosts and Spirits in Society and Culture,Arts and Social Science,0.38485467,0.50910795,0.5054803
EN4251HM,Jonathan Swift,Arts and Social Science,0.37649882,0.51752156,0.5054673
EN4251,Jonathan Swift,Arts and Social Science,0.37649882,0.51752156,0.5054673
SC4221,Comparative Analysis of Human Rights,Arts and Social Science,0.3843012,0.5195806,0.50519466
SC4221HM,Comparative Analysis of Human Rights,Arts and Social Science,0.3843012,0.5195806,0.50519466
YSS3276,International Political Theory,Yale-NUS College,0.38267857,0.5225492,0.5051322
PH4207,Phenomenology,Arts and Social Science,0.37573668,0.51285595,0.50509083
PH4207HM,Phenomenology,Arts and Social Science,0.37573668,0.51285595,0.50509083
YSS3283,Republican Political Theory,Yale-NUS College,0.37504786,0.5364744,0.5049715
GEC1053,Rome and the Genealogy of Urban Life,Arts and Social Science,0.3760098,0.51484,0.5049571
YHU3234,Metaphysics of Human Nature,Yale-NUS College,0.38485312,0.5139655,0.5048736
YHU3357,Philosophy of Human Rights,Yale-NUS College,0.37968755,0.51568085,0.5046198
CH2221,Modern Chinese Literature,Arts and Social Science,0.36046684,0.54528403,0.5045746
CH3226,Modern Chinese Literature,Arts and Social Science,0.36046684,0.54528403,0.5045746
GEH1059,Living in the Nuclear World,Arts and Social Science,0.3793812,0.5071497,0.50444686
GEC1022,Living in the Nuclear World,Arts and Social Science,0.3793812,0.5071497,0.50444686
PS4235HM,War Termination and the Stability of Peace,Arts and Social Science,0.40201548,0.5126973,0.5042761
PS4235,War Termination and the Stability of Peace,Arts and Social Science,0.40201548,0.5126973,0.5042761
YHU3291,"Sacrifice, Sex, and Power in Medieval Kashmir",Yale-NUS College,0.39104795,0.51755553,0.5038159
EN3241,Literature and Psychoanalysis,Arts and Social Science,0.36993778,0.54186004,0.5038096
YSS4282,Borders and Boundaries,Yale-NUS College,0.40383562,0.50790507,0.5036775
HY2261,Modern Middle East History: From 1699 to the Present,Arts and Social Science,0.38123447,0.5557972,0.5036418
EN2212,Fictions of the Supernatural,Arts and Social Science,0.3713416,0.50882596,0.50353396
YHU2280,Oppression and Injustice,Yale-NUS College,0.37907147,0.5285205,0.50347626
GL4889B,Debates on Human Rights,Arts and Social Science,0.39430693,0.5180989,0.5034523
GL4889BHM,Debates on Human Rights,Arts and Social Science,0.39430693,0.5180989,0.5034523
PH4241,Issues in Philosophical Logic,Arts and Social Science,0.3823025,0.5103021,0.5033407
PH4241HM,Issues in Philosophical Logic,Arts and Social Science,0.3823025,0.5103021,0.5033407
YSS4228,The Anthropology of Dreams and Sleep,Yale-NUS College,0.36938933,0.5161416,0.5029744
EU2213,Upheaval in Europe: 1848-1918,Arts and Social Science,0.38907918,0.51724434,0.502701
HY2231,Upheaval in Europe: 1848-1918,Arts and Social Science,0.38907918,0.51724434,0.502701
YHU4249,The Self and Society: The Novel of Development,Yale-NUS College,0.36218283,0.5028529,0.5026882
YHU4266,Plato on Love and Death,Yale-NUS College,0.38044629,0.5065813,0.502283
YSS4229,The Anthropology of Human Rights,Yale-NUS College,0.38550746,0.5052859,0.50193447
LL4541V,Philosophical Issues in Law,Law,0.36254987,0.5070847,0.5015791
LL4541,Philosophical Issues in Law,Law,0.36254987,0.5070847,0.5015791
YHU2318,State and Society in the Ancient Near East,Yale-NUS College,0.39411542,0.51286066,0.50150853
YHU2321,"Virtue, Reason and Nature",Yale-NUS College,0.37428993,0.50267804,0.5015079
YSS1206,Introduction to Comparative Politics,Yale-NUS College,0.3855913,0.5117527,0.50108004
YSS2223,"Religion, Ritual and Magic",Yale-NUS College,0.38731086,0.5280197,0.5006357
YSS3326,Liberalism and Its Critics,Yale-NUS College,0.37104914,0.5026827,0.5004554
HY3880,Topics in History,Arts and Social Science,0.3421208,0.5721939,0.50041825
PS4217,Major Political Thinkers,Arts and Social Science,0.36366,0.5113387,0.5003816
PS4217HM,Major Political Thinkers,Arts and Social Science,0.36366,0.5113387,0.5003816
YHU3388,Topics in Buddhist Philosophy,Yale-NUS College,0.36575547,0.50574267,0.50034726
GET1043,"Universe, Big Bang, and Unsolved Mysteries",Science,0.38250205,0.50455743,0.50028616
GEX1024,"Universe, Big Bang, and Unsolved Mysteries",Science,0.38250205,0.50455743,0.50028616
GEX1024T,"Universe, Big Bang, and Unsolved Mysteries",Cont and Lifelong Education,0.38250205,0.50455743,0.50028616
YSS3356,Democratic Theory,Yale-NUS College,0.39627323,0.5030153,0.500212
YSS3302,Colonialism and Decolonization,Yale-NUS College,0.389291,0.50338733,0.50015116
PH2207,Hume and Kant,Arts and Social Science,0.3674164,0.5267921,0.5001024
GEC1031,Whatever it takes? Making War on Civilians,Arts and Social Science,0.40017748,0.50565946,0.4999427
GEH1079,Whatever it takes? Making War on Civilians,Arts and Social Science,0.40017748,0.5056592,0.4999426
LL4256,Comparative Constitutional Government,Law,0.38989037,0.50242025,0.49966335
YHU3340,The Bacchae of Euripides,Yale-NUS College,0.37507954,0.52613616,0.49966264
YHU3332,Poetry in/and/of the World,Yale-NUS College,0.37465906,0.5133997,0.49950713
YHU3299,"Sex, Decadence and Decay: Weimar Berlin (1918-33)",Yale-NUS College,0.38433698,0.50366026,0.49900007
PS3257,Political Inquiry,Arts and Social Science,0.36624858,0.50330037,0.4989534
YHU3297,Debate and Reasoning in Indian Philosophy,Yale-NUS College,0.3717872,0.5178877,0.49879083
PH2211,Philosophy of Religion,Arts and Social Science,0.37832502,0.5153832,0.49845752
YHU3339,Rome in Antiquity,Yale-NUS College,0.3778033,0.51997256,0.49791202
PH4210,Topics in Western Philosophy,Arts and Social Science,0.36701068,0.50303304,0.4976782
PH4210HM,Topics in Western Philosophy,Arts and Social Science,0.36701068,0.50303304,0.4976782
YHU3390,Modernist America,Yale-NUS College,0.3679259,0.50419796,0.49763337
NHS2002,Understanding Irony,NUS College,0.37105593,0.5098522,0.49745664
ALS1020,Learning to Choose Better,Non-Faculty-based Departments,0.36903098,0.53539276,0.49743542
YSS4260,The Economics of Inequality,Yale-NUS College,0.3762773,0.5065929,0.49730197
YSS4249,The Economics of Inequality,Yale-NUS College,0.3762773,0.5065929,0.49730197
PS4215,Politics of Non-Violence,Arts and Social Science,0.38076356,0.5160722,0.49720973
PS4215HM,Politics of Non-Violence,Arts and Social Science,0.38076356,0.5160722,0.49720973
EU3212,Europe of the Dictators,Arts and Social Science,0.38117346,0.50724816,0.49715048
HY3227,Europe of the Dictators,Arts and Social Science,0.38117346,0.50724816,0.49715048
YHU3312,Hollywood in the 1930s,Yale-NUS College,0.35318685,0.5349208,0.49708596
YHU2252,Ancient Greek Philosophy,Yale-NUS College,0.36310184,0.5306076,0.4969151
PH3247,Philosophical Logic,Arts and Social Science,0.3683311,0.51394784,0.49683532
EN3880B,Reader-Responsibility,Arts and Social Science,0.37297,0.50940675,0.49632525
PS4311HM,International Relations in Political Thought,Arts and Social Science,0.38084015,0.50938237,0.49564093
PS4311,International Relations in Political Thought,Arts and Social Science,0.38084015,0.50938237,0.49564093
YHU3352,Karl Marx and the Age of Revolutions,Yale-NUS College,0.37987503,0.5001701,0.49486914
GEX1007T,Darwin and Evolution,Cont and Lifelong Education,0.34914485,0.49670973,0.4944226
GET1020,Darwin and Evolution,Science,0.34914485,0.49670973,0.4944226
GET1020T,Darwin and Evolution,Cont and Lifelong Education,0.34914485,0.49670973,0.4944226
GEX1007,Darwin and Evolution,Science,0.34914485,0.49670973,0.4944226
HY3254,Cold War in East Asia,Arts and Social Science,0.3539877,0.51149,0.4935325
YHU3333,The Arab Defeat of 1967 and its Aesthetic Afterlives,Yale-NUS College,0.3936334,0.4955165,0.49310026
YHU2307,History of Crises: Europe's 20th Century,Yale-NUS College,0.3690195,0.51122737,0.49298033
YCC1113,Philosophy and Political Thought 1,Yale-NUS College,0.35742962,0.50319374,0.49290028
PH4217HM,History of Philosophy,Arts and Social Science,0.35453048,0.5404465,0.49240714
PH4217,History of Philosophy,Arts and Social Science,0.35453042,0.5404466,0.49240708
PH4206HM,A Major Philosopher,Arts and Social Science,0.36779985,0.5104149,0.49236512
PH4206,A Major Philosopher,Arts and Social Science,0.36779985,0.5104149,0.49236512
SN3278,Rivers of India: Divinity & Sacred Space,Arts and Social Science,0.37451598,0.49467587,0.49217287
HY4234,Grand Strategy in Peace and War,Arts and Social Science,0.37158522,0.498303,0.49208775
HY4234HM,Grand Strategy in Peace and War,Arts and Social Science,0.37158522,0.498303,0.49208775
YSS2248,Modern Political Philosophy: Machiavelli to Nietzsche,Yale-NUS College,0.36173314,0.49202985,0.49202985
NHS3001,What is Gender?,NUS College,0.3645597,0.5090692,0.49194685
YHU3398,Metaphysics of Gender,Yale-NUS College,0.36351976,0.4996587,0.49176788
YSS3339,Theories of Freedom,Yale-NUS College,0.37816876,0.49821037,0.49148837
YHU3350,"Slurs, Insults & Hate Speech: Pragmatics of Pejoratives",Yale-NUS College,0.37537146,0.51098317,0.49139
YSS3280,Contemporary Political Theory,Yale-NUS College,0.3731152,0.5055446,0.49113345
EN4261,Metafictions and the Novel,Arts and Social Science,0.36134827,0.504674,0.4907952
EN4261HM,Metafictions and the Novel,Arts and Social Science,0.36134827,0.504674,0.4907952
YHU3329,Advanced Latin: Ovid’s Metamorphoses,Yale-NUS College,0.3475652,0.50355315,0.4904345
HY2262,The Ancient World: The Roman Empire,Arts and Social Science,0.37014863,0.5163975,0.49033958
UTW2001S,Masculinities on Film,Non-Faculty-based Departments,0.361072,0.49945366,0.4903387
PS4228HM,Comparative Democratic Politics,Arts and Social Science,0.3794771,0.4967438,0.49009863
PS4228,Comparative Democratic Politics,Arts and Social Science,0.3794771,0.4967438,0.49009863
EN4222HM,Topics in the Eighteenth Century,Arts and Social Science,0.3662199,0.49402,0.48995534
EN4222,Topics in the Eighteenth Century,Arts and Social Science,0.3662199,0.49402,0.48995534
PH3206,Recent Philosophy,Arts and Social Science,0.37371728,0.49280927,0.48954177
PH4261,Kant,Arts and Social Science,0.37659147,0.49823058,0.4889411
PH4261HM,Kant,Arts and Social Science,0.3765914,0.49823046,0.488941
NTW2022,Genocide and Memory,NUS,0.386443,0.5034069,0.4884761
EN2209,Literature and Culture in Ancient Rome,Arts and Social Science,0.35798916,0.49620783,0.48837605
SC4218HM,"Religions, Secularity, Post-Secularity",Arts and Social Science,0.36893332,0.50357264,0.488342
YHU3311,"Ancient Tragedy: Gender, Politics, and Poetry",Yale-NUS College,0.35973856,0.5148623,0.4880793
YHU2314,Rome from City State to Empire,Yale-NUS College,0.37203458,0.51530284,0.48755336
LL4016A,Topics in Int’l Criminal Law (A): Aggression,Law,0.3610826,0.49059942,0.48745632
YHU3243,"Woolf, Historiography, and the Scene of the Modern",Yale-NUS College,0.3455669,0.5072358,0.4869615
GEK2018,Identity and Western Literature,Arts and Social Science,0.36367142,0.5075098,0.4867832
YHU3401,Exploring the Socratic Dialogue,Yale-NUS College,0.35499543,0.48656213,0.4865621
YSS2237,Nuclear Politics,Yale-NUS College,0.37347913,0.504828,0.48630038
GEH1027,Einstein's Universe & Quantum Weirdness,Science,0.34128153,0.51086235,0.48569736
PH3204,Issues in Indian Philosophy,Arts and Social Science,0.37897936,0.4959672,0.48517695
SN3272,Issues in Indian Philosophy,Arts and Social Science,0.37897936,0.4959672,0.48517695
YHU3325,Advanced Latin: Catiline in the Roman Elite Imagination,Yale-NUS College,0.36864594,0.4925968,0.48499498
PH3250,Quantification and Modality,Arts and Social Science,0.36520502,0.4984219,0.48474795
HSI2009,What is a Planet?,Science,0.3547973,0.49161926,0.48469353
SN2213,"South Asian Democracies - Violence, Conflict, and Hope",Arts and Social Science,0.3601551,0.4959288,0.48457187
PS3267,German Political Thought,Arts and Social Science,0.36104706,0.48871127,0.48456997
YHU3372,Global Philosophy of Metaphor,Yale-NUS College,0.36391902,0.49191618,0.48433667
EN3266,Christianity and Contemporary Literature/Culture,Arts and Social Science,0.33766502,0.49086726,0.48428136
UTW1001K,Meaning of Home and Identity in the Diaspora,NUS,0.36868262,0.48773232,0.48314366
PS3242,US Foreign Policy,Arts and Social Science,0.37551647,0.49011794,0.48313767
PH4204HM,Topics in Indian Philosophy,Arts and Social Science,0.36472747,0.4868328,0.48306695
PH4204,Topics in Indian Philosophy,Arts and Social Science,0.36472747,0.4868328,0.48306695
PS4237,Capitalism and Political Theory,Arts and Social Science,0.37317452,0.4950849,0.4830173
PS4237HM,Capitalism and Political Theory,Arts and Social Science,0.37317452,0.4950849,0.4830173
GEM2006,Logic,Arts and Social Science,0.35786822,0.48403448,0.48246846
LL4316V,Restitution of Unjust Enrichment,Law,0.34459043,0.48525244,0.4823354
YHU4217,Novel Evidence:19th-Century British Fiction and the Law,Yale-NUS College,0.34926212,0.4948457,0.48193938
YHU3295,"Nasty Women: Gender, Sexuality & Race in Early America",Yale-NUS College,0.372749,0.51296395,0.481882
SN4276HM,Epic Traditions in South- and SE-Asia,Arts and Social Science,0.34551954,0.49854362,0.48157638
SN4276,Epic Traditions in South- and SE-Asia,Arts and Social Science,0.34551954,0.49854362,0.48157638
YHU3238,"Empire, Slavery and the Making of the Americas",Yale-NUS College,0.38285562,0.49041963,0.48139754
YHU3348,Troy Story: Snapshots of an Evolving Legend,Yale-NUS College,0.34738383,0.4861572,0.48138198
YHU3356,Early Modern Empiricism,Yale-NUS College,0.35127363,0.4887017,0.4810397
YSS2208,Ancient Greek Political Philosophy,Yale-NUS College,0.35776767,0.49030185,0.48103532
HY3240,Making America Modern,Arts and Social Science,0.38517454,0.48172742,0.48011023
AS3240,Making America Modern,Arts and Social Science,0.38517454,0.48172742,0.48011023
GL4887AHM,The Modern Middle East in the Age of Globalizations,Arts and Social Science,0.36859092,0.48562247,0.4797874
GL4887A,The Modern Middle East in the Age of Globalizations,Arts and Social Science,0.36859092,0.48562247,0.4797874
YHU3245,Aristotle,Yale-NUS College,0.3494299,0.50687057,0.4792394
YHU2224,Forms of Poetry,Yale-NUS College,0.35974312,0.49576566,0.47921532
PH2112,Non-Classical Logic,Arts and Social Science,0.36127374,0.49196362,0.47903824
YHU3334,Mexican Revolutionary Aesthetics,Yale-NUS College,0.35508144,0.4848644,0.47898588
GEC1033,Maverick or Mahatma? Gandhi’s Life & Legacy,Arts and Social Science,0.35546026,0.4858601,0.4788983
GEK1048,Maverick or Mahatma? Gandhi’s Life & Legacy,Arts and Social Science,0.35546026,0.4858601,0.4788983
GET1009,Maverick or Mahatma? Gandhi’s Life & Legacy,Arts and Social Science,0.35546026,0.4858601,0.4788983
YHU3222,Ovid the Innovator,Yale-NUS College,0.35994703,0.48157728,0.4786273
GEX1014,Logic,Arts and Social Science,0.3666632,0.49390554,0.4776705
GET1028,Logic,Arts and Social Science,0.3666632,0.49390554,0.4776705
YCC1114,Philosophy and Political Thought 2,Yale-NUS College,0.360586,0.4914423,0.47762957
EN4269,Ovid the Innovator: Advanced Ancient Roman Poetry,Arts and Social Science,0.35836035,0.48216537,0.47714657
EN4269HM,Ovid the Innovator: Advanced Ancient Roman Poetry,Arts and Social Science,0.35836035,0.48216537,0.47714657
YSS3366,Terrorism,Yale-NUS College,0.36763525,0.47976798,0.4771339
NHS2101,The Seven Deadly Sins,NUS College,0.3601431,0.49826503,0.4768692
YHU3296,Fiction and the Supernatural,Yale-NUS College,0.35809073,0.5022496,0.4760477
YHU4257,Modernist Women’s Writing: 1910-1939,Yale-NUS College,0.34569955,0.52041507,0.47587886
YHU3270,English Women Novelists: Austen and her Predecessors,Yale-NUS College,0.36080712,0.4810773,0.4738431
YHU4220,The Political Philosophy of Spinoza,Yale-NUS College,0.3547808,0.48146045,0.4723614
YHU3252,"The Roman Emperor Nero: Sex, Stage and Scandal",Yale-NUS College,0.36951798,0.47178745,0.47144228
SN2278,Introduction to Sikhism,Arts and Social Science,0.35780898,0.47413388,0.47095218
YHU3380,Justification,Yale-NUS College,0.357834,0.48216152,0.47031546
PH2206,Founders of Modern Philosophy,Arts and Social Science,0.3430891,0.49070525,0.4697888
GEK2028,Founders of Modern Philosophy,Arts and Social Science,0.3430891,0.49070525,0.4697888
PH3261,Kant's Critique of Pure Reason,Arts and Social Science,0.35725564,0.4799685,0.46886843
YHU3396,The Witchcraft Trials of Colonial New England,Yale-NUS College,0.3447456,0.47868076,0.4684475
YHU4255,Borges and Literary Theory,Yale-NUS College,0.31474096,0.5147328,0.4683989
YCC2121,Modern Social Thought,Yale-NUS College,0.34403807,0.47034818,0.46747154
EU3230,"Cold War in Europe, 1945-1991",Arts and Social Science,0.35063165,0.48425138,0.46428815
HY3209,"Cold War in Europe, 1945-1991",Arts and Social Science,0.35063165,0.48425138,0.46428815
PS2254,American Government and Politics,Arts and Social Science,0.3509779,0.46994394,0.4621509
YHU3375,Thomas Aquinas on Evil,Yale-NUS College,0.35500455,0.47223705,0.46128255
YHU3282,Equiano's Slave Narrative: Texts & Contexts,Yale-NUS College,0.353858,0.46566254,0.4597717
YHU3367,Writing the Desert,Yale-NUS College,0.32006958,0.49122953,0.45902473
HY2263,The Ancient World: Ancient Greece,Arts and Social Science,0.34423938,0.49380863,0.45868653
EN3228,Women Novelists: 1750-1800,Arts and Social Science,0.34653807,0.46410382,0.45472622
PS2204,Modern Western Political Thought,Arts and Social Science,0.34818438,0.4601332,0.45402184
EU2204,Modern Western Political Thought,Arts and Social Science,0.34818438,0.4601332,0.45402184
HSI2012,From Ancient Cosmologies to Big Bang,Science,0.3278103,0.46197748,0.45299882
YHU4227,Ancient Humour: Greece and Rome,Yale-NUS College,0.33923435,0.46147472,0.4494242
YSS2239,The Political Thought of the Enlightenment,Yale-NUS College,0.33787677,0.45523357,0.44648418
YSS3343,Plato’s Political Thought,Yale-NUS College,0.3239727,0.45089966,0.4449343
YHU2339,Empiricism,Yale-NUS College,0.33901504,0.45483154,0.44470343
YHU3294,Socrates on Trial,Yale-NUS College,0.33020297,0.45095602,0.44435692
HY3258,Cold War in the Global South,Arts and Social Science,0.33455002,0.4551679,0.44166166
YHU3221,Nietzsche: An Untimely Thinker and His Times,Yale-NUS College,0.32538357,0.44342068,0.44143814
EU2203,Ancient Western Political Thought,Arts and Social Science,0.32275403,0.4480395,0.43273026
PS2203,Ancient Western Political Thought,Arts and Social Science,0.32275403,0.4480395,0.43273026
YHU3330,"Hinduism, Nationalism, and the Bhagavad Gita in the 20th Century",Yale-NUS College,0.32323298,0.44186276,0.4298152
PS3259,American Political Thought,Arts and Social Science,0.31045103,0.44189465,0.41607141
