major,degree_faculty,rank,job_id,job_title,ssoc_minor_title,ssoc_unit_title,similarity,best_module
Biomedical Engineering,College of Design and Engineering,1,2144bd07174e7fd7d4167bdae23f8424,Biomedical Engineer / Senior Technical Officer,ENGINEERING PROFESSIONALS I,Engineering Professionals Not Elsewhere Classified,0.673388659954071,BN3101A
Biomedical Engineering,College of Design and Engineering,2,8e9d25a78fea566514f1f554f5a02f1b,Research Fellow (Materials Synthesis and Agricultural),"SALES, MARKETING, DEVELOPMENT AND CUSTOMER SERVICE MANAGERS",Research and Development Managers,0.6578124761581421,BN3301
Biomedical Engineering,College of Design and Engineering,3,42632c5fe608ebb7d598f5e47baa306f,Manufacturing Engineer,ENGINEERING PROFESSIONALS I,Engineering Professionals Not Elsewhere Classified,0.648486316204071,BN2105
Biomedical Engineering,College of Design and Engineering,4,2adfa013739f402ae484dc5f221f568e,Manufacturing Engineer,ENGINEERING PROFESSIONALS I,Engineering Professionals Not Elsewhere Classified,0.648486316204071,BN2105
Biomedical Engineering,College of Design and Engineering,5,59398220ef9a48bc3fd06195e4cc9301,Manufacturing Engineer (Industrial Engineer),ENGINEERING PROFESSIONALS I,Engineering Professionals Not Elsewhere Classified,0.642773449420929,BN3101A
Biomedical Engineering,College of Design and Engineering,6,b18e61006e054a7a5b946041b6c2c4c8,Research Associate (Environmental Engineering),"SALES, MARKETING, DEVELOPMENT AND CUSTOMER SERVICE MANAGERS",Research and Development Managers,0.642626941204071,BN4501
Biomedical Engineering,College of Design and Engineering,7,4c9656dc8f45de4e07bd7475d3e270d1,Research Fellow (Mechanobiology Institute),"SALES, MARKETING, DEVELOPMENT AND CUSTOMER SERVICE MANAGERS",Research and Development Managers,0.6419433355331421,PC4267
Biomedical Engineering,College of Design and Engineering,8,061be890d90462863528d8d65583eabe,Project Officer (Chemical Biology),"SALES, MARKETING, DEVELOPMENT AND CUSTOMER SERVICE MANAGERS",Research and Development Managers,0.63671875,BN3402
Biomedical Engineering,College of Design and Engineering,9,e888d03286468a4253953f5cc21fda4b,Research Fellow (Cellular Agriculture),"SALES, MARKETING, DEVELOPMENT AND CUSTOMER SERVICE MANAGERS",Research and Development Managers,0.6351073980331421,BN3301
Biomedical Engineering,College of Design and Engineering,10,c68620e623c6e68f72ffa4ad4af1e2e1,Research Fellow (Chemistry/Materials Science/Chemical Engineering),"SALES, MARKETING, DEVELOPMENT AND CUSTOMER SERVICE MANAGERS",Research and Development Managers,0.6341308355331421,BN3301
Chemical Engineering,College of Design and Engineering,1,c787d6b3c51997b2ae2d92129b671a1a,Process Engineer (Process Industry I Chemical Plant I West),ENGINEERING PROFESSIONALS I,Industrial and Production Engineers,0.6607910394668579,CN4119
Chemical Engineering,College of Design and Engineering,2,d1108991d7eda5c8cc1cfc0007f6d377,Process Engineer (Process Industry I Chemical Plant I West),ENGINEERING PROFESSIONALS I,Industrial and Production Engineers,0.6607910394668579,CN4119
Chemical Engineering,College of Design and Engineering,3,087e46b6943f4617b4888136139ce0c3,Process Engineer (Process Industry I Chemical Plant I West),ENGINEERING PROFESSIONALS I,Industrial and Production Engineers,0.6607910394668579,CN4119
Chemical Engineering,College of Design and Engineering,4,c68c2e5e27171411fa146bf64de85dd9,Process Engineer (1 year contract),ENGINEERING PROFESSIONALS I,Industrial and Production Engineers,0.6517089605331421,CN4101
Chemical Engineering,College of Design and Engineering,5,828f198543db95c94472a9a782d867a5,"Quality Chemical Technician (Startup plant, East)",ADMINISTRATIVE ASSOCIATE PROFESSIONALS,Administrative and Related Associate Professionals Not Elsewhere Classified,0.6416991949081421,CN4102
Chemical Engineering,College of Design and Engineering,6,2de8022cea2e06612eaf39705e2899e3,Process Safety Engineer (Operations I Process Engineering),ENGINEERING PROFESSIONALS I,Engineering Professionals Not Elsewhere Classified,0.635546863079071,CN4101
Chemical Engineering,College of Design and Engineering,7,92e8b34bc437917663ccc8e7396700b3,Process Safety Engineer (Operations I Process Engineering),ENGINEERING PROFESSIONALS I,Industrial and Production Engineers,0.635546863079071,CN4101
Chemical Engineering,College of Design and Engineering,8,f9acff383ee3fb2bf3d34ef2713f3dc8,Process Safety Engineer (Operations I Process Engineering),ENGINEERING PROFESSIONALS I,Industrial and Production Engineers,0.635546863079071,CN4101
Chemical Engineering,College of Design and Engineering,9,7dc57161b46429b12a781c229223e42b,Chemical engineering / CHEMICAL ENGINEERING TECHNICIAN,PHYSICAL AND ENGINEERING SCIENCE TECHNICIANS I,Chemical Engineering Technicians,0.633740246295929,CN1101A
Chemical Engineering,College of Design and Engineering,10,b7869908d90b8b302a9b1f460285109f,Chemical Engineer (Material Planning I Operations I Safety),ENGINEERING PROFESSIONALS I,Chemical Engineers,0.632861316204071,CN4101
Civil Engineering,College of Design and Engineering,1,c165da3aad4f1bbffaa8a6c6b92a4f42,Civil & Structural Engineer,PHYSICAL AND ENGINEERING SCIENCE TECHNICIANS I,Civil Engineering Technicians,0.7034667730331421,CE3166
Civil Engineering,College of Design and Engineering,2,55dba0b2fe5be8759b4b403ec9b28e94,Senior/ Civil & Structural Engineer,ENGINEERING PROFESSIONALS I,Civil Engineers,0.689404308795929,CE3155B
Civil Engineering,College of Design and Engineering,3,62485fb469616329688067462b1d4f49,CIVIL ENGINEER,ENGINEERING PROFESSIONALS I,Civil Engineers,0.68408203125,CE3165
Civil Engineering,College of Design and Engineering,4,fdfb539794fd9dccfc3653edda3af09e,CIVIL ENGINEER,ENGINEERING PROFESSIONALS I,Civil Engineers,0.68408203125,CE3165
Civil Engineering,College of Design and Engineering,5,a3f0edcb592fa6d3b798820c90bef7b7,Engineer (Civil & Structural),ENGINEERING PROFESSIONALS I,Civil Engineers,0.678662121295929,CE3165
Civil Engineering,College of Design and Engineering,6,4929ccc0b020d0fbfd901fe5913bba9d,"Civil, Structural and Geotechnical Design Engineer",ENGINEERING PROFESSIONALS I,Civil Engineers,0.676513671875,CE3166
Civil Engineering,College of Design and Engineering,7,02735f2eb8a2989ac165e2fa33d09d93,"Civil & Structural Engineer (Main Con, Tender)",ENGINEERING PROFESSIONALS I,Civil Engineers,0.6754394769668579,CE3166
Civil Engineering,College of Design and Engineering,8,a866cdee470da038acfeeb53f009a765,"Civil & Structural Engineer (Main Con, Tender)",ENGINEERING PROFESSIONALS I,Civil Engineers,0.6754394769668579,CE3166
Civil Engineering,College of Design and Engineering,9,8191617ff02665cdc50da305c89ab27f,"Civil & Structural Engineer (Main Con, Tender)",ENGINEERING PROFESSIONALS I,Civil Engineers,0.6754394769668579,CE3166
Civil Engineering,College of Design and Engineering,10,165b82f321028c690ed5799e0943109e,"Civil & Structural Engineer (Main Con, Tender)",ENGINEERING PROFESSIONALS I,Civil Engineers,0.6754394769668579,CE3166
Computer Engineering,College of Design and Engineering,1,833dfa699dccf7859d22a84648a1ca41,Digital Experience Designer (UX/UI),"ARCHITECTS, PLANNERS, SURVEYORS AND DESIGNERS",Graphic and Multimedia Designers and Artists,0.6597656011581421,CS3249
Computer Engineering,College of Design and Engineering,2,e91e9dac6934c346582483e77583320f,Computer Vision Engineer,ENGINEERING PROFESSIONALS I,Engineering Professionals Not Elsewhere Classified,0.658007800579071,CS4243
Computer Engineering,College of Design and Engineering,3,8c378534eb6f4106602e138866f94562,Computer Vision Engineer,SOFTWARE AND APPLICATIONS DEVELOPERS AND ANALYSTS,Software and Applications Developers and Analysts Not Elsewhere Classified,0.65576171875,EE4212
Computer Engineering,College of Design and Engineering,4,d5a160c81a7c0196c1666b94b5c05a0f,Vision Sensors/ Computer Vision Engineer,ENGINEERING PROFESSIONALS I,Engineering Professionals Not Elsewhere Classified,0.653857409954071,CS4243
Computer Engineering,College of Design and Engineering,5,777d8a1a1cc389e31b065b8581a9eb97,Layout Engineer,ENGINEERING PROFESSIONALS II (Cont’d),Electronics Engineers,0.6531738042831421,EE3408C
Computer Engineering,College of Design and Engineering,6,d2f9c89e0d51cda4ce033893e5ea3010,"Engineer, AI Perception Algorithm",SOFTWARE AND APPLICATIONS DEVELOPERS AND ANALYSTS,Software and Applications Developers and Analysts Not Elsewhere Classified,0.650097668170929,EE4212
Computer Engineering,College of Design and Engineering,7,ee4f91f8650165d579da074ff5e9572a,IC Design Engineer (Digital IC Design/Analog /Mixed-Signal),ENGINEERING PROFESSIONALS I,Engineering Professionals Not Elsewhere Classified,0.644824206829071,EE4415
Computer Engineering,College of Design and Engineering,8,18c6c2913cd2a9bdf8df4d738253e0ab,IC Design Engineer (Digital IC Design/Analog /Mixed-Signal),ENGINEERING PROFESSIONALS I,Engineering Professionals Not Elsewhere Classified,0.644824206829071,EE4415
Computer Engineering,College of Design and Engineering,9,7605143e0d9a10c16b31f5faa6b4701d,IC Design Engineer (Digital IC Design/Analog /Mixed-Signal),ENGINEERING PROFESSIONALS I,Engineering Professionals Not Elsewhere Classified,0.644824206829071,EE4415
Computer Engineering,College of Design and Engineering,10,bf227f67c78097006d7a4e9eee72edc1,Sr/ IC Design Engineer (Physical Design),ENGINEERING PROFESSIONALS II (Cont’d),Electronics Engineers,0.6436523199081421,EE4415
Electrical Engineering,College of Design and Engineering,1,af1755f2d5a0ec945a224fbd59e322d2,Project Officer (Signal Processing and Communications),"SALES, MARKETING, DEVELOPMENT AND CUSTOMER SERVICE MANAGERS",Research and Development Managers,0.634082019329071,PC2020
Electrical Engineering,College of Design and Engineering,2,25bf03e2eacd066d5f33b9d8eb73be3c,ELECTRICAL ENGINEER,ENGINEERING PROFESSIONALS II (Cont’d),Electrical Engineers,0.634082019329071,PC2020
Electrical Engineering,College of Design and Engineering,3,74726a57aabbcba3aca488cabde52516,Electrical Engineer,ENGINEERING PROFESSIONALS II (Cont’d),Electrical Engineers,0.623291015625,EE1111A
Electrical Engineering,College of Design and Engineering,4,3db0301408a22d6e15923d30b8d4f823,Application Engineer,ENGINEERING PROFESSIONALS I,Engineering Professionals Not Elsewhere Classified,0.6219726800918579,EE2022
Electrical Engineering,College of Design and Engineering,5,9a2e20d3a067c271674a6a4180c3128e,ASSISTANT ELECTRICAL ENGINEER,ASSISTANT ENGINEERS,Assistant Engineers,0.6204589605331421,PC2020
Electrical Engineering,College of Design and Engineering,6,bb99373a93430ff81fd21771db100283,"Research Assistant (Sensor Design, Server deployment, Data analytics)","SALES, MARKETING, DEVELOPMENT AND CUSTOMER SERVICE MANAGERS",Research and Development Managers,0.618896484375,EE2022
Electrical Engineering,College of Design and Engineering,7,10d47334bb55e3eb42cffe8930244feb,Engineer,ENGINEERING PROFESSIONALS I,Engineering Professionals Not Elsewhere Classified,0.6187988519668579,PC2020
Electrical Engineering,College of Design and Engineering,8,3acfc37ff25fd8f0f858acbd7fd27341,Electronics Engineer,ENGINEERING PROFESSIONALS II (Cont’d),Electronics Engineers,0.6183105707168579,EE2027
Electrical Engineering,College of Design and Engineering,9,486d98547cbd556e5085c122139c456c,Research Associate / Research Assistant (Data Analytics),"SALES, MARKETING, DEVELOPMENT AND CUSTOMER SERVICE MANAGERS",Research and Development Managers,0.612060546875,EE2012
Electrical Engineering,College of Design and Engineering,10,0361af5149615a550c258f3f205754f9,Electrical Engineer (Ref 26325),ENGINEERING PROFESSIONALS II (Cont’d),Electrical Engineers,0.611279308795929,PC2020
Engineering Science,College of Design and Engineering,1,af1755f2d5a0ec945a224fbd59e322d2,Project Officer (Signal Processing and Communications),"SALES, MARKETING, DEVELOPMENT AND CUSTOMER SERVICE MANAGERS",Research and Development Managers,0.618847668170929,PC2020
Engineering Science,College of Design and Engineering,2,10d47334bb55e3eb42cffe8930244feb,Engineer,ENGINEERING PROFESSIONALS I,Engineering Professionals Not Elsewhere Classified,0.6114746332168579,ESP3903
Engineering Science,College of Design and Engineering,3,bb99373a93430ff81fd21771db100283,"Research Assistant (Sensor Design, Server deployment, Data analytics)","SALES, MARKETING, DEVELOPMENT AND CUSTOMER SERVICE MANAGERS",Research and Development Managers,0.6084960699081421,ESP2111
Engineering Science,College of Design and Engineering,4,3db0301408a22d6e15923d30b8d4f823,Application Engineer,ENGINEERING PROFESSIONALS I,Engineering Professionals Not Elsewhere Classified,0.6080077886581421,ESP2110
Engineering Science,College of Design and Engineering,5,25bf03e2eacd066d5f33b9d8eb73be3c,ELECTRICAL ENGINEER,ENGINEERING PROFESSIONALS II (Cont’d),Electrical Engineers,0.603076159954071,ESP3903
Engineering Science,College of Design and Engineering,6,36e10de7e06c60790b0c281e6752f3c7,"Engineer and Senior Research Engineer (Pattern Transfer Dry Etch) (APM) (NSTIC), IME",ENGINEERING PROFESSIONALS I,Engineering Professionals Not Elsewhere Classified,0.6029297113418579,ESP2110
Engineering Science,College of Design and Engineering,7,3acfc37ff25fd8f0f858acbd7fd27341,Electronics Engineer,ENGINEERING PROFESSIONALS II (Cont’d),Electronics Engineers,0.6015625,ESP2111
Engineering Science,College of Design and Engineering,8,06d482a3439ec0d0838d258a8792c080,"Engineer and Senior Research Engineer (Pattern Transfer Dry Etch) (APM), (NSTIC), IME",ENGINEERING PROFESSIONALS I,Engineering Professionals Not Elsewhere Classified,0.5992676019668579,ESP2110
Engineering Science,College of Design and Engineering,9,6cf4c10b94ec52e2dc7fe3c9706fd470,Application Engineer,ENGINEERING PROFESSIONALS I,Engineering Professionals Not Elsewhere Classified,0.598437488079071,ESP2110
Engineering Science,College of Design and Engineering,10,931ec8aba2e86cf9af5ad27de9faa635,Research Engineer (in Multimodal AI ) - MRP,ADMINISTRATION PROFESSIONALS,Administration Professionals Not Elsewhere Classified,0.598388671875,ESP3201A
Environmental and Sustainability Engineering,College of Design and Engineering,1,b18e61006e054a7a5b946041b6c2c4c8,Research Associate (Environmental Engineering),"SALES, MARKETING, DEVELOPMENT AND CUSTOMER SERVICE MANAGERS",Research and Development Managers,0.676953136920929,ESE3301
Environmental and Sustainability Engineering,College of Design and Engineering,2,2c00ee00c8f22677b290d8fcd6d64b4c,Environmental Engineer,ENGINEERING PROFESSIONALS I,Environmental Engineers,0.653027355670929,ESE2102
Environmental and Sustainability Engineering,College of Design and Engineering,3,b60ec6927d03ac9378bae210e6558316,Lab Analyst / Technician,PHYSICAL AND ENGINEERING SCIENCE TECHNICIANS I,Chemical and Physical Science Technicians,0.630908191204071,ESE4403
Environmental and Sustainability Engineering,College of Design and Engineering,4,946a15242c802358ac4d42bb9058579f,Research Intern,ADMINISTRATION PROFESSIONALS,Management and Business Consultants,0.6282714605331421,ESE2102
Environmental and Sustainability Engineering,College of Design and Engineering,5,a32766c990eacaaa0279528f0c5a1126,ESD Engineer,ENGINEERING PROFESSIONALS I,Environmental Engineers,0.6207519769668579,ESE2102
Environmental and Sustainability Engineering,College of Design and Engineering,6,54f93a0361cef039b0f1cb5e3151bf9b,Senior Executive Environment Specialist,ENGINEERING PROFESSIONALS I,Environmental Engineers,0.620654284954071,ESE2102
Environmental and Sustainability Engineering,College of Design and Engineering,7,1d06d68a8225846f30e227375ab938e2,Facility Engineer (Sustainability),ENGINEERING PROFESSIONALS I,Engineering Professionals Not Elsewhere Classified,0.619335949420929,ESE3401
Environmental and Sustainability Engineering,College of Design and Engineering,8,d16380e5354af5b7577de57bbeddaa51,Facility Engineer (Sustainability),ENGINEERING PROFESSIONALS I,Engineering Professionals Not Elsewhere Classified,0.619335949420929,ESE3401
Environmental and Sustainability Engineering,College of Design and Engineering,9,fa97f1ab8d8b7106c4fa00844026fbc3,Facility Engineer (Sustainability),ENGINEERING PROFESSIONALS I,Engineering Professionals Not Elsewhere Classified,0.619335949420929,ESE3401
Environmental and Sustainability Engineering,College of Design and Engineering,10,605a82d93bd7ca9a8bbaa2e9e122505d,Sales Engineer (Water Quality/Scientific/Analytical Instruments),MARKETING AND PUBLIC RELATIONS PROFESSIONALS,Specialised Goods Sales Professionals,0.6107422113418579,ESE4405
Industrial Design,College of Design and Engineering,1,833dfa699dccf7859d22a84648a1ca41,Digital Experience Designer (UX/UI),"ARCHITECTS, PLANNERS, SURVEYORS AND DESIGNERS",Graphic and Multimedia Designers and Artists,0.6487792730331421,ID4122
Industrial Design,College of Design and Engineering,2,211648f177be9e2193a54da6e6303178,Product Design Intern,ARTISTIC AND CULTURAL ASSOCIATE PROFESSIONALS,Interior Designers and Decorators,0.64697265625,ID2322
Industrial Design,College of Design and Engineering,3,5a351e9a4fadbe16058f24f8099ef67f,Product Design Intern,ARTISTIC AND CULTURAL ASSOCIATE PROFESSIONALS,Interior Designers and Decorators,0.64697265625,ID2322
Industrial Design,College of Design and Engineering,4,642074ceac2e70ccc4adcc966ed5af45,UX and UI Design Intern (Web),"ARCHITECTS, PLANNERS, SURVEYORS AND DESIGNERS",Graphic and Multimedia Designers and Artists,0.64208984375,ID3107
Industrial Design,College of Design and Engineering,5,96a575f2764bd56e90fd676e1e84a04a,Internship Interior Designer,ARTISTIC AND CULTURAL ASSOCIATE PROFESSIONALS,Interior Designers and Decorators,0.636914074420929,ID3109
Industrial Design,College of Design and Engineering,6,dbb2c5f172b55e81ee86aeb6cbc3c1e6,2D Designer (PRIT),SOFTWARE AND APPLICATIONS DEVELOPERS AND ANALYSTS,"Software, Web, Multimedia and Games Developers and Designers",0.635058581829071,ID4122
Industrial Design,College of Design and Engineering,7,77811554ef9d0f35f0e7899f1cdc9f9c,Architectural Designer,"ARCHITECTS, PLANNERS, SURVEYORS AND DESIGNERS",Building Architects,0.633593738079071,ID4122
Industrial Design,College of Design and Engineering,8,7153a1c279a09018d43bc23bbbe08bbb,Junior Product Designer - Jewellery,"ARCHITECTS, PLANNERS, SURVEYORS AND DESIGNERS",Fashion and Product Designers,0.633349597454071,ID2108
Industrial Design,College of Design and Engineering,9,85ecf81ff9147fd476a103a668a5d073,JUNIOR INTERIOR DESIGNER,ARTISTIC AND CULTURAL ASSOCIATE PROFESSIONALS,Interior Designers and Decorators,0.632519543170929,ID2109
Industrial Design,College of Design and Engineering,10,a2f16fe307bf1d32b9e9b08790988f3b,Learning Technology Designer,OTHER TEACHING PROFESSIONALS,Education Methods Specialists,0.6319335699081421,ID4122
Industrial & Systems Engineering,College of Design and Engineering,1,09ab0d27554698ff7d8d67b82d5c4a97,AI/ML Engineer,ENGINEERING PROFESSIONALS I,Engineering Professionals Not Elsewhere Classified,0.6439453363418579,IE4213
Industrial & Systems Engineering,College of Design and Engineering,2,35d83a5e9e1f4ef3e7501f40b66c90e8,Industrial Engineer (Loyang/ 12 hours shift work),ENGINEERING PROFESSIONALS I,Industrial and Production Engineers,0.639111340045929,IE1111R
Industrial & Systems Engineering,College of Design and Engineering,3,3d96f12d003d9d6733c74f6ae85b1414,AI Product Lead (Regional Role),SOFTWARE AND APPLICATIONS DEVELOPERS AND ANALYSTS,Software and Applications Developers and Analysts Not Elsewhere Classified,0.6224120855331421,IE4280
Industrial & Systems Engineering,College of Design and Engineering,4,b7aa91a5581044ead6753301942c1784,AI Product Lead (Regional Role),SOFTWARE AND APPLICATIONS DEVELOPERS AND ANALYSTS,Software and Applications Developers and Analysts Not Elsewhere Classified,0.6224120855331421,IE4280
Industrial & Systems Engineering,College of Design and Engineering,5,014e7695b472c820067c83ac31e7d754,Engineering Intern,ENGINEERING PROFESSIONALS I,Engineering Professionals Not Elsewhere Classified,0.620898425579071,IE4100R
Industrial & Systems Engineering,College of Design and Engineering,6,486d98547cbd556e5085c122139c456c,Research Associate / Research Assistant (Data Analytics),"SALES, MARKETING, DEVELOPMENT AND CUSTOMER SERVICE MANAGERS",Research and Development Managers,0.6205078363418579,IE4213
Industrial & Systems Engineering,College of Design and Engineering,7,c2f3e72a54a97dcd779769d0e1dda5ff,Quantitative Analytics Associate Discovery Programme 2026 Singapore,ADMINISTRATIVE ASSOCIATE PROFESSIONALS,Administrative and Related Associate Professionals Not Elsewhere Classified,0.61962890625,IE4243
Industrial & Systems Engineering,College of Design and Engineering,8,b55b7c76ee304021cce963d6516fd6c7,R&D Engineer (Applied AI & Simulations),ENGINEERING PROFESSIONALS I,Engineering Professionals Not Elsewhere Classified,0.6148437261581421,IE4215
Industrial & Systems Engineering,College of Design and Engineering,9,60f1f22c4bbf222b389550bfc781f276,Systems Engineer,ENGINEERING PROFESSIONALS II (Cont’d),Electrical Engineers,0.6144043207168579,IE3100R
Industrial & Systems Engineering,College of Design and Engineering,10,b6bddc973ab871e0e9434cf10c929c71,Industrial Engineer – Warehouse Automation & Material Flow Optimization,ENGINEERING PROFESSIONALS I,Industrial and Production Engineers,0.614208996295929,IE4215
Infrastructure and Project Management,College of Design and Engineering,1,d16380e5354af5b7577de57bbeddaa51,Facility Engineer (Sustainability),ENGINEERING PROFESSIONALS I,Engineering Professionals Not Elsewhere Classified,0.682080090045929,PF3504
Infrastructure and Project Management,College of Design and Engineering,2,fa97f1ab8d8b7106c4fa00844026fbc3,Facility Engineer (Sustainability),ENGINEERING PROFESSIONALS I,Engineering Professionals Not Elsewhere Classified,0.682080090045929,PF3504
Infrastructure and Project Management,College of Design and Engineering,3,1d06d68a8225846f30e227375ab938e2,Facility Engineer (Sustainability),ENGINEERING PROFESSIONALS I,Engineering Professionals Not Elsewhere Classified,0.682080090045929,PF3504
Infrastructure and Project Management,College of Design and Engineering,4,08f53c5fd6122c81714fb67263cf8ba1,Project Manager,"MANUFACTURING, CONSTRUCTION, TRANSPORT, DISTRIBUTION AND RELATED PRODUCTION AND OPERATIONS MANAGERS",Construction Managers,0.6539062261581421,PF3208
Infrastructure and Project Management,College of Design and Engineering,5,7fc60fcee56a313f6aac08be1fa4f79d,Project Manager,"MANUFACTURING, CONSTRUCTION, TRANSPORT, DISTRIBUTION AND RELATED PRODUCTION AND OPERATIONS MANAGERS",Construction Managers,0.6539062261581421,PF3208
Infrastructure and Project Management,College of Design and Engineering,6,fab386488bc6b4be6e772d1f9af657c2,Property / Facilities Executive [EL],PREMISES AND PARKS OFFICERS,Premises and Parks Officers,0.6441894769668579,IPM3102
Infrastructure and Project Management,College of Design and Engineering,7,19314510b37ccb6107bda35bf345ba7e,Property / Facilities Executive,PREMISES AND PARKS OFFICERS,Premises and Parks Officers,0.6431640386581421,IPM3102
Infrastructure and Project Management,College of Design and Engineering,8,8ac3ac307cab8c81cb07559f6a27f84c,Facilities Maintenance Executive,PREMISES AND PARKS OFFICERS,Premises and Parks Officers,0.6392577886581421,IPM3102
Infrastructure and Project Management,College of Design and Engineering,9,c14e75343b196ffb5c899a43fba001d9,Facility Maintenance Executive,PREMISES AND PARKS OFFICERS,Premises and Parks Officers,0.638867199420929,IPM3102
Infrastructure and Project Management,College of Design and Engineering,10,b77f9b8da67a2c8c5c738d1a6521da0c,Administrative Executive (IFM),GENERAL OFFICE CLERKS,General Office Clerks,0.6385742425918579,IPM3102
Materials Science and Engineering,College of Design and Engineering,1,c68620e623c6e68f72ffa4ad4af1e2e1,Research Fellow (Chemistry/Materials Science/Chemical Engineering),"SALES, MARKETING, DEVELOPMENT AND CUSTOMER SERVICE MANAGERS",Research and Development Managers,0.7271972894668579,MLE3101A
Materials Science and Engineering,College of Design and Engineering,2,afb052a3310723a7831bc68233ce21a3,Research Fellow (CVD Growth),"SALES, MARKETING, DEVELOPMENT AND CUSTOMER SERVICE MANAGERS",Research and Development Managers,0.7265625,MLE4219
Materials Science and Engineering,College of Design and Engineering,3,8e9d25a78fea566514f1f554f5a02f1b,Research Fellow (Materials Synthesis and Agricultural),"SALES, MARKETING, DEVELOPMENT AND CUSTOMER SERVICE MANAGERS",Research and Development Managers,0.722900390625,MLE4101B
Materials Science and Engineering,College of Design and Engineering,4,e888d03286468a4253953f5cc21fda4b,Research Fellow (Cellular Agriculture),"SALES, MARKETING, DEVELOPMENT AND CUSTOMER SERVICE MANAGERS",Research and Development Managers,0.668164074420929,MLE4101B
Materials Science and Engineering,College of Design and Engineering,5,a4f79610a004066a25590f5a0c6e52ee,Research Fellow (Nanomaterials & Quantum Dot Optoelectronics),"SALES, MARKETING, DEVELOPMENT AND CUSTOMER SERVICE MANAGERS",Research and Development Managers,0.657958984375,MLE4231
Materials Science and Engineering,College of Design and Engineering,6,fef706411f2bd7cbd74305b30bb883a1,Laboratories Assistant,"PORTERS, ATTENDANTS AND RELATED WORKERS",Attendants,0.6549316644668579,MLE4208
Materials Science and Engineering,College of Design and Engineering,7,828f198543db95c94472a9a782d867a5,"Quality Chemical Technician (Startup plant, East)",ADMINISTRATIVE ASSOCIATE PROFESSIONALS,Administrative and Related Associate Professionals Not Elsewhere Classified,0.6546875238418579,MLE3101
Materials Science and Engineering,College of Design and Engineering,8,137c1c4f41adfd3d25b81585680c30dc,Research Fellow (Orbitronics),"SALES, MARKETING, DEVELOPMENT AND CUSTOMER SERVICE MANAGERS",Research and Development Managers,0.6533203125,MLE4211
Materials Science and Engineering,College of Design and Engineering,9,716e8430b226fb8471c6ffb0e7688214,"Research Engineer (Lithography) (APM), IME",ENGINEERING PROFESSIONALS II (Cont’d),Electronics Engineers,0.652099609375,MLE3101A
Materials Science and Engineering,College of Design and Engineering,10,4d2ae556e0a3c9e0d8bad753057f10e5,Assistant Process Engineer,ENGINEERING PROFESSIONALS I,Industrial and Production Engineers,0.65185546875,MLE4208
Mechanical Engineering,College of Design and Engineering,1,1e39119d8413e6b3d1584a159cde9819,Product Engineer (Marine),ENGINEERING PROFESSIONALS I,Engineering Professionals Not Elsewhere Classified,0.689990222454071,ME3101
Mechanical Engineering,College of Design and Engineering,2,a6cbf6c77e8a5580d389d216038261c7,Mechanical Engineer,ENGINEERING PROFESSIONALS I,Mechanical Engineers (Excluding Transport and Vehicle Engineers),0.6891113519668579,ME3101
Mechanical Engineering,College of Design and Engineering,3,d2512f71b0121cc312582ccf69d79089,Product Engineer | Mechanical | CAD / SolidWorks | Marine and Offshore,ENGINEERING PROFESSIONALS I,Industrial and Production Engineers,0.678515613079071,ME3101
Mechanical Engineering,College of Design and Engineering,4,3270e1b6a10920ac2fc2a82a6a005c5e,Mechanical Engineer,ENGINEERING PROFESSIONALS I,Mechanical Engineers (Excluding Transport and Vehicle Engineers),0.6739746332168579,ME3263
Mechanical Engineering,College of Design and Engineering,5,c6c6233f9f80a72ba3cf7c92e376760e,Product Design Engineer | Marine Products (Mechanical Engineer),ENGINEERING PROFESSIONALS I,Mechanical Engineers (Excluding Transport and Vehicle Engineers),0.6731933355331421,ME3101
Mechanical Engineering,College of Design and Engineering,6,f3f2e6ebca2b2f0c8ebe5b8a0880a0be,Product Engineer (Mechanical),ENGINEERING PROFESSIONALS I,Engineering Professionals Not Elsewhere Classified,0.672607421875,ME3101
Mechanical Engineering,College of Design and Engineering,7,f71fd377742211c24f41065f32f9f44c,Product Engineer (Mechanical),ENGINEERING PROFESSIONALS I,Industrial and Production Engineers,0.672607421875,ME3101
Mechanical Engineering,College of Design and Engineering,8,2c53466334c2724edd098c605b8fa600,Mechanical Product Engineer | Oil & Gas | CAD | Marine Offshore,ENGINEERING PROFESSIONALS I,Industrial and Production Engineers,0.671923816204071,ME3101
Mechanical Engineering,College of Design and Engineering,9,fede847c2bc92bc4c2b3c947f71bcde7,Mechanical Engineer,ENGINEERING PROFESSIONALS I,Mechanical Engineers (Excluding Transport and Vehicle Engineers),0.668896496295929,ME3263
Mechanical Engineering,College of Design and Engineering,10,6d5a0287f5129b6007f8e7bbdfce5563,Product Design Engineer (Mechanical),ENGINEERING PROFESSIONALS I,Engineering Professionals Not Elsewhere Classified,0.668164074420929,ME3101
Landscape Architecture,College of Design and Engineering,1,21a36c4d321aad416a565bc4918f7ed8,Landscape Architect/Designer,"ARCHITECTS, PLANNERS, SURVEYORS AND DESIGNERS",Landscape Architects and Designers,0.72705078125,LAD3003
Landscape Architecture,College of Design and Engineering,2,4890dc8166ea9a74fbd7ad75e01b1849,LANDSCAPE ARCHITECT,"ARCHITECTS, PLANNERS, SURVEYORS AND DESIGNERS",Landscape Architects and Designers,0.7176758050918579,LAD3003
Landscape Architecture,College of Design and Engineering,3,d6c2d2e59d8d602d6d0f54b6344dc1a6,Landscape Manager,BUSINESS SERVICES AND ADMINISTRATION MANAGERS,Business Services and Administration Managers Not Elsewhere Classified,0.6551758050918579,LAD3003
Landscape Architecture,College of Design and Engineering,4,4d054233007585dcf2c85b4591b7db52,Landscape Coordinator/Landscape Manager Assistance,ADMINISTRATIVE ASSOCIATE PROFESSIONALS,Administrative and Related Associate Professionals Not Elsewhere Classified,0.653759777545929,LAD4003
Landscape Architecture,College of Design and Engineering,5,84fddaaadab2244650e8f4378b92a581,Landscape Worker/ Gardener,MARKET GARDENERS AND CROP GROWERS,"Gardeners, Horticultural and Nursery Growers",0.648730456829071,LAD4003
Landscape Architecture,College of Design and Engineering,6,e76024ccc38d4c10cc1071604f432fa0,Landscape Worker/ Gardener,MARKET GARDENERS AND CROP GROWERS,"Gardeners, Horticultural and Nursery Growers",0.648730456829071,LAD4003
Landscape Architecture,College of Design and Engineering,7,d8ceac5d85832bccb9b06b95f30815ab,Landscape Supervisor,"SUPERVISORS AND GENERAL FOREMEN (FOOD PROCESSING, WOODWORKING, GARMENT, LEATHER AND RELATED TRADES)","Supervisors and General Foremen (Food Processing, Woodworking, Garment, Leather and Related Trades)",0.6474609375,LAD4003
Landscape Architecture,College of Design and Engineering,8,a26ef64fb95c5ca21f24a56e935610f7,Landscape Supervisor,"SUPERVISORS AND GENERAL FOREMEN (FOOD PROCESSING, WOODWORKING, GARMENT, LEATHER AND RELATED TRADES)","Supervisors and General Foremen (Food Processing, Woodworking, Garment, Leather and Related Trades)",0.647021472454071,LAD3003
Landscape Architecture,College of Design and Engineering,9,09c4a2958b0b278829f8e34a91bfefe6,Landscape Manager Assistance,BUSINESS SERVICES AND ADMINISTRATION MANAGERS,Business Services and Administration Managers Not Elsewhere Classified,0.6468261480331421,LAD4003
Landscape Architecture,College of Design and Engineering,10,e2bcd0b8d9f481a18ff5f5c2db216ba0,Landscape Manager,BUSINESS SERVICES AND ADMINISTRATION MANAGERS,Business Services and Administration Managers Not Elsewhere Classified,0.6463867425918579,LAD4003
Architecture,College of Design and Engineering,1,77811554ef9d0f35f0e7899f1cdc9f9c,Architectural Designer,"ARCHITECTS, PLANNERS, SURVEYORS AND DESIGNERS",Building Architects,0.633105456829071,AR4101
Architecture,College of Design and Engineering,2,a0244b3285aceabd48d6e17c168bba76,Architectural Associate,ENGINEERING PROFESSIONALS I,Civil Engineers,0.6298828125,AR4101
Architecture,College of Design and Engineering,3,1c8f836d0a31b9d4805178d971ae13e2,Architectural Associate,PHYSICAL AND ENGINEERING SCIENCE TECHNICIANS I,Draughtspersons,0.6224120855331421,AR2102
Architecture,College of Design and Engineering,4,909c541185fb09a2caa329ec35d9a2e1,Senior Architectural Associate,"ARCHITECTS, PLANNERS, SURVEYORS AND DESIGNERS",Building Architects,0.617431640625,AR4101
Architecture,College of Design and Engineering,5,a2f16fe307bf1d32b9e9b08790988f3b,Learning Technology Designer,OTHER TEACHING PROFESSIONALS,Education Methods Specialists,0.616406261920929,AR4101
Architecture,College of Design and Engineering,6,4342fd0152f9ee40befafae749267924,Environmental Designer,"ARCHITECTS, PLANNERS, SURVEYORS AND DESIGNERS",Urban and Related Planners,0.613476574420929,AR3722
Architecture,College of Design and Engineering,7,b6b316f8e1b59a205000c7cbeb5dd7a1,Facade Designer,"ARCHITECTS, PLANNERS, SURVEYORS AND DESIGNERS",Building Architects,0.612548828125,AR1102
Architecture,College of Design and Engineering,8,c982d1196ff6864a8330e358a8e795a0,Bim Designer,ADMINISTRATION PROFESSIONALS,Management and Business Consultants,0.610791027545929,AR1102
Architecture,College of Design and Engineering,9,4890dc8166ea9a74fbd7ad75e01b1849,LANDSCAPE ARCHITECT,"ARCHITECTS, PLANNERS, SURVEYORS AND DESIGNERS",Landscape Architects and Designers,0.6107422113418579,AR4101
Architecture,College of Design and Engineering,10,be82eca56541e651d22fea19acee2669,Architectural Coordinator,ENGINEERING PROFESSIONALS I,Civil Engineers,0.60986328125,AR2102
"Philosophy, Politics and Economics",Faculty of Arts and Social Sciences,1,946a15242c802358ac4d42bb9058579f,Research Intern,ADMINISTRATION PROFESSIONALS,Management and Business Consultants,0.5643066167831421,PH3213
"Philosophy, Politics and Economics",Faculty of Arts and Social Sciences,2,c0f793dffa32a2a5b90c204a6fcfdd4b,Senior Research Fellow (Climate Finance),"SALES, MARKETING, DEVELOPMENT AND CUSTOMER SERVICE MANAGERS",Research and Development Managers,0.5618652105331421,PS4308
"Philosophy, Politics and Economics",Faculty of Arts and Social Sciences,3,c2f3e72a54a97dcd779769d0e1dda5ff,Quantitative Analytics Associate Discovery Programme 2026 Singapore,ADMINISTRATIVE ASSOCIATE PROFESSIONALS,Administrative and Related Associate Professionals Not Elsewhere Classified,0.5611327886581421,EC2104
"Philosophy, Politics and Economics",Faculty of Arts and Social Sciences,4,21585300d8485a0efd3475a536fe96ed,Risk Executive,FINANCE PROFESSIONALS,Financial Analysts and Related Professionals,0.5604492425918579,PS4226
"Philosophy, Politics and Economics",Faculty of Arts and Social Sciences,5,da917594e4c12f0df6e1434e6cf9896f,Research Engineer I (Psychology/Behavioural Sciences/Statistics/Computer Science),"SALES, MARKETING, DEVELOPMENT AND CUSTOMER SERVICE MANAGERS",Research and Development Managers,0.5546875,PH3213
"Philosophy, Politics and Economics",Faculty of Arts and Social Sciences,6,40e83109c75b0575028bd44220517d98,Instructors for Leadership and/or Social and Emotional Learning (SEL) and/or Learning for Life Programme (LLP) for school students,SPORTS AND FITNESS WORKERS,"Sports Coaches, Instructors, Officials and Related Associate Professionals",0.554492175579071,LL4104V
"Philosophy, Politics and Economics",Faculty of Arts and Social Sciences,7,cd2dbace7bba4bd3eb462fc01370bd49,Summer Internship Programme,SALES AND RELATED ASSOCIATE PROFESSIONALS,Commercial and Marketing Sales Executives,0.5542968511581421,PS4881D
"Philosophy, Politics and Economics",Faculty of Arts and Social Sciences,8,f8fdcf750cfa72db4cf1ca50abcfa39a,Curriculum Development and Teaching Intern,TEACHING ASSOCIATE PROFESSIONALS NOT ELSEWHERE CLASSIFIED,Private Tutors,0.552685558795929,LL4104V
"Philosophy, Politics and Economics",Faculty of Arts and Social Sciences,9,e472f7ffef10dd6f91308660ae87f25c,Full-Time Economics Teacher (1-1/2-1 Teaching) (Sec 3 & Sec 4 / Gr 9 – 10),"UNIVERSITY, POLYTECHNIC AND HIGHER EDUCATION TEACHERS","University, Polytechnic and Higher Education Teachers",0.5521484613418579,EC2101
"Philosophy, Politics and Economics",Faculty of Arts and Social Sciences,10,efa56a8d744fdcf65a074ab54f01ac39,Temporary Executive / Senior Executive (Institute for Governance and Leadership),ADMINISTRATION PROFESSIONALS,Intellectual Property Professionals,0.5504394769668579,PS4881D
Anthropology,Faculty of Arts and Social Sciences,1,cd2dbace7bba4bd3eb462fc01370bd49,Summer Internship Programme,SALES AND RELATED ASSOCIATE PROFESSIONALS,Commercial and Marketing Sales Executives,0.5840820074081421,SC4219
Anthropology,Faculty of Arts and Social Sciences,2,f8fdcf750cfa72db4cf1ca50abcfa39a,Curriculum Development and Teaching Intern,TEACHING ASSOCIATE PROFESSIONALS NOT ELSEWHERE CLASSIFIED,Private Tutors,0.583789050579071,AN4211
Anthropology,Faculty of Arts and Social Sciences,3,946a15242c802358ac4d42bb9058579f,Research Intern,ADMINISTRATION PROFESSIONALS,Management and Business Consultants,0.581298828125,SC4880B
Anthropology,Faculty of Arts and Social Sciences,4,607c591cf134ce3c464a230adb83f810,SOCIAL WORKER,SOCIAL SCIENCE RESEARCHERS AND PROFESSIONALS; RELIGIOUS PROFESSIONALS,,0.576416015625,SC4880B
Anthropology,Faculty of Arts and Social Sciences,5,ab9817dc65644059d7fe5a35053b9d20,Specialist Associate (Health Screening Coordinator),ADMINISTRATIVE ASSOCIATE PROFESSIONALS,Administrative and Related Associate Professionals Not Elsewhere Classified,0.5762695074081421,SC4880B
Anthropology,Faculty of Arts and Social Sciences,6,40e83109c75b0575028bd44220517d98,Instructors for Leadership and/or Social and Emotional Learning (SEL) and/or Learning for Life Programme (LLP) for school students,SPORTS AND FITNESS WORKERS,"Sports Coaches, Instructors, Officials and Related Associate Professionals",0.573925793170929,AN2202
Anthropology,Faculty of Arts and Social Sciences,7,e5aba9edb646a68d058940eb93e3ec33,Specialist Associate (Imaging),ADMINISTRATIVE ASSOCIATE PROFESSIONALS,Administrative and Related Associate Professionals Not Elsewhere Classified,0.5699707269668579,SC4880B
Anthropology,Faculty of Arts and Social Sciences,8,bfb274c94e685dd864e8b83d833e0a8d,Research Assistant (Mapping Population Preferences),"MATHEMATICIANS, ACTUARIES, STATISTICIANS AND RELATED PROFESSIONALS",Statisticians and Data Scientists,0.5691894292831421,SC4210
Anthropology,Faculty of Arts and Social Sciences,9,661b7c1acaaaa68f2127edd31537e82d,Research Associate (Singapore Literature),"SALES, MARKETING, DEVELOPMENT AND CUSTOMER SERVICE MANAGERS",Research and Development Managers,0.5677734613418579,AN3209
Anthropology,Faculty of Arts and Social Sciences,10,96ac4e646a14ac9813b84e3779359a6b,Specialist Associate (DXA Imaging),ADMINISTRATIVE ASSOCIATE PROFESSIONALS,Administrative and Related Associate Professionals Not Elsewhere Classified,0.566650390625,SC4880B
Sociology,Faculty of Arts and Social Sciences,1,ab9817dc65644059d7fe5a35053b9d20,Specialist Associate (Health Screening Coordinator),ADMINISTRATIVE ASSOCIATE PROFESSIONALS,Administrative and Related Associate Professionals Not Elsewhere Classified,0.6190429925918579,SC2211
Sociology,Faculty of Arts and Social Sciences,2,bfb274c94e685dd864e8b83d833e0a8d,Research Assistant (Mapping Population Preferences),"MATHEMATICIANS, ACTUARIES, STATISTICIANS AND RELATED PROFESSIONALS",Statisticians and Data Scientists,0.612011730670929,SC3209
Sociology,Faculty of Arts and Social Sciences,3,607c591cf134ce3c464a230adb83f810,SOCIAL WORKER,SOCIAL SCIENCE RESEARCHERS AND PROFESSIONALS; RELIGIOUS PROFESSIONALS,,0.606982409954071,SC3209
Sociology,Faculty of Arts and Social Sciences,4,946a15242c802358ac4d42bb9058579f,Research Intern,ADMINISTRATION PROFESSIONALS,Management and Business Consultants,0.604199230670929,SC3209
Sociology,Faculty of Arts and Social Sciences,5,96ac4e646a14ac9813b84e3779359a6b,Specialist Associate (DXA Imaging),ADMINISTRATIVE ASSOCIATE PROFESSIONALS,Administrative and Related Associate Professionals Not Elsewhere Classified,0.602978527545929,SC2211
Sociology,Faculty of Arts and Social Sciences,6,e5aba9edb646a68d058940eb93e3ec33,Specialist Associate (Imaging),ADMINISTRATIVE ASSOCIATE PROFESSIONALS,Administrative and Related Associate Professionals Not Elsewhere Classified,0.6014159917831421,SC2211
Sociology,Faculty of Arts and Social Sciences,7,40e83109c75b0575028bd44220517d98,Instructors for Leadership and/or Social and Emotional Learning (SEL) and/or Learning for Life Programme (LLP) for school students,SPORTS AND FITNESS WORKERS,"Sports Coaches, Instructors, Officials and Related Associate Professionals",0.5997070074081421,SC2216
Sociology,Faculty of Arts and Social Sciences,8,abdbf29224f5387c05b0369a0aa89f9f,Executive/Senior Executive (Singapore Population Health Studies),ADMINISTRATION PROFESSIONALS,Intellectual Property Professionals,0.5970214605331421,SC2211
Sociology,Faculty of Arts and Social Sciences,9,cd2dbace7bba4bd3eb462fc01370bd49,Summer Internship Programme,SALES AND RELATED ASSOCIATE PROFESSIONALS,Commercial and Marketing Sales Executives,0.595263659954071,SC3206
Sociology,Faculty of Arts and Social Sciences,10,f3ddbb4295736593028e5a5562307ea4,Social Work Associate [Buangkok / Social Science],LEGAL AND SOCIAL ASSOCIATE PROFESSIONALS,Social Work Associate Professionals,0.593457043170929,SC3209
Communications and New Media,Faculty of Arts and Social Sciences,1,f0808411009fa1eff91d46e18652a334,Corporate Communication Executive,MARKETING AND PUBLIC RELATIONS PROFESSIONALS,Public Relations Professionals,0.6619628667831421,NM2207
Communications and New Media,Faculty of Arts and Social Sciences,2,833dfa699dccf7859d22a84648a1ca41,Digital Experience Designer (UX/UI),"ARCHITECTS, PLANNERS, SURVEYORS AND DESIGNERS",Graphic and Multimedia Designers and Artists,0.6571289300918579,NM3243
Communications and New Media,Faculty of Arts and Social Sciences,3,6c33d0e5f5e2065d47169d1d0021f561,Writer,"AUTHORS, JOURNALISTS AND EDITORS",Authors and Related Writers,0.6561034917831421,NM4247
Communications and New Media,Faculty of Arts and Social Sciences,4,623a1c3574ebe06d76833ce6373355ad,Marketing & Marcom Executive,MARKETING AND PUBLIC RELATIONS PROFESSIONALS,Public Relations Professionals,0.653613269329071,NM4208
Communications and New Media,Faculty of Arts and Social Sciences,5,fd9f0ed2a873a88bab89bb352ed2db0d,Strategist (Campaign & Social Media),MARKETING AND PUBLIC RELATIONS PROFESSIONALS,Advertising and Marketing Professionals,0.651904284954071,NM4257
Communications and New Media,Faculty of Arts and Social Sciences,6,2b89d582da2abcb8fddbc59d6fff189e,Digital Marketing / Executive,MARKETING AND PUBLIC RELATIONS PROFESSIONALS,Advertising and Marketing Professionals,0.651074230670929,NM4257
Communications and New Media,Faculty of Arts and Social Sciences,7,3ed3efe5d826ecae46ba619f3d5625ea,Senior Marketing Communication Executive,MARKETING AND PUBLIC RELATIONS PROFESSIONALS,Advertising and Marketing Professionals,0.6495605707168579,NM4255
Communications and New Media,Faculty of Arts and Social Sciences,8,f31d3584f2a8c426c1dd3a2d99d33a68,MANAGEMENT ASSOCIATE,ADMINISTRATIVE ASSOCIATE PROFESSIONALS,Administrative and Related Associate Professionals Not Elsewhere Classified,0.6480957269668579,NM3219
Communications and New Media,Faculty of Arts and Social Sciences,9,5cc25d14361d17e257df914bb8b080e7,1-year contract senior executive (Design & Content) #EAT,MARKETING AND PUBLIC RELATIONS PROFESSIONALS,Advertising and Marketing Professionals,0.646533191204071,NM4208
Communications and New Media,Faculty of Arts and Social Sciences,10,7e67478b8d6e830db5e40c417833198f,Lecturer (Digital Journalism),"UNIVERSITY, POLYTECHNIC AND HIGHER EDUCATION TEACHERS","University, Polytechnic and Higher Education Teachers",0.6456543207168579,NM3211
Economics,Faculty of Arts and Social Sciences,1,f99638acc111c1b43feaeddf51013295,Quantitative Researcher,"MATHEMATICIANS, ACTUARIES, STATISTICIANS AND RELATED PROFESSIONALS","Mathematicians, Operations Research Analysts and Actuaries",0.61962890625,EC4501
Economics,Faculty of Arts and Social Sciences,2,c2f3e72a54a97dcd779769d0e1dda5ff,Quantitative Analytics Associate Discovery Programme 2026 Singapore,ADMINISTRATIVE ASSOCIATE PROFESSIONALS,Administrative and Related Associate Professionals Not Elsewhere Classified,0.6182616949081421,EC4361
Economics,Faculty of Arts and Social Sciences,3,e472f7ffef10dd6f91308660ae87f25c,Full-Time Economics Teacher (1-1/2-1 Teaching) (Sec 3 & Sec 4 / Gr 9 – 10),"UNIVERSITY, POLYTECHNIC AND HIGHER EDUCATION TEACHERS","University, Polytechnic and Higher Education Teachers",0.613330066204071,EC4352
Economics,Faculty of Arts and Social Sciences,4,8c5404b8c96d38952c33ccbf512ebc9b,Financial Advisory Trainee,SALES AND RELATED ASSOCIATE PROFESSIONALS,Insurance Representatives and Related Associate Professionals,0.6119140386581421,EC4332
Economics,Faculty of Arts and Social Sciences,5,c0f793dffa32a2a5b90c204a6fcfdd4b,Senior Research Fellow (Climate Finance),"SALES, MARKETING, DEVELOPMENT AND CUSTOMER SERVICE MANAGERS",Research and Development Managers,0.611572265625,EC4372
Economics,Faculty of Arts and Social Sciences,6,56c74cf38d1254e5ee7f959d1e5a496c,Management Associate (Finance and Investment),ADMINISTRATIVE ASSOCIATE PROFESSIONALS,Administrative and Related Associate Professionals Not Elsewhere Classified,0.6114746332168579,EC3332
Economics,Faculty of Arts and Social Sciences,7,027d3094e8c23bb230d8a39e74ebca66,Full-Time Economics Teacher (1-1/2-1 Teaching) (JC 1 & JC 2 / Gr 11 – 12),"UNIVERSITY, POLYTECHNIC AND HIGHER EDUCATION TEACHERS","University, Polytechnic and Higher Education Teachers",0.610644519329071,EC4352
Economics,Faculty of Arts and Social Sciences,8,80202c6c8a576f3719f1c09edfea853e,Senior Finance Analyst,ADMINISTRATIVE ASSOCIATE PROFESSIONALS,Administrative and Related Associate Professionals Not Elsewhere Classified,0.6095215082168579,EC3332
Economics,Faculty of Arts and Social Sciences,9,e7fef080b17fdf5b2c9bb0e3ae96b0e6,Derivatives Trading Executive (Entry-Level),FINANCE PROFESSIONALS,Securities and Finance Dealers,0.609375,EC4333
Economics,Faculty of Arts and Social Sciences,10,b27ae03c47dcf95e07d094b730d16264,Business Investment Analyst,FINANCE PROFESSIONALS,Financial Analysts and Related Professionals,0.608593761920929,EC3332
Geography,Faculty of Arts and Social Sciences,1,946a15242c802358ac4d42bb9058579f,Research Intern,ADMINISTRATION PROFESSIONALS,Management and Business Consultants,0.596386730670929,GE3230A
Geography,Faculty of Arts and Social Sciences,2,cd2dbace7bba4bd3eb462fc01370bd49,Summer Internship Programme,SALES AND RELATED ASSOCIATE PROFESSIONALS,Commercial and Marketing Sales Executives,0.587451159954071,GE3230A
Geography,Faculty of Arts and Social Sciences,3,9adaeb2ba88761ec11b8d0fee8dfa090,Research Fellow (Asphalt Pavement Materials and Modelling),"SALES, MARKETING, DEVELOPMENT AND CUSTOMER SERVICE MANAGERS",Research and Development Managers,0.584423840045929,GE2215
Geography,Faculty of Arts and Social Sciences,4,bfb274c94e685dd864e8b83d833e0a8d,Research Assistant (Mapping Population Preferences),"MATHEMATICIANS, ACTUARIES, STATISTICIANS AND RELATED PROFESSIONALS",Statisticians and Data Scientists,0.583789050579071,GE3230A
Geography,Faculty of Arts and Social Sciences,5,f422f426f0bfc2599aa1f1118620badb,Research Fellow (Biological Sciences),"SALES, MARKETING, DEVELOPMENT AND CUSTOMER SERVICE MANAGERS",Research and Development Managers,0.5818847417831421,GE3230A
Geography,Faculty of Arts and Social Sciences,6,cf5b9218c991e7447858928a469cd3d4,Research Fellow (Biological Sciences),"SALES, MARKETING, DEVELOPMENT AND CUSTOMER SERVICE MANAGERS",Research and Development Managers,0.5818847417831421,GE3230A
Geography,Faculty of Arts and Social Sciences,7,c2f3e72a54a97dcd779769d0e1dda5ff,Quantitative Analytics Associate Discovery Programme 2026 Singapore,ADMINISTRATIVE ASSOCIATE PROFESSIONALS,Administrative and Related Associate Professionals Not Elsewhere Classified,0.581738293170929,GE3230A
Geography,Faculty of Arts and Social Sciences,8,a6be1e46a8ef275502ad337925c9cac8,Learning & Development Specialist [PERM],OTHER TEACHING PROFESSIONALS,Education Methods Specialists,0.5807129144668579,GE3201
Geography,Faculty of Arts and Social Sciences,9,00ec03a3a041e4c491ef012ea4cdf2d2,History teacher,TEACHING ASSOCIATE PROFESSIONALS NOT ELSEWHERE CLASSIFIED,Private Tutors,0.5797363519668579,GE3230A
Geography,Faculty of Arts and Social Sciences,10,ffec318e23ea732c622146d659a3dd78,(NEW! ) 2-Hours Career Clarity: A Real-World Exploration Workshop,SALES AND RELATED ASSOCIATE PROFESSIONALS,Commercial and Marketing Sales Executives,0.577929675579071,GE3201
Political Science,Faculty of Arts and Social Sciences,1,efa56a8d744fdcf65a074ab54f01ac39,Temporary Executive / Senior Executive (Institute for Governance and Leadership),ADMINISTRATION PROFESSIONALS,Intellectual Property Professionals,0.592578113079071,PS2244
Political Science,Faculty of Arts and Social Sciences,2,21585300d8485a0efd3475a536fe96ed,Risk Executive,FINANCE PROFESSIONALS,Financial Analysts and Related Professionals,0.5872558355331421,PS3249
Political Science,Faculty of Arts and Social Sciences,3,9bf1326fe0a9fc3a283c0146074da9e6,"Manager / Senior Manager, Policy Office (SPD)",BUSINESS SERVICES AND ADMINISTRATION MANAGERS,Business Services and Administration Managers Not Elsewhere Classified,0.575390636920929,PS2244
Political Science,Faculty of Arts and Social Sciences,4,946a15242c802358ac4d42bb9058579f,Research Intern,ADMINISTRATION PROFESSIONALS,Management and Business Consultants,0.572558581829071,PS3273
Political Science,Faculty of Arts and Social Sciences,5,e05785ab38abbb74e5807f1975ffa112,"Executive / Assistant Manager / Manager, SNEF Lab, Policy Division",ADMINISTRATION PROFESSIONALS,Intellectual Property Professionals,0.5723632574081421,PS2244
Political Science,Faculty of Arts and Social Sciences,6,a4e81f84c59c4a7f3ce3d75eedccb8ec,From NPC to Main Character 🤯🤯🤯,"SALES, MARKETING, DEVELOPMENT AND CUSTOMER SERVICE MANAGERS",Sales and Business Development Managers,0.571484386920929,PS2244
Political Science,Faculty of Arts and Social Sciences,7,f3f68cb8c272854bfaf732f57290e074,From NPC to Main Character 🤯🤯🤯,"SALES, MARKETING, DEVELOPMENT AND CUSTOMER SERVICE MANAGERS",Sales and Business Development Managers,0.571484386920929,PS2244
Political Science,Faculty of Arts and Social Sciences,8,1d4a78d08f8677110380303c004f0790,From NPC to Main Character 🤯🤯🤯,"SALES, MARKETING, DEVELOPMENT AND CUSTOMER SERVICE MANAGERS",Sales and Business Development Managers,0.571484386920929,PS2244
Political Science,Faculty of Arts and Social Sciences,9,c9e5b462409d9f1214ddf0614798e361,From NPC to Main Character 🤯🤯🤯,"SALES, MARKETING, DEVELOPMENT AND CUSTOMER SERVICE MANAGERS",Sales and Business Development Managers,0.571484386920929,PS2244
Political Science,Faculty of Arts and Social Sciences,10,7db4d07339fe59ffb9d39553ff167a50,From NPC to Main Character 🤯🤯🤯,"SALES, MARKETING, DEVELOPMENT AND CUSTOMER SERVICE MANAGERS",Sales and Business Development Managers,0.571484386920929,PS2244
Psychology,Faculty of Arts and Social Sciences,1,243d06015aad9dc2ad90c5013d9aac40,Clinical Psychologist / Mental Health,SOCIAL SCIENCE RESEARCHERS AND PROFESSIONALS; RELIGIOUS PROFESSIONALS,,0.6439453363418579,PL3287B
Psychology,Faculty of Arts and Social Sciences,2,09ce38a922086ea25a76d94e915fc244,Psychologist – Psychological Services,SOCIAL SCIENCE RESEARCHERS AND PROFESSIONALS; RELIGIOUS PROFESSIONALS,,0.637939453125,PL4880K
Psychology,Faculty of Arts and Social Sciences,3,c09825ad192f5adc8b30a12dcbf9a8a1,Freelance Private Psychologist/Counsellor ( 1-To-1),MEDICAL DOCTORS,Specialist Medical Practitioners (Medical),0.631152331829071,PL4208
Psychology,Faculty of Arts and Social Sciences,4,368b2b6340b863889bf237e66ddef331,Freelance ABA Therapist/Behavioural Therapist (1-To-1),OTHER TEACHING PROFESSIONALS,Special Education Teachers,0.6309570074081421,PL4236
Psychology,Faculty of Arts and Social Sciences,5,3783af0c3bdffd15f424c5bf311ab992,Infant Educator (North/East/West/Central),CHILD CARE WORKERS AND TEACHER AIDES,Child Care and Related Workers,0.630615234375,PL3251
Psychology,Faculty of Arts and Social Sciences,6,facd2d6d03eba1edfd5c250ecd19e523,Infant Educator (North/East/West/Central),CHILD CARE WORKERS AND TEACHER AIDES,Child Care and Related Workers,0.630615234375,PL3251
Psychology,Faculty of Arts and Social Sciences,7,b2bb551ee612a351302965537239ebe8,Student Programme Coordinator,CHILD CARE WORKERS AND TEACHER AIDES,Teacher Aides,0.6280761957168579,PL4880R
Psychology,Faculty of Arts and Social Sciences,8,56e0c78318a32365de920de5a78d45cb,Paediatric Speech Therapist,OTHER HEALTH PROFESSIONALS,Audiologists and Speech Therapists,0.627636730670929,PL3251
Psychology,Faculty of Arts and Social Sciences,9,4617992876102c4b7d095e773e33e454,Paediatric Speech Therapist,OTHER HEALTH PROFESSIONALS,Audiologists and Speech Therapists,0.623828113079071,PL3251
Psychology,Faculty of Arts and Social Sciences,10,b42409fc494cf87de9af335765fcb112,Educarer (ACEY/HCIC) [TAMPINES],CHILD CARE WORKERS AND TEACHER AIDES,Child Care and Related Workers,0.6231933832168579,PL4880K
Social Work,Faculty of Arts and Social Sciences,1,607c591cf134ce3c464a230adb83f810,SOCIAL WORKER,SOCIAL SCIENCE RESEARCHERS AND PROFESSIONALS; RELIGIOUS PROFESSIONALS,,0.6905761957168579,SW3215
Social Work,Faculty of Arts and Social Sciences,2,b6e7113da680d83bc79eda7c90a6f334,Social Worker,SOCIAL SCIENCE RESEARCHERS AND PROFESSIONALS; RELIGIOUS PROFESSIONALS,,0.6695312261581421,SW3226
Social Work,Faculty of Arts and Social Sciences,3,4500247a997bbad1ce5d62e24e134a6b,Social Worker (Family Service),SOCIAL SCIENCE RESEARCHERS AND PROFESSIONALS; RELIGIOUS PROFESSIONALS,,0.6689453125,SW4224
Social Work,Faculty of Arts and Social Sciences,4,f3ddbb4295736593028e5a5562307ea4,Social Work Associate [Buangkok / Social Science],LEGAL AND SOCIAL ASSOCIATE PROFESSIONALS,Social Work Associate Professionals,0.6675781011581421,SW3215
Social Work,Faculty of Arts and Social Sciences,5,dd2ef4da2c000f228679545a42f5eaa4,Social Worker,SOCIAL SCIENCE RESEARCHERS AND PROFESSIONALS; RELIGIOUS PROFESSIONALS,,0.6637207269668579,SW4230
Social Work,Faculty of Arts and Social Sciences,6,f0776d053c8703b5504e149626eaea97,Social Worker (S$4000-S$5000),SOCIAL SCIENCE RESEARCHERS AND PROFESSIONALS; RELIGIOUS PROFESSIONALS,,0.662402331829071,SW4224
Social Work,Faculty of Arts and Social Sciences,7,037dbfbeeda6fb2549b90bab742729a5,Social Worker,SOCIAL SCIENCE RESEARCHERS AND PROFESSIONALS; RELIGIOUS PROFESSIONALS,,0.6592773199081421,SW3105
Social Work,Faculty of Arts and Social Sciences,8,1d32a3b2f99b90d79ce8582969285818,Social Worker/Case Worker,SOCIAL SCIENCE RESEARCHERS AND PROFESSIONALS; RELIGIOUS PROFESSIONALS,,0.6568359136581421,SW4224
Social Work,Faculty of Arts and Social Sciences,9,9d4bc5fe33c265214e439c29daf15a02,Social Work Associate,LEGAL AND SOCIAL ASSOCIATE PROFESSIONALS,Social Work Associate Professionals,0.6561034917831421,SW4219
Social Work,Faculty of Arts and Social Sciences,10,a8e48231f6d93682d244f44af316d18e,Social Worker (Youth),SOCIAL SCIENCE RESEARCHERS AND PROFESSIONALS; RELIGIOUS PROFESSIONALS,,0.656005859375,SW3221
English Language and Linguistics,Faculty of Arts and Social Sciences,1,8dbdc10d4179aa50d0b9d285ba57e404,English Language Teacher,SECONDARY EDUCATION TEACHERS,Secondary Education Teachers,0.592480480670929,EL4253
English Language and Linguistics,Faculty of Arts and Social Sciences,2,49db0a2548c658733e613ed365358685,Research Associate (Artificial Intelligence/Computer Science/Optimization/Computational Linguistics),"SALES, MARKETING, DEVELOPMENT AND CUSTOMER SERVICE MANAGERS",Research and Development Managers,0.591357409954071,EL4880F
English Language and Linguistics,Faculty of Arts and Social Sciences,3,738f1afee41ec6a1c3f827de23871055,Natural Language Processing Research Fellow (Thai Language Specialist) for AI Singapore (Products),"SALES, MARKETING, DEVELOPMENT AND CUSTOMER SERVICE MANAGERS",Research and Development Managers,0.589648425579071,EL4880D
English Language and Linguistics,Faculty of Arts and Social Sciences,4,116b2213843216d8ac637fb47f9bd00c,Natural Language Processing Engineer (Thai Language Specialist) for AI Singapore (Products),"SALES, MARKETING, DEVELOPMENT AND CUSTOMER SERVICE MANAGERS",Research and Development Managers,0.5870116949081421,EL4880D
English Language and Linguistics,Faculty of Arts and Social Sciences,5,0a2ea5fd0284ad9a35a1802d1999c7b7,Language Instructor (Extracurriculum),EXTRACURRICULUM INSTRUCTORS,Extracurriculum Instructors,0.584423840045929,EL4253
English Language and Linguistics,Faculty of Arts and Social Sciences,6,f8fdcf750cfa72db4cf1ca50abcfa39a,Curriculum Development and Teaching Intern,TEACHING ASSOCIATE PROFESSIONALS NOT ELSEWHERE CLASSIFIED,Private Tutors,0.5821288824081421,EL4253
English Language and Linguistics,Faculty of Arts and Social Sciences,7,661b7c1acaaaa68f2127edd31537e82d,Research Associate (Singapore Literature),"SALES, MARKETING, DEVELOPMENT AND CUSTOMER SERVICE MANAGERS",Research and Development Managers,0.578417956829071,EL3551
English Language and Linguistics,Faculty of Arts and Social Sciences,8,5adf68b122998ab87c9bd481cd5bce60,Freelance Private Speech Therapist/Language Therapist(1-to-1),OTHER HEALTH PROFESSIONALS,Audiologists and Speech Therapists,0.5719238519668579,EL2207
English Language and Linguistics,Faculty of Arts and Social Sciences,9,56e0c78318a32365de920de5a78d45cb,Paediatric Speech Therapist,OTHER HEALTH PROFESSIONALS,Audiologists and Speech Therapists,0.5689452886581421,EL2207
English Language and Linguistics,Faculty of Arts and Social Sciences,10,649dece923fc91d4d1dd8c37b2968ce6,Research Associate (Audio LLM) for AI Singapore (Products),"SALES, MARKETING, DEVELOPMENT AND CUSTOMER SERVICE MANAGERS",Research and Development Managers,0.5687500238418579,EL4880D
English Literature,Faculty of Arts and Social Sciences,1,661b7c1acaaaa68f2127edd31537e82d,Research Associate (Singapore Literature),"SALES, MARKETING, DEVELOPMENT AND CUSTOMER SERVICE MANAGERS",Research and Development Managers,0.57958984375,EN3551
English Literature,Faculty of Arts and Social Sciences,2,f8fdcf750cfa72db4cf1ca50abcfa39a,Curriculum Development and Teaching Intern,TEACHING ASSOCIATE PROFESSIONALS NOT ELSEWHERE CLASSIFIED,Private Tutors,0.5729004144668579,EN4660
English Literature,Faculty of Arts and Social Sciences,3,6c33d0e5f5e2065d47169d1d0021f561,Writer,"AUTHORS, JOURNALISTS AND EDITORS",Authors and Related Writers,0.545703113079071,EN2210
English Literature,Faculty of Arts and Social Sciences,4,08c274b0751f71c19d1e92453a744d88,English Tutor,TEACHING ASSOCIATE PROFESSIONALS NOT ELSEWHERE CLASSIFIED,Private Tutors,0.54248046875,EN4263
English Literature,Faculty of Arts and Social Sciences,5,c5e6fe7d1d27be8941d2e53931299fcf,P3-P6 English teacher (Full time/Part time),TEACHING ASSOCIATE PROFESSIONALS NOT ELSEWHERE CLASSIFIED,Private Tutors,0.5411132574081421,EN4660
English Literature,Faculty of Arts and Social Sciences,6,946a15242c802358ac4d42bb9058579f,Research Intern,ADMINISTRATION PROFESSIONALS,Management and Business Consultants,0.540332019329071,EN3551
English Literature,Faculty of Arts and Social Sciences,7,3a75cec54082d5246db360ff557c6e1b,Marketing Intern,SALES AND RELATED ASSOCIATE PROFESSIONALS,Commercial and Marketing Sales Executives,0.5362793207168579,EN3551
English Literature,Faculty of Arts and Social Sciences,8,48587861f50b26e3b8119d46fbdc2f94,Teacher of Middle School Drama [Part-time],SECONDARY EDUCATION TEACHERS,Secondary Education Teachers,0.5360351800918579,EN3551
English Literature,Faculty of Arts and Social Sciences,9,ae1db2569b94a0d53e093050b3fe9af6,Programme Associate (Curriculum Design),ADMINISTRATIVE ASSOCIATE PROFESSIONALS,Administrative and Related Associate Professionals Not Elsewhere Classified,0.534716784954071,EN4660
English Literature,Faculty of Arts and Social Sciences,10,a5a6647dccc3ef8b659e6ea5f619897c,English Teacher,SECONDARY EDUCATION TEACHERS,Secondary Education Teachers,0.5342773199081421,EN2214
Global Studies,Faculty of Arts and Social Sciences,1,946a15242c802358ac4d42bb9058579f,Research Intern,ADMINISTRATION PROFESSIONALS,Management and Business Consultants,0.6260741949081421,GE3230A
Global Studies,Faculty of Arts and Social Sciences,2,bfb274c94e685dd864e8b83d833e0a8d,Research Assistant (Mapping Population Preferences),"MATHEMATICIANS, ACTUARIES, STATISTICIANS AND RELATED PROFESSIONALS",Statisticians and Data Scientists,0.6050781011581421,SC3209
Global Studies,Faculty of Arts and Social Sciences,3,661b7c1acaaaa68f2127edd31537e82d,Research Associate (Singapore Literature),"SALES, MARKETING, DEVELOPMENT AND CUSTOMER SERVICE MANAGERS",Research and Development Managers,0.598876953125,SE4101
Global Studies,Faculty of Arts and Social Sciences,4,cd2dbace7bba4bd3eb462fc01370bd49,Summer Internship Programme,SALES AND RELATED ASSOCIATE PROFESSIONALS,Commercial and Marketing Sales Executives,0.595703125,GE3230A
Global Studies,Faculty of Arts and Social Sciences,5,5947db2510032f05583c72d0a091fd6f,3 months HR - Researcher (Internship),ADMINISTRATION PROFESSIONALS,Human Resource Professionals,0.5950683355331421,GE3230A
Global Studies,Faculty of Arts and Social Sciences,6,3d17188c379a0a1e35223f179370222e,Research Scientist Project Intern (Multimodal Interaction & World Model) - 2026 Start (PhD),SOFTWARE AND APPLICATIONS DEVELOPERS AND ANALYSTS,Software and Applications Developers and Analysts Not Elsewhere Classified,0.5948730707168579,GL4880B
Global Studies,Faculty of Arts and Social Sciences,7,c0f793dffa32a2a5b90c204a6fcfdd4b,Senior Research Fellow (Climate Finance),"SALES, MARKETING, DEVELOPMENT AND CUSTOMER SERVICE MANAGERS",Research and Development Managers,0.594433605670929,GL4101
Global Studies,Faculty of Arts and Social Sciences,8,f8fdcf750cfa72db4cf1ca50abcfa39a,Curriculum Development and Teaching Intern,TEACHING ASSOCIATE PROFESSIONALS NOT ELSEWHERE CLASSIFIED,Private Tutors,0.5907226800918579,GE3230A
Global Studies,Faculty of Arts and Social Sciences,9,00ec03a3a041e4c491ef012ea4cdf2d2,History teacher,TEACHING ASSOCIATE PROFESSIONALS NOT ELSEWHERE CLASSIFIED,Private Tutors,0.589306652545929,HY4230
Global Studies,Faculty of Arts and Social Sciences,10,7e67478b8d6e830db5e40c417833198f,Lecturer (Digital Journalism),"UNIVERSITY, POLYTECHNIC AND HIGHER EDUCATION TEACHERS","University, Polytechnic and Higher Education Teachers",0.589062511920929,NM4102
History,Faculty of Arts and Social Sciences,1,00ec03a3a041e4c491ef012ea4cdf2d2,History teacher,TEACHING ASSOCIATE PROFESSIONALS NOT ELSEWHERE CLASSIFIED,Private Tutors,0.673388659954071,HY3231
History,Faculty of Arts and Social Sciences,2,b368865c7ddc2256dc1265676b7f731d,Assistant Curator,"LIBRARIANS, ARCHIVISTS AND CURATORS","Archivists, Curators and Conservators",0.6334472894668579,GES1037
History,Faculty of Arts and Social Sciences,3,661b7c1acaaaa68f2127edd31537e82d,Research Associate (Singapore Literature),"SALES, MARKETING, DEVELOPMENT AND CUSTOMER SERVICE MANAGERS",Research and Development Managers,0.620166003704071,HY4216
History,Faculty of Arts and Social Sciences,4,ad63271f7e4718e4d0eaa5376273854a,"Talk Too Much? Congrats, You’re Hired 🗣💰","SALES, MARKETING, DEVELOPMENT AND CUSTOMER SERVICE MANAGERS",Sales and Business Development Managers,0.6170898675918579,GES1009
History,Faculty of Arts and Social Sciences,5,088b9bad57be7398604cacbef71d8511,"Talk Too Much? Congrats, You’re Hired 🗣💰","SALES, MARKETING, DEVELOPMENT AND CUSTOMER SERVICE MANAGERS",Sales and Business Development Managers,0.6170898675918579,GES1009
History,Faculty of Arts and Social Sciences,6,93c41afdf58543253677448123c94122,"Talk Too Much? Congrats, You’re Hired 🗣💰","SALES, MARKETING, DEVELOPMENT AND CUSTOMER SERVICE MANAGERS",Sales and Business Development Managers,0.6170898675918579,GES1009
History,Faculty of Arts and Social Sciences,7,8de82c476ae8d30880b60f680b455a7b,"Talk Too Much? Congrats, You’re Hired 🗣💰","SALES, MARKETING, DEVELOPMENT AND CUSTOMER SERVICE MANAGERS",Sales and Business Development Managers,0.6170898675918579,GES1009
History,Faculty of Arts and Social Sciences,8,ecfac2e6daf65efe488635dae5dd4843,"Talk Too Much? Congrats, You’re Hired 🗣💰","SALES, MARKETING, DEVELOPMENT AND CUSTOMER SERVICE MANAGERS",Sales and Business Development Managers,0.6170898675918579,GES1009
History,Faculty of Arts and Social Sciences,9,3b5e13bbb7251b7835b70331407fe727,Senior Manager (Content Research),"AUTHORS, JOURNALISTS AND EDITORS",Authors and Related Writers,0.6161133050918579,HY4227
History,Faculty of Arts and Social Sciences,10,8e8bd0beeceed2f571a2b6c3b875d73c,🥵🥵🥵Sales – Personal 1-on-1 Mentorship,"SALES, MARKETING, DEVELOPMENT AND CUSTOMER SERVICE MANAGERS",Sales and Business Development Managers,0.614208996295929,GES1009
Philosophy,Faculty of Arts and Social Sciences,1,946a15242c802358ac4d42bb9058579f,Research Intern,ADMINISTRATION PROFESSIONALS,Management and Business Consultants,0.5753418207168579,PH4660
Philosophy,Faculty of Arts and Social Sciences,2,40e83109c75b0575028bd44220517d98,Instructors for Leadership and/or Social and Emotional Learning (SEL) and/or Learning for Life Programme (LLP) for school students,SPORTS AND FITNESS WORKERS,"Sports Coaches, Instructors, Officials and Related Associate Professionals",0.5650879144668579,HS2903
Philosophy,Faculty of Arts and Social Sciences,3,f8fdcf750cfa72db4cf1ca50abcfa39a,Curriculum Development and Teaching Intern,TEACHING ASSOCIATE PROFESSIONALS NOT ELSEWHERE CLASSIFIED,Private Tutors,0.5633300542831421,PH4660
Philosophy,Faculty of Arts and Social Sciences,4,3d17188c379a0a1e35223f179370222e,Research Scientist Project Intern (Multimodal Interaction & World Model) - 2026 Start (PhD),SOFTWARE AND APPLICATIONS DEVELOPERS AND ANALYSTS,Software and Applications Developers and Analysts Not Elsewhere Classified,0.5567871332168579,HS1503
Philosophy,Faculty of Arts and Social Sciences,5,cd2dbace7bba4bd3eb462fc01370bd49,Summer Internship Programme,SALES AND RELATED ASSOCIATE PROFESSIONALS,Commercial and Marketing Sales Executives,0.552978515625,PE4660P
Philosophy,Faculty of Arts and Social Sciences,6,da917594e4c12f0df6e1434e6cf9896f,Research Engineer I (Psychology/Behavioural Sciences/Statistics/Computer Science),"SALES, MARKETING, DEVELOPMENT AND CUSTOMER SERVICE MANAGERS",Research and Development Managers,0.551025390625,PH3213
Philosophy,Faculty of Arts and Social Sciences,7,ffec318e23ea732c622146d659a3dd78,(NEW! ) 2-Hours Career Clarity: A Real-World Exploration Workshop,SALES AND RELATED ASSOCIATE PROFESSIONALS,Commercial and Marketing Sales Executives,0.5508788824081421,HS2927
Philosophy,Faculty of Arts and Social Sciences,8,c97bad52b72e85a1a4b378a8053b60bc,"L&D Specialist, Strategic HR",OTHER TEACHING PROFESSIONALS,Education Methods Specialists,0.550488293170929,PH4660
Philosophy,Faculty of Arts and Social Sciences,9,cf5b9218c991e7447858928a469cd3d4,Research Fellow (Biological Sciences),"SALES, MARKETING, DEVELOPMENT AND CUSTOMER SERVICE MANAGERS",Research and Development Managers,0.550244152545929,HS2923
Philosophy,Faculty of Arts and Social Sciences,10,f422f426f0bfc2599aa1f1118620badb,Research Fellow (Biological Sciences),"SALES, MARKETING, DEVELOPMENT AND CUSTOMER SERVICE MANAGERS",Research and Development Managers,0.550244152545929,HS2923
Theatre and Performance Studies,Faculty of Arts and Social Sciences,1,43b617ad30eaad0bb06823d4824cfd30,PERFORMING ARTISTE,CREATIVE AND PERFORMING ARTISTS,"Film, Stage and Related Directors and Producers",0.6298828125,TS4221
Theatre and Performance Studies,Faculty of Arts and Social Sciences,2,ae1db2569b94a0d53e093050b3fe9af6,Programme Associate (Curriculum Design),ADMINISTRATIVE ASSOCIATE PROFESSIONALS,Administrative and Related Associate Professionals Not Elsewhere Classified,0.607177734375,CFA3160
Theatre and Performance Studies,Faculty of Arts and Social Sciences,3,7a0aac8101e82cd91f739c4df288819a,Freelance Drama Teacher,EXTRACURRICULUM INSTRUCTORS,Extracurriculum Instructors,0.6004883050918579,TS4212
Theatre and Performance Studies,Faculty of Arts and Social Sciences,4,89c41ba4c4d34ed838c767ed51a50a13,"Art, Design, Media & Technology (ADMT) Teacher",SECONDARY EDUCATION TEACHERS,Secondary Education Teachers,0.599072277545929,CFA3160
Theatre and Performance Studies,Faculty of Arts and Social Sciences,5,f8fdcf750cfa72db4cf1ca50abcfa39a,Curriculum Development and Teaching Intern,TEACHING ASSOCIATE PROFESSIONALS NOT ELSEWHERE CLASSIFIED,Private Tutors,0.59521484375,TS4212
Theatre and Performance Studies,Faculty of Arts and Social Sciences,6,34e05d27a049ab9a61bdf6adcc871efc,Event Assistant,BUSINESS SERVICES AGENTS,Conference and Event Planners,0.593994140625,CFA3160
Theatre and Performance Studies,Faculty of Arts and Social Sciences,7,48587861f50b26e3b8119d46fbdc2f94,Teacher of Middle School Drama [Part-time],SECONDARY EDUCATION TEACHERS,Secondary Education Teachers,0.592724621295929,TS4212
Theatre and Performance Studies,Faculty of Arts and Social Sciences,8,36215297af0ee3932c97c57d1c2a20a2,Graphic Designer,"ARCHITECTS, PLANNERS, SURVEYORS AND DESIGNERS",Graphic and Multimedia Designers and Artists,0.5850585699081421,TS2235
Theatre and Performance Studies,Faculty of Arts and Social Sciences,9,05a8e02419d6b5771e0360722024b145,Freelance Private Art Teacher (1-To-1),EXTRACURRICULUM INSTRUCTORS,Extracurriculum Instructors,0.584716796875,TS2235
Theatre and Performance Studies,Faculty of Arts and Social Sciences,10,2f6bba326f5d92695d02e491bf66675b,Marketing & Growth Lead,MARKETING AND PUBLIC RELATIONS PROFESSIONALS,Advertising and Marketing Professionals,0.580371081829071,TS2235
Chemistry,Faculty of Science,1,c68620e623c6e68f72ffa4ad4af1e2e1,Research Fellow (Chemistry/Materials Science/Chemical Engineering),"SALES, MARKETING, DEVELOPMENT AND CUSTOMER SERVICE MANAGERS",Research and Development Managers,0.683837890625,CM4251
Chemistry,Faculty of Science,2,8e9d25a78fea566514f1f554f5a02f1b,Research Fellow (Materials Synthesis and Agricultural),"SALES, MARKETING, DEVELOPMENT AND CUSTOMER SERVICE MANAGERS",Research and Development Managers,0.677050769329071,CM3254
Chemistry,Faculty of Science,3,afb052a3310723a7831bc68233ce21a3,Research Fellow (CVD Growth),"SALES, MARKETING, DEVELOPMENT AND CUSTOMER SERVICE MANAGERS",Research and Development Managers,0.664794921875,CM4251
Chemistry,Faculty of Science,4,e888d03286468a4253953f5cc21fda4b,Research Fellow (Cellular Agriculture),"SALES, MARKETING, DEVELOPMENT AND CUSTOMER SERVICE MANAGERS",Research and Development Managers,0.6512206792831421,CM3251
Chemistry,Faculty of Science,5,061be890d90462863528d8d65583eabe,Project Officer (Chemical Biology),"SALES, MARKETING, DEVELOPMENT AND CUSTOMER SERVICE MANAGERS",Research and Development Managers,0.6463378667831421,CM3255
Chemistry,Faculty of Science,6,dfa620d47da4c467e0bb4a08d69f99a1,"Junior Scientist (Discovery Chemistry), EDDC",LIFE SCIENCE PROFESSIONALS,"Biologists, Botanists, Zoologists and Related Professionals",0.636279284954071,CM3191
Chemistry,Faculty of Science,7,828f198543db95c94472a9a782d867a5,"Quality Chemical Technician (Startup plant, East)",ADMINISTRATIVE ASSOCIATE PROFESSIONALS,Administrative and Related Associate Professionals Not Elsewhere Classified,0.633593738079071,CM3192
Chemistry,Faculty of Science,8,4d2ae556e0a3c9e0d8bad753057f10e5,Assistant Process Engineer,ENGINEERING PROFESSIONALS I,Industrial and Production Engineers,0.630322277545929,CM4254
Chemistry,Faculty of Science,9,bbb480d9d64e4896d5567cf95810ae03,Laboratory Technician,"PORTERS, ATTENDANTS AND RELATED WORKERS",Attendants,0.6260741949081421,CM4258
Chemistry,Faculty of Science,10,73a64c5a82ac33bfe05c1ede96f70c4e,Senior Scientist (Chemistry),LIFE SCIENCE PROFESSIONALS,Pharmacologists and Related Professionals,0.6249023675918579,CM4271
Data Science and Analytics,Faculty of Science,1,28ab314f1813a1f6335e73f2b64b3552,Data Scientist,"MATHEMATICIANS, ACTUARIES, STATISTICIANS AND RELATED PROFESSIONALS",Statisticians and Data Scientists,0.6593261957168579,DSE1101
Data Science and Analytics,Faculty of Science,2,c2f3e72a54a97dcd779769d0e1dda5ff,Quantitative Analytics Associate Discovery Programme 2026 Singapore,ADMINISTRATIVE ASSOCIATE PROFESSIONALS,Administrative and Related Associate Professionals Not Elsewhere Classified,0.627246081829071,ST4245
Data Science and Analytics,Faculty of Science,3,486d98547cbd556e5085c122139c456c,Research Associate / Research Assistant (Data Analytics),"SALES, MARKETING, DEVELOPMENT AND CUSTOMER SERVICE MANAGERS",Research and Development Managers,0.62548828125,DSA3362
Data Science and Analytics,Faculty of Science,4,f99638acc111c1b43feaeddf51013295,Quantitative Researcher,"MATHEMATICIANS, ACTUARIES, STATISTICIANS AND RELATED PROFESSIONALS","Mathematicians, Operations Research Analysts and Actuaries",0.621533215045929,DSE1101
Data Science and Analytics,Faculty of Science,5,de250515352b8c7a9c7480094f61a871,Data Engineer,"MATHEMATICIANS, ACTUARIES, STATISTICIANS AND RELATED PROFESSIONALS",Statisticians and Data Scientists,0.620849609375,DSA1101
Data Science and Analytics,Faculty of Science,6,07cc6cf47c2161d00c3b30da23e1531e,"Executive/Senior Executive, Data & AI (AI Developer)",SOFTWARE AND APPLICATIONS DEVELOPERS AND ANALYSTS,Software and Applications Developers and Analysts Not Elsewhere Classified,0.6194823980331421,DSA4213
Data Science and Analytics,Faculty of Science,7,17821463495f0f4cc7b7ee53de3ff8db,Analytics Engineer - Data Services (Python & Prompt Engineering Focus),"MATHEMATICIANS, ACTUARIES, STATISTICIANS AND RELATED PROFESSIONALS",Statisticians and Data Scientists,0.616894543170929,DSA4213
Data Science and Analytics,Faculty of Science,8,eebf2bc7b23286f5ab08e7eca63d3321,Data Engineer (AMK),"MATHEMATICIANS, ACTUARIES, STATISTICIANS AND RELATED PROFESSIONALS",Statisticians and Data Scientists,0.615673840045929,DSA1101
Data Science and Analytics,Faculty of Science,9,6d0b4df7447c9791e2d87a21951529dc,Research Fellow (CBDS/FQ),"SALES, MARKETING, DEVELOPMENT AND CUSTOMER SERVICE MANAGERS",Research and Development Managers,0.61474609375,DSA4262
Data Science and Analytics,Faculty of Science,10,11b64deea3dd390232c6473eb02f2e4a,Junior Data Analyst (Databricks),"MATHEMATICIANS, ACTUARIES, STATISTICIANS AND RELATED PROFESSIONALS",Statisticians and Data Scientists,0.6133788824081421,DSA2101
Food Science and Technology,Faculty of Science,1,2059fe5b2e70ee6f313172a5e96d1b9c,Research Fellow (Food Science & Technology),"SALES, MARKETING, DEVELOPMENT AND CUSTOMER SERVICE MANAGERS",Research and Development Managers,0.668701171875,FST1101B
Food Science and Technology,Faculty of Science,2,4775ef35c44abe768f51ad7323843598,Research Fellow / Engineer (Food Engineering) - AZN5,"SALES, MARKETING, DEVELOPMENT AND CUSTOMER SERVICE MANAGERS",Research and Development Managers,0.6590331792831421,FST4103
Food Science and Technology,Faculty of Science,3,7899b5572f64f8c9b93849fcd4e1ebc7,Research Fellow (Food Science & Technology),"SALES, MARKETING, DEVELOPMENT AND CUSTOMER SERVICE MANAGERS",Research and Development Managers,0.6572265625,FST1101B
Food Science and Technology,Faculty of Science,4,cf693946f67a213931a34eef198927fa,R&D Food Technologist,ENGINEERING PROFESSIONALS I,Chemical Engineers,0.656054675579071,FST1101B
Food Science and Technology,Faculty of Science,5,a640c3e2e74991a9b28133a042730b97,Research Fellow (Food Science & Technology),"SALES, MARKETING, DEVELOPMENT AND CUSTOMER SERVICE MANAGERS",Research and Development Managers,0.655810534954071,FST1101B
Food Science and Technology,Faculty of Science,6,1f5df63a42975f4c1c7b85ba96d62320,QUALITY ENGINEER (FOOD),ENGINEERING PROFESSIONALS I,Chemical Engineers,0.6451171636581421,FST3112
Food Science and Technology,Faculty of Science,7,99c8f2b81236d75d666cfe2b0e99ceca,Lab Compounder / Lab Analyst #HAC,PHYSICAL AND ENGINEERING SCIENCE TECHNICIANS I,Chemical and Physical Science Technicians,0.64306640625,FST3111
Food Science and Technology,Faculty of Science,8,28649c3723037c2128c158d8cdf145f0,R&D Assistant (Food Science/ Food Technology),ADMINISTRATION PROFESSIONALS,Administration Professionals Not Elsewhere Classified,0.6392577886581421,FST1101B
Food Science and Technology,Faculty of Science,9,7a3b217588d061cbfff3fa838f069317,R&D Assistant (Food Science/ Food Technology),ADMINISTRATION PROFESSIONALS,Administration Professionals Not Elsewhere Classified,0.6392577886581421,FST1101B
Food Science and Technology,Faculty of Science,10,485ad3cd0b6cd4a872e58843d275a075,R&D Intern,ENGINEERING PROFESSIONALS I,Chemical Engineers,0.635937511920929,FST4104
Mathematics,Faculty of Science,1,4e42ee3676076983ad5ab4994a416c8c,Mathematics Teacher (A-Level / Pre-University Foundation Programme),JUNIOR COLLEGE AND PRE-UNIVERSITY EDUCATION TEACHERS,Junior College and Pre-University Education Teachers,0.631103515625,MA4199
Mathematics,Faculty of Science,2,173c4463105a24d6e206625acd495874,School Intern,CHILD CARE WORKERS AND TEACHER AIDES,Teacher Aides,0.62841796875,MA4199
Mathematics,Faculty of Science,3,00c230bb04252af063ca6edd0feddfe4,Mathematics Teacher,SECONDARY EDUCATION TEACHERS,Secondary Education Teachers,0.615283191204071,MA4288O
Mathematics,Faculty of Science,4,de476def30270343be7ec5b95a92af81,Mathematics Curriculum Developer and Teacher,TEACHING ASSOCIATE PROFESSIONALS NOT ELSEWHERE CLASSIFIED,Private Tutors,0.612548828125,MA4199
Mathematics,Faculty of Science,5,f99638acc111c1b43feaeddf51013295,Quantitative Researcher,"MATHEMATICIANS, ACTUARIES, STATISTICIANS AND RELATED PROFESSIONALS","Mathematicians, Operations Research Analysts and Actuaries",0.610595703125,MA4267
Mathematics,Faculty of Science,6,c2f3e72a54a97dcd779769d0e1dda5ff,Quantitative Analytics Associate Discovery Programme 2026 Singapore,ADMINISTRATIVE ASSOCIATE PROFESSIONALS,Administrative and Related Associate Professionals Not Elsewhere Classified,0.6058593988418579,MA3227
Mathematics,Faculty of Science,7,ac011cb0439a40811115516315362cc3,Mathematics Teacher (Full Time),PRESCHOOL EDUCATION TEACHERS,Preschool Education Teachers,0.6025390625,MA1100
Mathematics,Faculty of Science,8,3e88867854cef2874a28f06c9c314973,High School Math Assistant Teacher/Tutor,CHILD CARE WORKERS AND TEACHER AIDES,Teacher Aides,0.600048840045929,MA2108S
Mathematics,Faculty of Science,9,c7a296783fae3faf523a0fbbfeb7b2d4,Research Fellow (Transport & Aviation),"SALES, MARKETING, DEVELOPMENT AND CUSTOMER SERVICE MANAGERS",Research and Development Managers,0.598828136920929,MA4260
Mathematics,Faculty of Science,10,af1755f2d5a0ec945a224fbd59e322d2,Project Officer (Signal Processing and Communications),"SALES, MARKETING, DEVELOPMENT AND CUSTOMER SERVICE MANAGERS",Research and Development Managers,0.596728503704071,MA4261
Pharmacy,Faculty of Science,1,da06af27e00e8517a40680b3cc3993d9,Pharmacist,OTHER HEALTH PROFESSIONALS,Pharmacists,0.666748046875,PR2151
Pharmacy,Faculty of Science,2,09ba823f851a0c9f52585883ab8461ed,Pharmacist (NUHS@Home)*(5612),OTHER HEALTH PROFESSIONALS,Pharmacists,0.653369128704071,PR4192
Pharmacy,Faculty of Science,3,db8ae173d3a4ba7492b22f8f61a67ec0,Patient Service Associate*(252) - National University Polyclinics,CLIENT INFORMATION CLERKS,"Receptionists, Customer Service and Information Clerks",0.650341808795929,PR4192
Pharmacy,Faculty of Science,4,0b5c3eb4add395805820779d71437ec3,"[Healthcare Roles, Min 3 Months] Pharmacy Assistant / Admin / Patient Service (Min A levels) #HCY",GENERAL OFFICE CLERKS,General Office Clerks,0.6436523199081421,PR4192
Pharmacy,Faculty of Science,5,967f8bcb063592711ac22b55e336627e,Assistant / Care Coordinator(237) - National University Polyclinics,ADMINISTRATIVE ASSOCIATE PROFESSIONALS,Administrative and Related Associate Professionals Not Elsewhere Classified,0.636767566204071,PR4192
Pharmacy,Faculty of Science,6,802f0062af8462d67a9fce3e278ac24a,Patient Service Associate (Polyclinic / Office Hours),CLIENT INFORMATION CLERKS,"Receptionists, Customer Service and Information Clerks",0.636035144329071,PR4192
Pharmacy,Faculty of Science,7,539eb8113af15b0946b121aab3cf3c14,Patient Service Associate (5 Days/Office Hours/Central) (ID: 663803),CLIENT INFORMATION CLERKS,"Receptionists, Customer Service and Information Clerks",0.635205090045929,PR4192
Pharmacy,Faculty of Science,8,0cfadfe6ab7b59921ebe0e66efea5742,Staff Nurse/Senior Staff Nurse - National University Polyclinic,NURSING PROFESSIONALS,Nursing Professionals,0.6348632574081421,PR4192
Pharmacy,Faculty of Science,9,79508e6aded84818a65c60a0d168ca31,Pharmacy Technician,MEDICAL AND PHARMACEUTICAL TECHNICIANS,Pharmacy Technicians,0.634716808795929,PR2151
Pharmacy,Faculty of Science,10,da71c7f3f08cf59da59c80473719a1e1,Pharmacy Technician (Islandwide Polyclinic/Office Hours) (ID: 679840),MEDICAL AND PHARMACEUTICAL TECHNICIANS,Pharmacy Technicians,0.630175769329071,PR4192
Pharmaceutical Science,Faculty of Science,1,061be890d90462863528d8d65583eabe,Project Officer (Chemical Biology),"SALES, MARKETING, DEVELOPMENT AND CUSTOMER SERVICE MANAGERS",Research and Development Managers,0.6373535394668579,PHS4288
Pharmaceutical Science,Faculty of Science,2,0dc915431c23bfbd88b539088b0dc450,Research Associate (Dept of Pharmacology),"SALES, MARKETING, DEVELOPMENT AND CUSTOMER SERVICE MANAGERS",Research and Development Managers,0.636035144329071,PHS4288
Pharmaceutical Science,Faculty of Science,3,dfa620d47da4c467e0bb4a08d69f99a1,"Junior Scientist (Discovery Chemistry), EDDC",LIFE SCIENCE PROFESSIONALS,"Biologists, Botanists, Zoologists and Related Professionals",0.629101574420929,PHS3102
Pharmaceutical Science,Faculty of Science,4,73a64c5a82ac33bfe05c1ede96f70c4e,Senior Scientist (Chemistry),LIFE SCIENCE PROFESSIONALS,Pharmacologists and Related Professionals,0.627148449420929,PHS2104
Pharmaceutical Science,Faculty of Science,5,ce6b7bfab0fe80ab821d2b717f7867e1,Senior Scientist (Protein Analysis unit),LIFE SCIENCE PROFESSIONALS,"Biologists, Botanists, Zoologists and Related Professionals",0.623095691204071,PHS2104
Pharmaceutical Science,Faculty of Science,6,e61a73eeec2433c7b1b1b68f6334db5c,"1 year contract Associate Scientist, Cell Culture (Pharma) - Up to $4K #HKH",LIFE SCIENCE PROFESSIONALS,"Biologists, Botanists, Zoologists and Related Professionals",0.6181640625,PHS1101
Pharmaceutical Science,Faculty of Science,7,697cf834e62361992dfa087dd46afd8a,Research Assistant (CVMD/DH),ADMINISTRATION PROFESSIONALS,Administration Professionals Not Elsewhere Classified,0.617968738079071,PR4204
Pharmaceutical Science,Faculty of Science,8,796f3be901b986d78c5446d80e3c868e,Senior Scientist (Mid-Size Molecule Unit) - Chemistry,LIFE SCIENCE PROFESSIONALS,Pharmacologists and Related Professionals,0.617626965045929,PHS3102
Pharmaceutical Science,Faculty of Science,9,d21b58eb8987958fe831c816a3191b7b,Mechanical Technician,PHYSICAL AND ENGINEERING SCIENCE TECHNICIANS I,Mechanical Engineering Technicians (Excluding Transport and Vehicle Engineering Technicians),0.6165527105331421,PHS4201
Pharmaceutical Science,Faculty of Science,10,c68c2e5e27171411fa146bf64de85dd9,Process Engineer (1 year contract),ENGINEERING PROFESSIONALS I,Industrial and Production Engineers,0.616162121295929,PHS2103
Physics,Faculty of Science,1,afb052a3310723a7831bc68233ce21a3,Research Fellow (CVD Growth),"SALES, MARKETING, DEVELOPMENT AND CUSTOMER SERVICE MANAGERS",Research and Development Managers,0.672119140625,PC3251
Physics,Faculty of Science,2,c68620e623c6e68f72ffa4ad4af1e2e1,Research Fellow (Chemistry/Materials Science/Chemical Engineering),"SALES, MARKETING, DEVELOPMENT AND CUSTOMER SERVICE MANAGERS",Research and Development Managers,0.656201183795929,PC4236
Physics,Faculty of Science,3,8e9d25a78fea566514f1f554f5a02f1b,Research Fellow (Materials Synthesis and Agricultural),"SALES, MARKETING, DEVELOPMENT AND CUSTOMER SERVICE MANAGERS",Research and Development Managers,0.6436523199081421,PC3251
Physics,Faculty of Science,4,137c1c4f41adfd3d25b81585680c30dc,Research Fellow (Orbitronics),"SALES, MARKETING, DEVELOPMENT AND CUSTOMER SERVICE MANAGERS",Research and Development Managers,0.6385253667831421,PC4253
Physics,Faculty of Science,5,65b2948600db699e48ad23ea22fa4cb6,Research Fellow (Orbitronics),"SALES, MARKETING, DEVELOPMENT AND CUSTOMER SERVICE MANAGERS",Research and Development Managers,0.635791003704071,PC4253
Physics,Faculty of Science,6,b5bbff90cc9070fb532e9e6f7862988a,Research Fellow (Optics and Photonics),"SALES, MARKETING, DEVELOPMENT AND CUSTOMER SERVICE MANAGERS",Research and Development Managers,0.6326659917831421,PC3243
Physics,Faculty of Science,7,644f2052034bb79ba660cfa41ca12eba,"Photonics Integration Senior/Research Engineer (APM), (NSTIC), IME",ENGINEERING PROFESSIONALS I,Engineering Professionals Not Elsewhere Classified,0.631396472454071,PC3243
Physics,Faculty of Science,8,9a60e56a5372cc6718287ee1722ded28,"Assistant Engineer Flat Optics and Photonics Integration (APM), (NSTIC), IME",ENGINEERING PROFESSIONALS I,Engineering Professionals Not Elsewhere Classified,0.6288086175918579,PC3243
Physics,Faculty of Science,9,67c83dfaabbc3b5c3d8989c50daf6240,"Assistant Engineer Flat Optics and Photonics Integration (APM), (NSTIC), IME",ENGINEERING PROFESSIONALS I,Engineering Professionals Not Elsewhere Classified,0.628173828125,PC3243
Physics,Faculty of Science,10,4db05bd51b93289f14adafe5eebf7b36,Coating Process Engineer,ENGINEERING PROFESSIONALS I,Engineering Professionals Not Elsewhere Classified,0.627978503704071,PC4253
Life Sciences,Faculty of Science,1,061be890d90462863528d8d65583eabe,Project Officer (Chemical Biology),"SALES, MARKETING, DEVELOPMENT AND CUSTOMER SERVICE MANAGERS",Research and Development Managers,0.654101550579071,LSM4242
Life Sciences,Faculty of Science,2,4c9656dc8f45de4e07bd7475d3e270d1,Research Fellow (Mechanobiology Institute),"SALES, MARKETING, DEVELOPMENT AND CUSTOMER SERVICE MANAGERS",Research and Development Managers,0.6366211175918579,LSM4234
Life Sciences,Faculty of Science,3,b18e61006e054a7a5b946041b6c2c4c8,Research Associate (Environmental Engineering),"SALES, MARKETING, DEVELOPMENT AND CUSTOMER SERVICE MANAGERS",Research and Development Managers,0.6360839605331421,LSM4242
Life Sciences,Faculty of Science,4,697cf834e62361992dfa087dd46afd8a,Research Assistant (CVMD/DH),ADMINISTRATION PROFESSIONALS,Administration Professionals Not Elsewhere Classified,0.6280761957168579,LSM3245
Life Sciences,Faculty of Science,5,0dc915431c23bfbd88b539088b0dc450,Research Associate (Dept of Pharmacology),"SALES, MARKETING, DEVELOPMENT AND CUSTOMER SERVICE MANAGERS",Research and Development Managers,0.623779296875,LSM4222
Life Sciences,Faculty of Science,6,e888d03286468a4253953f5cc21fda4b,Research Fellow (Cellular Agriculture),"SALES, MARKETING, DEVELOPMENT AND CUSTOMER SERVICE MANAGERS",Research and Development Managers,0.6221679449081421,LSM3246
Life Sciences,Faculty of Science,7,a640c3e2e74991a9b28133a042730b97,Research Fellow (Food Science & Technology),"SALES, MARKETING, DEVELOPMENT AND CUSTOMER SERVICE MANAGERS",Research and Development Managers,0.62158203125,LSM4352
Life Sciences,Faculty of Science,8,4775ef35c44abe768f51ad7323843598,Research Fellow / Engineer (Food Engineering) - AZN5,"SALES, MARKETING, DEVELOPMENT AND CUSTOMER SERVICE MANAGERS",Research and Development Managers,0.62158203125,LSM4242
Life Sciences,Faculty of Science,9,8e9d25a78fea566514f1f554f5a02f1b,Research Fellow (Materials Synthesis and Agricultural),"SALES, MARKETING, DEVELOPMENT AND CUSTOMER SERVICE MANAGERS",Research and Development Managers,0.621142566204071,LSM3247
Life Sciences,Faculty of Science,10,cf5b9218c991e7447858928a469cd3d4,Research Fellow (Biological Sciences),"SALES, MARKETING, DEVELOPMENT AND CUSTOMER SERVICE MANAGERS",Research and Development Managers,0.619677722454071,LSM3236
Statistics,Faculty of Science,1,28ab314f1813a1f6335e73f2b64b3552,Data Scientist,"MATHEMATICIANS, ACTUARIES, STATISTICIANS AND RELATED PROFESSIONALS",Statisticians and Data Scientists,0.64013671875,DSE4212
Statistics,Faculty of Science,2,f99638acc111c1b43feaeddf51013295,Quantitative Researcher,"MATHEMATICIANS, ACTUARIES, STATISTICIANS AND RELATED PROFESSIONALS","Mathematicians, Operations Research Analysts and Actuaries",0.62255859375,DSE4212
Statistics,Faculty of Science,3,c2f3e72a54a97dcd779769d0e1dda5ff,Quantitative Analytics Associate Discovery Programme 2026 Singapore,ADMINISTRATIVE ASSOCIATE PROFESSIONALS,Administrative and Related Associate Professionals Not Elsewhere Classified,0.6222168207168579,DSE4212
Statistics,Faculty of Science,4,982b396cb10e1257d3f7d96d0d16ac26,Research Analyst,MARKETING AND PUBLIC RELATIONS PROFESSIONALS,Advertising and Marketing Professionals,0.603271484375,ST4245
Statistics,Faculty of Science,5,a865a4eca2c7183e76b4b1c8f72712bb,R0418506 - Global Strategic Analytics-Credit Strats – Associate,"MATHEMATICIANS, ACTUARIES, STATISTICIANS AND RELATED PROFESSIONALS","Mathematicians, Operations Research Analysts and Actuaries",0.602587878704071,DSE4212
Statistics,Faculty of Science,6,09ab0d27554698ff7d8d67b82d5c4a97,AI/ML Engineer,ENGINEERING PROFESSIONALS I,Engineering Professionals Not Elsewhere Classified,0.598095715045929,CS3244
Statistics,Faculty of Science,7,4739d32bdfaf70d61d751aef325fd948,Trading Analyst,ADMINISTRATIVE ASSOCIATE PROFESSIONALS,Administrative and Related Associate Professionals Not Elsewhere Classified,0.5970703363418579,ST4253
Statistics,Faculty of Science,8,e7fef080b17fdf5b2c9bb0e3ae96b0e6,Derivatives Trading Executive (Entry-Level),FINANCE PROFESSIONALS,Securities and Finance Dealers,0.5967773199081421,QF4103
Statistics,Faculty of Science,9,511de66348c4dbaa3b7189b80b34eba4,Associate Professor (Practice) in Quantitative Finance,"UNIVERSITY, POLYTECHNIC AND HIGHER EDUCATION TEACHERS","University, Polytechnic and Higher Education Teachers",0.596386730670929,ST4245
Statistics,Faculty of Science,10,6d0b4df7447c9791e2d87a21951529dc,Research Fellow (CBDS/FQ),"SALES, MARKETING, DEVELOPMENT AND CUSTOMER SERVICE MANAGERS",Research and Development Managers,0.595410168170929,DSE4212
Quantitative Finance,Faculty of Science,1,c2f3e72a54a97dcd779769d0e1dda5ff,Quantitative Analytics Associate Discovery Programme 2026 Singapore,ADMINISTRATIVE ASSOCIATE PROFESSIONALS,Administrative and Related Associate Professionals Not Elsewhere Classified,0.6703125238418579,QF4288
Quantitative Finance,Faculty of Science,2,f99638acc111c1b43feaeddf51013295,Quantitative Researcher,"MATHEMATICIANS, ACTUARIES, STATISTICIANS AND RELATED PROFESSIONALS","Mathematicians, Operations Research Analysts and Actuaries",0.6625000238418579,QF2103
Quantitative Finance,Faculty of Science,3,e7fef080b17fdf5b2c9bb0e3ae96b0e6,Derivatives Trading Executive (Entry-Level),FINANCE PROFESSIONALS,Securities and Finance Dealers,0.654980480670929,QF4103
Quantitative Finance,Faculty of Science,4,b9ae1715c8ebb952599e3992240fbd7a,Senior (Quantitative Analytics and Treasury Services) - Financial Services FAAS,ADMINISTRATION PROFESSIONALS,Management and Business Consultants,0.639355480670929,QF2103
Quantitative Finance,Faculty of Science,5,511de66348c4dbaa3b7189b80b34eba4,Associate Professor (Practice) in Quantitative Finance,"UNIVERSITY, POLYTECHNIC AND HIGHER EDUCATION TEACHERS","University, Polytechnic and Higher Education Teachers",0.637939453125,QF4288
Quantitative Finance,Faculty of Science,6,87e0b51176196c23ebeeab8a9d8c49d0,Associate (Quantitative Analytics and Treasury Services) - Financial Services FAAS,ADMINISTRATION PROFESSIONALS,Management and Business Consultants,0.637646496295929,QF4102
Quantitative Finance,Faculty of Science,7,59562f70aea56a322547a56def66e517,Junior Quant Researcher,"MATHEMATICIANS, ACTUARIES, STATISTICIANS AND RELATED PROFESSIONALS","Mathematicians, Operations Research Analysts and Actuaries",0.636279284954071,QF4288
Quantitative Finance,Faculty of Science,8,582e52be63c2a6ceecbb0464c060e436,Junior Quant Researcher,"MATHEMATICIANS, ACTUARIES, STATISTICIANS AND RELATED PROFESSIONALS","Mathematicians, Operations Research Analysts and Actuaries",0.636279284954071,QF4288
Quantitative Finance,Faculty of Science,9,a865a4eca2c7183e76b4b1c8f72712bb,R0418506 - Global Strategic Analytics-Credit Strats – Associate,"MATHEMATICIANS, ACTUARIES, STATISTICIANS AND RELATED PROFESSIONALS","Mathematicians, Operations Research Analysts and Actuaries",0.6317383050918579,QF2103
Quantitative Finance,Faculty of Science,10,55b0da6c7c05a7e9da4dd5dbefeb16b5,Investment Associate,ADMINISTRATIVE ASSOCIATE PROFESSIONALS,Administrative and Related Associate Professionals Not Elsewhere Classified,0.6294921636581421,QF4288
Law,Faculty of Law,1,ca610531366ec13f266c08409bb1717d,Legal Associate,LEGAL PROFESSIONALS,Lawyers,0.694873034954071,LL4529V
Law,Faculty of Law,2,ac2966e80b6490fc5b135de157dc59a9,Legal Practising Lawyer (Real Estate / 5 days / Office Hours),LEGAL PROFESSIONALS,Lawyers,0.686572253704071,LL4475V
Law,Faculty of Law,3,28ebe06c5f0652837960931fa9ccc8be,Senior Associate - Legal,LEGAL PROFESSIONALS,Lawyers,0.684765636920929,LL4475V
Law,Faculty of Law,4,51e3fe01c3b377cf1dca846839ca2114,Associate,LEGAL PROFESSIONALS,Lawyers,0.6819823980331421,LL4309V
Law,Faculty of Law,5,8d5b3d9d07a0524a7d08e3f16d173d70,Legal Associate (Property / Real Estate),LEGAL PROFESSIONALS,Lawyers,0.679443359375,LL4475V
Law,Faculty of Law,6,0b49adea30093aa2b33c0db430630ea5,Conveyancing Attorney (Legal / 5 days / Office Hours),LEGAL PROFESSIONALS,Lawyers,0.6778320074081421,LL4094AV
Law,Faculty of Law,7,fe0b59e78802829f6c6a8f671ae0ec68,Practising Lawyer (Conveyancing / 5 days / Office Hours),LEGAL PROFESSIONALS,Lawyers,0.677294909954071,LL4475V
Law,Faculty of Law,8,db329ec6f289073955b3d5541ed7595c,Conveyancing Associate (Law / 5 days / Office Hours),LEGAL PROFESSIONALS,Lawyers,0.6751953363418579,LL4094AV
Law,Faculty of Law,9,8650888df857270aa062ea1ca00632ff,Senior Conveyancing Lawyer (Central / 5 days),LEGAL PROFESSIONALS,Lawyers,0.675097644329071,LL4094AV
Law,Faculty of Law,10,9ebb4657292c2c08b8ba580c3ac211f8,Junior Conveyancing Lawyer (5 days / Office Hours),LEGAL PROFESSIONALS,Lawyers,0.674853503704071,LL4094AV
Accountancy,NUS Business School,1,f16198bbdf404d0e6fdec1ba09fa37e3,Accountant,FINANCE PROFESSIONALS,Accountants,0.6795409917831421,ACC4702
Accountancy,NUS Business School,2,a0ecb0465dc0227597a1000a94bf230a,Audit Associate,NUMERICAL CLERKS,Accounting and Bookkeeping Clerks,0.6747070550918579,ACC2712
Accountancy,NUS Business School,3,3ed9d659ff6e5c40082004df99283970,Accountant,FINANCE PROFESSIONALS,Accountants,0.6668945550918579,ACC2712
Accountancy,NUS Business School,4,24d111e7ada1e63984eaad4616e0e5d2,Audit Associate/Senior,FINANCE PROFESSIONALS,Accountants,0.658398449420929,ACC3727
Accountancy,NUS Business School,5,0f4fd158084e8b29f9df22fb7e136321,Accountant,FINANCE PROFESSIONALS,Accountants,0.65771484375,ACC4702
Accountancy,NUS Business School,6,c82a1f801139f0cd805d53b2417f0e59,Audit Associate,NUMERICAL CLERKS,Accounting and Bookkeeping Clerks,0.6565917730331421,ACC4761A
Accountancy,NUS Business School,7,1819f59d19cd2a1b4ff530ca6b770801,Auditor,NUMERICAL CLERKS,Accounting and Bookkeeping Clerks,0.655957043170929,ACC4761A
Accountancy,NUS Business School,8,617482e67d84aae930793c4db0a53286,Audit Associate,FINANCE PROFESSIONALS,Accountants,0.6549316644668579,ACC3727
Accountancy,NUS Business School,9,40feb8777f4d5627d7cab0685251b2ed,Accountant,FINANCE PROFESSIONALS,Accountants,0.654541015625,ACC3714
Accountancy,NUS Business School,10,20fb8a86ea2a75ec0b2e2ecb0d5cff3c,"Internal Audit, Global Banking & Markets Operations Audit, Analyst, Singapore",ADMINISTRATIVE ASSOCIATE PROFESSIONALS,Administrative and Related Associate Professionals Not Elsewhere Classified,0.652880847454071,ACC4713
Applied Business Analytics,NUS Business School,1,a094cfb24f3ab78cae7b1b44ec9625fd,K01 - Business Analyst,ADMINISTRATION PROFESSIONALS,Management and Business Consultants,0.664599597454071,DBA4811
Applied Business Analytics,NUS Business School,2,c2f3e72a54a97dcd779769d0e1dda5ff,Quantitative Analytics Associate Discovery Programme 2026 Singapore,ADMINISTRATIVE ASSOCIATE PROFESSIONALS,Administrative and Related Associate Professionals Not Elsewhere Classified,0.6556640863418579,DBA4761A
Applied Business Analytics,NUS Business School,3,07cc6cf47c2161d00c3b30da23e1531e,"Executive/Senior Executive, Data & AI (AI Developer)",SOFTWARE AND APPLICATIONS DEVELOPERS AND ANALYSTS,Software and Applications Developers and Analysts Not Elsewhere Classified,0.6495116949081421,DBA4714
Applied Business Analytics,NUS Business School,4,e460a75578367f4780bf7722dcc6eb5d,Analyst (Talend Data Integration & Informatica BDM),ADMINISTRATIVE ASSOCIATE PROFESSIONALS,Administrative and Related Associate Professionals Not Elsewhere Classified,0.64892578125,DBA3702
Applied Business Analytics,NUS Business School,5,17821463495f0f4cc7b7ee53de3ff8db,Analytics Engineer - Data Services (Python & Prompt Engineering Focus),"MATHEMATICIANS, ACTUARIES, STATISTICIANS AND RELATED PROFESSIONALS",Statisticians and Data Scientists,0.643505871295929,IT3010
Applied Business Analytics,NUS Business School,6,4739d32bdfaf70d61d751aef325fd948,Trading Analyst,ADMINISTRATIVE ASSOCIATE PROFESSIONALS,Administrative and Related Associate Professionals Not Elsewhere Classified,0.639941394329071,DBA4812
Applied Business Analytics,NUS Business School,7,aadb9c981bb55353dcca1b4fdf7810eb,Business Analyst (Contract/Banking),ADMINISTRATION PROFESSIONALS,Management and Business Consultants,0.637939453125,DBA4811
Applied Business Analytics,NUS Business School,8,982b396cb10e1257d3f7d96d0d16ac26,Research Analyst,MARKETING AND PUBLIC RELATIONS PROFESSIONALS,Advertising and Marketing Professionals,0.636914074420929,DBA4811
Applied Business Analytics,NUS Business School,9,bdcbb0bef0edd914c2a53547675b0e21,Business and Data Analyst,ADMINISTRATION PROFESSIONALS,Management and Business Consultants,0.636767566204071,DBA4811
Applied Business Analytics,NUS Business School,10,282ff7b29151d3782b0001a2fc1d396b,Business and Data Analyst,ADMINISTRATION PROFESSIONALS,Management and Business Consultants,0.636767566204071,DBA4811
Business Economics,NUS Business School,1,c2f3e72a54a97dcd779769d0e1dda5ff,Quantitative Analytics Associate Discovery Programme 2026 Singapore,ADMINISTRATIVE ASSOCIATE PROFESSIONALS,Administrative and Related Associate Professionals Not Elsewhere Classified,0.633007824420929,DBA4811
Business Economics,NUS Business School,2,a094cfb24f3ab78cae7b1b44ec9625fd,K01 - Business Analyst,ADMINISTRATION PROFESSIONALS,Management and Business Consultants,0.616406261920929,DBA4811
Business Economics,NUS Business School,3,982b396cb10e1257d3f7d96d0d16ac26,Research Analyst,MARKETING AND PUBLIC RELATIONS PROFESSIONALS,Advertising and Marketing Professionals,0.61474609375,DBA4811
Business Economics,NUS Business School,4,1ebe381e695b1ea1087fc57d42ac65cb,Business Analyst (Contract),ADMINISTRATION PROFESSIONALS,Management and Business Consultants,0.61376953125,DBA4811
Business Economics,NUS Business School,5,4739d32bdfaf70d61d751aef325fd948,Trading Analyst,ADMINISTRATIVE ASSOCIATE PROFESSIONALS,Administrative and Related Associate Professionals Not Elsewhere Classified,0.612109363079071,DBA4811
Business Economics,NUS Business School,6,aadb9c981bb55353dcca1b4fdf7810eb,Business Analyst (Contract/Banking),ADMINISTRATION PROFESSIONALS,Management and Business Consultants,0.610400378704071,DBA4811
Business Economics,NUS Business School,7,6887bbaaee5291314911d6d3489fb7c0,Executive Manager,FINANCE PROFESSIONALS,Financial and Investment Advisers,0.608642578125,BSP4701
Business Economics,NUS Business School,8,a695c0b2f28f6fbeca62185691c9b56a,Executive Manager,FINANCE PROFESSIONALS,Financial and Investment Advisers,0.608642578125,BSP4701
Business Economics,NUS Business School,9,872ce092ac6199eee230ed9bbd10e631,Executive Manager,FINANCE PROFESSIONALS,Financial and Investment Advisers,0.608642578125,BSP4701
Business Economics,NUS Business School,10,911a312ef73eb2e35bc89e79649059f2,Executive Manager,FINANCE PROFESSIONALS,Financial and Investment Advisers,0.608642578125,BSP4701
Finance,NUS Business School,1,56c74cf38d1254e5ee7f959d1e5a496c,Management Associate (Finance and Investment),ADMINISTRATIVE ASSOCIATE PROFESSIONALS,Administrative and Related Associate Professionals Not Elsewhere Classified,0.697949230670929,FIN3702
Finance,NUS Business School,2,ec4935dd798d07918a4f10f22f4f0ad5,Finance Intern,ADMINISTRATIVE ASSOCIATE PROFESSIONALS,Administrative and Related Associate Professionals Not Elsewhere Classified,0.690673828125,FIN3702
Finance,NUS Business School,3,634d25125a532dd38444553ab0f6dde6,Finance Intern (Graduates Welcome),ADMINISTRATIVE ASSOCIATE PROFESSIONALS,Administrative and Related Associate Professionals Not Elsewhere Classified,0.6891113519668579,FIN4713
Finance,NUS Business School,4,03bec1b73414da83c32e210fb44b4c20,Intern (Finance and Investment),ADMINISTRATIVE ASSOCIATE PROFESSIONALS,Administrative and Related Associate Professionals Not Elsewhere Classified,0.685742199420929,FIN3702
Finance,NUS Business School,5,5526d9aff31470c144507db218442c47,Asset Management Analyst (Fund Operations),ADMINISTRATIVE ASSOCIATE PROFESSIONALS,Administrative and Related Associate Professionals Not Elsewhere Classified,0.683349609375,FIN4713
Finance,NUS Business School,6,85a452a5042e42ed1ffb27c01da28ca3,Graduate Trainee (Finance),ADMINISTRATIVE ASSOCIATE PROFESSIONALS,Administrative and Related Associate Professionals Not Elsewhere Classified,0.6805175542831421,FIN3702
Finance,NUS Business School,7,8c5404b8c96d38952c33ccbf512ebc9b,Financial Advisory Trainee,SALES AND RELATED ASSOCIATE PROFESSIONALS,Insurance Representatives and Related Associate Professionals,0.6734863519668579,FIN4713
Finance,NUS Business School,8,55b0da6c7c05a7e9da4dd5dbefeb16b5,Investment Associate,ADMINISTRATIVE ASSOCIATE PROFESSIONALS,Administrative and Related Associate Professionals Not Elsewhere Classified,0.6734374761581421,FIN3702
Finance,NUS Business School,9,82dfc17f2dff17a4d946376a7512b7dd,Investment Intern,ADMINISTRATIVE ASSOCIATE PROFESSIONALS,Administrative and Related Associate Professionals Not Elsewhere Classified,0.6734374761581421,FIN3702
Finance,NUS Business School,10,f6346b00cdc759c6b79f54113d275ec9,Investment Portfolio Specialist,FINANCE PROFESSIONALS,Securities and Finance Brokers,0.672900378704071,FIN3702
Innovation & Entrepreneurship,NUS Business School,1,7a4c5a72cfa1f614c623ca08135d8104,🤝 MARKETING & EVENTS – Personal 1-on-1 Mentorship,OTHER SERVICES MANAGERS,Services Managers Not Elsewhere Classified,0.635302722454071,BSN3713
Innovation & Entrepreneurship,NUS Business School,2,6572c547ed0944756e1cb26a1e214f1b,🤝 MARKETING & EVENTS – Personal 1-on-1 Mentorship,OTHER SERVICES MANAGERS,Services Managers Not Elsewhere Classified,0.635302722454071,BSN3713
Innovation & Entrepreneurship,NUS Business School,3,507d359256eb16fa4eca9e01c6980099,🤝 MARKETING & EVENTS – Personal 1-on-1 Mentorship,OTHER SERVICES MANAGERS,Services Managers Not Elsewhere Classified,0.635302722454071,BSN3713
Innovation & Entrepreneurship,NUS Business School,4,342518dcb3e71f3efcbb87f5e32a6d95,🤝 MARKETING & EVENTS – Personal 1-on-1 Mentorship,OTHER SERVICES MANAGERS,Services Managers Not Elsewhere Classified,0.635302722454071,BSN3713
Innovation & Entrepreneurship,NUS Business School,5,923a420b555123ceb07e7129fd4626de,🤝 MARKETING & EVENTS – Personal 1-on-1 Mentorship,OTHER SERVICES MANAGERS,Services Managers Not Elsewhere Classified,0.635302722454071,BSN3713
Innovation & Entrepreneurship,NUS Business School,6,3742dd748952fa78b39ee715eb397f2a,🃏🃏People Skills > Paper Qualifications🃏🃏,"SALES, MARKETING, DEVELOPMENT AND CUSTOMER SERVICE MANAGERS",Sales and Business Development Managers,0.63525390625,BSN3717
Innovation & Entrepreneurship,NUS Business School,7,e37f3475f9c14d98a8f3d235ab9417fd,🃏🃏People Skills > Paper Qualifications🃏🃏,"SALES, MARKETING, DEVELOPMENT AND CUSTOMER SERVICE MANAGERS",Sales and Business Development Managers,0.63525390625,BSN3717
Innovation & Entrepreneurship,NUS Business School,8,0527c8730757a8e446012b3668535707,🃏🃏People Skills > Paper Qualifications🃏🃏,"SALES, MARKETING, DEVELOPMENT AND CUSTOMER SERVICE MANAGERS",Sales and Business Development Managers,0.63525390625,BSN3717
Innovation & Entrepreneurship,NUS Business School,9,c69145faefcfc21f4ec6fd45ddd335dc,🃏🃏People Skills > Paper Qualifications🃏🃏,"SALES, MARKETING, DEVELOPMENT AND CUSTOMER SERVICE MANAGERS",Sales and Business Development Managers,0.63525390625,BSN3717
Innovation & Entrepreneurship,NUS Business School,10,7c6057145438a0055630df5752c54a5d,🃏🃏People Skills > Paper Qualifications🃏🃏,"SALES, MARKETING, DEVELOPMENT AND CUSTOMER SERVICE MANAGERS",Sales and Business Development Managers,0.63525390625,BSN3717
Leadership & Human Capital Management,NUS Business School,1,f019bd27ca543541626df6584d82f282,Management Trainee Program (Fresh Graduate)),ADMINISTRATIVE ASSOCIATE PROFESSIONALS,Administrative and Related Associate Professionals Not Elsewhere Classified,0.655712902545929,MNO3713
Leadership & Human Capital Management,NUS Business School,2,5c5e71d81c5054021c90ee452ced2f1b,Management Associate,ADMINISTRATIVE ASSOCIATE PROFESSIONALS,Administrative and Related Associate Professionals Not Elsewhere Classified,0.648876965045929,MNO3716
Leadership & Human Capital Management,NUS Business School,3,c97bad52b72e85a1a4b378a8053b60bc,"L&D Specialist, Strategic HR",OTHER TEACHING PROFESSIONALS,Education Methods Specialists,0.645947277545929,MNO3712
Leadership & Human Capital Management,NUS Business School,4,b028164b7a6421111c23ad0277951877,Confident? Competitive? Let’s Talk.,"SALES, MARKETING, DEVELOPMENT AND CUSTOMER SERVICE MANAGERS",Sales and Business Development Managers,0.641796886920929,MNO4713
Leadership & Human Capital Management,NUS Business School,5,1e6ab335574acf7a5d5d82e97940b744,Confident? Competitive? Let’s Talk.,"SALES, MARKETING, DEVELOPMENT AND CUSTOMER SERVICE MANAGERS",Sales and Business Development Managers,0.641796886920929,MNO4713
Leadership & Human Capital Management,NUS Business School,6,b30cc3570283d60e5d03d996a25fc5bb,Confident? Competitive? Let’s Talk.,"SALES, MARKETING, DEVELOPMENT AND CUSTOMER SERVICE MANAGERS",Sales and Business Development Managers,0.641796886920929,MNO4713
Leadership & Human Capital Management,NUS Business School,7,5b00c477810488380da30952f68f95a0,Confident? Competitive? Let’s Talk.,"SALES, MARKETING, DEVELOPMENT AND CUSTOMER SERVICE MANAGERS",Sales and Business Development Managers,0.641796886920929,MNO4713
Leadership & Human Capital Management,NUS Business School,8,c2bc306938982fa2ac51895b4c03fc9a,Confident? Competitive? Let’s Talk.,"SALES, MARKETING, DEVELOPMENT AND CUSTOMER SERVICE MANAGERS",Sales and Business Development Managers,0.641796886920929,MNO4713
Leadership & Human Capital Management,NUS Business School,9,0527c8730757a8e446012b3668535707,🃏🃏People Skills > Paper Qualifications🃏🃏,"SALES, MARKETING, DEVELOPMENT AND CUSTOMER SERVICE MANAGERS",Sales and Business Development Managers,0.6409667730331421,MNO4713
Leadership & Human Capital Management,NUS Business School,10,3742dd748952fa78b39ee715eb397f2a,🃏🃏People Skills > Paper Qualifications🃏🃏,"SALES, MARKETING, DEVELOPMENT AND CUSTOMER SERVICE MANAGERS",Sales and Business Development Managers,0.6409667730331421,MNO4713
Marketing,NUS Business School,1,409e148974a0b279eda59ab1dee6978a,📈 Events & Marketing (Clear Career Progression),OTHER SERVICES MANAGERS,Services Managers Not Elsewhere Classified,0.6732422113418579,MKT3724
Marketing,NUS Business School,2,7272b2a83afec73267e8d2f0aac65e59,📈 Events & Marketing (Clear Career Progression),"SALES, MARKETING, DEVELOPMENT AND CUSTOMER SERVICE MANAGERS",Sales and Business Development Managers,0.6732422113418579,MKT3724
Marketing,NUS Business School,3,ccdb17e39ac867157d796178cf256f1d,📈 Events & Marketing (Clear Career Progression),OTHER SERVICES MANAGERS,Services Managers Not Elsewhere Classified,0.6732422113418579,MKT3724
Marketing,NUS Business School,4,b07f859bab35f3a3801cbf7466253a50,📈 Events & Marketing (Clear Career Progression),OTHER SERVICES MANAGERS,Services Managers Not Elsewhere Classified,0.6732422113418579,MKT3724
Marketing,NUS Business School,5,05957603e8528f90200134b39e2ccd6f,📈 Events & Marketing (Clear Career Progression),OTHER SERVICES MANAGERS,Services Managers Not Elsewhere Classified,0.6732422113418579,MKT3724
Marketing,NUS Business School,6,b644315500af11c31cbff87ac3816d51,📈 Events & Marketing (Clear Career Progression),OTHER SERVICES MANAGERS,Services Managers Not Elsewhere Classified,0.6732422113418579,MKT3724
Marketing,NUS Business School,7,b861dc998bfb9428cf10c1a3392eaa0f,MARKETING & SALES – Fast-Track Career Growth 🚀,"SALES, MARKETING, DEVELOPMENT AND CUSTOMER SERVICE MANAGERS",Sales and Business Development Managers,0.670849621295929,MKT4722
Marketing,NUS Business School,8,075e12641a0ad19903457f0c2c57245b,MARKETING & SALES – Fast-Track Career Growth 🚀,"SALES, MARKETING, DEVELOPMENT AND CUSTOMER SERVICE MANAGERS",Sales and Business Development Managers,0.670849621295929,MKT4722
Marketing,NUS Business School,9,af1a177dc7d89285ae5ad66e798e3ef6,MARKETING & SALES – Fast-Track Career Growth 🚀,"SALES, MARKETING, DEVELOPMENT AND CUSTOMER SERVICE MANAGERS",Sales and Business Development Managers,0.670849621295929,MKT4722
Marketing,NUS Business School,10,31d2874fac022c2abe480ef38ba6ad64,MARKETING & SALES – Fast-Track Career Growth 🚀,"SALES, MARKETING, DEVELOPMENT AND CUSTOMER SERVICE MANAGERS",Sales and Business Development Managers,0.670849621295929,MKT4722
Operations and Supply Chain Management,NUS Business School,1,a194685b82be1f388b623acbeb1b0a09,Supply Chain Specialist,ADMINISTRATION PROFESSIONALS,Management and Business Consultants,0.6864258050918579,DBA4812
Operations and Supply Chain Management,NUS Business School,2,da8c05dedadf20c7ee6a3bc407c6bf91,Operations Executive,ADMINISTRATIVE ASSOCIATE PROFESSIONALS,Administrative and Related Associate Professionals Not Elsewhere Classified,0.6710449457168579,DOS3704
Operations and Supply Chain Management,NUS Business School,3,d153e3a2bd6ae4ec75f5b437cdaf95ca,Supply Chain Management (6 months contract),ADMINISTRATION PROFESSIONALS,Management and Business Consultants,0.6708008050918579,DOS3702
Operations and Supply Chain Management,NUS Business School,4,6f2f5ff88eeb5bc68d83202626207bc5,Logistics Operations Specialist,ADMINISTRATIVE ASSOCIATE PROFESSIONALS,Logistics and Maintenance Planners,0.6585937738418579,DOS4761
Operations and Supply Chain Management,NUS Business School,5,e7a2217d0b045464aff3a9f134d9d30a,Logistics Operations Specialist,ADMINISTRATIVE ASSOCIATE PROFESSIONALS,Logistics and Maintenance Planners,0.6585937738418579,DOS4761
Operations and Supply Chain Management,NUS Business School,6,415d5dc61c1b834805679b967bd43eb1,Management Trainee,ADMINISTRATION PROFESSIONALS,Intellectual Property Professionals,0.654003918170929,DOS3702
Operations and Supply Chain Management,NUS Business School,7,8ccfd454f8bf15623896fa4bad6ec53f,OPERATION MANAGER,BUSINESS SERVICES AND ADMINISTRATION MANAGERS,Business Services and Administration Managers Not Elsewhere Classified,0.652880847454071,DOS3704
Operations and Supply Chain Management,NUS Business School,8,48ddee0f3a52627eac986c3dd7228327,Supply Chain Planner,MATERIAL-RECORDING AND TRANSPORT CLERKS,Stock Clerks,0.6483398675918579,DOS4716
Operations and Supply Chain Management,NUS Business School,9,4e47ad3803f2a5cc33e3f60be20e369e,Supply Chain Planner,"MANUFACTURING, CONSTRUCTION, TRANSPORT, DISTRIBUTION AND RELATED PRODUCTION AND OPERATIONS MANAGERS","Transport, Supply, Distribution and Related Managers",0.6483398675918579,DOS4716
Operations and Supply Chain Management,NUS Business School,10,9a31d7d3d16fc5fc1a93981269c6ccaf,Operation Manager,HOTEL AND FOOD AND BEVERAGES SERVICES MANAGERS,Food and Beverages Services Managers,0.647656261920929,DOS3703
Real Estate,NUS Business School,1,8d5b3d9d07a0524a7d08e3f16d173d70,Legal Associate (Property / Real Estate),LEGAL PROFESSIONALS,Lawyers,0.645947277545929,RE3809
Real Estate,NUS Business School,2,ac2966e80b6490fc5b135de157dc59a9,Legal Practising Lawyer (Real Estate / 5 days / Office Hours),LEGAL PROFESSIONALS,Lawyers,0.6390136480331421,RE3809
Real Estate,NUS Business School,3,01904586e771a75471fab81dedcdc9e2,Property Lawyer (Real Estate legal | Conveyancing),LEGAL PROFESSIONALS,Lawyers,0.6312500238418579,RE3809
Real Estate,NUS Business School,4,28ab314f1813a1f6335e73f2b64b3552,Data Scientist,"MATHEMATICIANS, ACTUARIES, STATISTICIANS AND RELATED PROFESSIONALS",Statisticians and Data Scientists,0.625927746295929,RE3703
Real Estate,NUS Business School,5,80202c6c8a576f3719f1c09edfea853e,Senior Finance Analyst,ADMINISTRATIVE ASSOCIATE PROFESSIONALS,Administrative and Related Associate Professionals Not Elsewhere Classified,0.624267578125,RE3701
Real Estate,NUS Business School,6,db329ec6f289073955b3d5541ed7595c,Conveyancing Associate (Law / 5 days / Office Hours),LEGAL PROFESSIONALS,Lawyers,0.620068371295929,RE4811
Real Estate,NUS Business School,7,bc99e7c777ae460138c925e970b04cc7,"Senior Associate, Real Estate",FINANCE PROFESSIONALS,Financial Analysts and Related Professionals,0.618212878704071,RE3701
Real Estate,NUS Business School,8,893d21591a5539dde4223dbe3b345112,Conveyancing Lawyer,LEGAL PROFESSIONALS,Lawyers,0.61767578125,RE3809
Real Estate,NUS Business School,9,8650888df857270aa062ea1ca00632ff,Senior Conveyancing Lawyer (Central / 5 days),LEGAL PROFESSIONALS,Lawyers,0.616748034954071,RE3809
Real Estate,NUS Business School,10,9ebb4657292c2c08b8ba580c3ac211f8,Junior Conveyancing Lawyer (5 days / Office Hours),LEGAL PROFESSIONALS,Lawyers,0.616503894329071,RE3809
Computer Science,School of Computing,1,959470c30213a6fe9bd68b3f99cecb7c,"Software Engineers(Java, Many Vacancies)",SOFTWARE AND APPLICATIONS DEVELOPERS AND ANALYSTS,"Software, Web, Multimedia and Games Developers and Designers",0.694384753704071,CS3217
Computer Science,School of Computing,2,bd8b3627fcd6064eaec03e311b79bf3a,Junior Software Engineer (Bank) l 12-month contract,SOFTWARE AND APPLICATIONS DEVELOPERS AND ANALYSTS,"Software, Web, Multimedia and Games Developers and Designers",0.687939465045929,CS3203
Computer Science,School of Computing,3,32a98330137a36403008ef7e37749d0e,Software Engineer,SOFTWARE AND APPLICATIONS DEVELOPERS AND ANALYSTS,"Software, Web, Multimedia and Games Developers and Designers",0.685253918170929,CS2103T
Computer Science,School of Computing,4,be02457c6e3b11e29be4ce77e29e4341,Software Engineer,SOFTWARE AND APPLICATIONS DEVELOPERS AND ANALYSTS,"Software, Web, Multimedia and Games Developers and Designers",0.6824706792831421,CS3217
Computer Science,School of Computing,5,393bb8f287b65e8dd7702a1e1ac1a800,Software Engineer (Contract / Banking),SOFTWARE AND APPLICATIONS DEVELOPERS AND ANALYSTS,"Software, Web, Multimedia and Games Developers and Designers",0.682421863079071,CS3203
Computer Science,School of Computing,6,ff01aaec3fbb55348ff638922460ddb1,Software Engineer,SOFTWARE AND APPLICATIONS DEVELOPERS AND ANALYSTS,"Software, Web, Multimedia and Games Developers and Designers",0.669970691204071,CS3203
Computer Science,School of Computing,7,b7cee85a7f046721d05c3d25f2ef7173,Software Engineer,SOFTWARE AND APPLICATIONS DEVELOPERS AND ANALYSTS,"Software, Web, Multimedia and Games Developers and Designers",0.6686035394668579,CS3216
Computer Science,School of Computing,8,e00e0f350dea4fcdc9f7ae178828f5b1,Associate Engineer (Software & Systems),SOFTWARE AND APPLICATIONS DEVELOPERS AND ANALYSTS,"Software, Web, Multimedia and Games Developers and Designers",0.667919933795929,CS3217
Computer Science,School of Computing,9,4c929af5e41255b50defbbd98ca43b36,Software Development Engineer,ENGINEERING PROFESSIONALS II (Cont’d),Electronics Engineers,0.667724609375,CS2103T
Computer Science,School of Computing,10,1fcd50d2ce3ac121ad5a023a8dfc87ed,URGENT: Software Engineer (GUI/semicon/mfg),SOFTWARE AND APPLICATIONS DEVELOPERS AND ANALYSTS,"Software, Web, Multimedia and Games Developers and Designers",0.6651366949081421,CS3216
Business Analytics,School of Computing,1,a094cfb24f3ab78cae7b1b44ec9625fd,K01 - Business Analyst,ADMINISTRATION PROFESSIONALS,Management and Business Consultants,0.662402331829071,BT4211
Business Analytics,School of Computing,2,c2f3e72a54a97dcd779769d0e1dda5ff,Quantitative Analytics Associate Discovery Programme 2026 Singapore,ADMINISTRATIVE ASSOCIATE PROFESSIONALS,Administrative and Related Associate Professionals Not Elsewhere Classified,0.655078113079071,BT4016
Business Analytics,School of Computing,3,a865a4eca2c7183e76b4b1c8f72712bb,R0418506 - Global Strategic Analytics-Credit Strats – Associate,"MATHEMATICIANS, ACTUARIES, STATISTICIANS AND RELATED PROFESSIONALS","Mathematicians, Operations Research Analysts and Actuaries",0.651806652545929,BT4016
Business Analytics,School of Computing,4,bd8d69eb44246a1ae2e3b54b2c088c7e,Business and Data Analyst,ADMINISTRATION PROFESSIONALS,Management and Business Consultants,0.64990234375,BT4101
Business Analytics,School of Computing,5,bdcbb0bef0edd914c2a53547675b0e21,Business and Data Analyst,ADMINISTRATION PROFESSIONALS,Management and Business Consultants,0.64990234375,BT4101
Business Analytics,School of Computing,6,282ff7b29151d3782b0001a2fc1d396b,Business and Data Analyst,ADMINISTRATION PROFESSIONALS,Management and Business Consultants,0.64990234375,BT4101
Business Analytics,School of Computing,7,e460a75578367f4780bf7722dcc6eb5d,Analyst (Talend Data Integration & Informatica BDM),ADMINISTRATIVE ASSOCIATE PROFESSIONALS,Administrative and Related Associate Professionals Not Elsewhere Classified,0.643115222454071,DBA4811
Business Analytics,School of Computing,8,4739d32bdfaf70d61d751aef325fd948,Trading Analyst,ADMINISTRATIVE ASSOCIATE PROFESSIONALS,Administrative and Related Associate Professionals Not Elsewhere Classified,0.6429687738418579,BT4013
Business Analytics,School of Computing,9,aadb9c981bb55353dcca1b4fdf7810eb,Business Analyst (Contract/Banking),ADMINISTRATION PROFESSIONALS,Management and Business Consultants,0.6399902105331421,DBA4811
Business Analytics,School of Computing,10,1ebe381e695b1ea1087fc57d42ac65cb,Business Analyst (Contract),ADMINISTRATION PROFESSIONALS,Management and Business Consultants,0.639941394329071,BT4103
Information Security,School of Computing,1,ec241f2db7c0e8d24c677cd029ee3ebc,ICT Security Officer (Networking & Infrastructure),INFORMATION AND COMMUNICATIONS TECHNOLOGY OPERATORS AND TECHNICIANS,Computer Technicians,0.646533191204071,CS4276
Information Security,School of Computing,2,05facca496f476abd27c4b5befe96b27,Computing and Cybersecurity Teacher,SECONDARY EDUCATION TEACHERS,Secondary Education Teachers,0.6354004144668579,IS4238
Information Security,School of Computing,3,3ba9e2c2f374ced4b5f682eaf0a02c84,Cyber Security Engineer,"DATABASE, NETWORK, INFRASTRUCTURE AND CYBERSECURITY PROFESSIONALS",Cybersecurity Professionals,0.629443347454071,CS4239
Information Security,School of Computing,4,d4fc83ad855b4ab406faa077dbeaf0d9,Security System Engineer,ENGINEERING PROFESSIONALS II (Cont’d),Electronics Engineers,0.627001941204071,CS4239
Information Security,School of Computing,5,5fad19b83f5466194c2aa36219b09525,Cybersecurity Engineer,"DATABASE, NETWORK, INFRASTRUCTURE AND CYBERSECURITY PROFESSIONALS",Cybersecurity Professionals,0.620898425579071,CS4239
Information Security,School of Computing,6,05a472b9250e547728d8e9ce56fd2f8d,Cybersecurity Trainer,ADMINISTRATION PROFESSIONALS,Training and Staff Development Professionals,0.6178222894668579,CS4238
Information Security,School of Computing,7,be72afd002c1f8e53a2968fc4eb722c2,Research Engineer (Post-Quantum Cryptography) - CCB,ADMINISTRATION PROFESSIONALS,Administration Professionals Not Elsewhere Classified,0.6153808832168579,IFS4205
Information Security,School of Computing,8,810d0a459b365f54941b8e49885849ba,Cybersecurity engineer,"DATABASE, NETWORK, INFRASTRUCTURE AND CYBERSECURITY PROFESSIONALS",Cybersecurity Professionals,0.610107421875,IS4238
Information Security,School of Computing,9,959470c30213a6fe9bd68b3f99cecb7c,"Software Engineers(Java, Many Vacancies)",SOFTWARE AND APPLICATIONS DEVELOPERS AND ANALYSTS,"Software, Web, Multimedia and Games Developers and Designers",0.6065918207168579,CS2103T
Information Security,School of Computing,10,1fcd50d2ce3ac121ad5a023a8dfc87ed,URGENT: Software Engineer (GUI/semicon/mfg),SOFTWARE AND APPLICATIONS DEVELOPERS AND ANALYSTS,"Software, Web, Multimedia and Games Developers and Designers",0.6045898199081421,CS4239
Artificial Intelligence,School of Computing,1,537d8401b279c97183ca9cc1f7e0c148,Physical AI Engineer,SOFTWARE AND APPLICATIONS DEVELOPERS AND ANALYSTS,Software and Applications Developers and Analysts Not Elsewhere Classified,0.643261730670929,CS4278
Artificial Intelligence,School of Computing,2,d2f9c89e0d51cda4ce033893e5ea3010,"Engineer, AI Perception Algorithm",SOFTWARE AND APPLICATIONS DEVELOPERS AND ANALYSTS,Software and Applications Developers and Analysts Not Elsewhere Classified,0.641552746295929,CS4277
Artificial Intelligence,School of Computing,3,09ab0d27554698ff7d8d67b82d5c4a97,AI/ML Engineer,ENGINEERING PROFESSIONALS I,Engineering Professionals Not Elsewhere Classified,0.633544921875,CS2109S
Artificial Intelligence,School of Computing,4,8c378534eb6f4106602e138866f94562,Computer Vision Engineer,SOFTWARE AND APPLICATIONS DEVELOPERS AND ANALYSTS,Software and Applications Developers and Analysts Not Elsewhere Classified,0.62841796875,CS4277
Artificial Intelligence,School of Computing,5,49db0a2548c658733e613ed365358685,Research Associate (Artificial Intelligence/Computer Science/Optimization/Computational Linguistics),"SALES, MARKETING, DEVELOPMENT AND CUSTOMER SERVICE MANAGERS",Research and Development Managers,0.622265636920929,CS4248
Artificial Intelligence,School of Computing,6,43493ebeebf89f1fad8af8b99cc22af0,"Architect, AI Computing",ENGINEERING PROFESSIONALS II (Cont’d),Electronics Engineers,0.615185558795929,CS4278
Artificial Intelligence,School of Computing,7,edaafd301ba3c3d5bb6c026d38028ac3,LLM Engineer / AI Engineer,SOFTWARE AND APPLICATIONS DEVELOPERS AND ANALYSTS,Software and Applications Developers and Analysts Not Elsewhere Classified,0.614453136920929,CS2109S
Artificial Intelligence,School of Computing,8,a6e325840f85f0630183de679618ce07,"Software Engineer, Applied AI, Google DeepMind",SOFTWARE AND APPLICATIONS DEVELOPERS AND ANALYSTS,"Software, Web, Multimedia and Games Developers and Designers",0.612353503704071,CS3268
Artificial Intelligence,School of Computing,9,3d17188c379a0a1e35223f179370222e,Research Scientist Project Intern (Multimodal Interaction & World Model) - 2026 Start (PhD),SOFTWARE AND APPLICATIONS DEVELOPERS AND ANALYSTS,Software and Applications Developers and Analysts Not Elsewhere Classified,0.608349621295929,CS4246
Artificial Intelligence,School of Computing,10,116b2213843216d8ac637fb47f9bd00c,Natural Language Processing Engineer (Thai Language Specialist) for AI Singapore (Products),"SALES, MARKETING, DEVELOPMENT AND CUSTOMER SERVICE MANAGERS",Research and Development Managers,0.607666015625,CS4248
Business Artificial Intelligence Systems,School of Computing,1,09ab0d27554698ff7d8d67b82d5c4a97,AI/ML Engineer,ENGINEERING PROFESSIONALS I,Engineering Professionals Not Elsewhere Classified,0.6722167730331421,BT3017
Business Artificial Intelligence Systems,School of Computing,2,a6e325840f85f0630183de679618ce07,"Software Engineer, Applied AI, Google DeepMind",SOFTWARE AND APPLICATIONS DEVELOPERS AND ANALYSTS,"Software, Web, Multimedia and Games Developers and Designers",0.657910168170929,IS2108
Business Artificial Intelligence Systems,School of Computing,3,07cc6cf47c2161d00c3b30da23e1531e,"Executive/Senior Executive, Data & AI (AI Developer)",SOFTWARE AND APPLICATIONS DEVELOPERS AND ANALYSTS,Software and Applications Developers and Analysts Not Elsewhere Classified,0.656542956829071,IS4401
Business Artificial Intelligence Systems,School of Computing,4,537d8401b279c97183ca9cc1f7e0c148,Physical AI Engineer,SOFTWARE AND APPLICATIONS DEVELOPERS AND ANALYSTS,Software and Applications Developers and Analysts Not Elsewhere Classified,0.6553710699081421,IS2108
Business Artificial Intelligence Systems,School of Computing,5,9f1f46625d2c6bc87a233249fcabb102,AI/ML Engineer,SOFTWARE AND APPLICATIONS DEVELOPERS AND ANALYSTS,Software and Applications Developers and Analysts Not Elsewhere Classified,0.652392566204071,IS3108
Business Artificial Intelligence Systems,School of Computing,6,bb5c79a6a91d8531ac3f2600fee1cd4d,Analyst/Associate - AI Developer/Engineer,SOFTWARE AND APPLICATIONS DEVELOPERS AND ANALYSTS,Software and Applications Developers and Analysts Not Elsewhere Classified,0.648681640625,IS2108
Business Artificial Intelligence Systems,School of Computing,7,3d96f12d003d9d6733c74f6ae85b1414,AI Product Lead (Regional Role),SOFTWARE AND APPLICATIONS DEVELOPERS AND ANALYSTS,Software and Applications Developers and Analysts Not Elsewhere Classified,0.647705078125,IS4108
Business Artificial Intelligence Systems,School of Computing,8,b7aa91a5581044ead6753301942c1784,AI Product Lead (Regional Role),SOFTWARE AND APPLICATIONS DEVELOPERS AND ANALYSTS,Software and Applications Developers and Analysts Not Elsewhere Classified,0.647705078125,IS4108
Business Artificial Intelligence Systems,School of Computing,9,bdd8629cd938521f048f001bfca0dfb8,Project Manager (Software /  AI Projects),BUSINESS SERVICES AND ADMINISTRATION MANAGERS,Business Services and Administration Managers Not Elsewhere Classified,0.64599609375,IS4108
Business Artificial Intelligence Systems,School of Computing,10,edaafd301ba3c3d5bb6c026d38028ac3,LLM Engineer / AI Engineer,SOFTWARE AND APPLICATIONS DEVELOPERS AND ANALYSTS,Software and Applications Developers and Analysts Not Elsewhere Classified,0.6454101800918579,IS2108
Nursing,Yong Loo Lin School of Medicine,1,967f8bcb063592711ac22b55e336627e,Assistant / Care Coordinator(237) - National University Polyclinics,ADMINISTRATIVE ASSOCIATE PROFESSIONALS,Administrative and Related Associate Professionals Not Elsewhere Classified,0.6300998330116272,MD1903
Nursing,Yong Loo Lin School of Medicine,2,0cfadfe6ab7b59921ebe0e66efea5742,Staff Nurse/Senior Staff Nurse - National University Polyclinic,NURSING PROFESSIONALS,Nursing Professionals,0.6101887822151184,NUR4102C
Nursing,Yong Loo Lin School of Medicine,3,2cfff11abfc8e141f53eaa9b9c7399bf,Senior / Physiotherapist*(258) - National University Polyclinics,OTHER HEALTH PROFESSIONALS,Physiotherapists,0.6026475429534912,NUR4104C
Nursing,Yong Loo Lin School of Medicine,4,86c7fc6e887bd15271e2c4bba1e2928d,Physiotherapist (NUHS@Home)(7391),OTHER HEALTH PROFESSIONALS,Physiotherapists,0.6016167402267456,MD1903
Nursing,Yong Loo Lin School of Medicine,5,7f07717265777a33ebec4c697e70c924,Assistant Nurse Clinician,NURSING PROFESSIONALS,Nursing Professionals,0.6014540195465088,NUR4102C
Nursing,Yong Loo Lin School of Medicine,6,d77550d0bbd50befa5bf31a6ff79455b,Registered Nurse/ Staff Nurse,NURSING PROFESSIONALS,Nursing Professionals,0.6009114384651184,NUR4102C
Nursing,Yong Loo Lin School of Medicine,7,db8ae173d3a4ba7492b22f8f61a67ec0,Patient Service Associate*(252) - National University Polyclinics,CLIENT INFORMATION CLERKS,"Receptionists, Customer Service and Information Clerks",0.5913628339767456,MD1903
Nursing,Yong Loo Lin School of Medicine,8,5c30bc49a1ab2b9d6a57a30efda0b014,Staff Nurse I (NUHS@Home)*(5673),NURSING PROFESSIONALS,Nursing Professionals,0.5874565839767456,NUR4102C
Nursing,Yong Loo Lin School of Medicine,9,6866619c57b04174c13419221b016aff,Senior Executive/Assistant Manager (Study Monitor),ADMINISTRATION PROFESSIONALS,Intellectual Property Professionals,0.5857204794883728,NUR4104C
Nursing,Yong Loo Lin School of Medicine,10,d45215d1d63d43865b9992f1dbabbcd5,"Part-time Dietitian (West, 2 days per week)",OTHER HEALTH PROFESSIONALS,Dietitians and Nutritionists,0.58447265625,MD1903
